,release_month,sy_snum,sy_pnum,cb_flag,ttv_flag,pl_nnotes,elon,elat,glon,glat,dec,ra,st_nspec,pl_nespec,pl_ntranspec,pl_ndispec,release_year,st_nphot,st_nrvc,pl_controv_flag,disc_year,sy_tmag,sy_kmag,sy_jmag,sy_hmag,sy_vmag,sy_pm,sy_pmdec,sy_pmra,pl_orbper,sy_gaiamag,st_rad,sy_bmag,sy_dist,st_teff,sy_w2mag,sy_w1mag,sy_w3mag,sy_w4mag,sy_plx,st_logg,st_mass,soltype_Kepler Project Candidate (q1_q17_dr25_koi),soltype_Published Confirmed,pl_tsystemref_BJD,pl_tsystemref_BJD-TDB,pl_tsystemref_BJD-UTC,pl_tsystemref_HJD,pl_tsystemref_JD,log radius
450,1,1,2,0,0,0,182.6276,3.28517,282.19917,63.35883,1.9681688,183.7203635,0,0,0,0,2025,0,0,0,2021.0,11.2023,10.218,10.588,10.262,11.746,25.0015387,-24.2468,6.09669,0.87724,11.6477,0.98,12.481,232.1,5679.0,10.218,10.158,10.086,8.424,4.28034,4.435,0.958,False,True,True,False,False,False,False,0.19451434188246727
459,11,1,1,0,0,0,173.16246,3.72695,261.10589,63.11979,6.1348146,175.206752,0,0,0,0,2020,0,0,0,2019.0,13.957,12.454,13.06,12.49,14.983,7.9466943,-6.89063,-3.95843,4.1698,14.5885,0.628461,15.919,436.488,5053.0,12.421,12.378,12.355,8.948,2.26274,4.595,0.802,False,True,True,False,False,False,False,0.01703333929878037
486,3,1,2,0,0,0,336.33924,1.30362,56.17023,-51.54478,-7.972456,337.6178427,0,0,0,0,2022,0,0,0,2022.0,13.1461,11.635,12.258,11.72,14.005,58.424872,-12.3937,57.0952,17.515472,13.774,0.758,15.08,314.35,4752.0,11.66,11.591,11.902,8.892,3.15254,4.596,0.832,False,True,False,False,False,False,True,0.3209766773428235
491,9,1,1,0,0,1,128.15245,-0.60769,208.28299,32.03739,17.6399744,130.4102091,0,0,0,0,2021,0,0,0,2016.0,13.5357,11.429,12.277,11.605,15.133,37.9241885,-11.4013,-36.1698,21.1701963,14.5263,0.58,16.708,186.197,4057.0,11.349,11.341,11.503,8.436,5.34209,4.7,0.62,False,True,True,False,False,False,False,0.28330122870354957
499,10,1,1,0,0,0,133.29271,2.68664,208.78206,38.12775,19.4020565,136.5741931,0,0,0,0,2018,0,0,0,2018.0,9.66896,8.837,9.144,8.908,10.154,61.7731533,-41.7905,45.4915,19.49221,10.0512,1.39,10.938,181.69,6069.0,8.844,8.822,8.81,8.623,5.47529,4.22,1.17,False,True,True,False,False,False,False,0.7604224834232121
504,8,1,2,0,0,0,211.5298,-5.98289,321.8192,43.14733,-17.6098985,207.2061241,0,0,0,0,2021,0,0,0,2019.0,13.5896,12.186,12.735,12.223,14.611,23.1565785,-0.243326,-23.1553,2.289363,14.1864,0.8,15.377,418.395,5171.0,12.174,12.116,11.97,9.254,2.36212,4.55,0.83,False,True,True,False,False,False,False,0.17026171539495738
507,8,1,2,0,0,0,211.5298,-5.98289,321.8192,43.14733,-17.6098985,207.2061241,0,0,0,0,2021,0,0,0,2021.0,13.5896,12.186,12.735,12.223,14.611,23.1565785,-0.243326,-23.1553,5.213965,14.1864,0.8,15.377,418.395,5171.0,12.174,12.116,11.97,9.254,2.36212,4.55,0.83,False,True,True,False,False,False,False,0.35602585719312274
513,8,1,2,0,0,0,207.51816,-0.29021,322.41694,50.09504,-10.8625468,205.4445125,0,0,0,0,2021,0,0,0,2019.0,11.7902,10.857,11.181,10.911,12.488,28.5573676,-24.4689,-14.724,15.28078,12.2038,0.98,12.69,320.07,6004.0,10.853,10.802,10.767,9.086,3.09713,4.45,0.99,False,True,True,False,False,False,False,0.10037054511756291
517,8,1,2,0,0,0,207.51816,-0.29021,322.41694,50.09504,-10.8625468,205.4445125,0,0,0,0,2021,0,0,0,2021.0,11.7902,10.857,11.181,10.911,12.488,28.5573676,-24.4689,-14.724,23.228555,12.2038,0.98,12.69,320.07,6004.0,10.853,10.802,10.767,9.086,3.09713,4.45,0.99,False,True,True,False,False,False,False,0.3654879848908996
526,7,1,2,0,0,2,205.11153,2.5791,322.27085,53.83847,-7.3180577,204.2215065,0,0,0,0,2019,0,0,0,2019.0,13.803,12.16,12.824,12.239,14.81,51.2703122,22.1618,-46.2331,13.603,14.4776,0.673,15.036,336.25,4684.0,12.149,12.093,12.609,9.074,2.94582,4.622,0.69,False,True,True,False,False,False,False,0.4126285205443752
528,7,1,2,0,0,2,205.11153,2.5791,322.27085,53.83847,-7.3180577,204.2215065,0,0,0,0,2019,0,0,0,2019.0,13.803,12.16,12.824,12.239,14.81,51.2703122,22.1618,-46.2331,65.55,14.4776,0.673,15.036,336.25,4684.0,12.149,12.093,12.609,9.074,2.94582,4.622,0.69,False,True,True,False,False,False,False,0.42975228000240795
544,4,1,2,0,0,3,16.22269,4.78443,123.28442,-52.07644,10.7947051,13.0800239,0,0,0,0,2026,0,0,0,2016.0,11.4574,10.344,10.77,10.454,12.101,61.004017,2.2394,60.9629,0.57130782,11.9535,0.99,12.576,244.59,5578.0,10.355,10.299,10.38,8.423,4.06029,4.408,0.913,False,True,True,False,False,False,False,0.20574554094266218
546,4,1,2,0,0,3,16.22269,4.78443,123.28442,-52.07644,10.7947051,13.0800239,0,0,0,0,2026,0,0,0,2016.0,11.4574,10.344,10.77,10.454,12.101,61.004017,2.2394,60.9629,13.340603,11.9535,0.99,12.576,244.59,5578.0,10.355,10.299,10.38,8.423,4.06029,4.408,0.913,False,True,True,False,False,False,False,0.43328968519502575
564,10,2,1,0,0,2,79.29037,-6.74975,186.97531,-12.64088,16.2786991,78.9198197,0,0,0,0,2018,0,0,0,2018.0,10.8243,9.893,10.199,9.967,11.237,13.2641483,-12.9828,2.71745,6.180235,11.2549,1.586,12.067,372.632,6202.0,9.816,9.813,9.754,8.609,2.66391,4.157,1.317,False,True,False,True,False,False,False,1.0711695851928937
567,7,1,1,0,0,0,156.52699,2.9375,232.28858,55.10278,11.8427484,159.3890808,0,0,0,0,2019,0,0,0,2018.0,11.594,10.148,10.765,10.235,12.353,38.7618964,1.21019,-38.743,3650.0,12.1722,2.7,13.327,551.886,4898.0,10.175,10.121,10.151,8.318,1.78346,3.52,0.9,False,True,True,False,False,False,False,1.094889847951309
568,2,1,3,0,0,0,230.36326,1.15614,345.11043,34.30816,-16.7246474,228.2482353,0,0,0,0,2020,0,0,0,2020.0,10.8872,9.714,10.216,9.8,11.429,36.8679057,-34.2865,13.5528,3.5951,11.4019,1.71,12.333,321.296,5430.0,9.728,9.691,9.716,8.611,3.08429,3.99,1.05,False,True,False,True,False,False,False,0.290034611362518
569,2,1,3,0,0,0,230.36326,1.15614,345.11043,34.30816,-16.7246474,228.2482353,0,0,0,0,2020,0,0,0,2020.0,10.8872,9.714,10.216,9.8,11.429,36.8679057,-34.2865,13.5528,15.624,11.4019,1.71,12.333,321.296,5430.0,9.728,9.691,9.716,8.611,3.08429,3.99,1.05,False,True,False,True,False,False,False,0.5646660642520893
570,2,1,3,0,0,0,230.36326,1.15614,345.11043,34.30816,-16.7246474,228.2482353,0,0,0,0,2020,0,0,0,2020.0,10.8872,9.714,10.216,9.8,11.429,36.8679057,-34.2865,13.5528,35.747,11.4019,1.71,12.333,321.296,5430.0,9.728,9.691,9.716,8.611,3.08429,3.99,1.05,False,True,False,True,False,False,False,0.5954962218255742
2012,7,1,2,0,0,1,183.33896,1.01948,283.25037,61.03534,-0.3934357,183.4724742,0,0,0,0,2019,0,0,0,2017.0,8.56338,7.853,8.116,7.962,8.951,12.2799626,11.9879,-2.66228,9.55237,8.88841,1.296,9.4,109.353,6327.0,7.85,7.794,7.839,8.168,9.11629,4.252,1.091,False,True,False,True,False,False,False,0.3873898263387294
2028,7,1,2,0,1,0,183.33896,1.01948,283.25037,61.03534,-0.3934357,183.4724742,0,0,1,0,2019,0,0,0,2017.0,8.56338,7.853,8.116,7.962,8.951,12.2799626,11.9879,-2.66228,21.05704,8.88841,1.296,9.4,109.353,6327.0,7.85,7.794,7.839,8.168,9.11629,4.252,1.091,False,True,False,True,False,False,False,0.6384892569546373
2347,11,1,2,0,0,0,233.54602,2.22095,348.34536,32.32096,-16.5090014,231.7420543,0,0,0,0,2021,0,0,0,2021.0,9.29961,8.244,8.646,8.366,9.899,51.1671169,-46.8641,20.5385,1.62116,9.77168,1.59,10.667,155.317,5799.0,8.229,8.186,8.192,8.173,6.41091,4.05,1.04,False,True,True,False,False,False,False,0.11727129565576427
3235,9,1,3,0,0,0,356.86669,-3.79196,89.24153,-63.8099,-4.7233362,358.6390056,0,0,0,0,2025,0,0,0,2025.0,9.08781,8.145001,8.496,8.189,9.715,112.876772,-8.19356,-112.579,36.57669,9.52137,1.147,10.326,105.48,5784.0,8.111,8.073,8.095,8.079001,9.45209,4.32,1.013,False,True,True,False,False,False,False,0.38381536598043126
3236,9,1,3,0,0,0,356.86669,-3.79196,89.24153,-63.8099,-4.7233362,358.6390056,0,0,0,0,2025,0,0,0,2025.0,9.08781,8.145001,8.496,8.189,9.715,112.876772,-8.19356,-112.579,138.0731,9.52137,1.147,10.326,105.48,5784.0,8.111,8.073,8.095,8.079001,9.45209,4.32,1.013,False,True,True,False,False,False,False,0.38021124171160603
3831,6,1,3,0,0,0,125.94923,5.06302,201.24412,33.43766,23.6852651,129.6894456,0,0,0,0,2024,1,0,0,2024.0,6.3687,5.567,5.836,5.64,6.89351,156.1167168,-148.778,-47.3026,15.611,6.7468,1.22,7.438,35.26,6252.6,5.421,5.582,5.619,5.536,28.3319,4.372,1.2,False,True,True,False,False,False,False,0.45999525604739144
4014,8,1,1,0,0,5,152.84386,-0.35361,230.80783,50.24653,10.1288464,154.6710977,0,0,0,0,2018,1,0,0,2018.0,8.74761,7.721,8.091,7.766,9.38,42.7843106,-42.4488,5.34758,11.8143,9.21702,1.747,10.149,132.345,5576.0,7.759,7.673,7.729,7.757,7.52747,4.016,1.157,False,True,False,True,False,False,False,0.8691108047065201
4143,10,2,1,0,0,1,354.62238,2.80941,86.45885,-56.97306,0.4447043,353.9543517,0,0,0,0,2024,1,0,0,2014.0,9.3742,8.029,8.604,8.14,10.19,299.043235,-187.564,-232.909,9.1004157,9.93208,0.758,11.083,62.4491,5048.0,8.078,7.996,8.019,7.878,15.9843,4.582,0.8,False,True,False,True,False,False,False,0.39252108993193224
4177,9,1,6,0,0,0,126.45937,-8.84499,214.5263,25.64577,10.0803708,126.6158279,0,0,1,0,2025,1,0,0,2016.0,8.4642,7.722,7.982,7.786,8.93,48.1425366,0.059352,-48.1425,15.57208,8.80998,1.273,9.416,106.289,6320.0,7.732,7.662,7.732,7.86,9.37994,4.294,1.16,False,True,True,False,False,False,False,0.4141373621844767
4178,9,1,6,0,1,0,126.45937,-8.84499,214.5263,25.64577,10.0803708,126.6158279,0,0,0,0,2025,1,0,0,2016.0,8.4642,7.722,7.982,7.786,8.93,48.1425366,0.059352,-48.1425,31.70603,8.80998,1.273,9.416,106.289,6320.0,7.732,7.662,7.732,7.86,9.37994,4.294,1.16,False,True,True,False,False,False,False,0.4356851379416299
4185,9,1,6,0,0,0,126.45937,-8.84499,214.5263,25.64577,10.0803708,126.6158279,0,0,0,0,2025,1,0,0,2016.0,8.4642,7.722,7.982,7.786,8.93,48.1425366,0.059352,-48.1425,278.3618,8.80998,1.273,9.416,106.289,6320.0,7.732,7.662,7.732,7.86,9.37994,4.294,1.16,False,True,True,False,False,False,False,0.5490032620257879
4187,9,1,6,0,0,0,126.45937,-8.84499,214.5263,25.64577,10.0803708,126.6158279,0,0,0,0,2025,1,0,0,2016.0,8.4642,7.722,7.982,7.786,8.93,48.1425366,0.059352,-48.1425,369.0,8.80998,1.273,9.416,106.289,6320.0,7.732,7.662,7.732,7.86,9.37994,4.294,1.16,False,True,True,False,False,False,False,0.6919651027673603
4190,9,1,6,0,0,0,126.45937,-8.84499,214.5263,25.64577,10.0803708,126.6158279,0,0,2,0,2025,1,0,0,2016.0,8.4642,7.722,7.982,7.786,8.93,48.1425366,0.059352,-48.1425,542.07975,8.80998,1.273,9.416,106.289,6320.0,7.732,7.662,7.732,7.86,9.37994,4.294,1.16,False,True,True,False,False,False,False,0.9637878273455552
4356,9,1,1,0,0,0,172.09339,-1.5719,261.42793,57.71659,1.6906217,172.1216476,0,0,0,0,2025,0,0,0,2015.0,11.7442,10.645,11.059,10.75,12.429,72.6411481,-2.51204,-72.5977,19.30553,12.2156,0.956,13.116,272.36,5533.0,10.692,10.638,10.546,8.92,3.64323,4.47,0.88,False,True,True,False,False,False,False,0.5766868052009956
4364,7,1,1,0,0,2,126.78155,1.58055,205.23994,32.19544,20.1060074,129.6010863,0,0,0,0,2021,0,0,0,2016.0,10.0121,9.182,9.463,9.242,10.651,38.415718,-13.014,-36.1442,1.6739035,10.4053,1.24,11.234,188.959,5945.0,9.189,9.175,9.145001,7.632,5.26448,4.33,1.15,False,True,True,False,False,False,False,0.5888317255942073
4372,9,1,1,0,0,1,127.7582,0.62624,206.8287,32.44357,18.9338205,130.3439097,0,0,0,0,2021,0,0,0,2016.0,12.0339,10.536,11.162,10.678,12.892,38.6976148,-12.588,-36.593,14.6762429,12.6619,0.76,13.963,188.33,4927.0,10.579,10.482,10.297,8.403,5.28182,4.59,0.82,False,True,True,False,False,False,False,0.3010299956639812
4381,9,1,1,0,0,1,126.89824,1.26762,205.62196,32.11222,19.7737202,129.6366594,0,0,0,0,2021,0,0,0,2016.0,14.2749,12.014,12.878,12.252,15.989,36.7131006,-12.8198,-34.4021,1.9741954,15.3955,0.48,18.091,189.289,3712.0,11.835,11.905,11.129,8.149,5.25733,4.78,0.51,False,True,True,False,False,False,False,0.2528530309798932
4389,9,1,1,0,0,0,124.50004,-5.80027,210.53336,26.00524,13.4975122,125.4202985,0,0,0,0,2025,0,0,0,2017.0,11.2089,10.091,10.541,10.173,11.752,8.5017779,-4.87756,6.96345,8.26726,11.7124,0.905,12.681,197.989,5373.0,10.121,10.058,10.128,8.55,5.02224,4.45,0.94,False,True,True,False,False,False,False,0.5314789170422551
4399,10,1,1,0,0,2,283.83849,0.42865,13.73298,-11.7431,-22.2934206,284.985355,0,0,0,0,2018,0,0,0,2017.0,12.2834,11.21,11.564,11.257,13.012,7.6809039,-4.47074,-6.2457,3.313959,12.7669,1.81,13.634,685.2,6061.0,11.207,11.165,11.096,8.123,1.43244,4.04,1.3,False,True,True,False,False,False,False,1.2035767749779727
4410,10,1,1,0,0,0,121.91423,-3.39755,206.69134,25.35171,16.419516,123.3818484,0,0,0,0,2018,0,0,0,2017.0,11.6736,10.561,10.986,10.652,12.339,23.73957,-22.7225,-6.87424,4.733999,12.1704,1.76,13.106,477.295,5599.0,10.585,10.538,10.577,8.802,2.06697,4.02,1.17,False,True,True,False,False,False,False,0.7267272090265723
4433,4,1,2,0,0,1,62.12843,0.72498,170.97857,-23.55083,21.2985263,59.8903081,0,0,0,0,2026,0,0,0,2017.0,10.4561,9.377,9.768,9.477,11.13,127.3664026,-35.4381,122.337,5.3518963,10.9294,1.25,11.796,200.394,5775.0,9.347,9.321,9.213,8.847,4.96259,4.25,0.84,False,True,True,False,False,False,False,0.26410915630580833
4439,10,1,1,0,0,1,20.54224,-1.24747,134.5097,-55.40924,6.8688469,19.4493823,0,0,0,0,2018,0,0,0,2017.0,13.0121,11.949,12.347,11.998,13.744,23.918754,-12.7021,20.2673,5.817685,13.5039,1.24,14.44,635.722,5660.0,11.956,11.894,11.98,9.114,1.54414,4.27,1.04,False,True,True,False,False,False,False,1.0842186867392387
4452,11,1,1,0,0,0,127.22535,-6.75607,213.24587,27.55072,11.922255,127.882912,0,0,0,0,2024,0,0,0,2017.0,13.6674,12.304,12.835,12.386,14.55,13.3759285,-2.45181,-13.1493,11.390931,14.2751,0.832,15.626,475.758,4899.0,12.326,12.23,11.844,8.728,2.07344,4.534,0.863,False,True,False,True,False,False,False,1.0249979298302108
4460,11,1,1,0,0,0,125.86771,-6.7221,212.27401,26.5165,12.281851,126.5535002,0,0,0,0,2024,0,0,0,2017.0,12.7462,11.724,12.108,11.76,13.444,26.6771291,-21.666,15.5645,20.2729914,13.2,0.855,14.008,413.591,5870.0,11.7,11.658,11.723,8.567,2.38911,4.538,0.918,False,True,False,True,False,False,False,1.0719944926746403
4470,10,1,2,0,0,1,133.30168,-6.62344,217.62487,32.24587,10.4692176,133.8557342,0,0,0,0,2018,0,0,0,2017.0,12.7482,10.589,11.447,10.801,14.639,21.435468,18.0583,11.5489,1.2916,13.8012,0.51,16.129,101.632,3778.0,10.44,10.489,10.334,8.9,9.81066,4.75,0.54,False,True,True,False,False,False,False,0.3074960379132129
4479,10,1,2,0,0,1,133.30168,-6.62344,217.62487,32.24587,10.4692176,133.8557342,0,0,0,0,2018,0,0,0,2017.0,12.7482,10.589,11.447,10.801,14.639,21.435468,18.0583,11.5489,5.444017,13.8012,0.51,16.129,101.632,3778.0,10.44,10.489,10.334,8.9,9.81066,4.75,0.54,False,True,True,False,False,False,False,0.31386722036915343
4485,10,1,1,0,0,0,129.82019,-0.91975,209.76527,33.18605,16.9017663,132.0098683,0,0,0,0,2018,0,0,0,2017.0,13.8223,12.174,12.841,12.265,14.818,37.4882237,-22.4376,30.032,7.727283,14.5103,0.71,15.974,365.581,4740.0,12.174,12.119,12.179,8.791,2.70677,4.62,0.76,False,True,True,False,False,False,False,0.40312052117581787
4502,9,1,1,0,0,0,124.96014,-1.48939,206.93309,28.93705,17.5793267,126.9366624,0,0,0,0,2025,0,0,0,2017.0,12.244,10.616,11.309,10.742,13.229,20.2195641,-14.7119,-13.8705,5.185738,12.9247,0.675,14.36,169.398,4526.0,10.612,10.549,10.533,8.299,5.87462,4.63,0.71,False,True,True,False,False,False,False,0.8549130223078556
4509,9,2,1,0,0,1,123.8761,1.10736,203.78125,29.53205,20.3593384,126.4762179,0,0,0,0,2021,0,0,0,2017.0,11.3839,9.275,10.104,9.457,13.105,57.8847947,-53.5685,-21.9332,2.2193023,12.3708,0.59,14.588,72.0444,4009.0,9.222,9.168,9.108,8.388,13.8516,4.69,0.63,False,True,True,False,False,False,False,0.06445798922691845
4514,10,1,1,0,0,0,130.79159,4.08587,205.51379,36.91396,21.4532748,134.4441404,0,0,0,0,2018,0,0,0,2017.0,13.1214,11.055,11.907,11.25,14.781,59.9782225,-58.8693,-11.4801,30.951524,14.0916,0.59,16.292,161.555,4035.0,10.981,10.961,10.919,8.525,6.16099,4.69,0.62,False,True,True,False,False,False,False,0.4409090820652177
4524,1,1,1,0,0,1,129.60746,5.49338,203.23147,36.72574,23.1329509,133.6410515,0,0,0,0,2019,0,0,0,2017.0,14.2787,11.975,12.838,12.227,16.692,32.7273697,12.4322,-30.2741,6.413651,15.4618,0.388,18.427,140.385,3570.0,11.704,11.846,11.448,8.916,7.09527,4.858,0.39,False,True,True,False,False,False,False,0.4623979978989561
4536,10,1,1,0,0,0,206.77212,-3.49207,318.5586,47.99348,-13.5769705,203.5467021,0,0,0,0,2018,0,0,0,2017.0,11.6297,9.712,10.508,9.917,12.759,37.0500489,-8.20764,36.1295,7.385655,12.4013,0.65,14.154,102.953,4339.0,9.724,9.678001,9.631,8.58,9.68518,4.66,0.69,False,True,True,False,False,False,False,0.2944662261615929
4538,10,1,1,0,0,0,209.2744,-0.39722,324.40165,48.89736,-11.5889878,207.0782895,0,0,0,0,2018,0,0,0,2017.0,14.1986,12.793,13.373,12.926,15.041,23.8024081,-0.0717327,-23.8023,3.588163,14.7871,0.66,16.005,709.999,4575.0,12.827,12.786,12.905,9.126,1.38055,4.65,0.72,False,True,True,False,False,False,False,0.92272545799326
4564,10,1,1,0,0,1,185.47705,-7.16144,285.33405,52.65691,-8.7472172,182.1662666,0,0,0,0,2017,0,0,0,2017.0,11.0295,9.54,10.153,9.637,12.071,29.6333376,-8.73105,-28.3179,9.1751,11.64,3.85,12.934,609.818,4840.0,9.534,9.461,9.451,8.887,1.61184,3.297,1.08,False,True,True,False,False,False,False,1.1635102214714883
4575,4,2,3,0,0,6,69.26876,1.05393,174.77536,-17.35063,22.8825674,67.4128615,0,0,0,0,2023,0,0,0,2017.0,10.1192,8.368,9.096,8.496,11.101,90.2037185,-35.6171,82.8742,7.9752,10.8545,0.677,12.479,59.2474,4500.0,8.35,8.273,8.302,8.112001,16.8497,4.68,0.742,False,True,True,False,False,False,False,0.006037954997317177
4578,4,2,3,0,0,6,69.26876,1.05393,174.77536,-17.35063,22.8825674,67.4128615,0,0,0,0,2023,0,0,0,2017.0,10.1192,8.368,9.096,8.496,11.101,90.2037185,-35.6171,82.8742,17.30713,10.8545,0.677,12.479,59.2474,4500.0,8.35,8.273,8.302,8.112001,16.8497,4.68,0.742,False,True,True,False,False,False,False,0.47712125471966244
4585,4,2,3,0,0,6,69.26876,1.05393,174.77536,-17.35063,22.8825674,67.4128615,0,0,0,0,2023,0,0,0,2017.0,10.1192,8.368,9.096,8.496,11.101,90.2037185,-35.6171,82.8742,25.575,10.8545,0.677,12.479,59.2474,4500.0,8.35,8.273,8.302,8.112001,16.8497,4.68,0.742,False,True,True,False,False,False,False,0.19451434188246727
4591,3,1,6,0,0,1,345.59024,-5.61351,64.21591,-62.23886,-10.8497391,348.9490311,0,0,0,0,2021,0,0,0,2017.0,11.5018,10.305,10.756,10.384,12.246,10.5710313,-10.5219,-1.018,2.35309,12.0252,0.863,13.063,202.585,5356.3,10.332,10.274,10.279,8.84,4.90795,4.54,0.935,False,True,True,False,False,False,False,0.17897694729316943
4596,3,1,6,0,0,1,345.59024,-5.61351,64.21591,-62.23886,-10.8497391,348.9490311,0,0,0,0,2021,0,0,0,2017.0,11.5018,10.305,10.756,10.384,12.246,10.5710313,-10.5219,-1.018,3.56004,12.0252,0.863,13.063,202.585,5356.3,10.332,10.274,10.279,8.84,4.90795,4.54,0.935,False,True,True,False,False,False,False,0.36153897126927903
4598,3,1,6,0,0,1,345.59024,-5.61351,64.21591,-62.23886,-10.8497391,348.9490311,0,0,0,0,2021,0,0,0,2017.0,11.5018,10.305,10.756,10.384,12.246,10.5710313,-10.5219,-1.018,5.40479,12.0252,0.863,13.063,202.585,5356.3,10.332,10.274,10.279,8.84,4.90795,4.54,0.935,False,True,True,False,False,False,False,0.37839790094813774
4603,3,1,6,0,0,1,345.59024,-5.61351,64.21591,-62.23886,-10.8497391,348.9490311,0,0,0,0,2021,0,0,0,2017.0,11.5018,10.305,10.756,10.384,12.246,10.5710313,-10.5219,-1.018,8.26146,12.0252,0.863,13.063,202.585,5356.3,10.332,10.274,10.279,8.84,4.90795,4.54,0.935,False,True,True,False,False,False,False,0.5301996982030822
4606,3,1,6,0,0,1,345.59024,-5.61351,64.21591,-62.23886,-10.8497391,348.9490311,0,0,0,0,2021,0,0,0,2017.0,11.5018,10.305,10.756,10.384,12.246,10.5710313,-10.5219,-1.018,12.75758,12.0252,0.863,13.063,202.585,5356.3,10.332,10.274,10.279,8.84,4.90795,4.54,0.935,False,True,True,False,False,False,False,0.4629966120280561
4611,3,1,6,0,0,1,345.59024,-5.61351,64.21591,-62.23886,-10.8497391,348.9490311,0,0,0,0,2021,0,0,0,2021.0,11.5018,10.305,10.756,10.384,12.246,10.5710313,-10.5219,-1.018,41.96797,12.0252,0.863,13.063,202.585,5356.3,10.332,10.274,10.279,8.84,4.90795,4.54,0.935,False,True,True,False,False,False,False,0.4789991316733571
4616,10,1,1,0,0,1,288.15959,4.33438,19.45003,-13.40289,-17.9107147,289.066707,0,0,0,0,2018,0,0,0,2017.0,10.9139,9.66,10.177,9.768,11.652,38.7241554,-10.4721,37.2813,28.380619,11.4626,0.88,12.434,153.856,5370.0,9.677,9.604,9.566,8.242,6.47101,4.54,0.96,False,True,True,False,False,False,False,0.9595183769729982
4623,7,1,1,0,0,1,191.26225,-5.60176,295.18424,52.97976,-9.6076115,188.1373172,0,0,0,0,2021,0,0,0,2017.0,12.0213,10.995,11.421,11.068,12.727,9.1626225,6.10652,-6.83111,6.569188,12.4814,1.06,13.349,347.917,5585.0,11.03,10.985,10.891,8.898,2.84731,4.4,0.96,False,True,True,False,False,False,False,1.1323514917949609
4649,11,1,1,0,0,0,290.94958,-6.77638,10.94419,-21.497,-28.498475,293.8330329,0,0,0,0,2024,0,0,0,2018.0,12.1427,9.997,10.835,10.186,14.044,150.8428345,-147.533,-31.4257,0.961939,13.1913,0.578,15.483,90.5494,3690.0,9.874,9.882,9.665,7.894,11.0149,4.665,0.563,False,True,False,True,False,False,False,0.16816148543264844
4652,2,2,3,0,0,3,13.28542,-5.9009,126.58855,-63.0179,-0.193258,14.5176494,0,0,0,0,2018,0,0,0,2018.0,12.2481,10.292,11.082,10.457,13.627,45.3227041,-23.5905,-38.6993,4.38395,13.0599,0.632,14.904,124.458,4079.0,10.257,10.214,10.163,8.435,8.00615,4.653,0.65,False,True,True,False,False,False,False,0.12385164096708581
4654,2,2,3,0,0,3,13.28542,-5.9009,126.58855,-63.0179,-0.193258,14.5176494,0,0,0,0,2018,0,0,0,2018.0,12.2481,10.292,11.082,10.457,13.627,45.3227041,-23.5905,-38.6993,6.9226,13.0599,0.632,14.904,124.458,4079.0,10.257,10.214,10.163,8.435,8.00615,4.653,0.65,False,True,True,False,False,False,False,0.23804610312879543
4655,2,2,3,0,0,3,13.28542,-5.9009,126.58855,-63.0179,-0.193258,14.5176494,0,0,0,0,2018,0,0,0,2018.0,12.2481,10.292,11.082,10.457,13.627,45.3227041,-23.5905,-38.6993,9.7579,13.0599,0.632,14.904,124.458,4079.0,10.257,10.214,10.163,8.435,8.00615,4.653,0.65,False,True,True,False,False,False,False,0.21484384804769785
4657,2,1,1,0,0,0,11.87704,2.80324,117.61097,-55.46917,7.2769939,9.8217519,0,0,0,0,2018,0,0,0,2018.0,12.7422,10.561,11.452,10.762,14.543,38.684391,-23.1083,-31.024,11.332,13.7795,0.568,16.055,123.676,3745.0,10.497,10.482,10.475,8.351,8.0569,4.707,0.595,False,True,True,False,False,False,False,0.21484384804769785
4662,2,1,1,0,0,0,20.32567,1.12722,132.06341,-53.49488,8.9874328,18.3443908,0,0,0,0,2018,0,0,0,2018.0,13.6157,11.249,12.107,11.487,15.784,53.2641114,-25.6336,46.6903,10.59357,14.815,0.436,17.353,102.483,3499.0,11.024,11.117,10.814,9.221,9.7297,4.822,0.457,False,True,True,False,False,False,False,0.3010299956639812
4664,10,2,1,0,0,1,21.39753,1.24627,133.49358,-52.84098,9.5012663,19.3047733,0,0,0,0,2018,0,0,0,2018.0,12.2448,10.117,10.93,10.335,14.175,62.5229431,-29.0105,55.3851,3.835476,13.3119,0.45,15.639,69.4798,3695.0,9.877,9.967,9.843,8.766,14.3638,4.8,0.47,False,True,True,False,False,False,False,0.17318626841227405
4668,3,1,1,0,0,0,183.81556,-4.69671,283.04022,55.30041,-5.8274311,181.6324078,0,0,0,0,2022,0,0,0,2018.0,12.1016,10.096,10.956,10.277,13.728,92.9638901,-4.52496,-92.8537,32.6479,13.0383,0.61,15.098,108.449,4044.0,10.039,10.016,9.99,8.581,9.19214,4.67,0.63,False,True,True,False,False,False,False,0.359835482339888
4670,3,1,1,0,0,0,182.68791,3.3687,282.34972,63.43666,2.0208765,183.8088709,0,0,0,0,2022,0,0,0,2018.0,13.2766,11.207,12.023,11.391,14.96,76.9616178,-16.0984,-75.2591,7.51574,14.2706,0.53,16.437,143.125,3845.0,11.046,11.101,11.019,8.689,6.95835,4.73,0.55,False,True,True,False,False,False,False,0.3010299956639812
4673,3,1,2,0,0,0,189.31634,1.11365,295.2137,59.97066,-2.6696217,189.0015173,0,0,0,0,2022,0,0,0,2018.0,12.3813,10.368,11.219,10.519,13.861,34.5756423,-34.5675,0.750321,3.67626,13.3173,0.63,15.435,129.356,4097.0,10.354,10.284,10.15,8.114,7.70175,4.65,0.65,False,True,True,False,False,False,False,0.29885307640970665
4674,3,1,2,0,0,0,189.31634,1.11365,295.2137,59.97066,-2.6696217,189.0015173,0,0,0,0,2022,0,0,0,2018.0,12.3813,10.368,11.219,10.519,13.861,34.5756423,-34.5675,0.750321,7.95486,13.3173,0.63,15.435,129.356,4097.0,10.354,10.284,10.15,8.114,7.70175,4.65,0.65,False,True,True,False,False,False,False,0.3159703454569177
4688,5,1,3,0,0,0,185.73645,-3.81511,286.60409,55.93047,-5.7820178,183.7514959,0,0,0,0,2025,0,0,0,2018.0,12.1305,10.98,11.398,11.023,12.942,37.5106484,-7.65041,36.7222,0.3652575,12.6419,0.86,13.609,298.373,5334.0,10.962,10.919,11.105,9.057,3.32357,4.45,0.89,False,True,False,False,False,False,True,-0.029188389127482204
4693,3,1,2,0,0,1,182.22325,-5.27212,280.19801,54.85278,-5.7216879,179.9397081,0,0,0,0,2022,0,0,0,2018.0,11.1171,9.974,10.432,10.051,11.774,62.8591925,6.5567,-62.5163,10.06049,11.6134,0.95,12.337,197.299,5503.0,10.007,9.949,9.949,8.856,5.0403,4.45,0.92,False,True,True,False,False,False,False,0.42160392686983106
4694,3,1,2,0,0,1,182.22325,-5.27212,280.19801,54.85278,-5.7216879,179.9397081,0,0,0,0,2022,0,0,0,2018.0,11.1171,9.974,10.432,10.051,11.774,62.8591925,6.5567,-62.5163,5.90279,11.6134,0.95,12.337,197.299,5503.0,10.007,9.949,9.949,8.856,5.0403,4.45,0.92,False,True,True,False,False,False,False,0.10720996964786839
4695,3,1,1,0,0,0,181.918,-3.07001,279.87299,57.06838,-3.5809053,180.5408896,0,0,0,0,2022,0,0,0,2018.0,11.1353,9.978,10.462,10.072,11.995,26.5429482,-26.508,-1.36163,12.42205,11.6397,0.83,12.571,170.998,5425.0,9.993,9.947,10.033,8.378,5.81967,4.56,0.9,False,True,True,False,False,False,False,0.35410843914740087
4700,7,1,3,0,0,2,173.68916,2.23585,262.91176,61.77713,4.5574311,175.0972238,0,0,0,0,2016,0,0,0,2015.0,13.6771,12.087,12.764,12.207,14.668,22.5657914,21.6459,-6.3773,7.6188,14.3234,0.66,15.662,334.967,4742.0,12.098,12.061,12.341,8.995,2.95691,4.51,0.68,False,True,False,True,False,False,False,0.3053513694466238
4705,7,1,3,0,0,2,173.68916,2.23585,262.91176,61.77713,4.5574311,175.0972238,0,0,0,0,2016,0,0,0,2015.0,13.6771,12.087,12.764,12.207,14.668,22.5657914,21.6459,-6.3773,19.07863,14.3234,0.66,15.662,334.967,4742.0,12.098,12.061,12.341,8.995,2.95691,4.51,0.68,False,True,False,True,False,False,False,0.40483371661993806
4710,6,1,1,0,0,1,185.97964,1.37748,288.7508,61.0068,-1.111479,186.0383865,0,0,0,0,2022,0,0,0,2018.0,11.3314,9.898,10.517,9.904,12.278,70.0312553,-30.235,-63.1682,9.45889,11.9662,0.69,13.31,124.433,4842.0,9.819,9.753,9.701,8.609,8.00776,4.63,0.75,False,True,True,False,False,False,False,0.15836249209524964
4719,3,1,2,0,0,0,183.85124,4.15639,285.15815,64.0901,2.2823788,185.1880932,0,0,0,0,2022,0,0,0,2018.0,11.549,10.637,10.952,10.715,12.081,49.6479619,-14.8821,-47.365,8.52695,11.9456,1.61,12.64,476.882,5960.0,10.666,10.615,10.647,8.375,2.06877,4.09,1.16,False,True,True,False,False,False,False,0.34044411484011833
4723,11,1,1,0,0,0,331.69655,-7.66126,40.459,-55.41212,-18.011665,336.5761233,0,0,0,0,2024,1,0,0,2018.0,7.7275,6.887,7.202,6.974,8.24,136.1222528,-114.505,73.6062,9.978541,8.103581,1.499,8.770001,80.8994,6310.0,6.866,6.81,6.906,6.917,12.3328,4.122,1.084,False,True,False,True,False,False,False,0.37384857710248215
4765,1,1,1,0,0,1,61.99037,-4.2976,175.58217,-26.34917,16.347166,60.7929729,0,0,0,0,2019,0,0,0,2018.0,11.2723,9.496,10.231,9.649,12.456,69.8701912,-62.191,31.8453,19.562307,12.0082,0.676,13.657,99.9293,4455.0,9.507,9.436,9.362001,8.935,9.9783,4.625,0.7,False,True,True,False,False,False,False,0.414973347970818
4793,11,1,1,0,0,1,126.27261,-8.71935,214.28896,25.58211,10.246577,126.4643579,0,0,0,0,2024,0,0,0,2018.0,11.8964,10.677,11.146,10.747,12.557,131.9404907,-89.3328,97.0976,8.865663,12.4039,0.719,13.334,203.896,5365.0,10.667,10.619,10.599,8.927,4.87598,4.591,0.735,False,True,False,True,False,False,False,0.39198880150019577
4805,9,1,1,0,0,0,127.16069,-7.81632,214.12703,26.83381,10.9101444,127.5541103,0,0,0,0,2025,0,0,0,2018.0,12.0873,11.026,11.438,11.082,12.669,37.3382669,-33.2859,16.9173,6.8941,12.5618,1.06,13.502,360.911,5528.0,11.062,10.999,11.041,8.319,2.74245,4.35,0.96,False,True,True,False,False,False,False,0.42975228000240795
4814,11,1,1,0,0,0,129.65864,-7.09689,215.28839,29.20051,10.9829509,130.180046,0,0,0,0,2024,0,0,0,2018.0,11.1704,9.913,10.408,9.994,11.833,65.1770947,1.41652,-65.1617,4.7369696,11.7202,0.789,12.868,154.83,5128.0,9.917,9.845,9.896,9.044,6.43038,4.56,0.823,False,True,False,True,False,False,False,0.433381487458942
4835,9,1,1,0,1,0,127.78184,-3.9917,211.16645,29.69965,14.4618826,129.1405227,0,0,0,0,2021,0,0,0,2018.0,9.6071,8.38,8.92,8.513,10.345,90.6855881,-12.4161,89.8316,16.9780102,10.13,0.75,11.226,75.5857,5245.0,8.385,8.336,8.375,8.431,13.2015,4.62,0.84,False,True,True,False,False,False,False,0.1673173347481761
4838,8,1,2,0,0,1,128.77323,-3.4951,211.41719,30.78517,14.6902225,130.2596625,0,0,0,0,2021,0,0,0,2018.0,11.6325,10.68,11.066,10.749,12.235,24.1994031,-24.1022,2.16681,10.616384,12.0636,0.94,12.878,268.357,5788.0,10.667,10.628,10.667,8.29,3.69811,4.48,0.96,False,True,True,False,False,False,False,0.06069784035361165
4843,8,1,2,0,0,1,128.77323,-3.4951,211.41719,30.78517,14.6902225,130.2596625,0,0,0,0,2021,0,0,0,2018.0,11.6325,10.68,11.066,10.749,12.235,24.1994031,-24.1022,2.16681,52.713494,12.0636,0.94,12.878,268.357,5788.0,10.667,10.628,10.667,8.29,3.69811,4.48,0.96,False,True,True,False,False,False,False,0.37839790094813774
4868,10,1,2,0,0,2,126.1438,4.77514,201.65994,33.44489,23.3574367,129.8137008,0,0,0,0,2018,0,0,0,2018.0,12.0789,11.149,11.502,11.246,12.657,16.7652765,-10.3664,13.1762,1.742169,12.4903,1.19,13.219,446.821,5977.0,11.19,11.121,11.286,8.797,2.20973,4.31,1.06,False,True,True,False,False,False,False,0.13033376849500614
4871,10,1,2,0,0,2,126.1438,4.77514,201.65994,33.44489,23.3574367,129.8137008,0,0,0,0,2018,0,0,0,2018.0,12.0789,11.149,11.502,11.246,12.657,16.7652765,-10.3664,13.1762,7.810253,12.4903,1.19,13.219,446.821,5977.0,11.19,11.121,11.286,8.797,2.20973,4.31,1.06,False,True,True,False,False,False,False,0.4517864355242902
4877,9,1,2,0,0,4,207.37463,-4.82414,318.13687,46.56042,-15.0365158,203.6214411,0,0,0,0,2025,0,0,0,2018.0,11.7537,10.589,11.038,10.701,12.398,60.2307097,-53.1038,28.4205,2.58812,12.2538,0.879,13.016,242.113,5442.0,10.606,10.55,10.558,9.344,4.10173,4.51,0.85,False,True,True,False,False,False,False,0.14705767102835993
4885,9,1,2,0,0,3,207.37463,-4.82414,318.13687,46.56042,-15.0365158,203.6214411,0,0,0,0,2025,0,0,0,2018.0,11.7537,10.589,11.038,10.701,12.398,60.2307097,-53.1038,28.4205,6.67932,12.2538,0.879,13.016,242.113,5442.0,10.606,10.55,10.558,9.344,4.10173,4.51,0.85,False,True,True,False,False,False,False,0.36361197989214433
4897,4,1,3,0,1,2,175.13098,-1.44837,267.02928,58.39355,0.603596,174.9602543,0,0,0,0,2026,0,0,0,2015.0,12.3049,11.161,11.596,11.208,13.024,19.2996223,4.4152,-18.7878,7.9193,12.8153,0.82,13.798,289.827,5322.0,11.152,11.105,10.922,8.978,3.42298,4.51,0.88,False,True,True,False,False,False,False,0.8450980400142568
4919,4,1,3,0,1,2,175.13098,-1.44837,267.02928,58.39355,0.603596,174.9602543,0,0,0,0,2026,0,0,0,2015.0,12.3049,11.161,11.596,11.208,13.024,19.2996223,4.4152,-18.7878,11.906,12.8153,0.82,13.798,289.827,5322.0,11.152,11.105,10.922,8.978,3.42298,4.51,0.88,False,True,True,False,False,False,False,0.6127838567197355
4920,3,1,3,0,1,0,175.13098,-1.44837,267.02928,58.39355,0.603596,174.9602543,0,0,0,0,2026,0,0,0,2016.0,12.3049,11.161,11.596,11.208,13.024,19.2996223,4.4152,-18.7878,2.50827,12.8153,0.824,13.798,289.827,5350.0,11.152,11.105,10.922,8.978,3.42298,4.556,0.892,False,True,False,True,False,False,False,0.01870049866624337
4936,10,1,1,0,0,0,208.80855,-0.53919,323.71825,49.0873,-11.5563527,206.5823122,0,0,0,0,2018,0,0,0,2018.0,11.898,10.657,11.121,10.715,12.656,24.7652981,-22.4839,10.3824,4.162817,12.45,0.81,13.55,221.753,5222.0,10.623,10.572,10.749,8.724,4.48101,4.57,0.9,False,True,True,False,False,False,False,0.18184358794477257
4944,10,1,1,0,0,0,207.3809,-0.5004,322.04583,50.016,-11.0093342,205.2371043,0,0,0,0,2018,0,0,0,2018.0,12.5994,11.479,11.934,11.579,13.341,13.6227891,-7.4975,11.374,14.786889,13.0947,0.98,14.037,411.923,5817.0,11.488,11.431,11.514,9.292,2.39889,4.46,1.01,False,True,True,False,False,False,False,0.5965970956264602
4948,10,1,2,0,0,0,201.50812,-0.13184,314.63917,53.72709,-8.5095364,199.8315191,0,0,0,0,2018,0,0,0,2018.0,11.8767,10.876,11.248,10.904,12.524,12.6036521,-12.5637,1.00274,15.852975,12.3238,0.99,13.131,315.014,5713.0,10.848,10.809,10.732,9.086,3.14627,4.42,0.94,False,True,True,False,False,False,False,0.49554433754644844
4956,10,1,1,0,0,0,203.44318,1.86425,319.27444,54.28324,-7.3739779,202.3934779,0,0,0,0,2018,0,0,0,2018.0,11.5275,10.479,10.881,10.558,12.199,46.8809182,3.31031,-46.7639,8.357881,11.9937,0.93,12.884,247.637,5667.0,10.468,10.426,10.487,8.831,4.00976,4.5,1.0,False,True,True,False,False,False,False,0.4082399653118496
4999,11,1,1,0,0,0,11.27793,-6.14691,122.7358,-64.0675,-1.1958844,12.7736909,0,0,0,0,2024,0,0,0,2018.0,11.5474,10.206,10.773,10.281,12.391,11.2473261,0.602072,-11.2312,9.6952,12.1219,0.765,13.262,166.147,5026.0,10.217,10.145,10.1,8.659,5.99057,4.57,0.793,False,True,False,True,False,False,False,0.10226006295393872
5004,11,1,1,0,0,0,15.82137,-7.30329,132.94761,-63.03714,-0.5177539,17.3825067,0,0,0,0,2024,0,0,0,2018.0,12.4611,11.478,11.839,11.569,12.985,30.6142833,-30.3947,-3.66013,7.055908,12.8893,1.253,13.643,577.235,5783.0,11.507,11.468,11.279,8.683,1.70396,4.273,1.076,False,True,False,True,False,False,False,0.5013525571668653
5011,11,1,1,0,0,0,19.52754,-7.28846,139.4218,-60.96448,0.8890076,20.7789809,0,0,0,0,2024,0,0,0,2018.0,11.8333,10.746,11.164,10.824,12.577,47.3817757,-39.3816,-26.3462,4.19097,12.3135,0.872,13.227,256.887,5500.0,10.739,10.697,10.645,8.617,3.86451,4.503,0.881,False,True,False,True,False,False,False,0.22391671974876698
5035,8,1,1,0,0,0,18.17215,-4.35659,133.86499,-59.30136,3.0970732,18.4241015,0,0,0,0,2022,0,0,0,2018.0,11.7603,9.856,10.629,10.015,12.977,165.6720402,31.5766,162.635,9.795647,12.55,0.678,14.401,109.218,4349.0,9.843,9.789,9.74,8.525,9.12809,4.72,0.622,False,True,False,True,False,False,False,0.42324587393680785
5038,9,1,1,0,0,0,15.32634,-1.96014,126.79207,-58.58351,4.2277722,14.8759777,0,0,0,0,2025,0,0,0,2018.0,11.1651,10.223,10.576,10.217,11.806,30.8225303,-17.5724,-25.3227,8.59656,11.599,1.236,12.146,300.64,5875.0,10.216,10.163,10.168,8.51,3.29796,4.28,1.03,False,True,True,False,False,False,False,0.3996737214810381
5049,11,1,1,0,0,0,13.02957,1.30322,120.44792,-56.49811,6.3470302,11.4802354,0,0,0,0,2018,0,0,0,2018.0,11.375,9.721,10.394,9.856,12.403,10.7859024,10.6045,-1.96984,2.1748,12.0576,0.72,13.563,115.461,4503.0,9.744,9.65,9.731,7.809,8.63246,4.57,0.7,False,True,True,False,False,False,False,0.24303804868629444
5072,9,1,1,0,0,0,15.44256,3.72566,122.78408,-53.35488,9.5167694,12.7700071,0,0,0,0,2025,0,0,0,2018.0,11.2429,10.161,10.582,10.23,11.873,31.5139596,-7.40091,30.6326,13.68186,11.7214,1.026,12.611,233.514,5612.0,10.158,10.118,10.125,9.091,4.25418,4.45,0.91,False,True,True,False,False,False,False,0.37474834601010387
5083,4,1,1,0,0,0,19.66406,4.38938,128.53772,-50.96109,11.7537171,16.4625203,0,0,0,0,2026,0,0,0,2018.0,8.97055,8.105,8.423,8.169,9.543,86.9642815,67.12,55.2964,15.3889274,9.36072,1.072,10.038,101.321,5942.0,8.096,8.052,8.069,7.92,9.84127,4.35,0.94,False,True,True,False,False,False,False,0.3569814009931312
5090,6,1,2,0,0,1,192.86689,-5.40849,297.80252,52.68541,-10.0605942,189.7041426,0,0,0,0,2022,0,0,0,2018.0,12.0532,10.94,11.352,11.029,12.7,17.4424654,12.8066,11.8419,4.47904,12.5216,0.84,13.357,275.255,5620.0,10.988,10.932,11.117,8.677,3.60459,4.55,0.91,False,True,True,False,False,False,False,0.1931245983544616
5093,6,1,2,0,0,1,192.86689,-5.40849,297.80252,52.68541,-10.0605942,189.7041426,0,0,0,0,2022,0,0,0,2018.0,12.0532,10.94,11.352,11.029,12.7,17.4424654,12.8066,11.8419,10.09489,12.5216,0.84,13.357,275.255,5620.0,10.988,10.932,11.117,8.677,3.60459,4.55,0.91,False,True,True,False,False,False,False,0.3820170425748684
5095,11,1,1,0,0,0,189.81665,-6.24176,292.60786,52.73956,-9.6248232,186.5410958,0,0,0,0,2024,0,0,0,2018.0,11.0277,9.954001,10.362,10.046,11.836,38.9429518,-8.32048,-38.0437,15.8723,11.5203,1.7,12.264,357.778,5520.0,9.978,9.915,9.932,8.571,2.76698,4.148,1.482,False,True,False,True,False,False,False,0.5574219936317822
5098,11,1,1,0,0,0,187.15529,-7.32374,287.99069,52.2367,-9.5626286,183.6456643,0,0,0,0,2024,0,0,0,2018.0,11.5473,10.223,10.697,10.307,12.337,22.382493,2.0184,-22.2913,3.27109,12.0917,0.889,13.194,211.265,5288.0,10.204,10.166,10.118,8.755,4.7062,4.473,0.856,False,True,False,True,False,False,False,0.1872366585881619
5102,6,1,1,0,0,1,189.39384,-3.38409,293.11643,55.61276,-6.8342028,187.2947047,0,0,0,0,2022,0,0,0,2018.0,11.9808,10.324,10.978,10.439,13.028,18.7947027,13.8162,-12.7418,2.69828,12.6527,0.65,14.112,129.46,4715.0,10.303,10.237,10.201,8.971,7.7079,4.66,0.71,False,True,True,False,False,False,False,0.08278537031645007
5109,6,1,2,0,0,1,188.96395,-3.44652,292.35223,55.65723,-6.7218474,186.8729195,0,0,0,0,2022,0,0,0,2018.0,10.2496,9.05,9.518,9.126,10.985,81.2268036,7.43403,-80.8859,8.32727,10.7861,0.79,12.049,102.564,5315.0,9.036,8.969,8.989,8.616,9.72291,4.59,0.87,False,True,True,False,False,False,False,0.3074960379132129
5113,3,1,1,0,0,0,193.01173,-1.55949,300.25458,56.26458,-6.576051,191.363117,0,0,0,0,2022,0,0,0,2018.0,12.1641,11.257,11.575,11.322,12.789,24.8067302,13.8771,-20.5621,2.86041,12.5751,1.39,13.298,540.773,5945.0,11.259,11.221,11.163,8.908,1.82143,4.2,1.11,False,True,True,False,False,False,False,0.292256071356476
5116,4,1,1,0,0,0,288.46423,6.45241,21.45369,-12.52792,-15.7712178,289.0918242,0,0,0,0,2018,0,0,0,2018.0,12.0386,10.859,11.294,11.004,12.768,26.0260755,-26.0092,-0.937081,13.841901,12.5593,0.95,13.5,321.215,5695.0,10.813,10.766,10.935,8.343,3.08511,4.48,1.01,False,True,True,False,False,False,False,0.3979400086720376
5120,4,1,1,0,0,1,74.60046,-3.92156,182.07129,-15.31645,18.654323,73.7667927,0,0,0,0,2018,0,0,0,2018.0,9.31437,8.434,8.739,8.48,9.822,78.6094677,-48.2449,62.0635,11.168454,9.72626,1.161,10.521,130.72,6154.0,8.419,8.38,8.391,8.518,7.6214,4.379,1.188,False,True,True,False,False,False,False,1.0495668691646514
5122,8,1,3,0,0,2,233.31618,-1.68296,344.46401,30.24863,-20.2317975,230.4799011,0,0,0,0,2025,0,0,0,2018.0,9.8125,8.375,8.968,8.501,10.883,36.9808715,-31.1884,-19.8713,2.467583,10.4191,0.71,11.813,67.5062,4796.0,8.381,8.318,8.332,8.278,14.7849,4.53,0.79,False,True,False,True,False,False,False,0.11892575282577665
5124,8,1,3,0,0,2,233.31618,-1.68296,344.46401,30.24863,-20.2317975,230.4799011,0,0,0,0,2025,0,0,0,2018.0,9.8125,8.375,8.968,8.501,10.883,36.9808715,-31.1884,-19.8713,7.06024,10.4191,0.71,11.813,67.5062,4796.0,8.381,8.318,8.332,8.278,14.7849,4.53,0.79,False,True,False,True,False,False,False,0.10448711131239508
5130,8,1,3,0,0,2,233.31618,-1.68296,344.46401,30.24863,-20.2317975,230.4799011,0,0,0,0,2025,0,0,0,2018.0,9.8125,8.375,8.968,8.501,10.883,36.9808715,-31.1884,-19.8713,24.3681,10.4191,0.71,11.813,67.5062,4796.0,8.381,8.318,8.332,8.278,14.7849,4.53,0.79,False,True,False,True,False,False,False,0.373463721632369
5133,11,1,1,0,0,1,255.72373,-6.07195,353.87129,9.23357,-28.7105836,253.7688479,0,0,0,0,2024,0,0,0,2018.0,11.0657,10.217,10.508,10.268,11.602,10.2149825,-5.56153,-8.56827,2.18053332,11.4668,1.236,12.182,314.995,6180.0,10.129,10.105,9.972,8.496,3.14858,4.353,1.256,False,True,False,True,False,False,False,1.2058123116959754
5143,6,1,3,0,0,0,160.40247,-3.48106,243.59017,51.77727,4.4413751,160.5941265,0,0,0,0,2018,0,0,0,2018.0,12.2352,9.971,10.781,10.192,14.632,42.4516694,3.97562,-42.2651,5.24,13.4367,0.36,16.206,31.0849,3420.0,9.634,9.774,9.513,8.765,32.1414,4.9,0.4,False,True,True,False,False,False,False,0.04139268515822508
5144,6,1,3,0,0,0,160.40247,-3.48106,243.59017,51.77727,4.4413751,160.5941265,0,0,0,0,2018,0,0,0,2018.0,12.2352,9.971,10.781,10.192,14.632,42.4516694,3.97562,-42.2651,7.775,13.4367,0.36,16.206,31.0849,3420.0,9.634,9.774,9.513,8.765,32.1414,4.9,0.4,False,True,True,False,False,False,False,0.0
5145,6,1,3,0,0,0,160.40247,-3.48106,243.59017,51.77727,4.4413751,160.5941265,0,0,0,0,2018,0,0,0,2018.0,12.2352,9.971,10.781,10.192,14.632,42.4516694,3.97562,-42.2651,10.115,13.4367,0.36,16.206,31.0849,3420.0,9.634,9.774,9.513,8.765,32.1414,4.9,0.4,False,True,True,False,False,False,False,0.04139268515822508
5148,12,1,2,0,1,0,245.25972,-3.87591,349.99931,19.20525,-24.9906029,242.5734559,0,0,1,0,2018,0,0,0,2016.0,10.371,9.18,9.635,9.294,11.275,83.9581623,-58.8107,-59.9189,20.88977,10.9072,1.16,12.22,170.562,5625.0,9.166,9.122,9.105,8.674,5.83465,4.29,1.07,False,True,True,False,False,False,False,0.7323937598229685
5161,12,1,2,0,1,0,245.25972,-3.87591,349.99931,19.20525,-24.9906029,242.5734559,0,0,0,0,2018,0,0,0,2016.0,10.371,9.18,9.635,9.294,11.275,83.9581623,-58.8107,-59.9189,42.3391,10.9072,1.16,12.22,170.562,5625.0,9.166,9.122,9.105,8.674,5.83465,4.29,1.07,False,True,True,False,False,False,False,0.8750612633917001
5164,6,1,2,0,0,0,230.30219,-0.05449,343.8913,33.6394,-17.8754464,227.849371,0,0,0,0,2018,0,0,0,2018.0,11.6392,9.56,10.394,9.745,13.372,75.0101501,-52.3229,-53.7479,6.034,12.6212,0.54,14.821,72.9105,3810.0,9.426,9.469,9.317,8.551,13.6878,4.7,0.58,False,True,True,False,False,False,False,0.3010299956639812
5165,6,1,2,0,0,0,230.30219,-0.05449,343.8913,33.6394,-17.8754464,227.849371,0,0,0,0,2018,0,0,0,2018.0,11.6392,9.56,10.394,9.745,13.372,75.0101501,-52.3229,-53.7479,20.523,12.6212,0.54,14.821,72.9105,3810.0,9.426,9.469,9.317,8.551,13.6878,4.7,0.58,False,True,True,False,False,False,False,0.25527250510330607
5166,3,1,1,0,0,0,183.8474,-5.7495,282.91232,54.24973,-6.8052985,181.2386829,0,0,0,0,2022,0,0,0,2018.0,11.2209,9.933,10.442,9.988,11.97,118.5480295,-59.1797,-102.72,26.8199,11.7562,0.75,12.413,149.464,5262.0,9.938,9.879,9.938,8.564,6.66215,4.54,0.71,False,True,True,False,False,False,False,0.4065401804339551
5167,3,1,1,0,0,0,182.44793,-6.04319,280.50197,54.06962,-6.5178542,179.8358421,0,0,0,0,2022,0,0,0,2018.0,14.145,11.777,12.621,12.015,16.414,8.3136347,-4.58077,-6.9378,6.51389,15.3818,0.37,18.047,109.237,3459.0,11.484,11.632,11.212,8.155,9.12589,4.89,0.38,False,True,True,False,False,False,False,0.40483371661993806
5168,3,1,2,0,0,0,182.9761,-4.04845,281.66644,56.0218,-4.8991358,181.1211419,0,0,0,0,2022,0,0,0,2018.0,10.3748,9.591,9.852,9.637,10.971,64.4472506,18.236,-61.8134,11.54182,10.7424,1.39,11.508,266.864,6570.0,9.597,9.539,9.489,8.16,3.71914,4.26,1.29,False,True,True,False,False,False,False,0.3364597338485295
5169,3,1,2,0,0,0,182.9761,-4.04845,281.66644,56.0218,-4.8991358,181.1211419,0,0,0,0,2022,0,0,0,2018.0,10.3748,9.591,9.852,9.637,10.971,64.4472506,18.236,-61.8134,24.94598,10.7424,1.39,11.508,266.864,6570.0,9.597,9.539,9.489,8.16,3.71914,4.26,1.29,False,True,True,False,False,False,False,0.30319605742048883
5171,3,1,1,0,0,0,184.70113,-2.13766,285.17361,57.739,-3.8318097,183.4686492,0,0,0,0,2022,0,0,0,2018.0,11.188,10.163,10.555,10.235,11.78,60.2007651,19.7534,-56.8677,21.06884,11.6317,0.92,12.2,212.902,5677.0,10.151,10.085,10.242,8.479,4.66891,4.44,0.86,False,True,True,False,False,False,False,0.24303804868629444
5174,3,1,1,0,0,0,181.95282,-0.41675,280.22006,59.71563,-1.1606,181.6296115,0,0,0,0,2022,0,0,0,2018.0,13.8852,12.788,13.168,12.852,14.792,24.2702425,-11.271,-21.4944,5.76918,14.3512,0.94,15.22,703.616,5610.0,12.831,12.782,12.415,8.968,1.39318,4.43,0.87,False,True,True,False,False,False,False,0.5428254269591799
5175,3,1,2,0,0,0,192.1334,-5.73127,296.49384,52.60405,-10.0692793,188.8935189,0,0,0,0,2022,0,0,0,2018.0,13.5498,11.556,12.38,11.768,14.857,38.4640839,-11.6942,-36.6433,2.25021,14.3583,0.69,16.212,258.113,4667.0,11.534,11.461,11.58,8.423,3.84563,4.63,0.74,False,True,True,False,False,False,False,0.32633586092875144
5176,3,1,2,0,0,0,192.1334,-5.73127,296.49384,52.60405,-10.0692793,188.8935189,0,0,0,0,2022,0,0,0,2018.0,13.5498,11.556,12.38,11.768,14.857,38.4640839,-11.6942,-36.6433,6.49424,14.3583,0.69,16.212,258.113,4667.0,11.534,11.461,11.58,8.423,3.84563,4.63,0.74,False,True,True,False,False,False,False,0.34044411484011833
5177,3,1,1,0,0,0,186.34039,-7.51491,286.63848,52.18224,-9.4141696,182.8173343,0,0,0,0,2022,0,0,0,2018.0,12.7652,11.643,12.079,11.634,13.497,37.0105059,-31.4216,19.5566,7.17256,13.2616,0.92,14.234,406.254,5528.0,11.61,11.57,11.596,8.988,2.43294,4.45,0.88,False,True,True,False,False,False,False,0.4099331233312945
5178,3,1,1,0,0,0,186.67226,-6.91389,287.33035,52.72248,-8.9952309,183.3667344,0,0,0,0,2022,0,0,0,2018.0,11.9675,10.883,11.27,10.945,12.646,11.4541649,-6.87907,9.1584,12.409,12.4497,1.57,12.131,521.716,6504.0,10.895,10.845,10.887,8.858,1.88953,4.16,1.32,False,True,True,False,False,False,False,0.44560420327359757
5182,3,1,1,0,0,0,64.13791,-5.82461,178.25572,-25.29268,15.2477027,63.2739346,0,0,0,0,2022,0,0,0,2015.0,13.0275,10.444,11.303,10.732,16.21,123.5167322,-18.3371,122.148,3.48456408,14.3817,0.2932,17.76,44.9565,3207.0,10.086,10.275,9.936,8.301,22.2153,4.944,0.2634,False,True,False,True,False,False,False,0.5365584425715301
5186,11,1,1,0,0,0,188.182,-6.23938,289.98214,53.10691,-8.9757427,185.0315429,0,0,0,0,2024,0,0,0,2018.0,13.3793,12.016,12.539,12.078,14.314,51.2570081,9.83709,-50.3042,4.01392,13.9725,0.797,15.196,414.708,5003.0,11.971,11.878,11.534,8.988,2.38297,4.544,0.809,False,True,False,True,False,False,False,0.433381487458942
5188,3,1,1,0,0,0,193.16309,-3.6246,299.25474,54.27377,-8.5359826,190.6892403,0,0,0,0,2022,0,0,0,2018.0,13.6875,11.515,12.341,11.713,15.66,21.0818139,-18.0102,10.9579,9.30075,14.7702,0.49,17.173,147.03,3717.0,11.297,11.365,11.342,8.601,6.77291,4.76,0.52,False,True,True,False,False,False,False,0.37106786227173627
5189,3,1,1,0,0,0,185.48323,-6.6812,285.45308,53.13179,-8.3096141,182.3663818,0,0,0,0,2022,0,0,0,2018.0,12.0482,10.683,11.236,10.774,12.93,22.9167594,-22.6784,3.29667,13.81513,12.6201,0.82,13.803,228.839,5152.0,10.724,10.655,10.755,8.771,4.34143,4.5,0.79,False,True,True,False,False,False,False,0.24054924828259971
5191,3,1,1,0,0,0,188.10812,-3.44147,290.87617,55.85724,-6.3789537,186.0853062,0,0,0,0,2022,0,0,0,2018.0,14.1768,12.947,13.492,13.097,15.002,23.2994939,-14.0428,-18.5921,4.00167,14.7042,1.1,15.806,876.565,6027.0,12.941,12.904,12.348,9.029,1.11213,4.39,1.08,False,True,True,False,False,False,False,1.1027766148834413
5192,3,1,2,0,0,0,186.95993,-2.12657,289.32884,57.38029,-4.7172908,185.5507926,0,0,0,0,2022,0,0,0,2018.0,13.018,11.296,11.986,11.389,14.238,13.8643151,-12.1955,6.59462,4.09639,13.7427,0.67,15.386,227.775,4629.0,11.293,11.219,11.319,8.741,4.3615,4.64,0.71,False,True,True,False,False,False,False,0.21218760440395779
5193,3,1,2,0,0,0,186.95993,-2.12657,289.32884,57.38029,-4.7172908,185.5507926,0,0,0,0,2022,0,0,0,2018.0,13.018,11.296,11.986,11.389,14.238,13.8643151,-12.1955,6.59462,12.11839,13.7427,0.67,15.386,227.775,4629.0,11.293,11.219,11.319,8.741,4.3615,4.64,0.71,False,True,True,False,False,False,False,0.34044411484011833
5194,3,1,1,0,0,0,190.42863,0.82606,297.15142,59.36883,-3.3705631,189.9128532,0,0,0,0,2022,0,0,0,2018.0,12.5851,10.827,11.556,10.956,13.662,29.8386365,-4.0842,-29.5578,1.96417,13.3087,0.69,14.951,191.608,4676.0,10.863,10.78,10.661,8.949,5.19052,4.62,0.71,False,True,True,False,False,False,False,0.4623979978989561
5195,3,1,1,0,0,0,188.36993,1.48797,293.57789,60.58522,-1.9532879,188.278284,0,0,0,0,2022,0,0,0,2018.0,11.808,9.661,10.477,9.898,13.716,55.2841438,-28.8612,-47.1526,1.60588,12.8602,0.5,15.195,64.0065,3725.0,9.476,9.529,9.357,8.533,15.5949,4.76,0.52,False,True,True,False,False,False,False,-0.08092190762392612
5196,3,1,1,0,0,0,187.46292,1.96135,292.00804,61.2665,-1.1609171,187.6314027,0,0,0,0,2022,0,0,0,2018.0,12.7187,11.782,12.124,11.837,13.361,15.4463167,-3.83917,14.9616,19.0921,13.1388,1.31,13.896,661.873,6351.0,11.755,11.733,11.854,8.837,1.48213,4.29,1.21,False,True,True,False,False,False,False,0.47712125471966244
5198,3,1,1,0,0,0,185.621,4.13959,289.11701,63.78688,1.5668631,186.8026947,0,0,0,0,2022,0,0,0,2018.0,11.9718,11.115,11.425,11.18,12.511,3.4941665,2.97168,1.83802,15.48043,12.375,1.13,13.113,416.457,6059.0,11.084,11.062,11.016,8.877,2.37321,4.39,1.14,False,True,True,False,False,False,False,0.3654879848908996
5207,11,1,1,0,0,0,77.36765,-5.99772,185.34317,-13.94236,16.8676948,76.8673317,0,0,0,0,2024,0,0,0,2018.0,12.0364,11.093,11.4,11.189,12.624,6.0818641,-6.04515,0.667257,2.62669762,12.4667,1.755,13.194,663.834,6860.0,11.036,11.039,10.895,9.006,1.47859,4.161,1.637,False,True,False,True,False,False,False,1.2652036848151516
5217,11,1,1,0,0,0,164.16722,-6.21057,250.88317,50.89463,0.493167,163.0323119,0,0,0,0,2024,0,0,0,2018.0,9.9623,8.89,9.337,8.92,10.612,50.1099578,-44.1706,-23.6636,11.6334681,10.4594,1.663,11.559,213.283,5490.0,8.897,8.828,8.819,8.281,4.66018,4.04,1.107,False,True,False,True,False,False,False,0.9670716309865302
5224,4,1,1,0,0,0,127.97982,-2.68033,210.10377,30.65614,15.6806039,129.6821253,0,0,0,0,2026,0,0,0,2018.0,10.9027,9.748,10.216,9.814,11.568,55.6001025,-4.85075,-55.3881,50.819172,11.4055,0.85,12.348,162.481,5368.0,9.765,9.709,9.649,8.112001,6.12624,4.51,0.88,False,True,True,False,False,False,False,0.40019248859257595
5226,2,1,2,0,0,1,128.48372,1.6136,206.37173,33.6073,19.698401,131.3583524,0,0,0,0,2019,0,0,0,2018.0,14.4893,12.183,13.047,12.386,16.701,40.0931162,-13.0794,-37.8997,5.840002,15.6625,0.473,18.735,185.605,3660.0,11.978,12.048,11.317,8.173,5.35982,4.783,0.496,False,True,True,False,False,False,False,0.3484995702838377
5228,2,1,2,0,0,1,128.48372,1.6136,206.37173,33.6073,19.698401,131.3583524,0,0,0,0,2019,0,0,0,2018.0,14.4893,12.183,13.047,12.386,16.701,40.0931162,-13.0794,-37.8997,19.660302,15.6625,0.473,18.735,185.605,3660.0,11.978,12.048,11.317,8.173,5.35982,4.783,0.496,False,True,True,False,False,False,False,0.4261858252445114
5232,11,2,1,0,0,1,337.916,-6.36335,50.42179,-58.65451,-14.4947789,342.0316493,0,0,0,0,2024,0,0,0,2018.0,10.4222,9.259,9.726,9.312,11.187,38.1635607,-23.3378,30.1961,2.36902,10.9277,0.92,11.973,138.671,5420.0,9.213,9.178001,9.162,8.502,7.1829,4.465,0.901,False,True,False,True,False,False,False,0.2325510887216184
5239,10,2,4,0,0,1,159.24407,-7.72367,245.04538,47.48286,0.9372782,157.9356855,0,0,0,0,2022,0,0,0,2018.0,10.6269,8.897,9.611,9.041,11.625,89.2844676,-68.8284,56.8715,0.658524,11.3527,0.703,12.997,77.5586,4285.0,8.903,8.815,8.794,8.292,12.865,4.581,0.686,False,True,False,True,False,False,False,0.5185139398778875
5240,10,2,4,0,0,1,159.24407,-7.72367,245.04538,47.48286,0.9372782,157.9356855,0,0,0,0,2022,0,0,0,2018.0,10.6269,8.897,9.611,9.041,11.625,89.2844676,-68.8284,56.8715,7.814,11.3527,0.703,12.997,77.5586,4285.0,8.903,8.815,8.794,8.292,12.865,4.581,0.686,False,True,False,True,False,False,False,-0.15181088300860132
5242,10,2,4,0,1,1,159.24407,-7.72367,245.04538,47.48286,0.9372782,157.9356855,0,0,0,0,2022,0,0,0,2018.0,10.6269,8.897,9.611,9.041,11.625,89.2844676,-68.8284,56.8715,14.697,11.3527,0.703,12.997,77.5586,4285.0,8.903,8.815,8.794,8.292,12.865,4.581,0.686,False,True,False,True,False,False,False,0.46686762035410945
5245,10,2,4,0,1,1,159.24407,-7.72367,245.04538,47.48286,0.9372782,157.9356855,0,0,0,0,2022,0,0,0,2018.0,10.6269,8.897,9.611,9.041,11.625,89.2844676,-68.8284,56.8715,19.482,11.3527,0.703,12.997,77.5586,4285.0,8.903,8.815,8.794,8.292,12.865,4.581,0.686,False,True,False,True,False,False,False,0.436162647040756
5247,8,1,5,0,0,2,132.7793,-5.33795,216.0731,32.70262,11.8482712,133.7094899,0,0,0,0,2021,0,0,0,2018.0,12.986,11.639,12.158,11.72,13.848,8.1952795,0.121418,-8.19438,2.151676,13.5627,0.78,14.775,327.783,5106.0,11.651,11.584,11.81,8.817,3.02214,4.58,0.84,False,True,True,False,False,False,False,0.17609125905568124
5251,8,1,5,0,0,1,132.7793,-5.33795,216.0731,32.70262,11.8482712,133.7094899,0,0,0,0,2021,0,0,0,2018.0,12.986,11.639,12.158,11.72,13.848,8.1952795,0.121418,-8.19438,9.327527,13.5627,0.78,14.775,327.783,5106.0,11.651,11.584,11.81,8.817,3.02214,4.58,0.84,False,True,True,False,False,False,False,0.42975228000240795
5256,8,1,5,0,0,2,132.7793,-5.33795,216.0731,32.70262,11.8482712,133.7094899,0,0,0,0,2021,0,0,0,2021.0,12.986,11.639,12.158,11.72,13.848,8.1952795,0.121418,-8.19438,4.528598,13.5627,0.78,14.775,327.783,5106.0,11.651,11.584,11.81,8.817,3.02214,4.58,0.84,False,True,True,False,False,False,False,0.17318626841227405
5259,8,1,5,0,0,1,132.7793,-5.33795,216.0731,32.70262,11.8482712,133.7094899,0,0,0,0,2021,0,0,0,2021.0,12.986,11.639,12.158,11.72,13.848,8.1952795,0.121418,-8.19438,6.131243,13.5627,0.78,14.775,327.783,5106.0,11.651,11.584,11.81,8.817,3.02214,4.58,0.84,False,True,True,False,False,False,False,0.12385164096708581
5260,8,1,5,0,0,1,132.7793,-5.33795,216.0731,32.70262,11.8482712,133.7094899,0,0,0,0,2021,0,0,0,2021.0,12.986,11.639,12.158,11.72,13.848,8.1952795,0.121418,-8.19438,26.27057,13.5627,0.78,14.775,327.783,5106.0,11.651,11.584,11.81,8.817,3.02214,4.58,0.84,False,True,True,False,False,False,False,0.34830486304816066
5264,10,1,1,0,0,0,129.10763,-5.14026,213.15088,30.02227,13.0146799,130.1551381,0,0,0,0,2018,0,0,0,2018.0,11.014,10.212,10.541,10.29,11.784,23.6102019,-3.2854,-23.3805,4.144965,11.377,1.45,12.367,360.76,6209.0,10.221,10.17,10.3,8.282,2.74836,4.18,1.16,False,True,True,False,False,False,False,0.19589965240923374
5268,9,3,1,0,0,1,171.71716,-2.23354,261.02749,56.98688,1.2306237,171.5151874,0,0,0,0,2025,0,0,0,2016.0,11.9186,10.704,11.157,10.794,12.689,27.1949799,-26.9773,3.43398,6.771347,12.4528,0.876,13.556,249.645,5246.0,10.663,10.606,10.534,8.311,3.97723,4.48,0.88,False,True,True,False,False,False,False,0.6757783416740851
5276,10,1,2,0,0,1,130.01584,-4.34206,213.091,31.22796,13.5497322,131.2665588,0,0,0,0,2018,0,0,0,2018.0,12.8344,11.368,11.968,11.462,13.847,25.669643,-22.7861,-11.8205,1.543069,13.4701,0.77,14.824,280.518,4877.0,11.376,11.292,11.488,8.731,3.53616,4.59,0.85,False,True,True,False,False,False,False,0.13987908640123647
5280,10,1,2,0,0,1,130.01584,-4.34206,213.091,31.22796,13.5497322,131.2665588,0,0,0,0,2018,0,0,0,2018.0,12.8344,11.368,11.968,11.462,13.847,25.669643,-22.7861,-11.8205,4.400028,13.4701,0.77,14.824,280.518,4877.0,11.376,11.292,11.488,8.731,3.53616,4.59,0.85,False,True,True,False,False,False,False,0.46982201597816303
5288,10,1,1,0,0,0,123.71439,-3.32077,207.78938,26.8561,16.0907958,125.2239144,0,0,0,0,2018,0,0,0,2018.0,13.2027,12.154,12.555,12.203,13.845,35.900347,-34.5543,9.73834,8.562421,13.6582,0.99,14.488,564.454,5644.0,12.152,12.101,12.171,8.423,1.74335,4.37,0.83,False,True,True,False,False,False,False,0.8621313793130372
5291,9,1,1,0,0,0,130.21122,-0.14617,209.30743,33.9644,17.5423852,132.6211743,0,0,0,0,2021,0,0,0,2018.0,13.1736,12.0,12.486,12.076,13.872,17.4633816,-12.6654,12.0232,14.4536756,13.6668,0.83,14.577,423.065,5397.0,12.017,11.985,11.576,8.563,2.33505,4.53,0.86,False,True,True,False,False,False,False,0.49554433754644844
5305,9,1,1,0,0,0,127.22032,0.5626,206.52056,31.96885,19.0100046,129.7768928,0,0,0,0,2021,0,0,0,2018.0,12.5831,11.3,11.811,11.372,13.246,32.8612984,-5.36917,-32.4197,11.7195663,13.1461,0.85,14.257,308.105,5161.0,11.297,11.232,11.344,8.291,3.217,4.53,0.89,False,True,True,False,False,False,False,0.48429983934678583
5307,9,1,1,0,0,0,126.41796,1.78867,204.79384,32.01486,20.3992512,129.2823699,0,0,0,0,2021,0,0,0,2018.0,12.3198,10.986,11.507,11.051,13.181,30.4691288,-26.1353,-15.6625,14.1330314,12.8852,0.7,14.119,228.327,5044.0,10.979,10.916,10.617,8.232,4.35333,4.64,0.79,False,True,True,False,False,False,False,0.31806333496276157
5316,9,1,2,0,0,1,129.01842,2.54522,205.82396,34.58078,20.4550162,132.1698795,0,0,0,0,2021,0,0,0,2018.0,11.1983,9.749,10.364,9.861,11.974,16.3822333,-15.6411,-4.87171,3.2809626,11.8139,0.69,13.085,123.438,4841.0,9.722,9.642,9.654,7.99,8.07267,4.65,0.77,False,True,True,False,False,False,False,0.36921585741014284
5327,9,1,2,0,0,1,129.01842,2.54522,205.82396,34.58078,20.4550162,132.1698795,0,0,0,0,2021,0,0,0,2018.0,11.1983,9.749,10.364,9.861,11.974,16.3822333,-15.6411,-4.87171,8.4388385,11.8139,0.69,13.085,123.438,4841.0,9.722,9.642,9.654,7.99,8.07267,4.65,0.77,False,True,True,False,False,False,False,0.3443922736851107
5331,10,1,1,0,0,0,122.86709,3.20363,201.1281,29.84642,22.6339399,125.9528309,0,0,0,0,2018,0,0,0,2018.0,13.756,12.26,12.871,12.388,14.654,23.3626822,-18.2305,14.6104,18.718269,14.3792,0.85,15.639,488.152,5139.0,12.204,12.174,12.234,8.748,2.01993,4.49,0.82,False,True,True,False,False,False,False,0.5763413502057929
5335,11,1,1,0,0,0,206.26332,-6.23204,315.66347,46.02638,-15.9379749,202.0161895,0,0,0,0,2024,0,0,0,2018.0,9.66562,8.687,9.081,8.748,10.364,105.0691656,-36.0956,-98.6744,6.326768,10.1214,0.973,11.081,113.123,5680.0,8.675,8.63,8.649,8.418,8.81151,4.452,0.974,False,True,False,True,False,False,False,0.33960073344039327
5344,10,1,1,0,0,0,206.89057,-4.44182,317.88455,47.15133,-14.5041057,203.3018653,0,0,0,0,2018,0,0,0,2018.0,12.7702,11.701,12.097,11.809,13.446,21.5555489,-11.4579,18.2581,3.334966,13.2538,1.61,14.157,786.439,6747.0,11.727,11.657,11.758,8.499,1.24301,4.17,1.4,False,True,True,False,False,False,False,0.4742162640762553
5348,10,1,1,0,0,0,205.16518,3.96941,323.85074,54.88181,-6.0417592,204.7792935,0,0,0,0,2018,0,0,0,2018.0,11.1224,9.994,10.431,10.091,11.491,102.2951419,-53.7612,-87.0289,7.122605,11.5907,0.86,12.327,182.983,5558.0,10.022,9.971,9.939,8.886,5.43668,4.46,0.79,False,True,True,False,False,False,False,0.08278537031645007
5360,7,1,1,0,0,0,289.91288,-0.2892,16.32379,-17.32247,-22.2477071,291.5953596,0,0,0,0,2021,0,0,0,2018.0,11.8657,10.765,11.141,10.854,12.524,13.2692359,-12.5036,4.44214,19.89526,12.3604,1.28,13.269,391.537,5500.0,10.779,10.726,10.537,8.579001,2.52663,4.21,1.03,False,True,False,True,False,False,False,0.8750612633917001
5362,10,1,1,0,0,0,17.7343,0.33372,128.82965,-55.44818,7.2692169,16.2274724,0,0,0,0,2018,0,0,0,2018.0,14.0978,12.523,13.195,12.626,15.048,22.7232054,0.976821,22.7022,8.687721,14.7677,0.76,16.218,458.139,4812.0,12.551,12.459,12.125,8.761,2.15419,4.59,0.82,False,True,True,False,False,False,False,0.912753303671323
5371,10,1,1,0,0,0,15.8975,3.72545,123.48272,-53.1774,9.6929181,13.1943679,0,0,0,0,2018,0,0,0,2018.0,13.4901,11.983,12.579,12.114,14.364,11.1101761,-1.73796,-10.9734,1.921036,14.1316,0.82,15.516,402.915,5060.0,12.018,11.936,12.507,8.785,2.45325,4.56,0.89,False,True,True,False,False,False,False,0.5465426634781311
5373,11,1,1,0,0,1,79.80354,-2.80098,183.72406,-10.25307,20.2549034,79.1407971,0,0,0,0,2018,0,0,0,2018.0,12.0394,10.058,10.868,10.206,13.265,52.300501,-45.9383,25.0003,4.795069,12.8598,0.607,14.713,107.272,4140.0,10.007,9.975,9.902,8.961,9.29346,4.67,0.63,False,True,True,False,False,False,False,0.4440447959180762
5377,12,1,4,0,0,0,350.75081,5.39821,80.67491,-53.68469,1.3001522,349.3843458,0,0,0,0,2018,0,0,0,2018.0,11.2451,9.971,10.477,10.069,12.075,37.0557502,-33.8739,15.0229,3.471745,11.804,0.787,12.915,154.961,4975.0,9.967,9.891,9.899,8.743,6.42482,4.4,0.83,False,True,False,False,False,False,True,0.4132997640812518
5379,12,1,4,0,0,0,350.75081,5.39821,80.67491,-53.68469,1.3001522,349.3843458,0,0,0,0,2018,0,0,0,2018.0,11.2451,9.971,10.477,10.069,12.075,37.0557502,-33.8739,15.0229,7.138048,11.804,0.787,12.915,154.961,4975.0,9.967,9.891,9.899,8.743,6.42482,4.4,0.83,False,True,False,False,False,False,True,0.5477747053878226
5380,12,1,4,0,0,0,350.75081,5.39821,80.67491,-53.68469,1.3001522,349.3843458,0,0,0,0,2018,0,0,0,2018.0,11.2451,9.971,10.477,10.069,12.075,37.0557502,-33.8739,15.0229,10.45582,11.804,0.787,12.915,154.961,4975.0,9.967,9.891,9.899,8.743,6.42482,4.4,0.83,False,True,False,False,False,False,True,0.3944516808262163
5381,12,1,4,0,0,0,350.75081,5.39821,80.67491,-53.68469,1.3001522,349.3843458,0,0,0,0,2018,0,0,0,2018.0,11.2451,9.971,10.477,10.069,12.075,37.0557502,-33.8739,15.0229,14.76289,11.804,0.787,12.915,154.961,4975.0,9.967,9.891,9.899,8.743,6.42482,4.4,0.83,False,True,False,False,False,False,True,0.290034611362518
5382,1,1,1,0,0,0,235.12456,2.34158,349.50145,31.08201,-16.7737113,233.3698192,0,0,0,0,2019,0,0,0,2018.0,11.3428,9.317,10.127,9.518,12.881,120.4262454,-105.645,57.8067,27.359,12.1652,0.62,14.088,76.1486,3926.0,9.271,9.258,9.204001,8.935,13.1035,4.7,0.64,False,True,True,False,False,False,False,0.3222192947339193
5383,1,1,1,0,0,0,236.18525,-3.14854,345.04347,27.06963,-22.3583447,233.0743401,0,0,0,0,2019,0,0,0,2018.0,10.4838,9.188,9.677,9.283,11.41,18.4786025,-17.8985,-4.59374,14.893291,11.067,1.07,12.011,158.335,5695.0,9.148,9.114,9.089,8.152,6.2875,4.398,1.056,False,True,True,False,False,False,False,0.9774502794953583
5388,1,1,1,0,0,1,247.44653,5.83698,0.07234,22.45095,-15.7925384,246.6429443,0,0,0,0,2019,0,0,0,2019.0,12.8575,10.641,11.435,10.847,14.81,42.902841,-37.0051,-21.7089,13.156969,13.7943,1.025,15.839,274.3,5529.0,10.527,10.527,10.273,8.707,3.61703,4.393,0.953,False,True,True,False,False,False,False,0.9590413923210936
5395,3,2,1,0,0,3,65.23834,3.28079,170.51373,-19.5504,24.4016558,62.670422,0,0,0,0,2016,0,0,0,2016.0,11.5476,10.062,10.622,10.168,12.532,27.4614777,-21.9879,16.4519,3.2588321,12.2008,0.86,13.484,178.475,5358.0,10.142,10.095,9.991,7.549,5.57452,4.54,0.94,False,True,True,False,False,False,False,1.1251138305571822
5401,1,3,2,0,0,2,237.29599,-0.66005,348.05236,27.59946,-20.1988975,234.8578846,0,0,0,0,2019,0,0,0,2019.0,10.3985,9.42,9.771,9.477,11.114,32.0401184,-16.8935,27.2246,9.21165,10.8204,1.511,11.681,272.909,6302.0,9.413,9.396,9.403,8.948,3.63648,4.23,1.194,False,True,True,False,False,False,False,0.48572142648158
5405,1,3,2,0,0,1,237.29599,-0.66005,348.05236,27.59946,-20.1988975,234.8578846,0,0,0,0,2019,0,0,0,2019.0,10.3985,9.42,9.771,9.477,11.114,32.0401184,-16.8935,27.2246,48.36685,10.8204,1.511,11.681,272.909,6302.0,9.413,9.396,9.403,8.948,3.63648,4.23,1.194,False,True,True,False,False,False,False,1.05216484988456
5409,1,1,1,0,0,0,77.40225,-1.30047,181.1789,-11.58155,21.548199,76.44594,0,0,0,0,2019,0,0,0,2019.0,9.3928,8.353,8.765,8.407,10.014,101.823826,-97.0819,30.7115,2.225177,9.86639,0.899,10.832,90.0562,5520.0,8.346,8.291,8.323,8.304,11.0758,4.5,0.934,False,True,False,True,False,False,False,0.20112389720737955
5410,2,1,1,0,0,0,207.12586,0.54081,322.75465,50.98859,-9.9460704,205.3758786,0,0,0,0,2019,0,0,0,2019.0,9.31975,8.407,8.73,8.452,9.885,88.2152953,1.66929,-88.1995,16.9841,9.75597,1.09,10.548,114.293,5725.0,8.364,8.325,8.348,8.07,8.72122,4.33,1.0,False,True,True,False,False,False,False,0.41995574848975786
5411,4,1,1,0,0,0,349.91239,-2.21244,75.33161,-60.78063,-6.0279068,351.6064952,0,0,0,0,2019,0,0,0,2019.0,12.6577,11.544,11.959,11.565,13.44,33.1908207,-9.40207,31.8313,13.1225,13.1611,0.947,14.141,392.251,5532.0,11.53,11.49,11.578,9.044,2.52119,4.52,0.958,False,True,False,True,False,False,False,0.3891660843645325
5412,4,1,1,0,0,0,349.69692,-3.83493,73.80612,-62.24683,-7.6037856,352.0516724,0,0,0,0,2019,0,0,0,2019.0,11.905,10.859,11.268,10.922,12.649,22.1495306,-21.4608,5.48049,2.50387,12.37,1.2,13.237,373.078,5612.0,10.874,10.825,10.81,8.845,2.65222,4.2,0.987,False,True,False,True,False,False,False,0.22010808804005508
5429,7,1,3,0,0,0,173.53343,-4.37792,264.98752,55.25008,-1.4551364,172.3353708,0,0,2,0,2023,0,0,0,2015.0,10.5459,8.561,9.421,8.805,12.168,122.2623054,-78.1392,94.0337,10.0546535,11.4785,0.546,13.527,44.0727,3844.0,8.424,8.443,8.322,8.251,22.661,4.704,0.549,False,True,False,True,False,False,False,0.31764554322115857
5445,7,1,3,0,0,1,173.53343,-4.37792,264.98752,55.25008,-1.4551364,172.3353708,0,0,2,0,2023,0,0,0,2015.0,10.5459,8.561,9.421,8.805,12.168,122.2623054,-78.1392,94.0337,24.646729,11.4785,0.546,13.527,44.0727,3844.0,8.424,8.443,8.322,8.251,22.661,4.704,0.549,False,True,False,True,False,False,False,0.19920647916165776
5451,7,1,3,0,0,4,173.53343,-4.37792,264.98752,55.25008,-1.4551364,172.3353708,0,0,2,0,2023,0,0,0,2015.0,10.5459,8.561,9.421,8.805,12.168,122.2623054,-78.1392,94.0337,44.55603,11.4785,0.546,13.527,44.0727,3844.0,8.424,8.443,8.322,8.251,22.661,4.704,0.549,False,True,False,True,False,False,False,0.1637575239819558
5471,4,1,1,0,0,0,55.51261,3.25479,164.50146,-27.54962,22.2993491,52.3420548,0,0,0,0,2016,0,0,0,2016.0,12.5489,11.088,11.632,11.19,13.547,21.7167955,-14.0265,16.5794,4.098503,13.2056,0.844,14.506,333.042,5425.0,11.058,11.016,11.067,9.003,2.97391,4.54,0.9,False,True,False,True,False,False,False,1.0661824167218288
5480,12,2,1,0,0,2,247.58459,-1.99957,352.99471,18.27513,-23.548273,245.4405531,0,0,0,0,2016,0,0,0,2016.0,10.0198,8.866,9.318,8.942,10.802,104.3947343,-96.3318,-40.2299,1.25785,10.5371,0.78,11.634,110.527,5280.0,8.859,8.817,8.811,8.215,9.01931,4.6,0.91,False,True,True,False,False,False,False,1.0748727344294218
5483,8,1,1,0,0,0,231.05402,-2.16314,342.43152,31.76781,-20.1081634,228.0210932,0,0,0,0,2020,0,0,0,2020.0,14.3273,11.838,12.665,12.134,17.67,141.5462321,74.6597,-120.255,3.1443189,15.6791,0.196,18.656,56.9686,3300.0,11.436,11.631,11.068,8.969,17.5252,5.094,0.174,False,True,True,False,False,False,False,-0.022276394711152257
5484,9,1,2,0,0,0,236.89375,-3.90309,344.82551,26.05405,-23.2594663,233.6247336,0,0,0,0,2020,0,0,0,2020.0,14.2731,11.911,12.717,12.144,17.14,64.4738758,-64.4727,-0.389385,1.133,15.514,0.379,18.545,112.486,3436.0,11.615,11.776,11.534,8.944,8.86222,4.891,0.408,False,True,True,False,False,False,False,0.12385164096708581
5485,9,1,2,0,0,0,236.89375,-3.90309,344.82551,26.05405,-23.2594663,233.6247336,0,0,0,0,2020,0,0,0,2020.0,14.2731,11.911,12.717,12.144,17.14,64.4738758,-64.4727,-0.389385,5.26,15.514,0.379,18.545,112.486,3436.0,11.615,11.776,11.534,8.944,8.86222,4.891,0.408,False,True,True,False,False,False,False,0.2624510897304295
5486,9,1,1,0,0,0,231.83663,-2.89688,342.3074,30.70086,-21.0227209,228.6188638,0,0,0,0,2020,0,0,0,2020.0,15.3938,12.99,13.928,13.293,17.74,60.9320963,-37.0179,-48.3983,6.22,16.6387,0.379,19.308,176.291,3387.0,12.591,12.781,11.995,8.906,5.64718,4.885,0.403,False,True,True,False,False,False,False,0.46686762035410945
5487,9,1,1,0,0,0,234.45559,1.36891,348.12324,31.08939,-17.557463,232.4461375,0,0,0,0,2020,0,0,0,2020.0,13.3545,11.152,12.042,11.341,15.8,70.6241072,-44.2031,-55.0804,7.01,14.3967,0.552,16.667,147.866,3851.0,11.014,11.019,11.031,8.796,6.73446,4.701,0.561,False,True,True,False,False,False,False,0.22010808804005508
5488,9,1,1,0,0,0,166.66985,-2.40955,252.451,55.3433,3.0399357,166.8010058,0,0,0,0,2020,0,0,0,2020.0,11.4131,10.223,10.705,10.313,12.213,22.9166813,-22.7378,-2.85775,26.68,11.9397,0.898,12.993,209.071,5440.0,10.17,10.097,10.183,8.797,4.75461,4.512,0.954,False,True,True,False,False,False,False,0.44560420327359757
5497,5,2,4,0,0,1,253.44293,2.89203,0.54581,15.80164,-19.5430504,252.426008,0,0,0,0,2021,0,0,0,2016.0,11.3692,9.821,10.404,9.993,12.304,56.1485729,-53.6394,-16.5975,8.992,12.0036,0.86,13.267,157.682,5271.0,9.787,9.754,9.887,8.412,6.31369,4.49,0.83,False,True,True,False,False,False,False,0.7241939195143297
5503,5,2,4,0,0,1,253.44293,2.89203,0.54581,15.80164,-19.5430504,252.426008,0,0,0,0,2021,0,0,0,2016.0,11.3692,9.821,10.404,9.993,12.304,56.1485729,-53.6394,-16.5975,20.66093,12.0036,0.86,13.267,157.682,5271.0,9.787,9.754,9.887,8.412,6.31369,4.49,0.83,False,True,True,False,False,False,False,0.4960989921325713
5511,5,2,4,0,0,1,253.44293,2.89203,0.54581,15.80164,-19.5430504,252.426008,0,0,0,0,2021,0,0,0,2016.0,11.3692,9.821,10.404,9.993,12.304,56.1485729,-53.6394,-16.5975,31.71701,12.0036,0.86,13.267,157.682,5271.0,9.787,9.754,9.887,8.412,6.31369,4.49,0.83,False,True,True,False,False,False,False,0.5420781463356256
5521,5,2,4,0,0,1,253.44293,2.89203,0.54581,15.80164,-19.5430504,252.426008,0,0,0,0,2021,0,0,0,2019.0,11.3692,9.821,10.404,9.993,12.304,56.1485729,-53.6394,-16.5975,4.34934,12.0036,0.86,13.267,157.682,5271.0,9.787,9.754,9.887,8.412,6.31369,4.49,0.83,False,True,True,False,False,False,False,0.0835026198302674
5524,9,1,1,0,0,0,162.52838,-1.67798,245.35216,54.35434,5.3064776,163.2519122,0,0,0,0,2020,0,0,0,2020.0,15.0356,12.508,13.411,12.823,17.81,68.8267189,-36.3627,-58.4369,1.995,16.3554,0.3,19.667,108.74,3157.0,12.179,12.343,11.773,8.918,9.16867,4.55,0.117,False,True,True,False,False,False,False,0.41830129131974547
5527,11,1,1,0,0,0,157.22394,-6.82396,241.80874,47.32067,2.5138829,156.4054989,0,0,0,0,2024,0,0,0,2020.0,11.758,9.567,10.462,9.796,13.677,120.4876494,-109.198,50.9222,2.2979749,12.8241,0.595,15.127,77.6888,3750.0,9.458,9.437,9.349,8.783,12.8433,4.65,0.578,False,True,False,True,False,False,False,0.3120172115151505
5528,9,1,1,0,0,0,156.59733,-4.65108,239.34592,48.87164,4.7640203,156.6226981,0,0,0,0,2020,0,0,0,2020.0,12.3882,10.413,11.194,10.569,13.963,16.5163291,-2.63736,-16.3044,8.205,13.3108,0.602,15.317,123.415,4141.0,10.339,10.318,10.165,8.558,8.07382,4.677,0.63,False,True,True,False,False,False,False,0.28330122870354957
5529,9,1,1,0,0,0,158.62684,-2.20776,240.07252,52.01163,6.2858689,159.4209874,0,0,0,0,2020,0,0,0,2020.0,12.9946,10.789,11.648,11.002,14.935,20.5899921,-17.3015,-11.1627,24.93,14.0693,0.549,16.438,118.318,3710.0,10.638,10.693,10.559,8.753,8.42309,4.63,0.478,False,True,True,False,False,False,False,0.3222192947339193
5530,9,1,1,0,0,0,156.75152,-2.33299,237.62638,50.91389,6.8636732,157.6222171,0,0,0,0,2020,0,0,0,2020.0,13.4415,11.237,12.092,11.457,15.223,17.9915696,-5.46337,-17.142,3.262,14.5172,0.505,16.783,136.667,3752.0,11.07,11.117,11.181,8.627,7.28967,4.743,0.517,False,True,True,False,False,False,False,0.38560627359831223
5531,9,1,1,0,0,0,351.36634,-4.64293,76.71995,-63.53633,-7.6867213,353.9169507,0,0,0,0,2020,0,0,0,2020.0,14.8139,12.352,13.177,12.595,17.77,42.2232918,-42.1819,-1.86914,6.93,16.137,0.298,19.365,111.638,3287.0,12.007,12.17,11.556,8.353,8.92982,4.84,0.274,False,True,True,False,False,False,False,0.3424226808222063
5532,9,1,1,0,0,0,352.82074,4.55554,83.82219,-54.94703,1.3375909,351.612262,0,0,0,0,2020,0,0,0,2020.0,14.1516,12.091,12.977,12.231,15.982,22.6698856,3.9557,22.3221,1.256,15.0082,0.688,17.025,282.308,3924.0,12.047,11.984,11.702,8.255,3.5139,4.462,0.507,False,True,True,False,False,False,False,0.35793484700045375
5534,11,1,1,0,0,1,349.82115,-1.23386,75.76637,-59.8217,-5.1641451,351.1353785,0,0,0,0,2020,0,0,0,2020.0,11.9039,10.668,11.174,10.798,12.697,18.8212481,-12.389,14.1687,12.4551225,12.4462,0.822,13.542,233.237,5282.0,10.682,10.615,10.553,9.089,4.25907,4.566,0.901,False,True,True,False,False,False,False,0.938307829847544
5546,8,1,1,0,0,0,126.34456,-7.23815,213.0547,26.567,11.6674131,126.8968265,0,0,0,0,2021,0,0,0,2021.0,9.15722,8.412,8.668,8.46,9.608,28.5672002,-14.0263,-24.8867,13.774798,9.51275,1.5,10.174,160.125,6232.0,8.387,8.351,8.367,8.143,6.217,4.18,1.23,False,True,True,False,False,False,False,0.4424797690644485
5547,8,1,2,0,0,0,131.50071,-4.3257,214.18022,32.3837,13.170269,132.7376431,0,0,0,0,2021,0,0,0,2021.0,10.7578,9.804,10.159,9.893,11.305,20.9050377,-20.0571,-5.8935,9.398977,11.1945,1.06,12.31,211.43,5994.0,9.815,9.775,9.773,8.833,4.70117,4.43,1.1,False,True,True,False,False,False,False,0.2528530309798932
5548,8,1,2,0,0,0,131.50071,-4.3257,214.18022,32.3837,13.170269,132.7376431,0,0,0,0,2021,0,0,0,2021.0,10.7578,9.804,10.159,9.893,11.305,20.9050377,-20.0571,-5.8935,22.996591,11.1945,1.06,12.31,211.43,5994.0,9.815,9.775,9.773,8.833,4.70117,4.43,1.1,False,True,True,False,False,False,False,0.43456890403419873
5556,8,1,1,0,0,0,134.70439,-1.27063,213.80335,36.79663,15.2056765,136.7892752,0,0,0,0,2021,0,0,0,2021.0,11.5559,10.596,10.941,10.603,12.073,12.4283066,-10.8862,-5.99612,14.759287,11.9866,1.22,12.482,343.99,5880.0,10.614,10.574,10.585,8.509,2.87877,4.29,1.06,False,True,True,False,False,False,False,0.7909884750888159
5560,8,1,1,0,0,0,134.1042,-0.28211,212.37147,36.95589,16.3255146,136.4894259,0,0,0,0,2021,0,0,0,2021.0,10.999,10.234,10.501,10.324,11.842,13.2781203,-9.53789,-9.23781,5.113981,11.3479,1.49,11.791,371.823,6502.0,10.262,10.229,10.26,8.941,2.66126,4.22,1.36,False,True,True,False,False,False,False,0.7520484478194386
5562,8,1,1,0,0,0,127.49438,-1.93754,209.07458,30.71655,16.5220648,129.3896679,0,0,0,0,2021,0,0,0,2021.0,12.1033,11.281,11.586,11.337,12.556,11.1451596,-8.51463,-7.19136,12.283211,12.4741,1.33,13.089,557.993,6222.0,11.293,11.261,11.401,7.952,1.7642,4.28,1.23,False,True,True,False,False,False,False,0.3443922736851107
5567,8,1,1,0,0,0,131.53393,-0.54937,210.66771,34.7715,16.7940663,133.8382032,0,0,0,0,2021,0,0,0,2021.0,12.004,10.796,11.291,10.911,12.803,41.5810549,-26.8709,31.7323,21.194733,12.5114,0.8,13.433,239.289,5424.0,10.811,10.759,10.774,8.946,4.15077,4.56,0.86,False,True,True,False,False,False,False,0.08635983067474823
5572,8,1,1,0,0,0,125.88859,-1.95805,207.9912,29.41388,16.9004702,127.761137,0,0,0,0,2021,0,0,0,2021.0,11.8104,10.804,11.186,10.895,12.385,24.9723271,-23.979,-6.97314,16.273563,12.2299,1.32,12.941,421.636,5869.0,10.816,10.787,10.771,8.563,2.34416,4.17,0.94,False,True,True,False,False,False,False,0.41830129131974547
5573,8,1,1,0,0,0,122.69535,-2.59984,206.47017,26.44954,17.0241557,124.3609294,0,0,0,0,2021,0,0,0,2021.0,12.3552,10.613,11.336,10.747,13.322,59.0822143,-48.5033,-33.7363,3.850614,13.0455,0.63,14.469,156.951,4558.0,10.609,10.582,10.633,8.885,6.34256,4.65,0.66,False,True,True,False,False,False,False,0.012837224705172217
5576,8,1,1,0,0,0,127.58096,0.32987,206.9914,32.12682,18.6929046,130.082542,0,0,0,0,2021,0,0,0,2021.0,13.7069,12.173,12.796,12.295,14.487,3.3156414,-2.6087,-2.0465,19.507428,14.3436,0.72,15.584,360.36,4857.0,12.156,12.114,12.083,8.848,2.74664,4.59,0.74,False,True,True,False,False,False,False,0.28330122870354957
5584,9,1,1,0,0,0,124.42388,3.17545,202.13873,31.13427,22.2359194,127.5787231,0,0,0,0,2021,0,0,0,2016.0,11.0514,10.193,10.528,10.258,11.447,14.2341494,1.04552,-14.1957,2.9956348,11.4357,1.42,12.019,348.646,6168.0,10.207,10.174,10.159,8.342,2.84026,4.2,1.16,False,True,True,False,False,False,False,1.1383026981662814
5593,8,1,1,0,0,0,125.5203,0.1912,205.72851,30.36616,19.0745863,127.9373409,0,0,0,0,2021,0,0,0,2021.0,13.6324,12.435,12.927,12.491,14.428,19.1974116,-19.0596,-2.29614,29.740451,14.1327,1.13,15.03,738.136,5532.0,12.396,12.371,12.075,8.624,1.326,4.3,0.93,False,True,True,False,False,False,False,0.5263392773898441
5595,8,1,1,0,0,0,127.64431,1.61308,205.79387,32.92129,19.9166357,130.4971951,0,0,0,0,2021,0,0,0,2021.0,12.1346,11.17,11.516,11.249,12.725,15.0962096,4.98442,-14.2496,36.552551,12.5585,1.16,13.61,421.408,5817.0,11.206,11.17,11.384,8.496,2.34466,4.3,0.98,False,True,True,False,False,False,False,0.5065050324048721
5599,8,1,1,0,1,0,129.66454,3.5399,205.27646,35.67859,21.2386816,133.1218996,0,0,0,0,2021,0,0,0,2021.0,10.6535,9.71,10.084,9.81,11.338,86.9020459,-76.0842,41.99,11.561052,11.0702,1.09,11.754,208.357,5920.0,9.525,9.498,9.613,8.318,4.77093,4.36,1.01,False,True,True,False,False,False,False,0.3074960379132129
5600,8,1,2,0,0,0,130.561,4.07059,205.36595,36.71614,21.5026882,134.2021746,0,0,0,0,2021,0,0,0,2021.0,14.0431,11.855,12.692,12.07,16.01,11.4245832,3.41162,-10.9033,2.787174,15.1312,0.46,18.001,166.169,3804.0,11.658,11.727,11.474,8.493,5.98933,4.8,0.49,False,True,True,False,False,False,False,0.21748394421390627
5603,8,1,2,0,0,0,130.561,4.07059,205.36595,36.71614,21.5026882,134.2021746,0,0,0,0,2021,0,0,0,2021.0,14.0431,11.855,12.692,12.07,16.01,11.4245832,3.41162,-10.9033,7.676972,15.1312,0.46,18.001,166.169,3804.0,11.658,11.727,11.474,8.493,5.98933,4.8,0.49,False,True,True,False,False,False,False,0.3053513694466238
5605,8,1,1,0,0,0,132.44511,4.79889,205.9637,38.67456,21.6685886,136.3614923,0,0,0,0,2021,0,0,0,2021.0,11.7538,9.662,10.496,9.858,13.423,29.7043118,-25.9399,14.473,3.35585,12.7423,0.49,14.96,75.1691,4374.0,9.538,9.563,9.441,8.379,13.2747,4.76,0.51,False,True,True,False,False,False,False,0.20139712432045148
5610,8,1,1,0,0,0,129.14306,3.96497,204.48349,35.48996,21.7890367,132.7075876,0,0,0,0,2021,0,0,0,2021.0,13.6347,11.46,12.344,11.656,15.72,59.5287316,-19.5426,-56.2295,10.367437,14.6951,0.52,17.088,162.408,3779.0,11.312,11.341,11.351,8.703,6.12862,4.74,0.56,False,True,True,False,False,False,False,0.3242824552976926
5611,8,1,1,0,0,0,122.89047,3.23937,201.10805,29.88541,22.663226,125.9864854,0,0,0,0,2021,0,0,0,2021.0,11.0384,9.501,10.128,9.566,11.903,133.5300878,43.5433,-126.231,26.201446,11.6828,0.7,13.083,105.58,4801.0,9.493,9.439,9.436,8.782,9.4428,4.6,0.71,False,True,True,False,False,False,False,0.35410843914740087
5618,8,1,1,0,0,0,123.08721,3.9394,200.54899,30.42848,23.2974061,126.3726821,0,0,0,0,2021,0,0,0,2021.0,14.0838,12.3,13.052,12.447,15.15,52.5481274,6.75149,-52.1126,7.187257,14.8131,0.63,16.299,320.336,4599.0,12.243,12.232,12.16,8.287,3.09328,4.65,0.66,False,True,True,False,False,False,False,0.3820170425748684
5620,8,1,2,0,0,0,126.81145,6.05619,200.78923,34.69497,24.4229559,130.8783479,0,0,0,0,2021,0,0,0,2021.0,11.7421,10.381,10.958,10.485,12.572,34.6136033,-34.5935,1.17953,4.688418,12.3271,0.85,13.542,201.856,5077.0,10.431,10.348,10.327,8.506,4.92543,4.5,0.83,False,True,True,False,False,False,False,0.5132176000679389
5623,8,1,2,0,0,0,126.81145,6.05619,200.78923,34.69497,24.4229559,130.8783479,0,0,0,0,2021,0,0,0,2021.0,11.7421,10.381,10.958,10.485,12.572,34.6136033,-34.5935,1.17953,12.550171,12.3271,0.85,13.542,201.856,5077.0,10.431,10.348,10.327,8.506,4.92543,4.5,0.83,False,True,True,False,False,False,False,0.4265112613645752
5624,8,1,1,0,0,0,203.07656,-5.90154,311.98055,47.98798,-14.4447454,199.0996546,0,0,0,0,2021,0,0,0,2021.0,13.6069,12.204,12.743,12.307,14.585,30.6424703,-27.3578,-13.8026,9.032178,14.1826,0.49,15.296,453.567,4385.0,12.227,12.188,12.065,8.878,2.17642,4.78,0.54,False,True,True,False,False,False,False,0.13987908640123647
5639,8,1,2,0,0,0,207.37298,-3.72145,319.0805,47.45593,-14.0092516,204.0355092,0,0,0,0,2021,0,0,0,2021.0,12.8469,11.776,12.191,11.867,13.449,19.6445439,-5.80261,-18.768,4.163873,13.3115,1.04,14.148,489.368,5789.0,11.76,11.746,12.116,9.169,2.01484,4.39,0.98,False,True,True,False,False,False,False,0.1875207208364631
5642,8,1,2,0,0,0,207.37298,-3.72145,319.0805,47.45593,-14.0092516,204.0355092,0,0,0,0,2021,0,0,0,2016.0,12.8469,11.776,12.191,11.867,13.449,19.6445439,-5.80261,-18.768,19.991944,13.3115,1.04,14.148,489.368,5789.0,11.76,11.746,12.116,9.169,2.01484,4.39,0.98,False,True,True,False,False,False,False,0.437750562820388
5645,8,1,1,0,0,0,208.96098,-0.74719,323.69493,48.82989,-11.8049588,206.6522408,0,0,0,0,2021,0,0,0,2021.0,13.5118,12.497,12.869,12.535,14.195,16.7482938,1.11706,-16.711,7.806164,13.9854,1.05,14.843,694.734,5769.0,12.453,12.409,12.11,8.701,1.41109,4.4,1.02,False,True,True,False,False,False,False,0.40483371661993806
5647,8,1,3,0,0,0,137.06998,2.88875,211.54865,41.24964,18.469628,140.4451478,0,0,0,0,2021,0,0,0,2021.0,10.6699,9.691,10.044,9.759,11.125,21.492825,20.2361,-7.24167,3.665912,11.1147,0.95,11.953,176.051,5791.0,9.703,9.659,9.72,8.916,5.65212,4.47,0.98,False,True,True,False,False,False,False,0.1367205671564068
5648,8,1,3,0,0,0,137.06998,2.88875,211.54865,41.24964,18.469628,140.4451478,0,0,0,0,2021,0,0,0,2021.0,10.6699,9.691,10.044,9.759,11.125,21.492825,20.2361,-7.24167,8.234885,11.1147,0.95,11.953,176.051,5791.0,9.703,9.659,9.72,8.916,5.65212,4.47,0.98,False,True,True,False,False,False,False,0.28330122870354957
5651,8,1,3,0,0,0,137.06998,2.88875,211.54865,41.24964,18.469628,140.4451478,0,0,0,0,2021,0,0,0,2021.0,10.6699,9.691,10.044,9.759,11.125,21.492825,20.2361,-7.24167,14.871387,11.1147,0.95,11.953,176.051,5791.0,9.703,9.659,9.72,8.916,5.65212,4.47,0.98,False,True,True,False,False,False,False,0.34830486304816066
5652,8,1,1,0,0,0,200.8339,6.30918,320.32185,59.40196,-2.2819018,201.6168564,0,0,0,0,2021,0,0,0,2021.0,11.6271,10.547,10.951,10.611,12.337,39.018249,-4.08235,-38.8041,15.466805,12.0988,0.99,13.003,268.515,5698.0,10.533,10.486,10.637,9.031,3.69625,4.38,0.87,False,True,True,False,False,False,False,0.7442929831226762
5655,8,1,1,0,0,0,128.86778,-8.16913,215.64764,27.91033,10.1472175,129.1299193,0,0,0,0,2021,0,0,0,2021.0,13.2202,10.964,11.776,11.131,15.296,16.6789855,-16.6779,0.19029,3.793306,14.3753,0.41,16.98,91.722,3669.0,10.703,10.814,10.696,8.517,10.8741,4.86,0.43,False,True,True,False,False,False,False,0.1931245983544616
5656,9,1,1,0,0,0,123.75892,-5.96872,210.18832,25.31595,13.5027816,124.6426189,0,0,0,0,2021,0,0,0,2021.0,13.0561,12.016,12.404,12.073,13.707,10.6420569,-9.51633,-4.7637,5.7385647,13.5297,0.92,14.419,500.497,5790.0,11.994,11.951,11.927,8.811,1.96925,4.49,0.96,False,True,True,False,False,False,False,0.3521825181113625
5657,9,1,1,0,0,0,127.21099,-4.96509,211.64492,28.65234,13.6613758,128.3219134,0,0,0,0,2021,0,0,0,2021.0,12.6649,11.508,11.957,11.588,13.268,24.819961,-21.9804,11.5279,21.0267366,13.148,0.86,14.052,355.54,5568.0,11.538,11.497,11.158,8.623,2.78398,4.52,0.9,False,True,True,False,False,False,False,0.359835482339888
5658,9,1,1,0,0,0,129.90687,-1.49011,210.36881,32.90877,16.3289144,131.9386628,0,0,0,0,2021,0,0,0,2021.0,13.0172,11.952,12.366,11.995,13.748,9.2716104,-3.5066,-8.58292,16.3488637,13.4792,1.0,14.367,517.687,5794.0,11.966,11.908,12.284,8.972,1.90308,4.43,0.98,False,True,True,False,False,False,False,0.5705429398818975
5659,9,1,1,0,0,0,130.91254,1.515,208.19438,35.51836,18.9497263,133.8081054,0,0,0,0,2021,0,0,0,2021.0,13.0892,11.989,12.422,12.051,13.699,24.1567555,-11.9149,-21.0139,11.2510285,13.5733,0.91,14.48,480.307,5650.0,12.018,11.946,11.65,8.633,2.05332,4.49,0.93,False,True,True,False,False,False,False,0.42813479402878885
5681,3,1,1,0,0,0,241.09563,-0.66151,350.41528,24.44846,-21.0269691,238.8197061,0,0,0,0,2022,0,0,0,2022.0,10.9591,9.623,10.109,9.724,11.372,23.5162843,-20.7677,-11.0326,23.448172,11.5285,1.051,12.672,187.222,5561.0,9.553001,9.559,9.423,8.725,5.31289,4.313,0.823,False,True,False,False,False,False,True,0.46329560996200275
5684,3,1,1,0,0,0,245.25208,1.85999,355.16562,22.29893,-19.3468837,243.6800912,0,0,0,0,2022,0,0,0,2022.0,11.4955,9.875,10.488,9.979,12.636,67.3063882,-67.1902,-3.95309,15.937039,12.1351,0.94,13.324,185.947,5601.0,9.783,9.76,9.606,8.212,5.35665,4.406,0.825,False,True,False,False,False,False,True,0.37272794088559547
5686,3,1,1,0,0,0,334.60927,-3.70355,48.86201,-54.50874,-13.2644554,337.8588454,0,0,0,0,2022,0,0,0,2022.0,12.6884,10.957,11.666,11.087,13.794,43.2579663,40.9392,-13.9726,20.645099,13.3983,0.625,14.965,176.965,4348.0,10.933,10.873,10.994,8.916,5.6221,4.726,0.756,False,True,False,False,False,False,True,0.3825573219087858
5691,3,1,3,0,0,1,330.60524,0.09746,47.88612,-49.02284,-11.1661157,332.6357627,0,0,0,0,2022,0,0,0,2022.0,12.5832,11.042,11.613,11.103,13.581,25.4815399,17.0281,18.9566,5.025598,13.2207,0.663,14.488,206.608,4663.0,11.03,10.99,10.935,8.173,4.81138,4.667,0.746,False,True,False,False,False,False,True,0.12450422483428228
5692,3,1,3,0,0,1,330.60524,0.09746,47.88612,-49.02284,-11.1661157,332.6357627,0,0,0,0,2022,0,0,0,2022.0,12.5832,11.042,11.613,11.103,13.581,25.4815399,17.0281,18.9566,9.660186,13.2207,0.663,14.488,206.608,4663.0,11.03,10.99,10.935,8.173,4.81138,4.667,0.746,False,True,False,False,False,False,True,0.13385812520333468
5695,3,1,3,0,0,1,330.60524,0.09746,47.88612,-49.02284,-11.1661157,332.6357627,0,0,0,0,2022,0,0,0,2022.0,12.5832,11.042,11.613,11.103,13.581,25.4815399,17.0281,18.9566,20.201085,13.2207,0.663,14.488,206.608,4663.0,11.03,10.99,10.935,8.173,4.81138,4.667,0.746,False,True,False,False,False,False,True,0.2895889525425967
5698,3,1,1,0,0,0,328.02961,1.36555,46.24456,-46.37314,-10.8750666,329.7262534,0,0,0,0,2022,0,0,0,2022.0,10.9307,9.934,10.357,9.98,11.789,37.4561629,1.4024,37.4299,5.761612,11.3732,0.881,12.667,185.55,5682.0,9.932,9.905,9.956,8.665,5.36125,4.418,0.735,False,True,False,False,False,False,True,0.11826472608947931
5703,9,1,3,0,0,0,246.00734,-3.53173,350.73677,18.77075,-24.7870527,243.4509662,0,0,0,0,2025,0,0,0,2016.0,11.6368,10.142,10.692,10.214,12.573,11.3447279,2.46361,-11.074,4.4434,12.2573,0.809,13.471,179.943,5352.0,10.095,10.053,10.21,8.733,5.52913,4.53,0.84,False,True,True,False,False,False,False,0.14301480025409505
5710,9,1,3,0,0,0,246.00734,-3.53173,350.73677,18.77075,-24.7870527,243.4509662,0,0,0,0,2025,0,0,0,2016.0,11.6368,10.142,10.692,10.214,12.573,11.3447279,2.46361,-11.074,6.42966,12.2573,0.809,13.471,179.943,5352.0,10.095,10.053,10.21,8.733,5.52913,4.53,0.84,False,True,True,False,False,False,False,0.3820170425748684
5718,9,1,3,0,0,0,246.00734,-3.53173,350.73677,18.77075,-24.7870527,243.4509662,0,0,0,0,2025,0,0,0,2016.0,11.6368,10.142,10.692,10.214,12.573,11.3447279,2.46361,-11.074,14.09229,12.2573,0.809,13.471,179.943,5352.0,10.095,10.053,10.21,8.733,5.52913,4.53,0.84,False,True,True,False,False,False,False,0.36361197989214433
5719,3,1,1,0,0,0,69.1818,-2.01925,177.48995,-19.02443,19.8316901,67.8205302,0,0,0,0,2022,0,0,0,2022.0,10.3729,9.237001,9.667,9.247,11.109,43.4217143,-27.0285,-33.9839,2.14084,10.8824,0.971,11.717,144.202,5377.0,9.226,9.177,9.066,8.069,6.90652,4.454,0.984,False,True,False,False,False,False,True,0.5060989599284405
5727,3,1,1,0,0,0,127.47375,-6.99417,213.62961,27.59317,11.6307099,128.0670932,0,0,0,0,2022,0,0,0,2022.0,13.7988,12.391,12.974,12.494,14.492,9.8071724,-2.14867,-9.5689,3.114905,14.3938,0.736,15.643,442.813,4925.0,12.412,12.358,11.749,8.769,2.22979,4.683,0.958,False,True,False,False,False,False,True,1.114744387545126
5731,3,1,1,0,0,0,129.71714,-4.98275,213.45214,30.59304,13.0094226,130.7988719,0,0,0,0,2022,0,0,0,2022.0,12.9673,11.87,12.302,11.918,13.589,39.8634677,-39.4481,5.73964,9.844077,13.4436,0.922,14.318,463.88,5479.0,11.847,11.806,11.504,8.939,2.12698,4.437,0.847,False,True,False,False,False,False,True,0.4690852991231204
5733,3,1,1,0,0,0,122.28193,-6.11425,209.34849,24.05251,13.6884986,123.1361518,0,0,0,0,2022,0,0,0,2022.0,10.031,9.163,9.486,9.242,10.47,9.0683493,8.47935,3.2149,11.02066,10.4244,1.486,11.089,229.567,6138.0,9.185,9.145001,9.147,8.299,4.32756,4.156,1.158,False,True,False,False,False,False,True,0.31407799177921286
5735,3,1,2,0,0,0,134.91265,-0.0049,212.73798,37.75937,16.3558324,137.3794986,0,0,0,0,2022,0,0,0,2022.0,12.229,11.287,11.644,11.344,12.783,15.5744596,-15.5274,-1.20981,4.521953,12.6473,0.907,13.427,359.439,5789.0,11.272,11.226,11.31,8.089,2.75372,4.386,0.731,False,True,False,False,False,False,True,0.20221577580113148
5736,3,1,2,0,0,0,134.91265,-0.0049,212.73798,37.75937,16.3558324,137.3794986,0,0,0,0,2022,0,0,0,2022.0,12.229,11.287,11.644,11.344,12.783,15.5744596,-15.5274,-1.20981,16.43445,12.6473,0.907,13.427,359.439,5789.0,11.272,11.226,11.31,8.089,2.75372,4.386,0.731,False,True,False,False,False,False,True,0.34498141392725795
5740,3,1,1,0,0,0,127.53357,2.0417,205.29926,33.07586,20.3593003,130.5013137,0,0,0,0,2022,0,0,0,2022.0,12.522,11.557,11.899,11.594,13.164,5.7561787,-1.68023,-5.50549,14.453895,12.9572,1.543,13.734,696.1,5822.0,11.567,11.508,11.374,8.707,1.40791,4.107,1.119,False,True,False,False,False,False,True,0.3508292735829677
5743,3,1,1,0,0,0,128.26836,7.09525,200.65632,36.47336,25.0380824,132.7193327,0,0,0,0,2022,0,0,0,2022.0,9.89519,9.007,9.329001,9.065,10.415,71.3224153,-7.90668,-70.8828,5.776475,10.2998,1.149,11.006,161.61,5937.0,8.995,8.962,9.008,8.111,6.15937,4.275,0.908,False,True,False,False,False,False,True,0.2395497208404731
5745,3,1,1,0,0,0,205.63955,-2.34459,318.17362,49.58463,-12.0951142,202.897887,0,0,0,0,2022,0,0,0,2022.0,12.8351,10.994,11.739,11.147,14.107,97.3624008,-2.9168,-97.3187,12.832235,13.5859,0.691,15.309,195.149,4200.0,11.002,10.939,11.124,9.23,5.09575,4.673,0.821,False,True,False,False,False,False,True,0.22865695810893527
5749,3,1,1,0,0,0,207.34882,-0.62842,321.88332,49.93541,-11.1172332,205.1596569,0,0,0,0,2022,0,0,0,2022.0,14.8943,13.392,13.958,13.441,16.029,31.2840403,-31.0116,-4.11969,2.060438,15.5122,0.732,16.782,687.973,4823.0,13.367,13.317,12.502,8.591,1.42567,4.674,0.923,False,True,False,False,False,False,True,0.4593924877592308
5751,3,1,1,0,0,0,281.60018,-4.26488,8.43581,-12.16182,-27.1807287,283.0317641,0,0,0,0,2022,0,0,0,2022.0,12.2054,10.514,11.151,10.664,13.265,42.9391174,-42.8754,-2.33835,8.777247,12.8995,0.751,14.338,182.207,4603.0,10.49,10.41,10.506,8.926,5.45983,4.615,0.856,False,True,False,False,False,False,True,0.3386556655787003
5758,1,1,2,0,0,0,242.63504,-2.55161,349.62852,22.1208,-23.1894196,240.0333095,0,0,0,0,2023,0,0,0,2016.0,10.6554,9.47,9.911,9.6,11.344,68.2729691,-37.6256,-56.9694,4.01593,11.184,1.06,12.344,192.69,5731.0,9.466,9.42,9.364,8.528,5.16248,4.38,1.03,False,True,True,False,False,False,False,0.1875207208364631
5761,1,1,2,0,0,0,242.63504,-2.55161,349.62852,22.1208,-23.1894196,240.0333095,0,0,0,0,2023,0,0,0,2016.0,10.6554,9.47,9.911,9.6,11.344,68.2729691,-37.6256,-56.9694,10.56103,11.184,1.06,12.344,192.69,5731.0,9.466,9.42,9.364,8.528,5.16248,4.38,1.03,False,True,True,False,False,False,False,0.359835482339888
5765,3,1,1,0,0,0,282.01769,-3.65837,9.18589,-12.2236,-26.5387308,283.4346389,0,0,0,0,2022,0,0,0,2022.0,10.9139,9.681,10.12,9.803001,11.688,30.0368169,-29.7168,-4.37289,9.401312,11.4419,1.32,12.382,249.303,5911.0,9.621,9.589,9.348,8.149,3.9832,4.194,0.993,False,True,False,False,False,False,True,0.4360035356698966
5769,3,1,3,0,0,2,286.79284,1.38671,16.13135,-13.78589,-21.0075789,288.0267612,0,0,0,0,2022,0,0,0,2022.0,11.9607,10.302,10.97,10.39,12.883,37.6436184,14.3518,-34.8004,7.9389334,12.6373,0.675,14.063,145.701,4473.0,10.273,10.241,10.106,7.741,6.83508,4.653,0.754,False,True,False,False,False,False,True,0.031408464251624114
5771,3,1,3,0,0,2,286.79284,1.38671,16.13135,-13.78589,-21.0075789,288.0267612,0,0,0,0,2022,0,0,0,2022.0,11.9607,10.302,10.97,10.39,12.883,37.6436184,14.3518,-34.8004,16.034656,12.6373,0.675,14.063,145.701,4473.0,10.273,10.241,10.106,7.741,6.83508,4.653,0.754,False,True,False,False,False,False,True,0.3010299956639812
5775,3,1,3,0,0,1,286.79284,1.38671,16.13135,-13.78589,-21.0075789,288.0267612,0,0,0,0,2022,0,0,0,2022.0,11.9607,10.302,10.97,10.39,12.883,37.6436184,14.3518,-34.8004,26.803023,12.6373,0.675,14.063,145.701,4473.0,10.273,10.241,10.106,7.741,6.83508,4.653,0.754,False,True,False,False,False,False,True,0.22762964957100867
5781,3,1,1,0,0,0,281.42093,4.5847,16.10079,-7.54107,-18.3795798,282.008765,0,0,0,0,2022,0,0,0,2022.0,11.8437,10.456,10.994,10.601,12.689,64.9504026,-63.702,12.6732,1.865962,12.4429,0.804,13.63,203.788,5129.0,10.42,10.294,10.387,8.761,4.87931,4.655,1.061,False,True,False,False,False,False,True,0.1942367487238292
5794,3,1,1,0,0,0,13.88315,0.4263,122.48371,-56.99964,5.8712567,12.6140752,0,0,0,0,2022,0,0,0,2022.0,13.7196,12.237,12.816,12.276,14.645,69.7779236,-24.0501,65.5023,2.380867,14.3355,0.761,15.575,420.819,4844.0,12.23,12.178,11.551,8.794,2.34786,4.64,0.927,False,True,False,False,False,False,True,0.18723861983147871
5798,3,1,1,0,0,0,19.53934,-0.68439,132.4843,-55.45458,7.0130302,18.2999964,0,0,0,0,2022,0,0,0,2022.0,12.5343,11.525,11.864,11.607,13.241,11.8878037,-8.65347,-8.15091,7.473223,12.9931,0.97,13.849,428.785,5749.0,11.521,11.49,11.627,8.51,2.30381,4.424,0.911,False,True,False,False,False,False,True,0.3654879848908996
5801,3,1,1,0,0,0,22.2242,2.92623,133.21362,-50.97688,11.3684915,19.4418282,0,0,0,0,2022,0,0,0,2022.0,14.4498,12.286,13.15,12.437,16.147,20.0672612,-19.9578,2.09313,28.735327,15.4948,0.585,17.718,266.318,3572.0,12.175,12.183,12.189,9.087,3.72681,4.66,0.57,False,True,False,False,False,False,True,0.8646297245455122
5802,9,1,1,0,0,0,348.91684,-7.28311,69.3239,-65.17333,-11.0773564,352.7139342,0,0,0,0,2025,0,0,0,2022.0,12.1093,10.931,11.401,10.991,12.861,23.2335777,-23.2303,0.39025,6.33932,12.6357,0.91,13.67,290.495,5310.0,10.947,10.881,10.878,8.859,3.41439,4.42,0.93,False,True,True,False,False,False,False,0.5910646070264992
5806,9,1,2,0,0,0,352.11672,-7.17662,76.64503,-66.17747,-9.7135814,355.6304152,0,0,0,0,2025,0,0,0,2022.0,11.1312,10.184,10.512,10.233,11.827,76.0914368,-9.12925,75.5418,8.58289,11.5697,1.094,12.231,259.208,5773.0,10.165,10.118,10.282,8.758,3.82959,4.31,0.99,False,True,True,False,False,False,False,0.367355921026019
5810,3,1,2,0,0,0,352.11672,-7.17662,76.64503,-66.17747,-9.7135814,355.6304152,0,0,0,0,2022,0,0,0,2022.0,11.1312,10.184,10.512,10.233,11.827,76.0914368,-9.12925,75.5418,20.851337,11.5697,1.084,12.231,259.208,5782.0,10.165,10.118,10.282,8.758,3.82959,4.273,0.802,False,True,False,False,False,False,True,0.3096301674258988
5820,3,1,1,0,0,0,352.23256,-7.09053,76.97927,-66.12882,-9.5887124,355.702386,0,0,0,0,2022,0,0,0,2022.0,12.8466,11.718,12.128,11.8,13.611,40.4321139,-30.385,26.6741,3.312792,13.3434,0.966,14.281,456.122,5558.0,11.748,11.678,11.512,9.014,2.16371,4.368,0.789,False,True,False,False,False,False,True,0.6685722691845579
5823,3,1,1,0,0,0,353.46818,-5.56692,80.80955,-64.9803,-7.7015151,356.2260152,0,0,0,0,2022,0,0,0,2022.0,11.8194,10.705,11.134,10.813,12.527,9.0963236,6.27716,6.58334,4.622654,12.3302,0.566,13.368,507.94,5543.0,10.712,10.649,10.581,8.295,1.94134,4.973,0.757,False,True,False,False,False,False,True,0.13703745478951265
5824,3,1,1,0,0,0,352.11819,-4.74071,78.2799,-63.84131,-7.4788816,354.6499065,0,0,0,0,2022,0,0,0,2022.0,12.2338,11.238,11.603,11.259,12.922,28.8997693,-4.91821,28.4782,15.398723,12.6795,1.058,13.491,406.985,5726.0,11.209,11.159,11.065,8.997,2.42975,4.314,0.841,False,True,False,False,False,False,True,0.26717172840301384
5826,3,1,1,0,0,0,349.40525,4.46677,78.0678,-54.24391,-0.0821031,348.5159113,0,0,0,0,2022,0,0,0,2022.0,11.3202,10.284,10.694,10.377,11.84,21.7518329,20.8535,6.18658,10.413181,11.7768,1.071,12.638,265.914,5678.0,10.304,10.25,10.367,8.47,3.7322,4.321,0.881,False,True,False,False,False,False,True,0.37143731740410085
5828,3,1,1,0,0,0,71.81919,-5.73665,182.28292,-18.62304,16.5185817,71.110002,0,0,0,0,2022,0,0,0,2022.0,11.4398,9.568,10.345,9.726,12.768,45.280104,-22.7609,39.1437,5.095717,12.2095,0.631,13.968,98.0152,4938.0,9.578,9.507,9.419,8.695,10.1739,4.515,0.478,False,True,False,False,False,False,True,0.22840035870300474
5832,3,1,2,0,0,0,71.20391,-5.49823,181.74418,-19.03751,16.6743415,70.4438684,0,0,0,0,2022,0,0,0,2022.0,13.3168,11.365,12.094,11.508,15.131,23.3107537,-23.2212,2.04135,4.803352,14.1559,0.783,15.984,286.727,5007.0,11.287,11.265,11.232,8.852,3.45921,4.628,0.952,False,True,False,False,False,False,True,0.4144719496293027
5834,3,1,2,0,0,0,71.20391,-5.49823,181.74418,-19.03751,16.6743415,70.4438684,0,0,0,0,2022,0,0,0,2022.0,13.3168,11.365,12.094,11.508,15.131,23.3107537,-23.2212,2.04135,8.491282,14.1559,0.783,15.984,286.727,5007.0,11.287,11.265,11.232,8.852,3.45921,4.628,0.952,False,True,False,False,False,False,True,0.5308397786165205
5836,3,1,2,0,0,0,75.32834,-5.3942,183.77072,-15.41489,17.2690562,74.6928607,0,0,0,0,2022,0,0,0,2022.0,12.2978,10.811,11.356,10.915,13.32,39.7230437,-39.7226,-0.187753,0.673862,12.9345,0.92,14.172,274.864,5236.0,10.77,10.739,10.695,9.084,3.60976,4.488,0.954,False,True,False,False,False,False,True,0.19838213000829422
5837,3,1,2,0,0,0,75.32834,-5.3942,183.77072,-15.41489,17.2690562,74.6928607,0,0,0,0,2022,0,0,0,2022.0,12.2978,10.811,11.356,10.915,13.32,39.7230437,-39.7226,-0.187753,25.76051,12.9345,0.92,14.172,274.864,5236.0,10.77,10.739,10.695,9.084,3.60976,4.488,0.954,False,True,False,False,False,False,True,0.4947110252052627
5838,3,1,1,0,0,0,80.63301,-1.85412,183.30951,-9.06294,21.2591617,79.9516586,0,0,0,0,2022,0,0,0,2022.0,11.1344,9.95,10.402,10.029,11.865,25.9731672,-8.63545,24.4956,3.572326,11.6421,0.966,12.592,199.354,5387.0,9.948,9.897,9.953,8.489,4.98777,4.435,0.937,False,True,False,False,False,False,True,0.38327665040765035
5841,3,1,2,0,0,0,162.40901,-5.37019,247.80615,50.97268,1.9367044,161.7349738,0,0,0,0,2022,0,0,0,2022.0,12.6036,11.717,12.034,11.717,13.287,22.935317,-0.0279032,-22.9353,6.393025,13.0091,1.239,13.738,606.992,5946.0,11.67,11.627,11.613,8.796,1.61879,4.227,0.945,False,True,False,False,False,False,True,0.35679046035171597
5843,3,1,2,0,0,0,162.40901,-5.37019,247.80615,50.97268,1.9367044,161.7349738,0,0,0,0,2022,0,0,0,2022.0,12.6036,11.717,12.034,11.717,13.287,22.935317,-0.0279032,-22.9353,18.787839,13.0091,1.239,13.738,606.992,5946.0,11.67,11.627,11.613,8.796,1.61879,4.227,0.945,False,True,False,False,False,False,True,0.7073998311332487
5851,3,1,1,0,0,0,155.0166,-6.41124,238.74447,46.54575,3.6969271,154.5110307,0,0,0,0,2022,0,0,0,2022.0,12.7763,10.405,11.262,10.684,15.108,76.7375222,32.86,-69.346,3.865053,13.9899,0.382,16.737,62.3804,3578.0,10.146,10.265,9.989,8.514,16.0021,4.847,0.374,False,True,False,False,False,False,True,0.06557971472844842
5852,3,1,1,0,0,0,155.36862,-5.99874,238.85649,47.08124,3.9548275,154.987604,0,0,0,0,2022,0,0,0,2022.0,12.9442,11.106,11.867,11.266,14.014,79.7182415,-77.468,18.8071,6.293099,13.6941,0.675,15.416,200.727,4213.0,11.102,11.042,11.043,7.98,4.9533,4.719,0.87,False,True,False,False,False,False,True,0.3544926005894365
5855,3,1,1,0,0,0,160.44886,-1.32717,241.94699,53.68828,6.419318,161.451913,0,0,0,0,2022,0,0,0,2022.0,12.3928,11.377,11.746,11.406,13.032,18.5983516,-18.5723,0.984051,17.27474,12.836,1.28,13.654,523.055,5716.0,11.391,11.344,11.52,8.736,1.88423,4.197,0.944,False,True,False,False,False,False,True,0.42781057267599015
5858,3,1,1,0,0,0,161.71887,2.7133,240.30179,57.82145,9.6739464,164.1893864,0,0,0,0,2022,0,0,0,2022.0,11.6575,10.581,10.977,10.629,12.305,34.8555029,-3.80039,-34.6477,33.589979,12.152,0.886,13.08,246.599,5511.0,10.567,10.516,10.522,8.892,4.02673,4.439,0.784,False,True,False,False,False,False,True,0.7269715836828766
5859,3,1,1,0,0,0,157.24677,3.60297,232.59266,56.067,12.1911149,160.3249517,0,0,0,0,2022,0,0,0,2022.0,12.8475,10.75,11.581,10.944,14.622,31.7989918,-29.7323,-11.2768,13.115365,13.8429,0.552,15.998,121.63,3748.0,10.649,10.692,10.739,8.604,8.193,4.695,0.552,False,True,False,False,False,False,True,0.40312052117581787
5861,3,1,1,0,0,0,160.78688,5.42597,235.97962,59.6076,12.535614,164.3759959,0,0,0,0,2022,0,0,0,2022.0,11.9783,10.547,11.096,10.653,12.816,43.0283854,-4.60088,-42.7817,3.435471,12.5911,0.765,13.838,197.234,4927.0,10.552,10.483,10.516,8.942,5.04191,4.685,1.034,False,True,False,False,False,False,True,0.659821158055705
5865,3,1,1,0,0,0,234.98306,-6.56003,341.18993,25.98051,-25.3706149,230.8872242,0,0,0,0,2022,0,0,0,2022.0,9.046,8.033,8.431,8.163,9.465,36.4306736,29.4705,-21.4169,22.549406,9.49379,0.961,10.254,85.3751,5784.0,8.03,8.016,8.022,7.955,11.6852,4.374,0.798,False,True,False,False,False,False,True,0.6629466143326246
5868,3,1,2,0,0,0,235.87601,-3.8932,344.16455,26.87929,-23.0067371,232.5552584,0,0,0,0,2022,0,0,0,2022.0,11.4565,10.213,10.686,10.323,11.969,42.7532165,5.32819,-42.4199,4.941907,11.9956,0.927,13.056,218.376,5563.0,10.202,10.17,10.244,8.635,4.55074,4.45,0.881,False,True,False,False,False,False,True,0.10822665637492848
5870,3,1,2,0,0,0,235.87601,-3.8932,344.16455,26.87929,-23.0067371,232.5552584,0,0,0,0,2022,0,0,0,2022.0,11.4565,10.213,10.686,10.323,11.969,42.7532165,5.32819,-42.4199,9.22453,11.9956,0.927,13.056,218.376,5563.0,10.202,10.17,10.244,8.635,4.55074,4.45,0.881,False,True,False,False,False,False,True,0.13353890837021754
5872,3,1,1,0,0,0,230.31312,0.1469,344.09333,33.75085,-17.6842698,227.9168555,0,0,0,0,2022,0,0,0,2022.0,11.2181,9.978,10.427,10.033,12.056,96.211542,-31.4902,-90.9122,20.978959,11.7345,0.784,12.707,162.306,5335.0,9.954001,9.922,9.939,8.924,6.13296,4.559,0.813,False,True,False,False,False,False,True,0.22453306260608574
5874,3,1,1,0,0,0,230.45583,1.56864,345.58112,34.47507,-16.3512966,228.4551125,0,0,0,0,2022,0,0,0,2022.0,12.1186,11.038,11.425,11.128,12.902,25.7210493,-13.3816,21.966,1.908084,12.6144,1.228,13.545,431.031,5742.0,11.015,10.977,10.997,8.923,2.2923,4.204,0.886,False,True,False,False,False,False,True,0.3948017771627111
5875,11,1,1,0,0,0,60.00572,-0.77899,171.0844,-26.15051,19.3909877,58.003631,0,0,0,0,2022,0,0,0,2022.0,11.4618,10.271,10.704,10.362,12.27,62.4258829,-48.3414,39.4981,3.2141,11.9872,1.375,12.958,298.219,5711.0,10.277,10.249,10.281,8.949,3.32542,4.1693,1.018,False,True,True,False,False,False,False,-0.0044525505248625636
5876,11,1,1,0,0,0,77.23502,-1.2526,181.05077,-11.70195,21.580162,76.2621295,0,0,0,0,2022,0,0,0,2022.0,14.3376,12.542,13.154,12.708,15.746,3.4900823,2.6688,-2.24904,5.9382,15.1491,0.977,16.854,654.085,5590.0,12.441,12.472,11.839,8.72,1.50108,4.412,0.893,False,True,True,False,False,False,False,0.3255156633631482
5877,11,1,2,0,0,0,350.94028,-4.37808,75.99216,-63.15691,-7.6120272,353.4175668,0,0,0,0,2022,0,0,0,2022.0,13.7731,11.86,12.644,12.014,15.013,23.154787,-22.0485,-7.07162,0.8094,14.5773,0.7,16.469,285.162,4116.0,11.862,11.777,12.155,8.661,3.47849,4.656,0.808,False,True,True,False,False,False,False,-0.11924355548978958
5878,11,1,2,0,0,0,350.94028,-4.37808,75.99216,-63.15691,-7.6120272,353.4175668,0,0,0,0,2022,0,0,0,2022.0,13.7731,11.86,12.644,12.014,15.013,23.154787,-22.0485,-7.07162,5.3301,14.5773,0.7,16.469,285.162,4116.0,11.862,11.777,12.155,8.661,3.47849,4.656,0.808,False,True,True,False,False,False,False,0.09085739598153371
5879,11,1,2,0,0,0,350.49933,-0.9176,77.2386,-59.71963,-4.6066569,351.6361913,0,0,0,0,2022,0,0,0,2022.0,13.2051,11.438,12.184,11.559,14.289,18.3916889,-17.5802,-5.40285,4.3696,13.9384,0.732,15.555,260.036,4343.0,11.462,11.391,11.411,8.727,3.81706,4.621,0.814,False,True,True,False,False,False,False,0.08600370561838196
5880,11,1,2,0,0,0,350.49933,-0.9176,77.2386,-59.71963,-4.6066569,351.6361913,0,0,0,0,2022,0,0,0,2022.0,13.2051,11.438,12.184,11.559,14.289,18.3916889,-17.5802,-5.40285,6.669,13.9384,0.732,15.555,260.036,4343.0,11.462,11.391,11.411,8.727,3.81706,4.621,0.814,False,True,True,False,False,False,False,0.28526468048115355
5883,7,1,1,0,0,1,348.05247,-0.52098,72.95364,-58.57188,-5.2015032,349.2211822,0,0,0,0,2023,0,0,0,2023.0,12.8964,10.734,11.585,10.926,14.794,107.2485579,-56.165,91.366,13.102,13.9468,0.554,16.265,120.311,3746.0,10.607,10.63,10.523,8.31,8.28313,4.691,0.548,False,True,True,False,False,False,False,0.42488163663106704
5884,7,1,1,0,0,1,346.99478,-5.3267,67.1966,-62.60382,-10.0365901,350.1417675,0,0,0,0,2023,0,0,0,2023.0,12.1559,10.06,10.908,10.278,13.909,196.5622902,-144.15,133.632,6.535,13.1533,0.5776,15.331,94.0424,3861.0,9.965,9.974,9.89,8.313,10.6047,4.67,0.569,False,True,True,False,False,False,False,0.5198279937757188
5889,9,2,1,0,0,0,133.61205,-3.6124,215.14807,34.45558,13.2737056,135.0194934,0,0,0,0,2024,0,0,0,2024.0,14.6831,12.555,13.358,12.744,16.52,76.6689623,-27.0577,-71.7357,20.35847252,15.7336,0.541,17.821,268.685,3711.0,12.329,12.418,12.027,8.57,3.69372,4.74,0.562,False,True,False,True,False,False,False,1.0232524596337116
5891,7,1,1,0,0,0,179.00009,-6.0703,274.65511,54.10491,-5.1720463,176.6657559,0,0,0,0,2016,0,0,0,2016.0,13.9576,12.284,12.982,12.398,15.006,33.6273033,-31.9658,10.4395,6.68796,14.6336,0.643,16.102,396.913,4613.0,12.314,12.27,12.12,8.632,2.49154,4.659,0.702,False,True,False,True,False,False,False,0.33243845991560533
5903,11,1,1,0,0,0,175.50002,-4.69279,268.46993,55.22474,-2.5209338,174.011661,0,0,0,0,2020,0,0,0,2016.0,11.5968,10.693,11.018,10.696,12.27,14.0778353,-12.4954,6.48463,5.657,12.0238,1.58,12.783,476.703,5912.0,10.685,10.635,10.748,8.453,2.06958,4.101,1.15,False,True,True,False,False,False,False,0.38614210893081846
5911,7,1,1,0,0,0,171.16735,-5.7364,261.48531,53.45096,-1.7740582,169.6327547,0,0,0,0,2016,0,0,0,2016.0,14.6026,12.756,13.536,12.92,15.746,35.522177,21.6657,-28.15,1.7292684,15.3442,0.445,17.05,495.317,4103.0,12.784,12.725,12.389,8.896,1.99067,4.824,0.503,False,True,False,True,False,False,False,0.8267225201689921
5917,7,1,1,0,0,0,175.0926,-3.1105,267.38763,56.74212,-0.90721,174.2662454,0,0,0,0,2016,0,0,0,2016.0,11.5642,10.781,11.046,10.761,12.144,25.8153868,13.7607,-21.8421,19.1541,11.9153,1.29,12.486,449.237,6256.0,10.733,10.693,10.494,8.364,2.19812,4.198,0.96,False,True,False,True,False,False,False,0.31175386105575426
5919,7,1,1,0,0,0,168.41119,-1.95654,255.10364,56.3513,2.7805614,168.5825696,0,0,0,0,2016,0,0,0,2016.0,13.1612,11.735,12.295,11.856,14.065,33.4010728,-32.3028,-8.49475,31.6372,13.7404,0.76,14.98,349.881,5054.0,11.759,11.7,11.742,8.902,2.82984,4.544,0.75,False,True,False,True,False,False,False,0.2764618041732441
5922,7,1,1,0,0,0,175.13948,1.46251,266.19266,61.27399,3.2723812,176.1233077,0,0,0,0,2016,0,0,0,2016.0,13.3379,11.838,12.43,11.903,14.345,51.1772287,-10.5291,-50.0824,20.5065,13.9677,0.73,15.286,313.764,4899.0,11.815,11.742,11.148,8.318,3.15843,4.603,0.77,False,True,False,True,False,False,False,0.35024801833416286
5926,7,1,1,0,0,0,176.15577,2.12366,268.1186,62.0702,3.4755183,177.3202331,0,0,0,0,2016,0,0,0,2016.0,14.5115,12.729,13.463,12.873,15.668,10.9932611,-10.9862,0.393953,2.77065,15.2444,0.45,17.143,457.125,4175.0,12.765,12.704,11.843,8.895001,2.15954,4.81,0.51,False,True,False,True,False,False,False,0.28555730900777376
5931,7,1,2,0,0,2,170.90415,-5.9612,261.1438,53.17264,-1.8778254,169.3034598,0,0,0,0,2016,0,0,0,2015.0,13.5383,11.595,12.449,11.758,14.974,35.1105297,33.3186,-11.0734,5.73594,14.339,0.57,16.296,202.943,3930.0,11.51,11.496,11.024,8.447,4.89899,4.71,0.61,False,True,False,True,False,False,False,0.28103336724772754
5935,7,1,2,0,0,1,170.90415,-5.9612,261.1438,53.17264,-1.8778254,169.3034598,0,0,0,0,2016,0,0,0,2015.0,13.5383,11.595,12.449,11.758,14.974,35.1105297,33.3186,-11.0734,10.93241,14.339,0.57,16.296,202.943,3930.0,11.51,11.496,11.024,8.447,4.89899,4.71,0.61,False,True,False,True,False,False,False,0.35410843914740087
5936,7,1,2,0,0,0,167.98527,1.34727,252.27127,59.32248,5.988289,169.483654,0,0,0,0,2016,0,0,0,2016.0,13.5014,11.664,12.41,11.765,14.705,25.7102817,-24.1765,8.74731,8.7529,14.2575,0.546,15.981,257.443,4326.0,11.622,11.568,11.322,8.489,3.85616,4.742,0.611,False,True,False,True,False,False,False,0.20139712432045148
5941,1,1,1,0,0,1,248.86934,-3.2298,352.62682,16.53234,-24.9699462,246.6114157,0,0,0,0,2019,0,0,0,2016.0,14.2904,11.853,12.729,12.126,15.93,7.6766936,0.802432,7.63464,3.535055,15.2553,2.192,17.305,1038.41,7147.0,11.685,11.674,11.517,7.918,0.939381,3.979,1.691,False,True,True,False,False,False,False,1.255272505103306
5944,1,1,1,0,0,1,245.86431,0.89854,354.63158,21.27273,-20.4005984,244.1419684,0,0,0,0,2019,0,0,0,2016.0,11.4608,9.664,10.306,9.826,12.634,38.4408569,-18.8729,33.489,12.20772,12.1478,0.807,13.473,138.018,5263.0,9.577,9.579001,9.681,8.474,7.21733,4.555,0.851,False,True,True,False,False,False,False,0.414973347970818
5952,9,1,1,0,0,1,329.44981,-5.97399,39.9332,-52.6322,-17.2508002,333.7518786,0,0,0,0,2025,0,0,0,2016.0,12.3071,10.471,11.23,10.615,13.519,25.4305141,-22.0956,-12.5895,2.849271,13.0624,0.715,14.814,159.522,4300.0,10.497,10.424,10.302,8.372,6.23997,4.566,0.688,False,True,True,False,False,False,False,0.6464037262230695
5962,11,1,1,0,0,0,338.67398,-6.21467,51.7416,-59.00541,-14.0700007,342.6918241,0,0,0,0,2024,0,0,0,2016.0,13.3833,11.645,12.35,11.761,14.414,35.0495298,-25.2697,24.2881,9.0073,14.1038,0.671,15.66,264.213,4413.0,11.639,11.586,11.506,8.579001,3.75615,4.629,0.699,False,True,False,True,False,False,False,0.3634333409616503
5967,7,1,3,0,0,0,330.66253,-3.00933,44.72122,-51.37977,-14.049857,333.8218395,0,0,0,0,2016,0,0,0,2016.0,11.5544,10.215,10.765,10.314,12.415,11.9689497,-10.9651,4.79816,7.05254,12.1319,0.86,13.302,181.746,5413.0,10.257,10.19,10.177,9.11,5.47374,4.522,0.89,False,True,False,True,False,False,False,0.42813479402878885
5969,7,1,3,0,0,0,330.66253,-3.00933,44.72122,-51.37977,-14.049857,333.8218395,0,0,0,0,2016,0,0,0,2016.0,11.5544,10.215,10.765,10.314,12.415,11.9689497,-10.9651,4.79816,2.53726,12.1319,0.86,13.302,181.746,5413.0,10.257,10.19,10.177,9.11,5.47374,4.522,0.89,False,True,False,True,False,False,False,0.20951501454263097
5973,7,1,3,0,0,0,330.66253,-3.00933,44.72122,-51.37977,-14.049857,333.8218395,0,0,0,0,2016,0,0,0,2016.0,11.5544,10.215,10.765,10.314,12.415,11.9689497,-10.9651,4.79816,22.8827,12.1319,0.86,13.302,181.746,5413.0,10.257,10.19,10.177,9.11,5.47374,4.522,0.89,False,True,False,True,False,False,False,0.23299611039215384
5977,7,1,2,0,0,1,335.30613,-4.80296,48.55544,-55.79751,-14.027727,338.94255,0,0,0,0,2016,0,0,0,2016.0,13.3397,11.838,12.454,11.981,14.266,44.7434987,4.63289,44.503,20.6921,13.9395,0.731,15.154,311.313,5055.0,11.86,11.799,11.762,8.895001,3.18378,4.592,0.774,False,True,False,True,False,False,False,0.3820170425748684
5979,7,1,2,0,0,1,335.30613,-4.80296,48.55544,-55.79751,-14.027727,338.94255,0,0,0,0,2016,0,0,0,2016.0,13.3397,11.838,12.454,11.981,14.266,44.7434987,4.63289,44.503,11.2954,13.9395,0.731,15.154,311.313,5055.0,11.86,11.799,11.762,8.895001,3.18378,4.592,0.774,False,True,False,True,False,False,False,0.36172783601759284
5993,2,1,1,0,0,3,335.11252,-4.40681,48.74576,-55.37019,-13.7318044,338.6062312,0,0,0,0,2017,0,0,0,2016.0,12.1112,10.993,11.41,11.085,12.857,23.2061916,-21.6016,8.479281,3.00265,12.6108,1.12,13.539,491.87,5500.0,11.019,10.983,10.919,8.972,2.00523,4.07,0.97,False,True,False,True,False,False,False,0.883987572846184
5995,9,1,1,0,0,0,336.14333,-4.63464,49.89609,-56.20059,-13.5600447,339.6748444,0,0,0,0,2025,0,0,0,2016.0,12.3951,11.385,11.758,11.423,13.173,23.1430641,-7.10112,22.0267,2.57336,12.8575,0.995,13.701,405.732,5748.0,11.378,11.328,11.173,8.608,2.43694,4.38,0.97,False,True,True,False,False,False,False,0.28330122870354957
6000,9,1,2,0,0,0,331.82378,-1.45969,47.74962,-50.99807,-12.1874776,334.3645089,0,0,0,0,2025,0,0,0,2016.0,11.3633,9.688,10.374,9.811,12.391,75.6893615,5.9795,75.4528,6.67199,12.0433,0.696,13.486,112.467,4455.0,9.716,9.652,9.557,8.394,8.86281,4.57,0.67,False,True,True,False,False,False,False,0.3053513694466238
6010,9,1,2,0,0,0,331.82378,-1.45969,47.74962,-50.99807,-12.1874776,334.3645089,0,0,0,0,2025,0,0,0,2016.0,11.3633,9.688,10.374,9.811,12.391,75.6893615,5.9795,75.4528,16.19697,12.0433,0.696,13.486,112.467,4455.0,9.716,9.652,9.557,8.394,8.86281,4.57,0.67,False,True,True,False,False,False,False,0.29885307640970665
6013,7,1,2,0,0,0,331.01057,-1.01899,47.23492,-50.13301,-12.0663429,333.4267738,0,0,0,0,2016,0,0,0,2016.0,12.2886,11.274,11.606,11.32,12.98,23.4896353,6.48642,22.5763,20.257,12.7269,1.63,13.501,517.534,6771.0,11.302,11.266,10.916,8.647,1.90689,4.15,1.4,False,True,False,True,False,False,False,0.5078558716958309
6016,3,1,2,0,0,1,331.01057,-1.01899,47.23492,-50.13301,-12.0663429,333.4267738,0,0,0,0,2019,0,0,0,2016.0,12.2886,11.274,11.606,11.32,12.98,23.4896353,6.48642,22.5763,25.4556,12.7269,1.63,13.501,517.534,6771.0,11.302,11.266,10.916,8.647,1.90689,4.15,1.4,False,True,False,True,False,False,False,0.5910646070264992
6017,7,1,1,0,0,0,330.30897,-0.0714,47.37604,-48.95754,-11.4286687,332.4138478,0,0,0,0,2016,0,0,0,2016.0,13.392,12.201,12.665,12.258,14.132,51.5106154,13.9876,49.5751,6.53044,13.9146,0.726,14.902,499.891,5312.0,12.229,12.148,12.258,8.63,1.97291,4.576,0.741,False,True,False,True,False,False,False,0.3159703454569177
6032,7,1,1,0,0,0,332.08829,0.17407,49.71413,-49.91405,-10.5673649,334.0195539,0,0,0,0,2016,0,0,0,2016.0,12.0287,10.53,11.139,10.651,12.987,53.3750511,-9.48625,-52.5253,8.05428,12.6573,0.675,13.976,168.652,4746.0,10.522,10.459,10.524,8.558,5.90092,4.632,0.73,False,True,False,True,False,False,False,0.19865708695442263
6035,7,1,1,0,0,0,333.71265,-0.36872,51.1829,-51.35123,-10.4886817,335.7596816,0,0,0,0,2016,0,0,0,2016.0,13.9796,11.766,12.608,11.933,16.024,39.1324129,-28.6452,26.6608,7.06599,15.0572,0.491,17.507,180.697,4127.0,11.61,11.64,11.738,9.054,5.50581,4.786,0.551,False,True,False,True,False,False,False,0.3654879848908996
6040,11,1,1,0,0,0,168.54059,-6.07886,257.43436,52.45583,-1.065855,167.0937488,0,0,0,0,2024,0,0,0,2015.0,12.6109,11.564,11.952,11.628,13.453,24.1333259,-23.6821,-4.64495,28.6781,13.0573,1.533,13.902,738.553,5700.0,11.572,11.527,11.554,8.838,1.32514,4.092,1.056,False,True,False,True,False,False,False,0.6058686219344842
6043,7,1,1,0,0,0,336.34743,-0.97253,54.0417,-53.41599,-10.0849917,338.4759328,0,0,0,0,2016,0,0,0,2016.0,12.2003,10.853,11.355,10.935,13.074,33.7954927,-12.164,31.5305,13.97896,12.7782,0.93,13.926,232.964,5622.0,10.874,10.815,10.486,8.904,4.26498,4.478,0.94,False,True,False,True,False,False,False,0.4608978427565479
6047,7,1,1,0,0,0,339.39194,-1.98096,57.39839,-55.9696,-9.8816109,341.7248656,0,0,0,0,2016,0,0,0,2016.0,14.0224,11.732,12.598,11.927,16.14,103.5566826,0.590321,103.555,6.98541,15.1887,0.426,18.121,153.192,4006.0,11.52,11.566,11.575,8.78,6.49946,4.852,0.477,False,True,False,True,False,False,False,0.33243845991560533
6062,9,1,2,0,0,1,333.55638,1.22851,52.5209,-49.98864,-9.0560881,335.025662,0,0,0,0,2025,0,0,0,2016.0,11.2821,10.322,10.695,10.382,11.345,50.2007714,9.61184,49.272,7.49556,11.7146,1.058,12.433,269.183,5867.0,10.335,10.293,10.223,8.891,3.68643,4.39,1.02,False,True,True,False,False,False,False,0.41161970596323016
6067,7,1,1,0,0,0,338.17898,-0.22989,57.29683,-53.84042,-8.7145697,339.9192984,0,0,0,0,2016,0,0,0,2016.0,12.0167,11.068,11.427,11.177,12.715,18.2027715,-13.2054,-12.5283,19.5666,12.4364,0.98,13.158,377.822,6060.0,11.085,11.039,11.254,8.392,2.6188,4.444,0.96,False,True,False,True,False,False,False,0.36361197989214433
6071,7,1,2,0,0,0,337.65515,1.32132,57.96683,-52.25345,-7.469895,338.844896,0,0,0,0,2016,0,0,0,2016.0,12.1492,11.178,11.564,11.283,12.803,13.6845553,-9.07695,10.2409,7.8142,12.5886,1.56,13.384,561.93,5995.0,11.181,11.157,11.195,8.792,1.75175,4.118,1.16,False,True,False,True,False,False,False,0.4265112613645752
6073,7,1,2,0,0,0,337.65515,1.32132,57.96683,-52.25345,-7.469895,338.844896,0,0,0,0,2016,0,0,0,2016.0,12.1492,11.178,11.564,11.283,12.803,13.6845553,-9.07695,10.2409,18.311,12.5886,1.56,13.384,561.93,5995.0,11.181,11.157,11.195,8.792,1.75175,4.118,1.16,False,True,False,True,False,False,False,0.4424797690644485
6079,11,1,1,0,0,0,55.89697,-6.84596,174.46686,-32.85522,12.572448,55.228521,0,0,0,0,2024,0,0,0,2016.0,11.2867,9.799,10.384,9.91,12.224,44.1100491,-37.9057,22.5578,8.2000844,11.9202,0.792,13.229,141.731,5160.0,9.79,9.733,9.773,8.736,7.02703,4.569,0.847,False,True,False,True,False,False,False,0.3978709851082159
6087,4,1,1,0,0,0,56.14053,-5.93029,173.69037,-32.1709,13.5191871,55.2559307,0,0,0,0,2026,0,0,0,2016.0,11.2235,9.907,10.358,9.998,12.152,42.000715,-41.2466,7.92326,10.995039,11.8031,1.269,12.893,256.011,5897.0,9.861,9.83,9.796,8.897,3.8775,4.26,1.06,False,True,True,False,False,False,False,0.6180480967120927
6095,7,1,2,0,0,0,170.72819,-4.30342,260.18944,54.74227,-0.2844389,169.7935178,0,0,0,0,2016,0,0,0,2015.0,13.7067,12.245,12.829,12.318,14.801,39.3839143,-15.919,-36.0233,10.35239,14.3358,0.74,15.726,403.513,4870.0,12.215,12.159,11.78,8.796,2.45137,4.52,0.78,False,True,False,True,False,False,False,0.5538830266438743
6102,7,1,2,0,0,0,170.72819,-4.30342,260.18944,54.74227,-0.2844389,169.7935178,0,0,0,0,2016,0,0,0,2016.0,13.7067,12.245,12.829,12.318,14.801,39.3839143,-15.919,-36.0233,5.06416,14.3358,0.74,15.726,403.513,4870.0,12.215,12.159,11.78,8.796,2.45137,4.52,0.78,False,True,False,True,False,False,False,0.3820170425748684
6104,7,1,3,0,0,1,59.7599,-6.68945,176.61237,-29.48306,13.5590288,59.037486,0,0,0,0,2016,0,0,0,2016.0,11.7617,10.313,10.874,10.425,12.694,60.4217183,-60.3508,-2.9266,19.0918,12.377,0.87,13.607,200.802,5441.0,10.309,10.26,10.29,8.251,4.95159,4.519,0.9,False,True,False,True,False,False,False,0.30319605742048883
6109,7,1,3,0,0,1,59.7599,-6.68945,176.61237,-29.48306,13.5590288,59.037486,0,0,0,0,2016,0,0,0,2016.0,11.7617,10.313,10.874,10.425,12.694,60.4217183,-60.3508,-2.9266,5.605,12.377,0.87,13.607,200.802,5441.0,10.309,10.26,10.29,8.251,4.95159,4.519,0.9,False,True,False,True,False,False,False,0.1673173347481761
6118,7,1,2,0,0,0,60.99112,-4.9012,175.58174,-27.51381,15.5587994,59.9013782,0,0,0,0,2016,0,0,0,2016.0,12.8328,10.765,11.599,10.945,14.522,44.5828466,-18.7895,-40.43,2.74697,13.8042,0.424,16.058,125.529,3910.0,10.633,10.651,10.574,8.853,7.9375,4.863,0.484,False,True,False,True,False,False,False,0.0948203803547999
6120,7,1,2,0,0,0,60.99112,-4.9012,175.58174,-27.51381,15.5587994,59.9013782,0,0,0,0,2016,0,0,0,2016.0,12.8328,10.765,11.599,10.945,14.522,44.5828466,-18.7895,-40.43,9.99767,13.8042,0.424,16.058,125.529,3910.0,10.633,10.651,10.574,8.853,7.9375,4.863,0.484,False,True,False,True,False,False,False,0.17114115102838204
6123,7,1,2,0,0,0,57.36843,-3.01619,171.58123,-29.57966,16.6344396,55.8093566,0,0,0,0,2016,0,0,0,2016.0,12.5186,11.059,11.613,11.206,13.386,33.1174107,-25.1851,21.5052,6.4215,13.1474,0.93,14.406,284.876,5652.0,11.035,10.987,10.892,9.048,3.48158,4.481,0.95,False,True,False,True,False,False,False,0.3820170425748684
6125,7,1,2,0,0,0,57.36843,-3.01619,171.58123,-29.57966,16.6344396,55.8093566,0,0,0,0,2016,0,0,0,2016.0,12.5186,11.059,11.613,11.206,13.386,33.1174107,-25.1851,21.5052,27.86,13.1474,0.93,14.406,284.876,5652.0,11.035,10.987,10.892,9.048,3.48158,4.481,0.95,False,True,False,True,False,False,False,0.3074960379132129
6128,9,1,1,0,0,0,61.16722,-1.97049,172.89825,-25.81964,18.4649505,59.464829,0,0,0,0,2025,0,0,0,2016.0,11.2967,9.466,10.229,9.613,12.416,116.4278937,-68.6616,94.0268,0.684538626,12.06,0.71,13.795,97.2179,4232.0,9.461,9.394,9.412,8.35,10.2574,4.44,0.7,False,True,True,False,False,False,False,0.14612803567823798
6135,7,1,1,0,0,0,53.89659,-0.11574,166.55171,-30.831,18.6355718,51.5531053,0,0,0,0,2016,0,0,0,2016.0,12.2517,10.927,11.44,11.003,13.041,68.3770971,-9.25177,67.7483,8.77683,12.7978,0.76,13.814,258.699,5482.0,10.937,10.899,10.723,9.039,3.83717,4.579,0.79,False,True,False,True,False,False,False,0.292256071356476
6140,1,1,1,0,0,1,67.54762,-2.7791,177.29046,-20.81553,18.8273617,66.2363638,0,0,0,0,2019,0,0,0,2016.0,12.9285,11.197,11.811,11.359,14.136,29.3310226,-13.6421,25.9654,9.726618,13.7078,1.401,15.313,491.242,5747.0,11.155,11.121,11.334,8.389,2.00706,4.208,1.164,False,True,True,False,False,False,False,0.8808135922807914
6142,7,1,1,0,0,0,56.95107,-0.36716,168.79229,-28.46409,19.1199667,54.7514566,0,0,0,0,2016,0,0,0,2016.0,13.4274,11.24,12.037,11.456,15.523,53.9398654,-47.9981,-24.6108,4.6122,14.5451,0.256,16.867,110.561,3537.0,10.962,11.082,11.035,8.509,9.01663,5.022,0.258,False,True,False,True,False,False,False,0.08990511143939793
6147,7,1,1,0,0,0,59.37373,0.45285,169.55248,-25.99734,20.4594885,57.0671234,0,0,0,0,2016,0,0,0,2016.0,12.2653,10.106,10.933,10.318,14.162,96.3600937,-33.8286,90.2269,1.096026,13.3216,0.318,15.628,86.0386,3691.0,9.934,9.988,9.821,8.399,11.594,4.965,0.347,False,True,False,True,False,False,False,-0.21112488422458325
6154,1,1,2,0,0,1,61.6949,2.01287,169.54805,-23.20116,22.4724517,59.1527391,0,0,0,0,2019,0,0,0,2016.0,12.4067,10.36,11.168,10.495,13.707,85.794238,-45.3806,72.8097,13.733314,13.2292,0.619,15.18,134.188,4484.0,10.327,10.291,10.293,8.396,7.42337,4.653,0.629,False,True,True,False,False,False,False,0.414973347970818
6161,7,1,1,0,0,0,65.69434,2.99665,171.03018,-19.32486,24.2047218,63.2182348,0,0,0,0,2016,0,0,0,2016.0,13.0496,10.571,11.433,10.835,15.622,99.2504492,-89.4495,43.0051,1.419549,14.3219,0.284,17.085,62.5785,3622.0,10.284,10.416,10.218,8.923,15.9515,5.0,0.292,False,True,False,True,False,False,False,0.04139268515822508
6177,11,1,1,0,0,0,127.37677,-7.82671,214.2879,26.99304,10.8475571,127.762837,0,0,0,0,2024,0,0,0,2016.0,11.6522,10.035,10.694,10.177,12.486,6.897851,-6.7784,-1.27814,8.407115,12.3059,4.14,13.775,878.43,4673.0,10.09,9.99,10.026,8.037,1.10927,3.276,1.17,False,True,False,True,False,False,False,1.128747367430073
6185,11,1,1,0,0,0,125.99048,-7.48585,213.02652,26.13802,11.5110933,126.4882114,0,0,0,0,2024,0,0,0,2016.0,11.6718,10.869,11.124,10.905,12.216,18.5925353,-9.5236,-15.9682,10.1367349,12.0398,1.518,12.646,518.625,6260.0,10.856,10.823,10.678,8.258,1.89991,4.169,1.246,False,True,False,True,False,False,False,0.7047045565024206
6194,2,1,2,0,0,0,208.67834,5.9458,330.5855,53.97598,-5.4424943,208.7737624,0,0,0,0,2025,0,0,0,2016.0,10.5593,9.72,10.024,9.755,11.149,2.0139273,-1.98787,-0.322918,18.24783,10.9485,2.55,11.751,519.229,6069.0,9.714,9.685,9.721,8.85,1.89836,3.783,1.44,False,True,False,True,False,False,False,1.074871986574114
6342,1,1,1,0,0,2,304.3256,69.1483,78.48854,16.88885,47.7711541,287.3781164,0,0,0,0,2016,0,0,0,2015.0,14.8256,13.754,14.143,13.869,15.592,4.2994345,0.0794711,4.2987,854.083,15.3043,1.01,15.959,1461.15,6091.0,13.796,13.751,13.13,9.318,0.655604,4.42,1.01,False,True,True,False,False,False,False,0.7403626894942439
6344,1,1,1,0,0,1,309.35664,58.68276,72.43389,7.98057,38.6051867,294.9498381,0,0,0,0,2016,0,0,0,2015.0,13.7204,12.767,13.093,12.819,14.32,3.3739262,2.89668,-1.72992,1322.3,14.1674,1.01,14.999,1215.7,6175.0,12.742,12.646,12.692,9.269,0.794438,4.44,0.98,False,True,True,False,False,False,False,0.8388490907372553
6348,1,1,2,0,0,2,300.93625,62.12043,72.03315,13.35484,40.6512848,288.4749028,0,0,0,0,2016,0,0,0,2015.0,13.3308,12.367,12.667,12.43,13.834,15.0168298,-12.4998,8.32227,440.7813,13.7506,1.24,14.468,1274.01,6340.0,12.238,12.212,12.128,9.267,0.756155,4.16,1.07,False,True,True,False,False,False,False,0.8061799739838872
6356,1,1,3,0,0,1,293.09385,67.144,74.17444,19.02783,44.694569,282.3775397,0,0,0,0,2016,0,0,0,2015.0,13.8263,12.966,13.26,13.014,14.411,4.1319544,-3.00719,2.8337,31.8099,14.2165,1.26,15.061,1072.3,6474.0,12.997,12.945,12.584,9.437,0.90386,4.31,1.04,False,True,True,False,False,False,False,0.6127838567197355
6357,1,1,3,0,0,1,293.09385,67.144,74.17444,19.02783,44.694569,282.3775397,0,0,0,0,2016,0,0,0,2015.0,13.8263,12.966,13.26,13.014,14.411,4.1319544,-3.00719,2.8337,75.2,14.2165,1.26,15.061,1072.3,6474.0,12.997,12.945,12.584,9.437,0.90386,4.31,1.04,False,True,True,False,False,False,False,0.38021124171160603
6361,1,1,2,0,0,1,318.62335,65.26643,80.05076,10.32377,46.3286653,297.0454037,0,0,0,0,2016,0,0,0,2015.0,13.4618,12.502,12.823,12.546,14.027,9.0880462,-8.6061,-2.92021,572.3847,13.9075,1.03,14.775,1594.74,6065.0,12.46,12.433,12.42,9.37,0.598486,4.42,0.98,False,True,True,False,False,False,False,0.6627578316815741
6745,10,3,1,0,1,3,302.79652,68.38366,77.5059,16.80645,46.8682463,286.9713876,0,6,2,0,2015,0,0,0,2011.0,10.2306,9.425,9.466,9.455,9.791,16.381947,-15.7796,-4.40141,1.763588,10.3678,1.74,10.654,519.096,7650.0,9.409,9.386,9.384,9.162,1.9053,4.2,1.72,False,True,True,False,False,False,False,1.2291186603298392
6825,3,1,2,0,0,2,295.22504,62.35155,70.54028,15.59932,40.2209547,285.0131082,0,0,0,0,2025,0,0,0,2013.0,13.3179,11.056,11.951,11.279,15.295,41.1922884,41.1865,0.690538,0.1768913,14.4126,0.45,16.927,134.311,3584.0,10.912,10.94,10.88,9.238,7.41656,4.8,0.46,False,True,False,True,False,False,False,-0.21467016498923297
6867,5,1,8,0,0,0,300.32939,71.22769,79.26947,19.25567,49.3051239,284.4334642,0,0,0,0,2014,0,0,0,2013.0,13.3396,12.482,12.79,12.531,13.883,5.432016,-3.21398,-4.37917,7.008151,13.7397,1.2,14.604,848.254,6080.0,12.476,12.438,12.513,9.588,1.15007,4.4,1.2,False,True,False,False,False,True,False,0.11727129565576427
6877,5,1,8,0,0,0,300.32939,71.22769,79.26947,19.25567,49.3051239,284.4334642,0,0,0,0,2014,0,0,0,2013.0,13.3396,12.482,12.79,12.531,13.883,5.432016,-3.21398,-4.37917,8.719375,13.7397,1.2,14.604,848.254,6080.0,12.476,12.438,12.513,9.588,1.15007,4.4,1.2,False,True,False,False,False,True,False,0.07554696139253074
6881,5,1,8,0,0,0,300.32939,71.22769,79.26947,19.25567,49.3051239,284.4334642,0,0,0,0,2014,0,0,0,2013.0,13.3396,12.482,12.79,12.531,13.883,5.432016,-3.21398,-4.37917,59.73667,13.7397,1.2,14.604,848.254,6080.0,12.476,12.438,12.513,9.588,1.15007,4.4,1.2,False,True,False,False,False,True,False,0.4578818967339924
6895,5,1,8,0,0,0,300.32939,71.22769,79.26947,19.25567,49.3051239,284.4334642,0,0,0,0,2014,0,0,0,2013.0,13.3396,12.482,12.79,12.531,13.883,5.432016,-3.21398,-4.37917,91.93913,13.7397,1.2,14.604,848.254,6080.0,12.476,12.438,12.513,9.588,1.15007,4.4,1.2,False,True,False,False,False,True,False,0.42488163663106704
6903,5,1,8,0,0,0,300.32939,71.22769,79.26947,19.25567,49.3051239,284.4334642,0,0,0,0,2014,0,0,0,2013.0,13.3396,12.482,12.79,12.531,13.883,5.432016,-3.21398,-4.37917,124.9144,13.7397,1.2,14.604,848.254,6080.0,12.476,12.438,12.513,9.588,1.15007,4.4,1.2,False,True,False,False,False,True,False,0.4593924877592308
6938,12,1,1,0,0,0,311.88564,65.39812,77.89242,12.17757,45.3096572,293.2815266,0,0,0,0,2018,0,0,0,2018.0,14.0291,13.101,13.384,13.041,14.616,12.0589008,-3.60096,-11.5087,141.241671,14.5027,0.96,15.259,921.986,5830.0,13.011,12.996,12.393,9.466,1.05642,4.473,1.01,False,True,False,True,False,False,False,1.0452020637622013
6946,1,1,1,0,0,1,299.82256,63.69486,72.95336,14.74734,42.0322257,287.2621474,0,0,0,0,2022,0,0,0,2022.0,14.7079,12.449,13.221,12.671,16.413,13.8517616,-13.6741,-2.2114,0.412,15.8525,0.4,18.608,172.245,3515.0,12.21,12.331,12.288,9.438,5.77722,4.77,0.41,False,True,False,True,False,False,False,-0.2924298239020636
6955,10,1,1,0,0,0,315.72433,67.73865,80.62989,12.99257,48.0652589,293.9476365,0,0,0,0,2022,0,0,0,2022.0,12.2288,10.794,11.296,10.884,12.969,3.5473104,2.11785,2.84572,6.8430344,12.8094,0.874,14.054,264.995,5241.0,10.799,10.764,10.695,9.753,3.7449,4.499,0.879,False,True,False,True,False,False,False,0.3463529744506387
6959,10,2,1,0,0,0,301.05022,66.80131,75.79314,16.30536,45.1587234,286.7485252,0,0,0,0,2022,0,0,0,2022.0,13.4497,11.212,12.274,11.635,14.23,2.6833047,0.992409,2.49304,24.278553,14.2239,0.788,15.703,271.277,4324.0,10.8,10.788,10.639,9.022,3.65739,4.523,0.76,False,True,False,True,False,False,False,0.36921585741014284
6961,5,2,4,0,0,2,315.05288,61.12432,76.22605,7.98316,41.8911186,297.3330716,0,0,0,0,2014,0,0,0,2013.0,11.7889,10.926,11.218,10.957,12.314,2.3935464,1.36453,1.9665,3.743208,12.1882,1.52,13.005,477.052,6182.0,10.813,10.778,10.827,9.546,2.0676,4.181,1.277,False,True,True,False,False,False,False,0.23299611039215384
6989,5,2,4,0,1,3,315.05288,61.12432,76.22605,7.98316,41.8911186,297.3330716,0,0,0,0,2014,0,0,0,2013.0,11.7889,10.926,11.218,10.957,12.314,2.3935464,1.36453,1.9665,10.423648,12.1882,1.52,13.005,477.052,6182.0,10.813,10.778,10.827,9.546,2.0676,4.181,1.277,False,True,True,False,False,False,False,0.6354837468149122
7003,5,2,4,0,1,3,315.05288,61.12432,76.22605,7.98316,41.8911186,297.3330716,0,0,2,0,2014,0,0,0,2013.0,11.7889,10.926,11.218,10.957,12.314,2.3935464,1.36453,1.9665,22.342989,12.1882,1.52,13.005,477.052,6182.0,10.813,10.778,10.827,9.546,2.0676,4.181,1.277,False,True,True,False,False,False,False,1.0519239160461065
7013,5,2,4,0,1,3,315.05288,61.12432,76.22605,7.98316,41.8911186,297.3330716,0,0,0,0,2014,0,0,0,2013.0,11.7889,10.926,11.218,10.957,12.314,2.3935464,1.36453,1.9665,54.32031,12.1882,1.52,13.005,477.052,6182.0,10.813,10.778,10.827,9.546,2.0676,4.181,1.277,False,True,True,False,False,False,False,0.8169038393756602
7065,6,1,3,0,0,2,303.69711,71.85007,80.48988,18.81626,50.2414842,285.679298,0,0,0,0,2025,0,2,0,2011.0,10.4767,9.496,9.889,9.563,11.043,45.3461486,41.4481,-18.3937,0.8374907,10.9191,1.065,12.258,185.506,5708.0,9.491,9.44,9.443,9.403,5.36185,4.344,0.91,False,True,False,True,False,False,False,0.1673173347481761
7074,6,1,3,0,1,2,303.69711,71.85007,80.48988,18.81626,50.2414842,285.679298,0,0,2,0,2025,0,2,0,2011.0,10.4767,9.496,9.889,9.563,11.043,45.3461486,41.4481,-18.3937,45.294301,10.9191,1.065,12.258,185.506,5708.0,9.491,9.44,9.443,9.403,5.36185,4.344,0.91,False,True,False,True,False,False,False,0.371990911464915
7122,10,1,4,0,0,1,306.30389,62.75941,74.22764,11.94515,41.9901394,291.3861294,0,0,0,0,2016,0,1,0,2014.0,10.6983,9.768,10.081,9.804,11.055,34.7865814,-28.527,19.9077,12.8159,11.1293,1.49,11.857,304.645,5825.0,9.763,9.729,9.753,8.96,3.2537,4.125,1.08,False,True,True,False,False,False,False,0.3424226808222063
7134,10,1,4,0,0,1,306.30389,62.75941,74.22764,11.94515,41.9901394,291.3861294,0,0,0,0,2016,0,1,0,2014.0,10.6983,9.768,10.081,9.804,11.055,34.7865814,-28.527,19.9077,35.3331,11.1293,1.49,11.857,304.645,5825.0,9.763,9.729,9.753,8.96,3.2537,4.125,1.08,False,True,True,False,False,False,False,0.20682587603184974
7146,5,1,1,0,0,1,302.48835,68.66329,77.6531,17.07309,47.0981948,286.6854729,0,0,0,0,2016,0,0,0,2016.0,12.8515,12.094,12.319,12.137,13.23,6.4669742,-4.8552,-4.27186,120.0181272,13.1923,1.51,13.694,1115.62,6453.0,12.122,12.097,12.222,9.478,0.867489,4.23,1.4,False,True,False,False,False,False,True,0.6776069527204931
7157,5,1,2,0,0,1,303.135,70.19189,79.03209,17.88434,48.6186972,286.2739151,0,0,0,0,2016,0,0,0,2016.0,14.8154,13.662,14.109,13.718,15.582,2.8438942,-1.83485,-2.1728,14.30511983,15.3302,0.88,16.453,928.978,5491.0,13.625,13.594,13.013,9.582,1.04803,4.52,0.9,False,True,False,False,False,False,True,0.4983105537896005
7189,5,1,1,0,0,1,309.51752,65.32217,77.09295,12.78677,44.8762427,292.0204349,0,0,0,0,2016,0,0,0,2016.0,13.5821,12.623,12.95,12.637,14.132,4.9916336,4.54794,-2.05734,3.554856915,14.0225,1.17,14.847,941.902,6109.0,12.584,12.544,12.227,8.906,1.03299,4.35,1.11,False,True,False,False,False,False,True,0.250420002308894
7191,5,1,1,0,0,1,323.16518,68.24608,83.25836,11.7961,49.7975464,297.3593427,0,0,0,0,2016,0,0,0,2016.0,12.7216,11.06,11.7,11.155,13.705,5.1979227,4.76342,2.08044,5.28789787,13.3998,3.39,14.873,1152.68,4972.0,11.077,10.996,10.915,8.927,0.839382,3.43,1.11,False,True,False,False,False,False,True,0.7979596437371962
7202,5,1,1,0,0,1,299.01332,65.12757,73.8928,15.91092,43.3205085,286.2858998,0,0,0,0,2016,0,0,0,2016.0,12.7409,11.718,12.091,11.788,13.371,17.5000576,9.61307,-14.6233,6.49801525,13.1838,1.06,13.958,567.806,5782.0,11.744,11.686,11.573,9.019,1.7323,4.38,1.0,False,True,False,False,False,False,True,0.17609125905568124
7240,5,2,1,0,0,2,316.52019,64.15394,78.64493,9.96408,44.9418307,296.5476395,0,0,0,0,2016,0,0,0,2016.0,12.783,11.378,11.93,11.46,13.59,23.0988293,-17.9969,14.4799,12.43931193,13.379,0.78,14.717,282.565,5066.0,11.388,11.313,11.13,9.238,3.51014,4.56,0.81,False,True,False,False,False,False,True,0.10720996964786839
7243,5,1,1,0,1,1,292.85879,65.0877,72.29321,18.00052,42.6658336,282.8598614,0,0,0,0,2016,0,0,0,2016.0,14.3615,12.347,13.192,12.518,15.758,17.6633445,16.7787,-5.51987,11.35011917,15.3014,0.57,17.353,355.019,4027.0,12.268,12.257,12.853,8.892,2.79009,4.7,0.59,False,True,False,False,False,False,True,0.3364597338485295
7264,9,1,2,0,1,1,297.21928,70.54439,78.04679,19.67348,48.3552474,283.255507,0,0,0,0,2014,0,0,0,2014.0,13.0805,12.011,12.403,12.112,13.7,6.9361955,6.89943,0.713214,3.4876812,13.5672,1.56,14.474,927.981,5667.0,12.018,11.975,11.759,9.176,1.04884,4.12,1.17,False,True,False,True,False,False,False,0.7611758131557314
7267,9,1,2,0,0,1,297.21928,70.54439,78.04679,19.67348,48.3552474,283.255507,0,0,0,0,2014,0,0,0,2014.0,13.0805,12.011,12.403,12.112,13.7,6.9361955,6.89943,0.713214,6.02976,13.5672,1.56,14.474,927.981,5667.0,12.018,11.975,11.759,9.176,1.04884,4.12,1.17,False,True,False,True,False,False,False,0.09691001300805642
7282,5,1,1,0,0,1,304.38332,65.31347,75.54157,14.30978,44.1493165,289.1926026,0,0,0,0,2016,0,0,0,2016.0,14.124,12.771,13.293,12.878,14.964,5.1939583,2.76453,-4.39711,34.2685705,14.6875,0.82,15.971,579.273,5253.0,12.779,12.743,12.378,8.732,1.69765,4.55,0.86,False,True,False,False,False,False,True,0.3654879848908996
7291,5,1,1,0,0,1,319.67442,65.60462,80.61187,10.34778,46.8239976,297.4015491,0,0,0,0,2016,0,0,0,2016.0,14.6226,13.361,13.832,13.432,15.294,3.0630409,-2.60976,-1.60355,5.753221974,15.2028,0.88,16.406,736.779,5416.0,13.359,13.273,12.981,9.346,1.32886,4.52,0.91,False,True,False,False,False,False,True,0.4578818967339924
7298,5,1,1,0,0,1,306.44679,67.47074,77.75547,15.17668,46.4579889,289.2962253,0,0,0,0,2016,0,0,0,2016.0,12.8119,11.664,12.064,11.755,13.486,4.7089753,4.20783,-2.11391,5.50860439,13.3154,0.91,14.36,411.077,5556.0,11.684,11.649,11.445,9.367,2.40375,4.5,0.95,False,True,False,False,False,False,True,0.11058971029924898
7312,5,1,1,0,0,1,306.31745,65.34133,76.13159,13.73979,44.4352935,290.2481023,0,0,0,0,2016,0,0,0,2016.0,13.7674,12.289,12.881,12.37,14.563,10.6592773,10.5048,1.80814,18.93054959,14.4077,0.76,15.899,422.246,4954.0,12.294,12.237,12.733,9.259,2.33949,4.59,0.81,False,True,False,False,False,False,True,0.33243845991560533
7323,5,1,1,0,0,1,297.54486,66.10965,74.32695,16.98722,44.1105331,285.1219875,0,0,0,0,2016,0,0,0,2016.0,14.0956,12.898,13.37,12.937,14.866,11.8924379,-9.28323,-7.43315,16.57110363,14.6265,0.84,15.815,624.8,5388.0,12.91,12.854,12.836,9.176,1.57173,4.54,0.88,False,True,False,False,False,False,True,0.37839790094813774
7334,5,1,1,0,0,1,309.47908,63.77945,75.99888,11.67457,43.4268439,292.7573088,0,0,0,0,2016,0,0,0,2016.0,12.4222,11.684,11.887,11.713,12.825,7.694288,-7.69292,-0.145083,16.00494214,12.7586,1.81,13.32,739.357,6769.0,11.682,11.662,11.535,9.224,1.32423,4.09,1.49,False,True,False,False,False,False,True,0.5502283530550941
7342,5,1,2,0,0,1,314.59118,65.65669,78.93727,11.65065,45.9846265,294.613689,0,0,0,0,2016,0,0,0,2016.0,14.841,13.728,14.179,13.843,15.531,2.6102771,1.17566,2.33053,1.954524342,15.3193,1.0,16.125,1402.82,5821.0,13.722,13.652,13.308,9.458,0.684883,4.44,0.99,False,True,False,False,False,False,True,0.33845649360460484
7356,5,1,2,0,0,1,314.59118,65.65669,78.93727,11.65065,45.9846265,294.613689,0,0,0,0,2016,0,0,0,2016.0,14.841,13.728,14.179,13.843,15.531,2.6102771,1.17566,2.33053,105.6551369,15.3193,1.0,16.125,1402.82,5821.0,13.722,13.652,13.308,9.458,0.684883,4.44,0.99,False,True,False,False,False,False,True,0.5658478186735176
7368,5,1,1,0,0,1,292.69329,62.51452,69.992,16.65844,40.1325185,283.469299,0,0,0,0,2016,0,0,0,2016.0,13.5818,12.396,12.838,12.475,14.315,16.8623753,-15.5038,-6.63113,7.23400469,14.1153,0.87,15.059,552.058,5473.0,12.364,12.3,12.694,9.368,1.78257,4.53,0.93,False,True,False,False,False,False,True,0.29885307640970665
7375,5,1,1,0,0,1,295.70466,67.6374,75.19311,18.46206,45.4078654,283.5967317,0,0,0,0,2016,0,0,0,2016.0,14.517,13.373,13.838,13.458,15.103,5.6215016,-0.721719,5.57498,49.1013514,15.0142,0.88,15.785,1010.01,5518.0,13.432,13.366,12.519,9.559,0.961555,4.52,0.91,False,True,False,False,False,False,True,0.41161970596323016
7379,5,1,1,0,0,1,297.18259,69.35244,77.00583,18.99813,47.2043818,283.7175909,0,0,0,0,2016,0,0,0,2016.0,12.8455,11.003,11.767,11.166,13.882,18.7627879,-18.3684,3.82676,1.411229847,13.5934,0.67,15.84,194.182,4433.0,11.021,10.96,10.822,9.432,5.12086,4.64,0.7,False,True,False,False,False,False,True,0.1643528557844371
7464,5,1,1,0,0,1,311.92257,66.54685,78.68313,13.02867,46.3772776,292.672471,0,0,0,0,2016,0,0,0,2016.0,13.4392,12.15,12.654,12.213,14.211,32.2232623,-30.3143,-10.9262,96.9151496,13.9833,0.8,15.12,415.358,5227.0,12.19,12.123,12.876,9.381,2.37893,4.57,0.87,False,True,False,False,False,False,True,0.35793484700045375
7473,5,1,1,0,0,1,312.48816,62.33068,76.04997,9.6861,42.5596699,295.2048999,0,0,0,0,2016,0,0,0,2016.0,14.6172,13.332,13.833,13.412,15.207,0.9770519,-0.204458,-0.95542,13.47469571,15.1734,0.86,15.907,810.082,5431.0,13.363,13.256,13.039,9.244,1.20647,4.53,0.89,False,True,False,False,False,False,True,0.367355921026019
7490,5,1,1,0,0,1,307.01311,67.94106,78.26128,15.34767,46.9736345,289.3520595,0,0,0,0,2016,0,0,0,2016.0,14.6155,12.821,13.54,12.907,15.758,17.3590315,-16.3794,5.74902,10.99469878,15.3772,0.68,17.273,420.042,4445.0,12.792,12.747,12.361,9.473,2.35234,4.64,0.71,False,True,False,False,False,False,True,0.37291200297010657
7505,5,1,1,0,0,1,304.82013,59.06558,71.01226,9.89663,38.2516419,291.9510277,0,0,0,0,2016,0,0,0,2016.0,15.4243,14.05,14.589,14.053,16.272,4.2387362,-3.71931,2.03313,66.4162133,16.0064,0.78,16.234,1087.4,5143.0,13.885,13.828,12.887,9.26,0.8931,4.57,0.81,False,True,False,False,False,False,True,0.5921767573958668
7521,5,1,1,0,0,1,296.40207,66.07584,74.0137,17.34224,43.9615628,284.510214,0,0,0,0,2016,0,0,0,2016.0,13.1599,12.217,12.572,12.265,13.695,20.2099576,-19.7216,4.41598,37.3229493,13.5557,1.13,14.365,803.776,6089.0,12.239,12.209,12.221,9.401,1.21639,4.37,1.09,False,True,False,False,False,False,True,0.2966651902615311
7529,5,1,1,0,0,1,292.8551,62.36174,69.90191,16.51184,39.9979286,283.6053012,0,0,0,0,2016,0,0,0,2016.0,13.5766,12.077,12.686,12.178,14.463,13.6848863,-12.0368,6.51088,36.5156053,14.2019,0.75,15.398,351.239,4948.0,12.08,12.025,12.166,8.978,2.81831,4.59,0.79,False,True,False,False,False,False,True,0.3443922736851107
7542,5,2,1,0,0,2,300.80981,64.38493,73.78894,14.84869,42.8138159,287.5711746,0,0,0,0,2016,0,0,0,2016.0,12.3237,11.119,11.542,11.23,12.994,22.8959013,-22.8728,1.02826,1.907805199,12.8401,0.82,13.761,405.104,5436.0,11.126,11.082,11.034,8.821,2.44005,4.57,0.91,False,True,False,False,False,False,True,-0.05060999335508721
7549,5,1,1,0,0,1,310.40017,70.48446,81.00863,16.30795,49.7812447,289.5931004,0,0,0,0,2016,0,0,0,2016.0,13.8156,12.63,13.124,12.726,14.611,19.1974309,19.1152,-1.77496,2.51462432,14.3098,0.87,15.813,607.916,5522.0,12.66,12.612,12.65,9.659,1.61619,4.52,0.9,False,True,False,False,False,False,True,0.12385164096708581
7561,5,1,1,0,0,1,307.14027,62.16224,74.07265,11.25011,41.5474786,292.1328738,0,0,0,0,2016,0,0,0,2016.0,13.6699,12.169,12.766,12.301,14.434,21.2337144,-14.6402,-15.3797,4.417696479,14.3009,0.77,15.64,366.656,5030.0,12.104,12.052,11.647,9.102,2.69858,4.58,0.82,False,True,False,False,False,False,True,0.10037054511756291
7570,9,1,2,0,1,1,301.39183,61.45053,71.65202,12.75709,40.0644857,288.9845512,0,0,0,0,2025,0,0,0,2014.0,11.8234,10.873,11.193,10.941,11.883,8.9361681,-8.84959,-1.24091,15.9653287,12.2466,1.492,12.679,494.832,6047.0,10.894,10.849,10.866,9.032,1.9923,4.17,1.212,False,True,True,False,False,False,False,0.5422900064254076
7585,9,1,2,0,1,1,301.39183,61.45053,71.65202,12.75709,40.0644857,288.9845512,0,0,0,0,2025,0,0,0,2014.0,11.8234,10.873,11.193,10.941,11.883,8.9361681,-8.84959,-1.24091,179.60978,12.2466,1.492,12.679,494.832,6047.0,10.894,10.849,10.866,9.032,1.9923,4.17,1.212,False,True,True,False,False,False,False,0.7367071706708223
7601,5,1,1,0,0,1,312.98282,65.75971,78.48533,12.15345,45.8175241,293.6819098,0,0,0,0,2016,0,0,0,2016.0,15.0765,13.578,14.197,13.711,16.003,13.4088408,-13.4087,-0.0614386,19.32952416,15.7163,0.76,17.079,758.702,4983.0,13.662,13.578,12.875,9.072,1.28989,4.59,0.8,False,True,False,False,False,False,True,0.3944516808262163
7620,5,1,1,0,1,1,302.86309,61.28225,71.99772,12.11568,40.0977109,289.9308779,0,0,0,0,2016,0,0,0,2016.0,15.0697,13.301,13.926,13.361,16.007,7.1793177,-5.21526,4.93393,3.290117953,15.7993,0.71,17.567,673.01,4647.0,13.151,13.163,12.301,9.212,1.46227,4.62,0.77,False,True,False,False,False,False,True,0.27184160653649897
7626,5,1,1,0,0,1,295.64146,66.81985,74.46962,18.01842,44.6090251,283.8450963,0,0,0,0,2016,0,0,0,2016.0,15.4256,14.283,14.684,14.381,16.186,16.1411619,-14.8597,-6.30289,7.56052806,15.9289,0.92,16.996,1455.5,5547.0,14.407,14.31,13.142,9.445,0.658674,4.49,0.94,False,True,False,False,False,False,True,0.3996737214810381
7637,5,1,1,0,0,1,295.9205,59.96413,68.74506,13.92633,37.9669464,286.1154093,0,0,0,0,2016,0,0,0,2016.0,14.4941,13.158,13.719,13.252,15.269,11.2644311,-9.75692,5.62938,12.12400943,15.074,0.8,16.655,654.549,5198.0,13.117,13.087,12.705,8.804,1.49916,4.57,0.83,False,True,False,False,False,False,True,0.35410843914740087
7643,5,1,1,0,0,1,303.23411,64.14039,74.30404,13.89008,42.8824991,289.042243,0,0,0,0,2016,0,0,0,2016.0,12.5364,11.416,11.817,11.459,13.097,11.7350307,-8.23662,8.35877,2.714077555,13.0054,0.97,13.703,562.116,5763.0,11.383,11.354,11.53,9.456,1.75296,4.45,0.98,False,True,False,False,False,False,True,0.06818586174616162
7659,5,1,1,0,1,1,319.987,69.05455,82.7281,13.10893,49.9458172,295.1817093,0,0,0,0,2016,0,0,0,2016.0,13.2609,12.124,12.521,12.207,13.87,9.4728872,4.74143,8.20088,122.8808058,13.7635,0.89,14.699,489.435,5533.0,12.171,12.101,12.956,9.454001,2.01436,4.52,0.95,False,True,False,False,False,False,True,0.47856649559384334
7664,5,1,1,0,0,1,318.45766,66.23478,80.5711,11.14897,47.1709335,296.3410342,0,0,0,0,2016,0,0,0,2016.0,13.6376,12.248,12.821,12.327,14.475,16.3577555,15.7942,4.25669,1.063788673,14.2311,0.78,14.573,446.914,5105.0,12.275,12.207,12.49,9.052,2.20874,4.57,0.82,False,True,False,False,False,False,True,0.10720996964786839
7681,5,1,2,0,0,1,319.28803,62.70143,78.79138,8.06131,44.1323499,298.9721472,0,0,0,0,2016,0,0,0,2016.0,14.2427,12.782,13.376,12.923,15.03,11.6789363,-6.84372,-9.46367,148.4603382,14.8561,0.83,16.029,584.136,5335.0,12.863,12.767,12.088,9.278,1.68372,4.55,0.87,False,True,False,False,False,False,True,0.5477747053878226
7696,5,1,1,0,0,1,319.48355,63.96725,79.59565,9.04999,45.3154212,298.3266169,0,0,0,0,2016,0,0,0,2016.0,13.4007,11.753,12.424,11.863,14.438,19.8973441,-19.2762,4.93279,0.934884242,14.0958,0.74,15.775,306.91,4870.0,11.779,11.707,12.132,9.253,3.22952,4.6,0.79,False,True,False,False,False,False,True,0.1643528557844371
7749,5,1,1,0,1,1,296.76629,70.3544,77.78923,19.68957,48.1312774,283.1137663,0,0,0,0,2016,0,0,0,2016.0,12.8535,11.772,12.181,11.845,13.614,21.7937685,-21.5948,-2.93819,201.1214,13.3216,0.96,14.801,482.119,5694.0,11.749,11.718,11.676,9.287,2.04531,4.47,0.98,False,True,False,False,False,False,True,0.31806333496276157
7758,5,1,1,0,0,1,317.55848,69.21074,82.10329,13.74396,49.6831419,293.8817361,0,0,0,0,2016,0,0,0,2016.0,14.0013,13.034,13.405,13.096,14.576,1.527279,1.43905,0.511582,24.7576421,14.4422,1.08,15.247,1485.82,5957.0,13.034,13.019,12.716,9.407,0.644206,4.4,1.06,False,True,False,False,False,False,True,0.46834733041215726
7777,5,1,1,0,0,1,293.56508,70.05528,76.89006,20.43192,47.5685927,281.6629579,0,0,0,0,2016,0,0,0,2016.0,14.2929,13.195,13.604,13.197,14.949,5.64605,4.00338,-3.98131,38.5053398,14.7617,0.9,16.075,903.332,5629.0,13.199,13.145,12.704,9.135,1.07828,4.5,0.92,False,True,False,False,False,False,True,0.4065401804339551
7783,5,1,1,0,0,1,312.95997,66.6862,79.09551,12.86311,46.6662155,293.1444017,0,0,0,0,2016,0,0,0,2016.0,14.8575,13.903,14.268,13.967,15.478,9.8158698,-8.75091,-4.44667,6.77408868,15.3061,1.11,16.219,1278.96,5985.0,13.849,13.884,12.588,9.312,0.75349,4.38,1.08,False,True,False,False,False,False,True,0.4265112613645752
7792,5,1,1,0,0,1,296.53041,67.21139,75.01611,17.95838,45.0740897,284.1832668,0,0,0,0,2016,0,0,0,2016.0,15.0041,13.757,14.249,13.842,15.879,5.2150003,-5.18035,-0.600168,26.41045478,15.549,0.82,16.304,942.485,5301.0,13.729,13.709,12.779,9.472,1.03259,4.55,0.86,False,True,False,False,False,False,True,0.42975228000240795
7812,5,1,2,0,0,1,309.93991,71.6503,81.73967,17.25221,50.7889645,288.6462564,0,0,0,0,2016,0,0,0,2016.0,12.8429,11.803,12.174,11.872,13.46,11.0136344,-9.90683,-4.81195,56.1886887,13.3291,1.13,13.846,817.647,5754.0,11.8,11.736,11.704,8.953,1.19419,4.37,1.08,False,True,False,False,False,False,True,0.320146286111054
7820,5,1,2,0,0,1,309.93991,71.6503,81.73967,17.25221,50.7889645,288.6462564,0,0,0,0,2016,0,0,0,2016.0,12.8429,11.803,12.174,11.872,13.46,11.0136344,-9.90683,-4.81195,3.18897601,13.3291,1.13,13.846,817.647,5754.0,11.8,11.736,11.704,8.953,1.19419,4.37,1.08,False,True,False,False,False,False,True,-0.004364805402450088
7838,5,1,1,0,0,1,290.98128,64.7406,71.53877,18.4911,42.1657112,281.8983042,0,0,0,0,2016,0,0,0,2016.0,14.1406,12.447,13.131,12.539,15.138,11.0618722,-8.18224,-7.44419,6.92101021,14.8444,0.7,16.617,556.006,4651.0,12.461,12.391,12.646,9.406,1.76982,4.62,0.75,False,True,False,False,False,False,True,0.20682587603184974
7839,5,1,1,0,0,1,304.27177,69.15694,78.48205,16.90892,47.7729078,287.3469567,0,0,0,0,2016,0,0,0,2016.0,13.2115,11.18,11.971,11.348,14.695,28.6225184,-5.03379,28.1764,3.273460736,14.1559,0.49,16.067,162.006,3864.0,11.1,11.096,11.024,9.161,6.14368,4.77,0.51,False,True,False,False,False,False,True,-0.022276394711152257
7888,5,1,2,0,0,1,296.8052,70.86499,78.24401,19.96859,48.6264015,282.9249847,0,0,0,0,2016,0,0,0,2016.0,12.6439,11.717,12.042,11.753,13.198,4.2743674,4.04059,1.39422,15.3787546,13.0723,1.13,13.86,490.488,6010.0,11.705,11.678,11.714,9.243,2.00993,4.37,1.09,False,True,False,False,False,False,True,0.2041199826559248
7899,5,1,2,0,0,1,296.8052,70.86499,78.24401,19.96859,48.6264015,282.9249847,0,0,0,0,2016,0,0,0,2016.0,12.6439,11.717,12.042,11.753,13.198,4.2743674,4.04059,1.39422,21.1284569,13.0723,1.13,13.86,490.488,6010.0,11.705,11.678,11.714,9.243,2.00993,4.37,1.09,False,True,False,False,False,False,True,0.17026171539495738
7912,5,1,1,0,0,1,311.17923,60.79076,74.55033,8.93139,40.8988186,295.1581062,0,0,0,0,2016,0,0,0,2016.0,12.7667,12.01,12.221,11.993,13.212,6.2998912,-6.12455,1.47598,25.96200249,13.1159,1.73,12.877,829.343,6675.0,11.994,11.949,12.218,9.204001,1.17705,4.12,1.43,False,True,False,False,False,False,True,0.5314789170422551
7924,5,1,2,0,0,1,316.33249,66.01318,79.73343,11.487,46.6022134,295.34273,0,0,0,0,2016,0,0,0,2016.0,14.3767,13.305,13.727,13.393,14.932,4.5678627,-4.53666,-0.532997,34.8538276,14.8614,1.03,15.827,943.444,5888.0,13.33,13.293,12.563,9.627,1.03137,4.42,1.03,False,True,False,False,False,False,True,0.46686762035410945
7928,5,1,2,0,0,0,316.33249,66.01318,79.73343,11.487,46.6022134,295.34273,0,0,0,0,2017,0,0,0,2023.0,14.3767,13.305,13.727,13.393,14.932,4.5678627,-4.53666,-0.532997,180.921729,14.8614,0.848,15.827,943.444,5818.0,13.33,13.293,12.563,9.627,1.03137,4.554,0.937,True,False,True,False,False,False,False,0.36172783601759284
7939,5,1,1,0,1,1,304.53653,60.02418,71.61836,10.66077,39.1273664,291.4186349,0,0,0,0,2016,0,0,0,2016.0,12.4452,10.585,11.334,10.736,13.576,7.4313548,-7.36931,-0.958282,2.414351654,13.2088,0.69,14.972,151.129,4529.0,10.583,10.537,10.66,9.391,6.58796,4.63,0.74,False,True,False,False,False,False,True,-0.00877392430750515
7943,5,1,1,0,0,1,306.98354,65.37166,76.35333,13.56194,44.5563604,290.6011085,0,0,0,0,2016,0,0,0,2016.0,13.639,12.693,13.007,12.762,14.143,9.8007537,-7.73809,-6.01471,4.30655689,14.085,1.34,15.09,1090.51,6209.0,12.712,12.677,12.306,9.475,0.888327,4.26,1.22,False,True,False,False,False,False,True,0.41995574848975786
7960,5,1,1,0,0,1,307.1056,65.75318,76.66971,13.79347,44.932541,290.4867838,0,0,0,0,2016,0,0,0,2016.0,12.6031,11.569,11.956,11.628,13.194,11.6427277,-11.6178,-0.761466,2.295036233,13.0728,0.94,14.079,389.397,5723.0,11.546,11.518,11.495,9.317,2.53923,4.49,0.98,False,True,False,False,False,False,True,0.08990511143939793
7968,5,1,1,0,0,1,322.85529,65.01247,81.40572,9.12162,46.8992561,299.5259832,0,0,0,0,2016,0,0,0,2016.0,14.0208,12.827,13.242,12.895,14.772,1.456651,0.318385,-1.42143,27.495606,14.5601,1.2,15.426,982.51,6127.0,12.847,12.826,12.785,9.552,0.989342,4.33,1.12,False,True,False,False,False,False,True,0.47856649559384334
7979,5,1,1,0,0,1,314.96384,60.78236,75.97794,7.74149,41.5580816,297.4521311,0,0,0,0,2016,0,0,0,2016.0,15.0859,13.924,14.336,13.977,15.825,10.7249649,-10.0705,-3.68916,14.08827448,15.6076,1.1,16.406,1201.82,5987.0,14.022,13.807,13.113,9.557,0.804672,4.38,1.07,False,True,False,False,False,False,True,0.5263392773898441
8000,5,1,1,0,0,1,302.74324,62.97734,73.25895,13.28303,41.7064385,289.2202147,0,0,0,0,2016,0,0,0,2016.0,14.868,13.351,13.993,13.427,15.785,6.6273246,-6.49549,1.31531,3.764191048,15.4894,0.72,16.236,713.167,4906.0,13.439,13.41,12.722,9.463,1.37405,4.61,0.75,False,True,False,False,False,False,True,0.23804610312879543
8011,10,1,4,0,0,1,322.13021,62.30428,79.67079,7.00333,44.3375497,300.864006,0,0,0,0,2016,0,0,0,2014.0,12.4022,11.431,11.752,11.494,12.923,7.9713499,-0.761017,7.93494,6.16486,12.8391,1.04,13.592,444.322,5858.0,11.414,11.366,11.243,9.187,2.22233,4.407,1.0,False,True,True,False,False,False,False,-0.08618614761628333
8017,5,1,4,0,0,1,322.13021,62.30428,79.67079,7.00333,44.3375497,300.864006,0,0,0,0,2014,0,0,0,2014.0,12.4022,11.431,11.752,11.494,12.923,7.9713499,-0.761017,7.93494,13.5708,12.8391,1.04,13.592,444.322,5858.0,11.414,11.366,11.243,9.187,2.22233,4.407,1.0,False,True,True,False,False,False,False,0.3979400086720376
8028,10,1,4,0,0,1,322.13021,62.30428,79.67079,7.00333,44.3375497,300.864006,0,0,0,0,2016,0,0,0,2014.0,12.4022,11.431,11.752,11.494,12.923,7.9713499,-0.761017,7.93494,23.9802,12.8391,1.04,13.592,444.322,5858.0,11.414,11.366,11.243,9.187,2.22233,4.407,1.0,False,True,True,False,False,False,False,-0.022276394711152257
8049,5,1,4,0,0,1,322.13021,62.30428,79.67079,7.00333,44.3375497,300.864006,0,0,0,0,2014,0,0,0,2014.0,12.4022,11.431,11.752,11.494,12.923,7.9713499,-0.761017,7.93494,43.8445,12.8391,1.04,13.592,444.322,5858.0,11.414,11.366,11.243,9.187,2.22233,4.407,1.0,False,True,True,False,False,False,False,0.4082399653118496
8058,5,1,1,0,0,1,296.54973,61.60104,70.29069,14.65459,39.6309204,286.0252285,0,0,0,0,2016,0,0,0,2016.0,14.1317,12.964,13.436,13.088,14.827,4.9038639,-1.7253,4.59034,46.8779367,14.6366,0.99,15.662,946.565,5797.0,12.799,12.768,12.525,9.223,1.02789,4.44,0.99,False,True,False,False,False,False,True,0.37657695705651195
8067,5,1,1,0,0,1,322.07726,69.01887,83.34317,12.66062,50.2752091,296.2300306,0,0,0,0,2016,0,0,0,2016.0,12.8066,11.934,12.21,11.98,13.319,3.8547435,0.441644,3.82936,2.757982666,13.2037,1.07,13.677,543.375,6067.0,11.926,11.902,11.937,9.534,1.81152,4.42,1.09,False,True,False,False,False,False,True,0.2966651902615311
8081,5,1,1,0,0,1,293.89451,63.51225,71.17442,16.75809,41.221594,283.8994187,0,0,0,0,2016,0,0,0,2016.0,14.0665,12.333,13.025,12.444,15.095,2.3646029,-1.63451,1.70872,9.30412078,14.8053,0.7,16.521,397.455,4597.0,12.205,12.162,12.187,8.876,2.48732,4.62,0.75,False,True,False,False,False,False,True,0.24551266781414982
8102,5,1,2,0,0,1,308.84564,58.96823,72.4343,8.36975,38.7904648,294.511319,0,0,0,0,2016,0,0,0,2016.0,14.9595,13.671,14.178,13.802,15.744,2.4197865,-2.38866,-0.386872,3.609308907,15.5016,0.93,15.002,1122.48,5635.0,13.794,13.644,12.856,9.429,0.863893,4.49,0.94,False,True,False,False,False,False,True,0.5717088318086876
8112,5,1,2,0,0,1,308.84564,58.96823,72.4343,8.36975,38.7904648,294.511319,0,0,0,0,2016,0,0,0,2016.0,14.9595,13.671,14.178,13.802,15.744,2.4197865,-2.38866,-0.386872,2.37030743,15.5016,0.93,15.002,1122.48,5635.0,13.794,13.644,12.856,9.429,0.863893,4.49,0.94,False,True,False,False,False,False,True,0.2041199826559248
8123,5,1,1,0,0,1,321.47691,64.86671,80.82802,9.31381,46.5022325,298.866621,0,0,0,0,2016,0,0,0,2016.0,12.5183,11.362,11.783,11.403,13.115,9.5176425,-0.0771225,9.51733,1.931559839,13.0239,0.98,14.042,344.251,5762.0,11.405,11.344,11.38,9.564,2.87613,4.45,0.98,False,True,False,False,False,False,True,0.37291200297010657
8128,5,1,2,0,0,1,298.62283,66.96543,75.31275,17.15588,45.0490265,285.3873706,0,0,0,0,2016,0,0,0,2016.0,13.7729,12.656,13.105,12.778,14.395,8.9577147,-5.79982,-6.82662,0.762129261,14.2726,0.93,14.972,667.693,5592.0,12.638,12.575,12.527,9.261,1.46897,4.49,0.95,False,True,False,False,False,False,True,-0.09691001300805639
8146,5,1,1,0,0,1,315.04794,66.01978,79.31892,11.81541,46.3923173,294.6481708,0,0,0,0,2016,0,0,0,2016.0,15.3229,14.161,14.638,14.319,16.096,9.1817533,-9.17336,-0.392504,16.92344113,15.8316,1.01,16.104,1473.61,5806.0,14.019,14.001,12.861,9.289,0.650755,4.43,1.01,False,True,False,False,False,False,True,0.5599066250361125
8166,5,1,1,0,0,1,310.77723,68.4781,79.68402,14.75417,47.9889097,290.9792378,0,0,0,0,2016,0,0,0,2016.0,12.618,11.538,11.945,11.628,13.234,25.4006536,-20.7979,-14.5822,23.8990296,13.098,0.98,14.157,695.967,5722.0,11.563,11.507,11.419,9.473,1.40799,4.46,0.99,False,True,False,False,False,False,True,0.2041199826559248
8232,5,1,1,0,0,1,315.97832,69.0816,81.56379,13.98632,49.316541,293.1953923,0,0,0,0,2016,0,0,0,2016.0,13.5241,12.681,12.956,12.701,14.133,4.1105946,1.61148,3.78155,6.2216147,13.913,1.32,14.666,939.001,6261.0,12.562,12.543,12.614,9.736,1.03612,4.27,1.21,False,True,False,False,False,False,True,0.23804610312879543
8237,5,1,1,0,0,1,311.48049,65.40082,77.7651,12.29145,45.2487472,293.0579794,0,0,0,0,2016,0,0,0,2016.0,15.234,13.775,14.371,13.97,15.881,9.9155918,-9.58644,-2.5336,6.1799844,15.8291,0.81,16.525,1042.27,5215.0,13.697,13.677,12.949,9.328,0.932442,4.56,0.86,False,True,False,False,False,False,True,0.37657695705651195
8256,5,1,1,0,0,1,310.86672,66.6674,78.44582,13.39866,46.3289723,292.0443891,0,0,0,0,2016,0,0,0,2016.0,13.4318,12.566,12.852,12.604,13.972,9.3299576,-9.29708,-0.782568,1.569066502,13.842,1.32,14.662,982.716,6199.0,12.53,12.458,12.367,8.946,0.988814,4.27,1.2,False,True,False,False,False,False,True,0.19865708695442263
8264,5,1,3,0,0,1,307.99306,58.52804,71.80378,8.35401,38.2330886,294.1527259,0,0,0,0,2016,0,0,0,2016.0,14.032,12.924,13.332,12.957,14.749,12.1185724,11.1608,4.7219,8.67888593,14.5317,1.0,15.405,809.897,5792.0,12.912,12.834,12.3,8.953,1.20622,4.44,1.0,False,True,False,False,False,False,True,0.36172783601759284
8268,5,1,3,0,0,1,307.99306,58.52804,71.80378,8.35401,38.2330886,294.1527259,0,0,0,0,2016,0,0,0,2016.0,14.032,12.924,13.332,12.957,14.749,12.1185724,11.1608,4.7219,4.02582254,14.5317,1.0,15.405,809.897,5792.0,12.912,12.834,12.3,8.953,1.20622,4.44,1.0,False,True,False,False,False,False,True,0.21484384804769785
8286,5,1,1,0,0,1,297.86367,68.29605,76.25233,18.18179,46.2526781,284.4766869,0,0,0,0,2016,0,0,0,2016.0,14.0642,12.073,12.876,12.211,15.599,30.0793037,23.4963,18.78,5.94566534,15.0056,0.57,17.28,250.817,4002.0,11.958,11.951,11.949,8.896,3.95819,4.7,0.6,False,True,False,False,False,False,True,0.09691001300805642
8298,5,1,1,0,0,1,304.26357,68.83588,78.22874,16.69848,47.4691157,287.5011404,0,0,0,0,2016,0,0,0,2016.0,14.429,12.415,13.217,12.555,15.909,27.1446442,-26.9758,-3.0229,1.52372816,15.3697,0.54,17.931,291.275,3959.0,12.375,12.342,12.197,9.309,3.40576,4.72,0.56,False,True,False,False,False,False,True,0.15228834438305647
8309,5,1,1,0,0,1,305.95187,63.10554,74.36726,12.30128,42.2678448,291.0336333,0,0,0,0,2016,0,0,0,2016.0,14.5244,13.496,13.83,13.481,14.923,4.3215987,-4.26176,-0.716671,34.3511874,14.9984,1.02,15.815,1101.42,5816.0,13.515,13.491,12.96,9.126,0.879493,4.43,1.02,False,True,False,False,False,False,True,0.4424797690644485
8322,5,1,1,0,0,1,309.86364,63.31372,75.80288,11.21701,43.0500379,293.2005664,0,0,0,0,2016,0,0,0,2016.0,15.0868,13.932,14.398,14.024,15.703,0.4713451,-0.397768,-0.252877,3.00725242,15.6075,0.92,16.487,2481.71,5612.0,13.924,13.859,12.825,9.027,0.374134,4.49,0.94,False,True,False,False,False,False,True,0.2787536009528289
8364,5,1,1,0,0,1,321.00281,67.98873,82.42453,12.0197,49.1828952,296.4644914,0,0,0,0,2016,0,0,0,2016.0,13.0301,12.176,12.448,12.215,13.486,2.8398099,-2.4154,-1.49344,77.2548396,13.4086,1.16,14.143,1382.82,5956.0,12.149,12.128,12.357,9.507,0.694369,4.35,1.1,False,True,False,False,False,False,True,0.5158738437116791
8374,5,1,1,0,0,1,302.85083,62.55691,72.96906,12.96763,41.3179652,289.444752,0,0,0,0,2016,0,0,0,2016.0,13.1644,11.907,12.388,11.989,13.827,56.6520855,44.9836,34.4374,3.856918547,13.7114,0.84,14.792,420.215,5345.0,11.631,11.649,11.878,9.39,2.3509,4.54,0.88,False,True,False,False,False,False,True,0.004321373782642578
8387,5,1,1,0,0,1,310.99245,71.2924,81.73423,16.76238,50.5984489,289.3586737,0,0,0,0,2016,0,0,0,2016.0,12.9171,11.97,12.331,11.988,13.444,9.2360172,-8.48862,-3.63969,1.543206604,13.3417,1.14,13.745,739.557,5923.0,11.976,11.921,12.092,9.58,1.32332,4.33,1.03,False,True,False,False,False,False,True,0.04921802267018165
8393,5,1,1,0,0,1,294.79414,67.50785,74.87448,18.67704,45.198336,283.1618831,0,0,0,0,2016,0,0,0,2016.0,15.2485,13.815,14.386,13.932,16.103,6.8211877,5.95237,-3.33135,33.4177993,15.8498,0.77,17.121,902.633,5049.0,13.826,13.791,12.906,9.533,1.07961,4.58,0.81,False,True,False,False,False,False,True,0.5263392773898441
8403,5,1,1,0,0,1,309.56572,68.94531,79.68526,15.39583,48.251146,290.1019809,0,0,0,0,2016,0,0,0,2016.0,11.7648,10.836,11.178,10.904,12.015,2.9016195,2.76677,0.874288,2.05333679,12.1577,1.28,13.119,405.533,6113.0,10.825,10.794,10.662,9.737001,2.43758,4.27,1.12,False,True,False,False,False,False,True,0.045322978786657475
8413,5,1,2,0,0,1,303.06949,67.58392,76.9416,16.20868,46.1411685,287.4776359,0,0,0,0,2016,0,0,0,2016.0,14.8004,13.891,14.2,13.914,15.273,0.1586386,0.0303976,0.155699,219.3217528,15.2469,1.14,16.118,1364.53,6000.0,13.886,13.858,13.017,8.994,0.704126,4.37,1.11,False,True,False,False,False,False,True,0.8585371975696391
8430,5,2,2,0,0,2,315.43131,65.34776,79.01712,11.19167,45.8429537,295.251187,0,0,0,0,2016,0,0,0,2016.0,14.7736,12.941,13.691,13.067,16.002,5.0000712,-3.45678,3.61267,18.78425728,15.5551,0.66,16.901,466.084,4350.0,12.912,12.866,12.679,9.711,2.11736,4.65,0.7,False,True,False,False,False,False,True,0.3873898263387294
8442,5,2,2,0,0,2,315.43131,65.34776,79.01712,11.19167,45.8429537,295.251187,0,0,0,0,2016,0,0,0,2016.0,14.7736,12.941,13.691,13.067,16.002,5.0000712,-3.45678,3.61267,161.5163345,15.5551,0.66,16.901,466.084,4350.0,12.912,12.866,12.679,9.711,2.11736,4.65,0.7,False,True,False,False,False,False,True,0.46834733041215726
8446,5,1,1,0,0,1,315.17395,65.57342,79.07509,11.4348,46.0056741,294.9789253,0,0,0,0,2016,0,0,0,2016.0,12.3778,11.213,11.66,11.312,12.973,15.1858033,5.03758,14.3259,0.693842855,12.9007,0.94,13.878,362.623,5589.0,11.209,11.143,11.2,9.558,2.72911,4.48,0.96,False,True,False,False,False,False,True,-0.21467016498923297
8456,5,1,1,0,0,1,290.53269,65.06757,71.73068,18.82283,42.4504087,281.5614578,0,0,0,0,2016,0,0,0,2016.0,11.3685,10.476,10.779,10.478,11.472,19.5913041,-19.5844,-0.520072,23.12748644,11.778,1.08,12.067,280.629,5975.0,10.475,10.441,10.506,8.866,3.53461,4.4,1.08,False,True,False,False,False,False,True,0.15228834438305647
8466,5,1,1,0,0,1,312.30758,69.54977,80.84977,15.17883,49.1901729,291.0926509,0,0,0,0,2016,0,0,0,2016.0,14.5393,12.386,13.255,12.627,16.233,28.6411651,24.0075,-15.6191,5.132485618,15.5982,0.49,18.605,259.328,3753.0,12.143,12.115,11.858,9.275,3.82772,4.76,0.52,False,True,False,False,False,False,True,0.2624510897304295
8514,5,1,2,0,0,1,314.82092,64.02453,77.96982,10.31965,44.5258237,295.6629002,0,0,0,0,2016,0,0,0,2016.0,14.4177,13.07,13.596,13.148,15.31,4.0125301,1.79459,3.58885,198.680179,14.9963,0.82,16.241,858.77,5321.0,13.119,13.056,12.056,9.656,1.13711,4.55,0.86,False,True,False,False,False,False,True,0.3521825181113625
8532,5,1,1,0,0,1,320.01549,62.03608,78.69106,7.32198,43.6707235,299.7854426,0,0,0,0,2016,0,0,0,2016.0,14.1958,13.059,13.467,13.09,14.874,6.4675035,-6.29446,-1.48606,1.434741564,14.7151,1.03,15.741,914.299,5851.0,13.033,12.967,12.794,9.106,1.06542,4.42,1.01,False,True,False,False,False,False,True,0.1643528557844371
8541,5,1,1,0,0,1,320.46468,65.76474,80.97663,10.29547,47.1126833,297.7232008,0,0,0,0,2016,0,0,0,2016.0,14.154,13.076,13.499,13.15,14.659,10.7252859,8.1328,6.99209,58.6017925,14.6163,1.0,15.378,981.233,5862.0,13.057,13.038,12.853,8.864,0.990559,4.44,0.99,False,True,False,False,False,False,True,0.3159703454569177
8552,5,1,2,0,0,1,295.7648,63.5257,71.68221,16.08105,41.4202077,284.9780251,0,0,0,0,2016,0,0,0,2016.0,13.4199,12.484,12.807,12.491,13.781,6.3046433,3.87216,4.97543,25.0824626,13.8084,1.2,14.306,1072.88,6166.0,12.274,12.204,12.095,9.276,0.90334,4.33,1.13,False,True,False,False,False,False,True,0.290034611362518
8559,5,1,2,0,0,1,295.7648,63.5257,71.68221,16.08105,41.4202077,284.9780251,0,0,0,0,2016,0,0,0,2016.0,13.4199,12.484,12.807,12.491,13.781,6.3046433,3.87216,4.97543,89.722292,13.8084,1.2,14.306,1072.88,6166.0,12.274,12.204,12.095,9.276,0.90334,4.33,1.13,False,True,False,False,False,False,True,0.292256071356476
8563,5,1,1,0,0,1,305.34006,59.00021,71.15265,9.6585,38.2669983,292.3012109,0,0,0,0,2016,0,0,0,2016.0,14.5067,13.542,13.843,13.538,15.318,9.7424147,-5.45393,-8.07275,78.1000231,14.9607,1.21,15.423,1291.01,6112.0,13.563,13.488,13.007,9.166,0.747234,4.33,1.14,False,True,False,False,False,False,True,0.5024271199844327
8578,5,1,1,0,0,1,308.71485,61.71356,74.29503,10.41212,41.3650155,293.2624215,0,0,0,0,2016,0,0,0,2016.0,14.0564,12.899,13.332,12.949,14.597,17.2030806,-14.13,-9.8127,4.27103091,14.5261,0.92,15.446,792.522,5658.0,12.636,12.594,12.516,9.239,1.23319,4.48,0.94,False,True,False,False,False,False,True,0.08278537031645007
8583,5,1,1,0,0,1,314.72419,65.61611,78.95465,11.58456,45.9695533,294.7094688,0,0,0,0,2016,0,0,0,2016.0,14.2802,12.384,13.175,12.561,15.438,19.3334858,12.9246,14.3784,2.892217506,15.0615,0.63,15.923,377.976,4306.0,12.325,12.23,12.117,9.654,2.6172,4.66,0.66,False,True,False,False,False,False,True,0.09342168516223508
8591,5,1,1,0,1,1,290.65484,65.20633,71.88436,18.84996,42.5963949,281.5941261,0,0,0,0,2016,0,0,0,2016.0,14.6412,13.252,13.838,13.404,15.652,3.1045661,-2.65594,-1.60758,187.747029,15.2071,0.79,16.001,719.802,5211.0,13.351,13.292,12.536,9.457,1.36077,4.57,0.82,False,True,False,False,False,False,True,0.5132176000679389
8600,5,1,1,0,0,1,313.47004,62.87514,76.75649,9.81139,43.2326992,295.502673,0,0,0,0,2016,0,0,0,2016.0,14.2291,13.07,13.479,13.101,14.886,18.8459896,-18.718,-2.19267,2.543072855,14.7332,0.99,15.691,1049.19,5794.0,13.17,13.059,11.963,9.477,0.924665,4.45,0.99,False,True,False,False,False,False,True,0.11394335230683679
8612,5,1,1,0,0,1,307.24737,69.30356,79.34112,16.23311,48.2771163,288.7499866,0,0,0,0,2016,0,0,0,2016.0,14.6698,13.697,14.097,13.728,15.137,13.2127615,-12.9102,-2.81137,2.168452593,15.1336,1.0,16.335,1022.8,5837.0,13.708,13.642,13.01,9.107,0.949177,4.45,1.01,False,True,False,False,False,False,True,0.4517864355242902
8634,5,1,6,0,1,1,314.75543,61.2022,76.1613,8.13328,41.9091092,297.1150949,0,0,0,0,2014,0,0,0,2010.0,13.2366,12.18,12.548,12.237,13.817,7.0692817,-7.06918,-0.0379221,10.3039,13.7062,1.065,14.635,646.346,5663.0,12.125,12.053,12.119,9.444,1.51841,4.366,0.961,False,True,False,False,False,False,True,0.25527250510330607
8644,5,1,6,0,1,1,314.75543,61.2022,76.1613,8.13328,41.9091092,297.1150949,0,0,0,0,2014,0,0,0,2010.0,13.2366,12.18,12.548,12.237,13.817,7.0692817,-7.06918,-0.0379221,13.0241,13.7062,1.065,14.635,646.346,5663.0,12.125,12.053,12.119,9.444,1.51841,4.366,0.961,False,True,False,False,False,False,True,0.4578818967339924
8656,5,1,6,0,1,1,314.75543,61.2022,76.1613,8.13328,41.9091092,297.1150949,0,0,0,0,2014,0,0,0,2010.0,13.2366,12.18,12.548,12.237,13.817,7.0692817,-7.06918,-0.0379221,22.6845,13.7062,1.065,14.635,646.346,5663.0,12.125,12.053,12.119,9.444,1.51841,4.366,0.961,False,True,False,False,False,False,True,0.4941545940184428
8687,5,1,6,0,1,1,314.75543,61.2022,76.1613,8.13328,41.9091092,297.1150949,0,0,2,0,2014,0,0,0,2010.0,13.2366,12.18,12.548,12.237,13.817,7.0692817,-7.06918,-0.0379221,31.9996,13.7062,1.065,14.635,646.346,5663.0,12.125,12.053,12.119,9.444,1.51841,4.366,0.961,False,True,False,False,False,False,True,0.6222140229662954
8696,5,1,6,0,1,1,314.75543,61.2022,76.1613,8.13328,41.9091092,297.1150949,0,0,0,0,2014,0,0,0,2010.0,13.2366,12.18,12.548,12.237,13.817,7.0692817,-7.06918,-0.0379221,46.6888,13.7062,1.065,14.635,646.346,5663.0,12.125,12.053,12.119,9.444,1.51841,4.366,0.961,False,True,False,False,False,False,True,0.3961993470957364
8708,5,1,6,0,1,1,314.75543,61.2022,76.1613,8.13328,41.9091092,297.1150949,0,0,0,0,2014,0,0,0,2010.0,13.2366,12.18,12.548,12.237,13.817,7.0692817,-7.06918,-0.0379221,118.3807,13.7062,1.065,14.635,646.346,5663.0,12.125,12.053,12.119,9.444,1.51841,4.366,0.961,False,True,False,False,False,False,True,0.5224442335063199
8749,5,1,1,0,0,1,308.62678,64.62101,76.31734,12.53992,44.0873907,291.8713535,0,0,0,0,2016,0,0,0,2016.0,13.3971,12.456,12.761,12.493,13.952,3.321223,1.54411,2.94045,6.42200058,13.8225,1.34,14.762,693.618,6247.0,12.44,12.409,12.679,9.228,1.41297,4.26,1.21,False,True,False,False,False,False,True,0.24303804868629444
8760,5,1,1,0,0,1,314.22065,65.38167,78.63822,11.53493,45.6711623,294.5693544,0,0,0,0,2016,0,0,0,2016.0,14.5657,13.314,13.793,13.422,15.156,19.4864918,-19.4307,-1.47352,81.3151059,15.0958,0.91,15.915,742.473,5614.0,13.315,13.279,12.588,9.453,1.31846,4.5,0.94,False,True,False,False,False,False,True,0.3926969532596658
8768,5,1,1,0,0,1,293.25342,70.59299,77.31999,20.8037,48.0664955,281.3225917,0,0,0,0,2016,0,0,0,2016.0,14.4697,13.381,13.838,13.48,14.928,6.1932858,-2.54395,5.64669,51.3285623,14.9224,0.94,16.027,1246.05,5724.0,13.475,13.426,12.655,9.298,0.773735,4.48,0.96,False,True,False,False,False,False,True,0.42488163663106704
8785,5,1,1,0,0,1,306.03299,70.72441,80.12419,17.50958,49.4524247,287.3821348,0,0,0,0,2016,0,0,0,2016.0,13.6673,12.731,13.094,12.782,14.294,7.1529434,6.8375,2.10076,19.79191978,14.0732,1.15,15.457,1331.92,6092.0,12.75,12.742,12.269,9.557,0.72188,4.36,1.11,False,True,False,False,False,False,True,0.35602585719312274
8788,5,1,1,0,0,1,318.05913,68.724,81.9511,13.24667,49.3309789,294.4685197,0,0,0,0,2016,0,0,0,2016.0,11.728,10.971,11.215,11.012,12.125,10.6963443,-10.667,-0.791765,5.03728015,12.0831,1.41,12.727,530.658,6417.0,10.963,10.92,11.006,9.24,1.85697,4.25,1.3,False,True,False,False,False,False,True,0.08990511143939793
8799,5,1,1,0,0,1,289.76033,65.13367,71.6163,19.13655,42.4549698,281.1117588,0,0,0,0,2016,0,0,0,2016.0,14.3245,12.371,13.147,12.513,15.315,11.8989702,11.814,-1.41947,4.421572182,15.1422,0.68,16.382,318.004,4299.0,12.193,12.164,11.91,9.476,3.11593,4.62,0.71,False,True,False,False,False,False,True,0.30319605742048883
8807,5,1,1,0,0,1,307.4594,64.77562,76.06353,12.99985,44.0624715,291.1451576,0,0,0,0,2016,0,0,0,2016.0,14.198,13.234,13.6,13.293,14.863,15.4302013,-14.8911,-4.04305,1.252752174,14.6276,1.17,15.628,1090.7,6104.0,13.237,13.213,12.685,9.270001,0.888221,4.35,1.11,False,True,False,False,False,False,True,0.21748394421390627
8821,5,1,1,0,0,1,303.996,60.12046,71.50234,10.92346,39.141674,291.049934,0,0,0,0,2016,0,0,0,2016.0,13.5378,12.152,12.683,12.24,14.315,6.7335247,5.6431,3.67366,0.571038518,14.1282,0.82,15.421,428.798,5268.0,12.207,12.126,12.359,9.396,2.30347,4.55,0.86,False,True,False,False,False,False,True,0.12710479836480765
8832,5,1,1,0,0,1,316.77166,65.25055,79.40716,10.7715,45.98514,296.0422962,0,0,0,0,2016,0,0,0,2016.0,14.3925,13.172,13.686,13.262,15.132,7.3257882,-3.28883,-6.54605,4.51005748,14.9192,0.84,15.335,767.701,5406.0,13.218,13.188,12.795,9.068,1.27418,4.54,0.88,False,True,False,False,False,False,True,0.1643528557844371
8841,5,1,1,0,0,1,305.03329,60.22994,71.94353,10.62298,39.3966122,291.6462654,0,0,0,0,2016,0,0,0,2016.0,13.7535,12.707,13.055,12.718,14.405,6.309453,-3.8238,5.01874,37.6467384,14.2665,1.06,14.982,685.087,5893.0,12.628,12.581,12.497,8.824,1.43113,4.41,1.05,False,True,False,False,False,False,True,0.34044411484011833
8862,9,1,2,0,1,1,308.77541,65.23858,76.80348,12.94056,44.6882613,291.653163,0,0,0,0,2024,0,0,0,2014.0,12.9937,12.11,12.412,12.111,13.543,3.8274465,-3.65441,-1.13782,224.77833,13.4192,1.145,14.341,657.223,5914.0,12.095,12.04,12.202,9.055,1.49272,4.369,1.118,False,True,False,True,False,False,False,0.8502831995176994
8878,5,1,1,0,0,1,304.82097,59.45313,71.29732,10.16384,38.6226615,291.8080645,0,0,0,0,2016,0,0,0,2016.0,15.2296,13.604,14.319,13.748,16.274,13.8243834,-12.478,5.95089,9.69312032,15.8872,0.7,17.014,726.828,4781.0,13.6,13.524,12.782,9.372,1.34795,4.62,0.73,False,True,False,False,False,False,True,0.42488163663106704
8881,5,1,1,0,0,1,315.72503,65.25991,79.05989,11.0467,45.8127697,295.4634045,0,0,0,0,2016,0,0,0,2016.0,14.2592,13.244,13.6,13.293,14.88,3.0087995,2.31361,1.92356,8.79617863,14.7155,1.15,15.537,841.536,6077.0,13.179,13.151,12.975,9.41,1.15986,4.36,1.1,False,True,False,False,False,False,True,0.3010299956639812
8891,5,1,1,0,0,1,320.05311,66.56526,81.29698,11.05005,47.7514799,296.9687937,0,0,0,0,2016,0,0,0,2016.0,14.1915,13.397,13.688,13.454,14.74,0.5526952,-0.520219,0.186666,14.36267939,14.5611,1.54,14.856,1671.28,6496.0,13.45,13.391,12.909,9.129,0.570006,4.19,1.34,False,True,False,False,False,False,True,0.48000694295715063
8903,5,1,1,0,0,1,301.63273,60.66408,71.11967,12.15552,39.338813,289.4066969,0,0,0,0,2016,0,0,0,2016.0,14.2685,13.191,13.552,13.292,14.943,3.598147,-2.72119,-2.3541,42.3004954,14.7828,1.17,15.242,1073.88,5931.0,12.931,12.876,12.785,9.127,0.902756,4.35,1.12,False,True,False,False,False,False,True,0.4487063199050799
8908,5,1,1,0,0,1,321.31335,64.15512,80.37328,8.75738,45.8347781,299.2370531,0,0,0,0,2016,0,0,0,2016.0,13.2211,11.944,12.438,12.042,13.935,25.3517413,19.4669,16.2404,14.97435694,13.7579,0.83,14.903,418.417,5374.0,11.996,11.936,11.611,9.093,2.36115,4.55,0.87,False,True,False,False,False,False,True,0.13033376849500614
8928,5,1,1,0,0,1,310.41503,60.12504,73.81762,8.68466,40.1443964,294.9917723,0,0,0,0,2016,0,0,0,2016.0,11.7972,11.512,11.566,11.555,11.983,0.4311988,0.223186,-0.368945,23.5540725,11.8822,1.73,11.879,983.245,8480.0,11.517,11.472,11.286,9.404,0.989042,4.17,1.6,False,True,False,False,False,False,True,0.23044892137827394
8934,5,1,1,0,0,1,308.74744,64.63189,76.36321,12.51187,44.1154992,291.9336573,0,0,0,0,2016,0,0,0,2016.0,14.7188,13.482,13.974,13.646,15.424,7.7615764,-6.90408,3.54623,41.6977827,15.2352,0.93,16.431,1008.57,5641.0,13.523,13.547,12.743,8.968,0.963177,4.48,0.95,False,True,False,False,False,False,True,0.40483371661993806
8945,5,1,1,0,0,1,314.04102,69.32267,81.17194,14.60846,49.2374206,292.0847866,0,0,0,0,2016,0,0,0,2016.0,13.6112,12.463,12.867,12.512,14.15,9.1132099,-9.08648,-0.697478,4.79028459,14.1237,0.93,15.093,568.487,5612.0,12.44,12.372,12.915,9.556,1.73031,4.49,0.95,False,True,False,False,False,False,True,0.045322978786657475
8956,5,1,1,0,0,1,320.7151,62.4245,79.18243,7.46221,44.1608805,299.9656619,0,0,0,0,2016,0,0,0,2016.0,14.3673,13.04,13.505,13.076,15.238,7.6174543,-7.3692,-1.92886,38.6715075,14.956,0.97,16.147,888.325,5688.0,13.048,12.994,12.6,8.846,1.09766,4.46,0.96,False,True,False,False,False,False,True,0.437750562820388
8960,5,1,1,0,0,1,316.64957,63.4563,78.2628,9.37412,44.3274936,297.0191018,0,0,0,0,2016,0,0,0,2016.0,14.5716,13.456,13.864,13.54,15.296,6.1546297,-5.51633,-2.72939,8.3265153,15.0671,1.17,16.078,1757.23,6083.0,13.445,13.353,12.254,9.402,0.541166,4.35,1.11,False,True,False,False,False,False,True,0.28330122870354957
8996,5,1,1,0,0,1,305.77975,63.15108,74.34554,12.3889,42.2865522,290.9144516,0,0,0,0,2016,0,0,0,2016.0,14.6662,13.17,13.79,13.256,15.494,12.3195047,-9.25052,-8.13622,2.949029052,15.3045,0.74,16.52,615.231,4904.0,13.185,13.135,12.75,9.384,1.59688,4.6,0.78,False,True,False,False,False,False,True,0.13987908640123647
9011,5,1,1,0,0,1,321.43165,66.43305,81.68567,10.63302,47.8861542,297.7865467,0,0,0,0,2016,0,0,0,2016.0,11.6284,10.795,11.076,10.865,12.144,7.3197582,7.26547,0.889835,13.15141081,12.017,1.59,12.713,482.047,6231.0,10.818,10.77,10.89,9.067,2.04577,4.14,1.29,False,True,False,False,False,False,True,0.28103336724772754
9013,5,1,1,0,0,1,304.61723,67.59521,77.35651,15.77372,46.3408747,288.2805801,0,0,0,0,2016,0,0,0,2016.0,14.6001,13.369,13.872,13.518,15.405,1.8676772,0.368217,1.83102,42.1917357,15.1025,0.89,16.129,1230.42,5544.0,13.373,13.324,12.971,9.519,0.784081,4.51,0.92,False,True,False,False,False,False,True,0.3096301674258988
9027,5,1,1,0,0,1,319.90925,69.89364,83.20069,13.81149,50.6703927,294.5177291,0,0,0,0,2016,0,0,0,2016.0,14.2726,13.105,13.528,13.154,14.933,9.3651135,0.287808,9.36069,4.33946454,14.8069,0.9,15.681,704.323,5500.0,12.983,12.906,12.459,8.903,1.39116,4.5,0.93,False,True,False,False,False,False,True,0.22271647114758325
9034,5,1,1,0,0,1,296.62062,59.80605,68.83115,13.55031,37.8912836,286.5942529,0,0,0,0,2016,0,0,0,2016.0,14.9389,12.826,13.671,13.055,16.745,6.3491246,6.29565,-0.822298,2.852348975,15.9678,0.34,17.265,289.899,3658.0,12.653,12.713,12.567,9.193,3.42133,4.93,0.35,False,True,False,False,False,False,True,0.10720996964786839
9048,5,1,1,0,0,1,311.52904,60.54934,74.51966,8.6369,40.7319316,295.4812018,0,0,0,0,2016,0,0,0,2016.0,14.3949,13.243,13.694,13.31,15.042,12.9694927,-12.2197,-4.34588,17.6700642,14.8766,0.94,15.785,2011.41,5683.0,13.307,13.223,12.368,9.226,0.474351,4.47,0.95,False,True,False,False,False,False,True,0.2648178230095365
9055,5,1,2,0,1,1,299.61083,67.52205,76.01846,17.19133,45.6893993,285.691955,0,0,0,0,2016,0,0,0,2016.0,13.5888,12.534,12.966,12.631,14.221,8.4847444,3.5568,-7.70325,108.593329,14.0207,0.93,14.918,635.736,5798.0,12.586,12.557,12.407,9.077,1.5442,4.46,0.92,False,True,False,False,False,False,True,0.23804610312879543
9067,5,1,2,0,0,0,299.61083,67.52205,76.01846,17.19133,45.6893993,285.691955,0,0,0,0,2017,0,0,0,2023.0,13.5888,12.534,12.966,12.631,14.221,8.4847444,3.5568,-7.70325,199.66876,14.0207,0.921,14.918,635.736,5678.0,12.586,12.557,12.407,9.077,1.5442,4.409,0.794,True,False,True,False,False,False,False,0.16136800223497488
9071,5,1,1,0,0,1,309.63589,63.00048,75.50893,11.05732,42.7205846,293.2173563,0,0,0,0,2016,0,0,0,2016.0,14.6039,13.463,13.861,13.507,15.162,26.0741566,-24.9497,-7.57457,5.12330347,15.1325,0.95,15.993,842.459,5664.0,13.434,13.38,12.468,9.248,1.1589,4.47,0.97,False,True,False,False,False,False,True,0.292256071356476
9081,5,1,1,0,0,1,307.12868,59.90442,72.45315,9.64965,39.4034052,293.063315,0,0,0,0,2016,0,0,0,2016.0,15.134,13.896,14.383,14.012,15.934,9.0800298,-8.95329,-1.5118,61.6178167,15.6861,0.91,16.638,1083.41,5543.0,13.956,13.794,12.295,9.288,0.895523,4.5,0.94,False,True,False,False,False,False,True,0.5622928644564748
9095,5,1,2,0,0,1,306.17562,62.06185,73.6759,11.49987,41.3093275,291.6044965,0,0,0,0,2016,0,0,0,2016.0,14.7803,13.783,14.173,13.804,15.661,6.6863933,-6.45995,1.72537,24.3397804,15.2572,1.0,16.925,1183.88,5831.0,13.706,13.663,12.354,9.39,0.816732,4.44,1.0,False,True,False,False,False,False,True,0.4712917110589386
9102,5,1,2,0,1,1,306.17562,62.06185,73.6759,11.49987,41.3093275,291.6044965,0,0,0,0,2016,0,0,0,2016.0,14.7803,13.783,14.173,13.804,15.661,6.6863933,-6.45995,1.72537,76.5369586,15.2572,1.0,16.925,1183.88,5831.0,13.706,13.663,12.354,9.39,0.816732,4.44,1.0,False,True,False,False,False,False,True,0.436162647040756
9117,5,1,2,0,0,1,308.93814,71.9564,81.73182,17.6898,50.9441847,287.9978721,0,0,0,0,2014,0,0,0,2014.0,12.8077,11.255,11.886,11.36,13.655,39.3248263,-38.8777,-5.91324,4.754,13.4598,0.69,14.99,262.351,4725.0,11.279,11.198,11.265,9.362001,3.78279,4.636,0.75,False,True,True,False,False,False,False,0.2600713879850748
9124,10,1,2,0,0,1,308.93814,71.9564,81.73182,17.6898,50.9441847,287.9978721,0,0,0,0,2016,0,0,0,2014.0,12.8077,11.255,11.886,11.36,13.655,39.3248263,-38.8777,-5.91324,8.92507,13.4598,0.69,14.99,262.351,4725.0,11.279,11.198,11.265,9.362001,3.78279,4.636,0.75,False,True,True,False,False,False,False,0.33845649360460484
9138,5,2,3,0,0,3,298.54186,67.32251,75.59135,17.39614,45.384333,285.207421,0,0,0,0,2016,0,0,0,2016.0,11.8799,10.662,11.137,10.735,12.509,4.5870063,-0.339436,-4.57443,5.45298175,12.3956,0.81,13.519,249.343,5403.0,10.606,10.579,10.53,8.819,3.98189,4.57,0.9,False,True,False,False,False,False,True,-0.09691001300805639
9173,5,1,1,0,0,1,319.84196,68.30725,82.24447,12.52682,49.2612954,295.6514492,0,0,0,0,2016,0,0,0,2016.0,14.4623,13.416,13.794,13.5,15.01,0.8787473,0.869986,0.123779,3.53232449,14.9375,1.04,15.829,1030.7,5851.0,13.474,13.438,13.117,9.207,0.941726,4.42,1.03,False,True,False,False,False,False,True,0.20139712432045148
9180,5,1,1,0,0,1,303.1192,69.98752,78.86456,17.75645,48.4238906,286.3675188,0,0,0,0,2016,0,0,0,2016.0,14.9191,13.633,14.167,13.791,15.818,10.6314046,-9.95405,-3.73412,62.8916228,15.4722,0.83,16.562,867.931,5298.0,13.723,13.636,13.164,9.401,1.12379,4.55,0.87,False,True,False,False,False,False,True,0.37106786227173627
9193,5,1,1,0,0,1,309.9079,63.11154,75.67795,11.055,42.8674925,293.3224114,0,0,0,0,2016,0,0,0,2016.0,14.2821,13.168,13.596,13.173,14.785,5.7429282,5.71782,-0.536431,11.55562343,14.8099,0.9,15.656,753.135,5569.0,13.104,13.062,12.356,9.109,1.29964,4.5,0.93,False,True,False,False,False,False,True,0.2944662261615929
9202,5,1,1,0,0,1,312.95857,62.15682,76.10545,9.41182,42.4781064,295.5678578,0,0,0,0,2016,0,0,0,2016.0,15.2509,13.881,14.426,13.955,16.233,45.5905056,-38.7692,-23.9884,17.13263989,15.8249,0.81,16.75,944.445,5281.0,13.944,13.778,13.11,9.13,1.03142,4.56,0.84,False,True,False,False,False,False,True,0.42160392686983106
9209,5,1,1,0,0,1,299.48405,66.56511,75.19741,16.64256,44.7565551,286.0029904,0,0,0,0,2016,0,0,0,2016.0,13.828,12.75,13.161,12.827,14.545,8.3244814,-7.37719,3.85669,76.957857,14.2953,0.94,15.267,1314.64,5656.0,12.805,12.778,12.259,8.953,0.731802,4.47,0.96,False,True,False,False,False,False,True,0.26717172840301384
9221,5,1,1,0,0,1,295.87864,66.42201,74.1828,17.7141,44.2458047,284.1078441,0,0,0,0,2016,0,0,0,2016.0,14.9222,13.174,13.869,13.225,16.037,13.9065819,-6.06509,12.5143,2.361724329,15.6422,0.68,17.056,491.406,4512.0,13.084,12.997,12.734,9.556,2.00678,4.63,0.72,False,True,False,False,False,False,True,0.21484384804769785
9226,5,1,1,0,0,1,304.74818,70.04561,79.29328,17.37407,48.665347,287.1302407,0,0,0,0,2016,0,0,0,2016.0,12.3751,11.699,11.917,11.763,12.827,3.5219535,-2.84938,2.07007,23.9210791,12.6907,1.84,13.528,921.778,6807.0,11.63,11.618,11.42,9.583,1.05624,4.08,1.5,False,True,False,False,False,False,True,0.3424226808222063
9241,5,1,1,0,0,1,302.14915,69.97761,78.63308,18.00509,48.307285,285.8993164,0,0,0,0,2016,0,0,0,2016.0,14.8371,13.754,14.135,13.775,15.885,10.6477528,-1.61084,10.5252,3.17060005,15.3357,0.92,16.448,872.328,5582.0,13.679,13.663,12.476,9.445,1.11804,4.49,0.95,False,True,False,False,False,False,True,0.23044892137827394
9244,5,1,1,0,0,1,299.33977,60.85443,70.5319,13.13621,39.2305281,287.9455985,0,0,0,0,2016,0,0,0,2016.0,13.5739,12.339,12.748,12.35,14.229,6.9174988,-6.43459,-2.53926,0.813166719,14.1349,0.91,15.045,495.156,5550.0,12.262,12.23,12.025,9.339,1.99085,4.5,0.94,False,True,False,False,False,False,True,0.07554696139253074
9300,5,1,1,0,0,1,293.20617,69.44537,76.2677,20.21553,46.946521,281.6940529,0,0,0,0,2016,0,0,0,2016.0,14.8165,13.297,13.946,13.384,15.751,14.3417692,11.7428,8.23365,24.0862707,15.4527,0.73,16.97,656.48,4850.0,13.308,13.234,12.672,9.006,1.49476,4.61,0.76,False,True,False,False,False,False,True,0.4424797690644485
9318,5,1,1,0,0,1,309.76958,68.34718,79.31186,14.91275,47.7259073,290.5436836,0,0,0,0,2016,0,0,0,2016.0,11.9066,10.966,11.338,11.041,12.403,10.807147,5.82907,9.10035,2.344511944,12.3348,1.07,13.162,393.642,5791.0,10.985,10.941,10.959,9.363,2.51174,4.38,1.01,False,True,False,False,False,False,True,-0.08618614761628333
9322,5,1,1,0,0,1,309.94068,64.40386,76.58475,11.99354,44.0822816,292.7144796,0,0,0,0,2016,0,0,0,2016.0,13.7797,12.648,13.031,12.672,14.505,13.0839846,-12.0777,5.03188,18.3027248,14.2783,0.96,15.303,1273.51,5685.0,12.624,12.582,12.719,9.517,0.756667,4.46,0.97,False,True,False,False,False,False,True,0.1673173347481761
9338,5,1,2,0,0,1,298.37709,61.03513,70.37703,13.61425,39.2896399,287.302772,0,0,0,0,2016,0,0,0,2016.0,14.5709,13.075,13.679,13.149,15.493,11.6200137,-10.0266,-5.87299,2.888904849,15.1938,0.77,16.422,555.189,5053.0,13.109,13.025,12.518,8.762,1.77266,4.58,0.81,False,True,False,False,False,False,True,0.22271647114758325
9344,5,1,2,0,0,1,298.37709,61.03513,70.37703,13.61425,39.2896399,287.302772,0,0,0,0,2016,0,0,0,2016.0,14.5709,13.075,13.679,13.149,15.493,11.6200137,-10.0266,-5.87299,210.630591,15.1938,0.77,16.422,555.189,5053.0,13.109,13.025,12.518,8.762,1.77266,4.58,0.81,False,True,False,False,False,False,True,0.5563025007672873
9352,5,1,1,0,0,1,308.45656,68.03821,78.72691,15.03123,47.2578857,290.0432936,0,0,0,0,2016,0,0,0,2016.0,14.4496,13.433,13.818,13.435,14.943,18.4951501,-18.4019,1.8549,17.14647302,14.9125,0.96,16.152,1140.57,5753.0,13.281,13.268,11.815,8.685,0.848206,4.47,0.98,False,True,False,False,False,False,True,0.29885307640970665
9356,5,1,1,0,0,1,313.0279,62.75349,76.52003,9.84769,43.0444026,295.3081524,0,0,0,0,2016,0,0,0,2016.0,14.8315,13.314,13.975,13.485,15.471,7.1787081,5.67968,4.39034,3.97076766,15.4499,0.75,16.416,691.961,5064.0,13.331,13.189,13.12,9.233,1.41711,4.59,0.79,False,True,False,False,False,False,True,0.14612803567823798
9364,5,1,1,0,0,1,302.83066,68.96723,77.97968,17.17443,47.425658,286.716712,0,0,0,0,2016,0,0,0,2016.0,15.1732,13.518,14.229,13.638,15.953,12.5294691,6.66736,10.6082,2.352265797,15.8497,0.7,17.634,703.038,4692.0,13.565,13.478,12.425,9.1,1.39427,4.62,0.74,False,True,False,False,False,False,True,0.08990511143939793
9373,5,1,1,0,0,1,307.83455,62.15217,74.30084,11.01535,41.6429221,292.5474753,0,0,0,0,2016,0,0,0,2016.0,14.8752,13.877,14.179,13.891,15.613,8.4361643,-5.4125,-6.47099,10.62784997,15.3564,1.14,16.354,1657.36,5941.0,13.942,13.803,12.61,9.402,0.575366,4.36,1.09,False,True,False,False,False,False,True,0.41664050733828095
9387,5,1,1,0,0,1,308.53754,66.37743,77.54717,13.82547,45.7195545,290.9536059,0,0,0,0,2016,0,0,0,2016.0,14.6597,13.201,13.8,13.301,15.533,6.5863386,2.9436,5.89195,1.104463509,15.2812,0.77,16.487,625.692,5054.0,13.281,13.211,12.903,9.029,1.56982,4.58,0.81,False,True,False,False,False,False,True,0.22788670461367352
9393,5,1,1,0,0,1,313.15044,65.00794,78.04201,11.53556,45.1515263,294.1891824,0,0,0,0,2016,0,0,0,2016.0,14.4314,13.301,13.739,13.412,15.146,13.1389115,-11.8913,-5.5882,3.73089898,14.9307,1.01,15.877,1217.73,5833.0,13.299,13.26,12.691,9.486,0.793334,4.43,1.02,False,True,False,False,False,False,True,0.15836249209524964
9432,5,2,1,0,0,2,321.84955,68.21522,82.82162,12.03359,49.5326846,296.7244553,0,0,0,0,2016,0,0,0,2016.0,13.7478,12.128,12.789,12.211,14.748,5.6103509,-0.0726875,-5.60988,2.787868386,14.4231,0.72,15.037,358.518,4754.0,12.099,12.013,12.307,9.311,2.76045,4.61,0.76,False,True,False,False,False,False,True,0.00860017176191757
9442,5,1,1,0,0,1,312.7668,68.04044,79.94816,13.93621,47.8784257,292.2477819,0,0,0,0,2016,0,0,0,2016.0,14.3484,13.126,13.61,13.207,15.005,2.8795424,-1.78422,2.26016,65.6478424,14.8569,0.85,15.567,682.436,5470.0,13.178,13.112,12.575,8.527,1.43681,4.53,0.88,False,True,False,False,False,False,True,0.3463529744506387
9443,5,1,1,0,0,1,306.36023,64.98821,75.8831,13.48156,44.1077802,290.4341483,0,0,0,0,2016,0,0,0,2016.0,13.6628,11.683,12.495,11.821,15.31,32.4272471,27.7634,16.7547,1.646801908,14.5976,0.53,16.863,215.233,3964.0,11.594,11.582,11.566,9.027,4.61727,4.73,0.55,False,True,False,False,False,False,True,-0.060480747381381476
9456,5,1,1,0,0,1,305.67933,66.94864,77.15097,15.03403,45.86613,289.1471849,0,0,0,0,2016,0,0,0,2016.0,15.2696,14.029,14.46,14.071,15.767,7.6532284,-7.3845,-2.01024,1.755835327,15.7976,0.88,16.984,1119.49,5470.0,14.047,14.018,12.734,9.146,0.865136,4.52,0.91,False,True,False,False,False,False,True,0.23804610312879543
9494,5,1,1,0,0,1,305.46764,67.1808,77.26857,15.2527,46.0575865,288.9240901,0,0,0,0,2016,0,0,0,2016.0,13.6831,12.66,13.05,12.752,14.262,10.4667754,-8.61473,5.94473,11.89520511,14.1258,1.0,15.027,691.331,5778.0,12.667,12.62,12.89,9.656,1.41767,4.44,1.0,False,True,False,False,False,False,True,0.12057393120584989
9505,5,1,1,0,0,1,293.75421,65.88614,73.21026,18.12442,43.5255701,283.1209268,0,0,0,0,2016,0,0,0,2016.0,13.682,12.015,12.683,12.112,14.603,26.326567,-16.1988,-20.753,4.45743164,14.3769,0.71,15.916,342.144,4679.0,12.008,11.939,12.118,9.304,2.89397,4.62,0.76,False,True,False,False,False,False,True,0.037426497940623665
9513,5,1,1,0,0,1,307.31264,62.16416,74.13226,11.19477,41.5751832,292.2339048,0,0,0,0,2016,0,0,0,2016.0,13.1628,12.271,12.548,12.352,13.618,4.0509223,-3.79751,-1.41028,13.5396293,13.5744,1.95,14.433,1484.25,6203.0,12.276,12.243,12.286,9.107,0.645076,4.01,1.41,False,True,False,False,False,False,True,0.36921585741014284
9522,5,1,1,0,0,1,313.31745,65.03553,78.11516,11.51112,45.2042317,294.266325,0,0,0,0,2016,0,0,0,2016.0,14.1001,13.156,13.473,13.183,14.678,18.2116017,-18.0546,-2.38618,22.70816791,14.5451,1.28,15.619,1213.71,6217.0,13.173,13.111,12.914,9.43,0.795359,4.3,1.19,False,True,False,False,False,False,True,0.37474834601010387
9555,5,1,1,0,0,1,301.67622,64.84917,74.40388,14.86112,43.3640752,287.8793899,0,0,0,0,2016,0,0,0,2016.0,15.2965,14.16,14.579,14.215,16.006,2.4769907,-2.39601,0.628187,7.97034958,15.8003,0.89,16.936,1077.63,5519.0,14.092,14.049,12.925,9.325,0.899772,4.51,0.92,False,True,False,False,False,False,True,0.33041377334919086
9566,5,1,1,0,0,1,320.68677,63.85099,79.97169,8.65569,45.4405583,299.0770621,0,0,0,0,2016,0,0,0,2016.0,15.007,13.141,13.875,13.257,16.163,19.3793528,-17.4389,-8.45246,10.71252541,15.8004,0.57,17.225,547.726,4253.0,13.185,13.084,12.445,9.231,1.79771,4.7,0.59,False,True,False,False,False,False,True,0.3283796034387377
9572,5,1,2,0,0,1,295.1753,67.7148,75.14127,18.67184,45.4339813,283.2920273,0,0,0,0,2016,0,0,0,2016.0,14.9515,13.753,14.178,13.76,15.749,27.844152,-24.3178,-13.5625,32.5637069,15.4855,0.84,16.439,940.211,5390.0,13.619,13.57,13.108,9.554,1.03527,4.54,0.89,False,True,False,False,False,False,True,0.3443922736851107
9579,5,1,2,0,0,0,295.1753,67.7148,75.14127,18.67184,45.4339813,283.2920273,0,0,0,0,2017,0,0,0,2023.0,14.9515,13.753,14.178,13.76,15.749,27.844152,-24.3178,-13.5625,59.284064,15.4855,0.859,16.439,940.211,5225.0,13.619,13.57,13.108,9.554,1.03527,4.505,0.861,True,False,True,False,False,False,False,0.25767857486918455
9593,5,1,1,0,0,1,311.83721,70.54368,81.41618,16.02501,50.0300654,290.235863,0,0,0,0,2016,0,0,0,2016.0,11.7557,10.971,11.253,10.982,12.208,2.3174338,-0.894075,-2.13802,6.11786898,12.1183,1.35,12.655,478.647,6302.0,10.97,10.927,10.984,9.622,2.06049,4.26,1.22,False,True,False,False,False,False,True,0.012837224705172217
9597,5,1,1,0,0,1,298.52939,60.60896,70.0806,13.29173,38.8945065,287.5296372,0,0,0,0,2016,0,0,0,2016.0,13.5197,12.203,12.719,12.261,14.321,2.5085694,2.50856,-0.0068839,3.97599768,14.0899,0.79,15.896,431.622,5183.0,12.198,12.142,12.321,8.424,2.28804,4.57,0.85,False,True,False,False,False,False,True,0.04921802267018165
9608,5,1,2,0,0,1,301.10105,66.32449,75.42234,15.9877,44.7082669,286.9712284,0,0,0,0,2016,0,0,0,2016.0,13.9708,13.07,13.362,13.08,14.521,3.460531,-2.21778,-2.65645,9.478522,14.3923,1.18,14.561,1575.2,6080.0,13.059,12.991,13.043,9.553001,0.605918,4.34,1.13,False,True,False,False,False,False,True,0.1903316981702915
9623,5,1,1,0,0,1,313.16386,71.30458,82.28058,16.30356,50.9028387,290.3484956,0,0,0,0,2016,0,0,0,2016.0,13.9408,12.737,13.223,12.822,14.65,0.1661007,-0.0978902,0.13419,33.2406882,14.466,0.86,15.312,634.906,5446.0,12.758,12.701,12.73,9.551,1.54633,4.53,0.9,False,True,False,False,False,False,True,0.22788670461367352
9634,5,1,1,0,0,1,321.97265,66.10174,81.68674,10.23657,47.6939654,298.3026595,0,0,0,0,2016,0,0,0,2016.0,15.2776,13.663,14.327,13.819,16.047,15.4644749,-11.0771,-10.7911,1.003933739,15.9292,0.75,17.133,820.905,4971.0,13.712,13.616,13.273,9.294,1.19075,4.6,0.79,False,True,False,False,False,False,True,0.23299611039215384
9645,5,1,1,0,0,1,303.89135,68.86834,78.16154,16.82074,47.455488,287.2977834,0,0,0,0,2016,0,0,0,2016.0,15.0158,13.686,14.146,13.771,15.755,15.1278893,10.5587,10.8336,55.8226539,15.6088,0.82,16.633,752.666,5157.0,13.597,13.565,12.934,9.538,1.3002,4.56,0.87,False,True,False,False,False,False,True,0.3979400086720376
9660,5,1,1,0,0,1,315.55551,66.03571,79.49374,11.69927,46.4914718,294.9115874,0,0,0,0,2016,0,0,0,2016.0,12.2748,11.409,11.719,11.456,12.707,4.6376528,3.47942,3.06618,6.11009134,12.6852,1.23,13.484,522.823,6191.0,11.398,11.362,11.271,9.312,1.88397,4.35,1.24,False,True,False,False,False,False,True,-0.026872146400301365
9671,11,1,2,0,1,1,307.08257,69.07218,79.12533,16.11474,48.040176,288.7930651,0,0,0,0,2014,0,0,0,2014.0,13.8478,13.011,13.324,12.988,14.282,10.4029148,-9.79023,3.51739,18.7959228,14.2472,1.606,15.056,1455.57,6150.0,12.984,12.959,12.519,9.058,0.658131,4.102,1.129,False,True,True,False,False,False,False,0.9062811557721531
9677,11,1,2,0,1,1,307.08257,69.07218,79.12533,16.11474,48.040176,288.7930651,0,0,0,0,2014,0,0,0,2014.0,13.8478,13.011,13.324,12.988,14.282,10.4029148,-9.79023,3.51739,50.790391,14.2472,1.606,15.056,1455.57,6150.0,12.984,12.959,12.519,9.058,0.658131,4.102,1.129,False,True,True,False,False,False,False,1.0913503523135788
9694,5,1,1,0,1,1,308.84565,64.25821,76.12959,12.21294,43.7795963,292.1685422,0,0,0,0,2016,0,0,0,2016.0,15.3012,13.806,14.458,13.995,16.204,16.279347,-15.4772,-5.04712,9.98969327,15.9093,0.76,16.864,1050.45,5069.0,13.987,13.915,13.093,9.43,0.924172,4.58,0.8,False,True,False,False,False,False,True,0.3820170425748684
9710,5,1,1,0,0,1,309.36113,58.66761,72.42526,7.96784,38.5915968,294.9589285,0,0,0,0,2016,0,0,0,2016.0,11.172,10.547,10.753,10.587,11.647,4.0547986,3.79183,1.43646,1.44259224,11.4587,1.95,11.851,573.0,7044.0,10.553,10.519,10.548,9.225,1.7171,4.05,1.58,False,True,False,False,False,False,True,0.4082399653118496
9715,5,1,1,0,0,1,302.38833,58.92489,70.04349,10.72143,37.7665499,290.4744875,0,0,0,0,2016,0,0,0,2016.0,15.3236,14.14,14.625,14.241,16.083,6.7060257,-3.53918,-5.69605,26.0204423,15.8463,0.89,16.95,1306.53,5558.0,14.14,14.174,12.887,9.088,0.737585,4.51,0.92,False,True,False,False,False,False,True,0.505149978319906
9727,5,1,1,0,0,1,311.97418,65.76543,78.16899,12.42904,45.6634153,293.1311803,0,0,0,0,2016,0,0,0,2016.0,13.2177,11.884,12.416,11.977,13.896,31.5845975,-28.5306,13.5496,0.7698536,13.8043,0.82,14.94,377.06,5252.0,11.839,11.798,11.907,9.319,2.62328,4.55,0.86,False,True,False,False,False,False,True,-0.05060999335508721
9737,5,1,1,0,0,1,290.92724,64.88081,71.65258,18.58354,42.298891,281.8314296,0,0,0,0,2016,0,0,0,2016.0,13.7214,12.762,13.151,12.81,14.271,2.8362024,-0.806594,-2.71909,6.89225223,14.159,1.04,14.678,1408.75,5936.0,12.741,12.718,13.026,9.396,0.680952,4.42,1.04,False,True,False,False,False,False,True,0.20139712432045148
9742,5,1,1,0,0,1,306.50806,67.84031,78.04933,15.41495,46.8129656,289.1426847,0,0,0,0,2016,0,0,0,2016.0,15.4099,14.149,14.628,14.279,15.972,22.0596803,21.9932,1.71133,37.94563,15.9163,0.86,16.94,1121.89,5453.0,14.187,14.157,13.162,9.554,0.863916,4.53,0.9,False,True,False,False,False,False,True,0.4756711883244297
9750,5,1,1,0,0,1,318.85294,64.05246,79.41623,9.27858,45.2742038,297.919724,0,0,0,0,2016,0,0,0,2016.0,14.5186,13.31,13.76,13.398,15.27,10.4609307,10.1613,-2.48577,24.1738579,15.0496,1.02,15.801,864.699,5844.0,13.363,13.301,12.205,9.551,1.12865,4.42,1.01,False,True,False,False,False,False,True,0.3891660843645325
9763,5,1,1,0,0,1,304.6699,70.84484,79.90298,17.92352,49.4062964,286.6714813,0,0,0,0,2016,0,0,0,2016.0,14.0312,12.967,13.35,13.035,14.773,2.8999773,-1.9904,2.10907,106.247547,14.5078,0.97,15.645,1299.97,5712.0,12.931,12.899,13.183,9.598,0.740452,4.46,0.98,False,True,False,False,False,False,True,0.2787536009528289
9776,5,1,1,0,0,1,304.46171,67.04624,76.89169,15.45036,45.8022258,288.4561183,0,0,0,0,2016,0,0,0,2016.0,13.3643,11.735,12.323,11.826,14.212,6.6428678,5.9762,2.90047,31.80634,13.9597,0.75,15.151,482.287,4990.0,11.676,11.639,11.593,9.34,2.04474,4.59,0.8,False,True,False,False,False,False,True,0.029383777685209663
9779,5,1,1,0,0,1,298.36819,69.86486,77.70078,18.96181,47.8104856,284.0974305,0,0,0,0,2016,0,0,0,2016.0,13.5109,12.189,12.699,12.246,14.214,37.1092703,-25.2183,-27.2238,2.685057492,14.0675,0.81,15.418,415.205,5212.0,12.208,12.152,12.225,9.452,2.37958,4.56,0.84,False,True,False,False,False,False,True,0.12057393120584989
9808,5,1,1,0,0,1,313.97494,62.6983,76.82303,9.52805,43.1559952,295.8874773,0,0,0,0,2016,0,0,0,2016.0,14.5287,13.521,13.887,13.548,15.081,14.3399581,-14.1093,-2.56165,16.8601286,14.9844,1.14,15.742,1596.8,6077.0,13.606,13.527,12.868,9.452,0.598893,4.36,1.09,False,True,False,False,False,False,True,0.29885307640970665
9827,5,1,2,0,0,1,302.2531,60.77,71.4054,11.99669,39.5234131,289.7473165,0,0,0,0,2016,0,0,0,2016.0,13.1137,12.363,12.606,12.385,13.549,8.5415652,-8.50731,0.764207,4.89337519,13.4553,1.3,14.137,938.417,6176.0,12.332,12.315,12.468,9.461,1.03682,4.27,1.17,False,True,False,False,False,False,True,0.19589965240923374
9829,5,1,2,0,0,0,302.2531,60.77,71.4054,11.99669,39.5234131,289.7473165,0,0,0,0,2017,0,0,0,2023.0,13.1137,12.363,12.606,12.385,13.549,8.5415652,-8.50731,0.764207,8.93484887,13.4553,1.347,14.137,938.417,6688.0,12.332,12.315,12.468,9.461,1.03682,4.304,1.336,True,False,True,False,False,False,False,0.2624510897304295
9836,5,1,1,0,0,1,315.15702,63.19507,77.56359,9.57788,43.8213706,296.3079895,0,0,0,0,2016,0,0,0,2016.0,14.8372,13.67,14.11,13.77,15.742,7.410793,4.26248,6.06227,11.17394617,15.3453,1.05,16.212,1545.39,5924.0,13.639,13.602,13.29,9.698,0.619142,4.41,1.04,False,True,False,False,False,False,True,0.3820170425748684
9846,5,1,1,0,0,1,305.60111,59.6134,71.69328,9.99015,38.8921946,292.2324228,0,0,0,0,2016,0,0,0,2016.0,15.2699,14.006,14.493,14.149,15.968,3.1269829,-2.57114,1.77968,28.5057189,15.8301,0.99,16.615,1919.19,5765.0,13.926,13.918,12.205,9.164,0.494531,4.45,1.0,False,True,False,False,False,False,True,0.45024910831936105
9859,5,1,1,0,1,1,310.23861,67.45462,78.81109,14.14281,46.9659514,291.282031,0,0,0,0,2016,0,0,0,2016.0,14.498,13.49,13.866,13.554,14.99,9.5981812,-8.67186,-4.11387,53.5991044,14.9314,1.07,15.659,1157.84,5983.0,13.53,13.474,12.445,9.576,0.835163,4.41,1.05,False,True,False,False,False,False,True,0.42813479402878885
9867,5,1,1,0,1,1,298.3033,61.08852,70.3975,13.67532,39.3326977,287.2411783,0,0,0,0,2016,0,0,0,2016.0,12.0699,10.981,11.386,11.039,12.63,14.6963652,-14.3766,3.04902,104.3518976,12.5524,0.87,13.793,459.273,5622.0,11.008,10.967,11.106,8.876,2.14871,4.54,0.96,False,True,False,False,False,False,True,0.12385164096708581
9874,5,1,1,0,0,1,305.63583,68.26686,78.14023,15.94461,47.1017438,288.4796333,0,0,0,0,2016,0,0,0,2016.0,14.7825,13.672,14.144,13.809,15.367,3.7528148,-2.66119,-2.64607,16.07677615,15.2673,0.93,16.113,1337.25,5635.0,13.727,13.667,12.795,9.511,0.719055,4.49,0.95,False,True,False,False,False,False,True,0.34830486304816066
9885,5,1,1,0,0,1,297.27226,60.16823,69.33061,13.51035,38.3185034,286.8919996,0,0,0,0,2016,0,0,0,2016.0,14.1065,13.151,13.507,13.155,14.73,8.0766725,-7.99434,1.15029,18.87064068,14.5664,1.09,15.13,1020.53,5975.0,13.051,13.047,12.426,9.39,0.951686,4.39,1.06,False,True,False,False,False,False,True,0.41664050733828095
9891,5,1,1,0,0,1,293.52351,65.52053,72.83394,18.00328,43.1480487,283.1038438,0,0,0,0,2016,0,0,0,2016.0,14.5294,13.519,13.921,13.613,14.941,4.845228,3.10108,3.72284,17.1369543,14.9676,1.06,15.694,1717.48,5913.0,13.587,13.535,12.484,9.161,0.553261,4.4,1.04,False,True,False,False,False,False,True,0.31806333496276157
9906,5,1,1,0,0,1,322.44785,66.28627,81.9521,10.28813,47.9468194,298.4264116,0,0,0,0,2016,0,0,0,2016.0,13.7562,12.675,13.066,12.77,14.463,9.4800067,6.39688,6.99646,3.78858982,14.249,1.16,15.195,782.852,6012.0,12.706,12.657,12.611,9.171,1.24877,4.36,1.11,False,True,False,False,False,False,True,0.24797326636180664
9935,5,1,1,0,0,1,301.58892,71.27778,79.57519,18.96771,49.4799506,284.9996582,0,0,0,0,2016,0,0,0,2016.0,13.8287,12.212,12.862,12.295,14.665,8.4927012,-7.08245,4.68667,10.45843441,14.494,0.72,16.107,342.509,4730.0,12.203,12.114,11.966,9.539,2.89083,4.62,0.76,False,True,False,False,False,False,True,0.12385164096708581
9941,5,1,1,0,0,1,311.93315,68.31846,79.89817,14.34968,48.0092619,291.6577923,0,0,0,0,2016,0,0,0,2016.0,14.7794,13.526,14.081,13.648,15.319,9.7881334,-7.45451,6.34333,5.60014851,15.3125,0.81,16.523,955.536,5308.0,13.609,13.527,13.162,9.73,1.01819,4.56,0.85,False,True,False,False,False,False,True,0.17897694729316943
9953,5,1,1,0,0,1,292.24021,66.40077,73.31959,18.91752,43.8964934,282.1405603,0,0,0,0,2016,0,0,0,2016.0,15.1878,13.922,14.493,14.1,15.858,13.460085,-13.3932,-1.34018,25.2034787,15.6807,0.83,16.636,1304.19,5438.0,14.17,14.055,12.586,8.899,0.738486,4.55,0.86,False,True,False,False,False,False,True,0.37291200297010657
9957,5,1,1,0,0,1,309.64526,72.22301,82.09102,17.72552,51.2756446,288.1447323,0,0,0,0,2016,0,0,0,2016.0,12.9919,12.065,12.425,12.09,13.577,10.3444568,2.43782,-10.0531,2.832652134,13.4208,1.21,14.337,802.116,5908.0,12.008,11.961,11.647,8.917,1.21792,4.31,1.08,False,True,False,False,False,False,True,0.12057393120584989
9977,5,1,1,0,0,1,294.45747,63.07871,70.94977,16.30468,40.8529319,284.3510523,0,0,0,0,2016,0,0,0,2016.0,15.3039,13.712,14.442,13.949,16.003,14.024655,-10.5041,-9.29273,8.49642241,15.9123,0.71,17.109,918.566,4965.0,13.885,13.81,12.74,8.952,1.06088,4.61,0.74,False,True,False,False,False,False,True,0.31806333496276157
9985,5,1,1,0,0,1,309.26428,64.33091,76.31541,12.14041,43.9108663,292.369585,0,0,0,0,2016,0,0,0,2016.0,14.343,13.262,13.647,13.289,15.009,14.7168678,14.7122,0.370634,66.1849031,14.8324,0.97,15.811,922.333,5756.0,13.232,13.193,12.228,9.351,1.05577,4.46,0.98,False,True,False,False,False,False,True,0.34830486304816066
10000,5,1,1,0,0,1,307.1667,63.26072,74.87347,12.01924,42.5907441,291.6693437,0,0,0,0,2016,0,0,0,2016.0,14.4234,12.814,13.47,12.91,15.346,8.947158,5.83482,6.78281,2.03231845,15.1132,0.72,16.706,486.94,4708.0,12.681,12.695,12.559,9.374,2.02521,4.62,0.78,False,True,False,False,False,False,True,0.09691001300805642
10008,5,1,1,0,0,1,304.3201,66.04786,76.08521,14.82277,44.838198,288.8339659,0,0,0,0,2016,0,0,0,2016.0,14.2473,13.012,13.483,13.149,14.986,11.1778134,-11.0002,-1.98472,7.6847716,14.7693,0.9,15.959,743.03,5517.0,13.063,12.995,12.335,9.313,1.31727,4.5,0.93,False,True,False,False,False,False,True,0.1673173347481761
10041,10,1,1,0,0,1,304.5532,71.53564,80.42341,18.40736,50.0403671,286.2434458,0,4,0,0,2015,0,0,0,2011.0,12.9614,12.066,12.406,12.107,13.468,4.4483512,3.2354,3.05287,4.4379629,13.3596,1.483,14.271,881.386,5947.0,12.079,12.051,11.882,9.116,1.1057,4.175,1.166,False,True,True,False,False,False,False,1.293596458194673
10075,5,1,1,0,0,1,315.86195,63.39416,77.94098,9.53918,44.1292537,296.6034317,0,0,0,0,2016,0,0,0,2016.0,15.0274,13.202,13.96,13.379,16.06,0.8037501,0.754598,-0.27676,1.118549717,15.7889,0.7,17.567,588.715,4612.0,13.299,13.154,12.58,9.218,1.67082,4.63,0.74,False,True,False,False,False,False,True,0.02530586526477026
10083,5,1,1,0,0,1,310.3412,60.87017,74.29522,9.26258,40.8331158,294.6147908,0,0,0,0,2016,0,0,0,2016.0,14.227,13.157,13.562,13.265,14.765,11.3985817,-9.39505,-6.45451,15.18725932,14.7003,1.24,15.456,944.241,6177.0,13.22,13.162,12.357,8.69,1.03091,4.32,1.15,False,True,False,False,False,False,True,0.359835482339888
10092,5,1,1,0,0,1,309.75445,65.04532,76.97284,12.51696,44.6532281,292.290606,0,0,0,0,2016,0,0,0,2016.0,15.0956,13.946,14.348,14.046,15.833,4.7158761,-4.2343,2.0761,28.6851324,15.6084,1.04,16.724,1175.38,5834.0,13.93,13.828,13.072,9.471,0.822781,4.42,1.03,False,True,False,False,False,False,True,0.46834733041215726
10104,5,1,1,0,0,1,310.1115,64.47829,76.69173,11.99808,44.178088,292.7734523,0,0,0,0,2016,0,0,0,2016.0,14.0801,12.059,12.861,12.191,15.385,11.0516071,-0.412665,11.0439,0.588000765,14.9147,0.61,16.99,317.022,4105.0,12.077,12.01,12.123,9.32,3.1258,4.67,0.64,False,True,False,False,False,False,True,0.02530586526477026
10107,5,1,1,0,0,1,303.61061,63.68602,74.069,13.46382,42.4981476,289.4415238,0,0,0,0,2016,0,0,0,2016.0,14.816,13.771,14.119,13.801,15.45,3.7969122,0.363419,3.77948,85.7350285,15.295,1.03,16.003,1175.22,5825.0,13.847,13.777,12.814,9.344,0.822404,4.42,1.03,False,True,False,False,False,False,True,0.48429983934678583
10118,5,1,1,0,0,1,304.27522,62.5617,73.42429,12.48421,41.5150499,290.2796734,0,0,0,0,2016,0,0,0,2016.0,14.5479,13.262,13.87,13.409,15.316,3.4212768,2.42853,-2.40985,1.078390352,15.1303,0.81,16.253,698.485,5226.0,13.02,12.985,12.583,9.329001,1.40312,4.56,0.84,False,True,False,False,False,False,True,0.14921911265537988
10132,5,1,1,0,0,1,320.9725,68.68633,82.81438,12.60425,49.7911337,295.9383737,0,0,0,0,2016,0,0,0,2016.0,15.2659,13.742,14.29,13.762,15.971,2.6201287,-1.41142,-2.20748,1.216997663,15.9286,0.75,17.261,762.019,4877.0,13.771,13.386,12.706,9.322,1.28463,4.6,0.8,False,True,False,False,False,False,True,0.21484384804769785
10134,5,1,1,0,0,1,319.042,68.57127,82.15527,12.91225,49.3589615,295.0641963,0,0,0,0,2016,0,0,0,2016.0,13.9921,13.017,13.365,13.071,14.595,5.2024972,-4.88189,-1.79809,13.68237119,14.4485,1.06,15.31,1754.19,5909.0,13.007,12.989,13.051,9.425,0.54123,4.41,1.06,False,True,False,False,False,False,True,0.20951501454263097
10149,5,1,1,0,0,1,309.02644,65.05753,76.75288,12.73691,44.5557587,291.8812445,0,0,0,0,2016,0,0,0,2016.0,15.3121,13.788,14.42,13.923,16.256,2.9276967,-2.4957,1.53065,11.08507637,15.9464,0.76,16.872,825.176,5001.0,13.845,13.747,12.5,9.268,1.18475,4.59,0.8,False,True,False,False,False,False,True,0.3654879848908996
10160,5,1,1,0,0,1,306.08261,70.39909,79.88527,17.27693,49.1547328,287.5849352,0,0,0,0,2016,0,0,0,2016.0,12.0388,11.239,11.499,11.274,12.554,9.7421866,-9.72661,0.550688,25.369116,12.4115,1.38,13.493,505.531,6210.0,11.244,11.208,11.451,9.542,1.94973,4.24,1.23,False,True,False,False,False,False,True,0.17897694729316943
10188,5,1,1,0,0,1,314.09738,68.1917,80.4378,13.72935,48.2193376,292.8321598,0,0,0,0,2016,0,0,0,2016.0,15.0466,13.833,14.266,13.936,15.649,3.9173821,-3.71413,-1.24544,8.07124073,15.566,0.92,16.783,1176.53,5568.0,13.959,13.831,13.26,9.520001,0.821945,4.49,0.94,False,True,False,False,False,False,True,0.23044892137827394
10198,5,1,1,0,0,1,296.67917,62.8474,71.36435,15.34854,40.8569116,285.7207618,0,0,0,0,2016,0,0,0,2016.0,15.3535,14.318,14.753,14.325,16.016,11.7671817,-11.3268,-3.18907,11.01816836,15.8278,0.94,16.753,1826.53,5705.0,14.384,14.3,13.016,9.105,0.518186,4.48,0.96,False,True,False,False,False,False,True,0.4065401804339551
10207,5,1,1,0,0,1,322.71577,68.61529,83.31751,12.19643,50.0373196,296.8534096,0,0,0,0,2016,0,0,0,2016.0,14.5562,13.565,13.872,13.544,15.133,8.6155201,-4.59033,-7.29082,12.94130146,15.0235,1.15,15.8,1316.57,6051.0,13.507,13.471,12.52,9.269,0.731062,4.36,1.1,False,True,False,False,False,False,True,0.33041377334919086
10220,5,1,1,0,0,1,311.67331,71.57349,82.09998,16.82071,50.9441967,289.4858423,0,0,0,0,2016,0,0,0,2016.0,12.9266,11.988,12.367,12.043,13.416,5.4593837,4.93386,2.33707,5.34982412,13.342,1.21,13.859,807.812,6050.0,12.007,11.965,12.084,9.625,1.20905,4.33,1.14,False,True,False,False,False,False,True,0.07554696139253074
10228,5,1,1,0,0,1,302.19041,71.55106,79.92744,18.9896,49.8006565,285.1427113,0,0,0,0,2016,0,0,0,2016.0,14.6382,13.351,13.832,13.384,15.459,11.6042975,1.4134,11.5179,18.82634264,15.2226,0.8,16.269,729.227,5130.0,13.242,13.195,13.088,8.908,1.34295,4.57,0.85,False,True,False,False,False,False,True,0.37291200297010657
10237,5,1,1,0,0,1,321.29561,66.79481,81.84303,10.96452,48.1813978,297.4636477,0,0,0,0,2016,0,0,0,2016.0,13.9003,12.714,13.162,12.807,14.539,5.5298545,-4.83527,2.68318,4.76703963,14.4254,0.93,15.441,661.022,5616.0,12.747,12.687,12.973,9.514,1.48405,4.48,0.95,False,True,False,False,False,False,True,0.08635983067474823
10248,5,1,1,0,0,1,302.7633,67.38748,76.70687,16.16963,45.917979,287.4052661,0,0,0,0,2016,0,0,0,2016.0,14.6382,13.613,13.97,13.643,15.262,10.8912108,-2.55822,-10.5865,4.37034536,15.107,0.98,16.076,1258.36,5743.0,13.58,13.549,13.061,9.451,0.766115,4.46,0.99,False,True,False,False,False,False,True,0.14301480025409505
10257,5,1,1,0,0,1,311.12158,71.64616,82.01835,16.9924,50.9375614,289.1866841,0,0,0,0,2016,0,0,0,2016.0,14.7909,13.807,14.121,13.834,15.343,2.2379739,-1.19709,1.8909,2.032325072,15.2415,1.08,15.747,1347.71,5905.0,13.872,13.792,12.89,9.547,0.713438,4.4,1.06,False,True,False,False,False,False,True,0.29885307640970665
10261,5,1,1,0,0,1,308.52717,65.11031,76.63511,12.92087,44.5316825,291.5788505,0,0,0,0,2016,0,0,0,2016.0,13.1286,12.177,12.501,12.227,13.73,19.4818242,-8.24051,-17.6532,22.9221266,13.5511,1.1,14.614,840.503,5986.0,12.157,12.127,11.853,9.235,1.16109,4.38,1.06,False,True,False,False,False,False,True,0.15836249209524964
10272,5,1,1,0,0,1,320.00372,66.15721,81.04443,10.72541,47.3785082,297.2158443,0,0,0,0,2016,0,0,0,2016.0,11.7902,10.809,11.136,10.846,12.339,6.151657,-2.20168,5.74417,16.10467749,12.2321,1.94,12.918,880.895,5944.0,10.774,10.738,10.703,9.317,1.10685,3.97,1.25,False,True,False,False,False,False,True,0.32633586092875144
10350,5,1,1,0,0,1,315.55286,62.2023,77.08701,8.68505,42.9777396,297.070398,0,0,0,0,2016,0,0,0,2016.0,14.4435,13.208,13.706,13.345,15.194,5.5614744,-3.21728,4.53642,7.42693741,14.9649,0.99,15.898,961.907,5842.0,13.274,13.164,13.145,9.56,1.01233,4.45,1.0,False,True,False,False,False,False,True,0.18184358794477257
10363,5,1,1,0,0,1,318.79168,68.64213,82.12187,13.02315,49.3798215,294.889616,0,0,0,0,2016,0,0,0,2016.0,13.5242,12.187,12.704,12.264,14.21,13.419514,13.4189,-0.128369,1.916944254,14.0908,0.8,15.239,415.218,5239.0,12.201,12.149,12.419,9.359,2.3796,4.56,0.84,False,True,False,False,False,False,True,-0.10237290870955856
10379,5,1,1,0,0,1,298.12921,66.50444,74.80477,17.03433,44.5527542,285.2956462,0,0,0,0,2016,0,0,0,2016.0,13.9552,12.429,13.055,12.561,14.911,17.1831356,6.65421,-15.8424,16.301259,14.6119,0.75,15.706,459.957,4870.0,12.432,12.368,12.118,8.676,2.14535,4.6,0.8,False,True,False,False,False,False,True,0.08635983067474823
10384,5,1,1,0,0,1,296.51119,59.45555,68.50921,13.3833,37.537313,286.6257591,0,0,0,0,2016,0,0,0,2016.0,12.4299,11.588,11.891,11.635,12.926,3.1530332,1.9482,2.47914,13.32351601,12.825,1.22,14.257,559.598,6155.0,11.602,11.561,11.449,9.273,1.75853,4.34,1.18,False,True,False,False,False,False,True,0.12385164096708581
10391,5,1,1,0,0,1,303.95553,61.166,72.27105,11.64822,40.1369671,290.6332748,0,0,0,0,2016,0,0,0,2016.0,14.2207,13.282,13.664,13.373,14.819,8.5580979,-7.67321,-3.78984,7.01075434,14.632,1.19,15.497,1347.52,6140.0,13.308,13.275,12.83,9.345,0.713579,4.34,1.13,False,True,False,False,False,False,True,0.2600713879850748
10405,5,1,1,0,0,1,322.78707,69.2734,83.7023,12.73735,50.6214592,296.3768521,0,0,0,0,2016,0,0,0,2016.0,13.7054,12.645,13.068,12.741,14.324,4.4089436,-3.12689,-3.10827,17.2923453,14.1497,1.02,14.761,1125.72,5923.0,12.691,12.647,13.099,9.483,0.860293,4.43,1.02,False,True,False,False,False,False,True,0.16136800223497488
10418,5,1,1,0,0,1,299.41277,63.58169,72.74433,14.81853,41.8749712,287.0664109,0,0,0,0,2016,0,0,0,2016.0,13.6907,12.507,12.963,12.636,14.276,12.2010896,9.99787,6.99351,94.2887577,14.1758,0.95,14.871,623.706,5747.0,12.489,12.477,12.32,9.394,1.57451,4.47,0.97,False,True,False,False,False,False,True,0.359835482339888
10428,5,1,1,0,0,1,318.55672,65.98758,80.45666,10.92515,46.9661945,296.552761,0,0,0,0,2016,0,0,0,2016.0,14.271,12.799,13.383,12.877,15.061,50.3022998,-19.2792,-46.4611,0.577369579,14.8612,0.74,16.051,515.453,5063.0,12.834,12.789,12.824,9.355,1.91138,4.59,0.78,False,True,False,False,False,False,True,0.1875207208364631
10431,5,1,1,0,0,1,319.98756,65.73334,80.79418,10.38018,46.9966782,297.4868347,0,0,0,0,2016,0,0,0,2016.0,14.4978,12.374,13.228,12.573,16.124,22.0302647,-4.23793,21.6188,86.828989,15.5104,0.51,16.514,265.482,3784.0,12.192,12.212,11.426,8.912,3.73881,4.75,0.54,False,True,False,False,False,False,True,0.14612803567823798
10472,5,1,1,0,0,1,293.07598,64.09168,71.4697,17.37988,41.7114526,283.2645129,0,0,0,0,2016,0,0,0,2016.0,14.8144,13.915,14.232,13.875,15.628,7.5788054,-6.75261,-3.44101,9.95661537,15.2743,1.08,16.233,1364.22,5961.0,13.83,13.812,12.796,9.433,0.704679,4.4,1.06,False,True,False,False,False,False,True,0.4329692908744057
10478,5,1,1,0,0,1,302.31998,63.97349,73.90304,14.08078,42.6056644,288.5882888,0,0,0,0,2016,0,0,0,2016.0,14.2256,13.175,13.55,13.238,14.808,9.3467597,-1.8185,-9.16815,10.41725184,14.714,1.0,15.367,987.237,5778.0,13.122,13.078,12.871,9.209,0.984289,4.44,1.01,False,True,False,False,False,False,True,0.15228834438305647
10490,5,1,1,0,0,1,321.03278,67.89125,82.37845,11.93253,49.102307,296.5500966,0,0,0,0,2016,0,0,0,2016.0,14.2122,12.965,13.451,13.087,14.97,10.4434458,-2.16156,10.2173,26.7839183,14.7619,0.89,15.939,632.865,5471.0,12.997,12.863,13.061,9.211,1.55144,4.51,0.92,False,True,False,False,False,False,True,0.28555730900777376
10500,5,1,1,0,0,1,319.46254,65.4675,80.45898,10.28553,46.6622201,297.3750954,0,0,0,0,2016,0,0,0,2016.0,14.2417,13.258,13.594,13.316,14.82,1.2416108,-0.384085,-1.18071,45.1263042,14.6594,1.25,14.164,1178.7,6198.0,13.282,13.217,12.422,9.06,0.820419,4.3,1.16,False,True,False,False,False,False,True,0.414973347970818
10512,5,1,1,0,0,1,308.60302,72.47117,82.04089,18.12452,51.3759464,287.5220359,0,0,0,0,2016,0,0,0,2016.0,15.2468,13.797,14.354,13.863,15.915,15.0002581,14.7895,-2.50568,11.94014029,15.878,0.76,17.332,916.749,4967.0,13.753,13.695,13.065,9.434,1.06285,4.59,0.8,False,True,False,False,False,False,True,0.4487063199050799
10518,5,1,1,0,0,1,297.07191,65.99826,74.11429,17.07616,43.9540616,284.9030677,0,0,0,0,2016,0,0,0,2016.0,13.3661,12.199,12.631,12.273,14.079,26.7226811,25.1265,9.09729,4.16055856,13.8765,0.9,14.928,540.604,5541.0,12.252,12.176,12.399,8.767,1.82094,4.5,0.93,False,True,False,False,False,False,True,-0.10237290870955856
10533,5,1,1,0,0,1,313.09557,62.20439,76.18608,9.40712,42.5458739,295.6247375,0,0,0,0,2016,0,0,0,2016.0,15.3409,14.018,14.551,14.098,16.145,2.9393115,-1.48462,2.53682,31.0571618,15.9248,0.82,16.676,999.64,5337.0,14.094,14.002,12.936,9.116,0.973229,4.55,0.86,False,True,False,False,False,False,True,0.33041377334919086
10539,5,1,1,0,0,1,314.91926,64.18538,78.10615,10.41831,44.6905815,295.6292745,0,0,0,0,2016,0,0,0,2016.0,15.1631,13.851,14.326,13.97,16.012,6.129054,-5.96125,-1.42436,84.5733226,15.7553,0.9,16.864,1064.31,5472.0,13.927,13.867,13.276,9.554,0.912359,4.5,0.94,False,True,False,False,False,False,True,0.456366033129043
10550,5,1,1,0,0,1,314.56653,59.35929,74.9302,6.74946,40.1628378,297.9057655,0,0,0,0,2016,0,0,0,2016.0,14.2804,13.259,13.625,13.341,14.919,4.515416,-3.80281,-2.43467,4.14787559,14.7328,1.48,15.467,1632.13,6386.0,13.263,13.263,11.283,8.262,0.585003,4.21,1.3,False,True,False,False,False,False,True,0.28555730900777376
10603,5,1,1,0,0,1,292.11179,63.00214,70.26775,17.14732,40.5574322,282.9997682,0,0,0,0,2016,0,0,0,2016.0,13.4546,12.361,12.759,12.414,14.092,9.6590081,-7.17358,6.46809,4.8663815,13.9609,0.96,14.916,862.186,5682.0,12.283,12.257,11.745,8.744,1.13114,4.47,0.98,False,True,False,False,False,False,True,0.06069784035361165
10610,5,1,1,0,0,1,308.73301,58.63597,72.16176,8.16713,38.4569588,294.5762033,0,0,0,0,2016,0,0,0,2016.0,15.1014,13.764,14.298,13.823,15.886,10.6232203,-8.76606,-6.00075,18.5525701,15.669,0.8,16.173,968.722,5261.0,13.954,13.796,12.283,8.841,1.00482,4.56,0.84,False,True,False,False,False,False,True,0.41995574848975786
10626,5,1,1,0,0,1,295.04255,63.37115,71.35665,16.25525,41.196344,284.6062174,0,0,0,0,2016,0,0,0,2016.0,14.8528,13.343,13.975,13.383,15.714,8.0366477,-7.98647,-0.896662,13.62798432,15.4984,0.74,17.084,687.615,4895.0,13.176,13.148,12.375,9.335,1.42599,4.6,0.77,False,True,False,False,False,False,True,0.35410843914740087
10629,5,1,1,0,0,1,310.95723,62.94673,75.92365,10.61295,42.8807779,294.009397,0,0,0,0,2016,0,0,0,2016.0,14.3259,13.168,13.603,13.245,14.898,10.0391835,-0.0409567,-10.0391,16.8320729,14.8331,0.94,15.685,758.17,5667.0,13.234,13.163,12.945,9.527,1.29057,4.48,0.96,False,True,False,False,False,False,True,0.24303804868629444
10640,5,1,1,0,0,1,294.06355,68.93,75.97691,19.68291,46.5161814,282.3012505,0,0,0,0,2016,0,0,0,2016.0,11.9966,11.269,11.503,11.351,12.444,3.9145732,-3.91132,-0.15956,3.70428172,12.3234,1.77,13.492,1075.81,6680.0,11.276,11.253,11.292,9.326,0.900907,4.1,1.46,False,True,False,False,False,False,True,0.13033376849500614
10653,5,1,2,0,0,1,306.21196,64.11431,75.19259,12.91958,43.260753,290.7443078,0,0,0,0,2016,0,0,0,2016.0,14.818,13.519,14.001,13.57,15.582,7.1462926,-6.9284,1.75122,4.35409304,15.3721,0.83,16.45,805.936,5306.0,13.49,13.429,12.41,9.129,1.21237,4.55,0.86,False,True,False,False,False,False,True,0.15836249209524964
10657,5,1,2,0,0,1,306.21196,64.11431,75.19259,12.91958,43.260753,290.7443078,0,0,0,0,2016,0,0,0,2016.0,14.818,13.519,14.001,13.57,15.582,7.1462926,-6.9284,1.75122,2.936584681,15.3721,0.83,16.45,805.936,5306.0,13.49,13.429,12.41,9.129,1.21237,4.55,0.86,False,True,False,False,False,False,True,0.15836249209524964
10667,5,1,1,0,0,1,306.0309,70.22103,79.73595,17.1689,48.9822053,287.6572346,0,0,0,0,2016,0,0,0,2016.0,14.3396,12.59,13.286,12.686,15.27,27.932397,12.266,-25.0951,11.32271513,15.0318,0.69,16.742,436.505,4611.0,12.517,12.508,12.524,9.001,2.26281,4.63,0.73,False,True,False,False,False,False,True,0.13353890837021754
10680,5,1,1,0,0,1,315.0986,66.25818,79.48787,11.98841,46.6182365,294.5335974,0,0,0,0,2016,0,0,0,2016.0,15.3437,14.069,14.534,14.069,15.925,10.7905452,-8.85072,6.17257,13.71220213,15.9013,0.82,17.149,1045.92,5303.0,14.071,14.029,12.9,9.736,0.92864,4.55,0.86,False,True,False,False,False,False,True,0.367355921026019
10698,5,1,1,0,0,1,316.50752,63.53268,78.25844,9.47328,44.3717429,296.8948517,0,0,0,0,2016,0,0,0,2016.0,14.8733,13.828,14.167,13.873,15.391,9.774554,-9.61784,-1.74329,24.3347127,15.3518,1.28,16.365,1904.54,6202.0,13.865,13.782,12.991,9.501,0.497523,4.29,1.19,False,True,False,False,False,False,True,0.37657695705651195
10736,5,1,1,0,0,1,303.48097,67.36216,76.87489,15.94425,45.9802492,287.7938184,0,0,0,0,2016,0,0,0,2016.0,15.1009,14.008,14.432,14.14,15.693,5.737157,-0.794201,-5.68192,2.607543834,15.5694,0.98,16.386,2126.85,5717.0,14.134,14.025,12.858,9.298,0.440291,4.46,0.99,False,True,False,False,False,False,True,0.28330122870354957
10744,5,1,1,0,0,1,314.11457,69.33145,81.1983,14.59844,49.2563792,292.1151093,0,0,0,0,2016,0,0,0,2016.0,14.4392,13.269,13.724,13.359,15.024,10.1273376,-9.49343,-3.52672,45.0904643,14.9391,0.89,15.959,902.204,5545.0,13.351,13.318,12.736,9.103,1.08,4.51,0.92,False,True,False,False,False,False,True,0.2648178230095365
10752,5,1,1,0,0,1,321.80223,65.01043,81.02454,9.35899,46.6928437,298.9503634,0,0,0,0,2016,0,0,0,2016.0,13.941,12.69,13.159,12.816,14.743,12.51581,10.6798,6.5259,15.0540329,14.4946,1.09,15.568,648.979,5949.0,12.708,12.642,12.607,9.309,1.51226,4.38,1.06,False,True,False,False,False,False,True,0.22271647114758325
10763,5,1,1,0,0,1,297.83126,69.73815,77.47721,19.03753,47.6371507,283.8852196,0,0,0,0,2016,0,0,0,2016.0,12.0249,11.016,11.387,11.065,12.588,21.8034806,-19.5092,9.73565,68.8861915,12.4566,1.1,13.336,514.524,5850.0,11.009,10.974,10.78,8.959,1.91487,4.33,0.97,False,True,False,False,False,False,True,0.12385164096708581
10773,5,1,3,0,0,1,301.23047,70.56841,78.91187,18.61756,48.7700099,285.1733174,0,0,0,0,2016,0,0,0,2016.0,14.7078,13.292,13.866,13.288,15.541,1.8091524,-1.61016,-0.824874,9.99113313,15.3024,0.75,16.504,622.818,4985.0,13.266,13.205,12.495,9.62,1.577,4.59,0.78,False,True,False,False,False,False,True,0.1903316981702915
10785,5,1,3,0,0,1,301.23047,70.56841,78.91187,18.61756,48.7700099,285.1733174,0,0,0,0,2016,0,0,0,2016.0,14.7078,13.292,13.866,13.288,15.541,1.8091524,-1.61016,-0.824874,3.60084276,15.3024,0.75,16.504,622.818,4985.0,13.266,13.205,12.495,9.62,1.577,4.59,0.78,False,True,False,False,False,False,True,0.11394335230683679
10791,5,1,3,0,0,1,301.23047,70.56841,78.91187,18.61756,48.7700099,285.1733174,0,0,0,0,2016,0,0,0,2016.0,14.7078,13.292,13.866,13.288,15.541,1.8091524,-1.61016,-0.824874,5.72717226,15.3024,0.75,16.504,622.818,4985.0,13.266,13.205,12.495,9.62,1.577,4.59,0.78,False,True,False,False,False,False,True,0.11727129565576427
10803,5,1,1,0,0,1,312.6707,62.47668,76.21133,9.74242,42.7264842,295.2392569,0,0,0,0,2016,0,0,0,2016.0,14.7301,13.692,14.036,13.706,15.308,1.6672428,-0.348841,1.63034,36.2919336,15.199,1.12,15.147,1617.07,6018.0,13.657,13.608,12.565,9.364,0.590994,4.37,1.08,False,True,False,False,False,False,True,0.3654879848908996
10807,5,1,1,0,0,1,308.48656,65.27847,76.74286,13.05333,44.6834119,291.4742443,0,0,0,0,2016,0,0,0,2016.0,13.1133,12.234,12.486,12.284,13.685,17.7220972,-17.0933,-4.67887,12.4127754,13.513,1.36,14.135,891.192,6129.0,12.173,12.142,12.196,8.994,1.09336,4.23,1.17,False,True,False,False,False,False,True,0.17318626841227405
10816,5,1,1,0,0,1,316.46927,64.91505,79.09698,10.58208,45.6270165,296.0756231,0,0,0,0,2016,0,0,0,2016.0,14.9945,13.848,14.289,13.851,15.644,12.883979,-8.81615,-9.39534,2.668313762,15.5124,0.87,16.478,1105.95,5502.0,13.907,13.844,12.695,8.961,0.876807,4.52,0.9,False,True,False,False,False,False,True,0.18184358794477257
10828,5,1,1,0,0,1,302.90013,71.67807,80.18131,18.89697,49.9948186,285.4049723,0,0,0,0,2016,0,0,0,2016.0,13.3575,12.382,12.763,12.388,13.929,22.5632876,22.5245,1.32244,0.984940167,13.7847,0.99,14.319,717.555,5839.0,12.356,12.312,12.182,9.565,1.36485,4.45,0.99,False,True,False,False,False,False,True,-0.06550154875643228
10836,5,1,1,0,0,1,320.48083,65.59893,80.88765,10.15452,46.9676288,297.8414628,0,0,0,0,2016,0,0,0,2016.0,14.7354,13.28,13.872,13.339,15.556,10.0292858,-5.80162,-8.18094,0.663085258,15.333,0.77,16.47,805.562,5053.0,13.214,13.147,12.847,8.645001,1.2131,4.58,0.8,False,True,False,False,False,False,True,0.15533603746506178
10900,5,1,1,0,0,1,301.3764,70.59101,78.96242,18.59368,48.8066963,285.2324786,0,0,0,0,2016,0,0,0,2016.0,14.9769,13.558,14.109,13.633,15.817,5.568581,-5.56463,0.209732,48.4308991,15.5817,0.77,16.695,744.294,5006.0,13.472,13.4,13.164,9.199,1.31506,4.58,0.82,False,True,False,False,False,False,True,0.35410843914740087
10908,5,1,1,0,0,1,302.35762,63.5586,73.59131,13.79639,42.2131694,288.7718287,0,0,0,0,2016,0,0,0,2016.0,14.71,13.629,14.059,13.719,15.155,11.0967179,-11.0898,-0.391771,8.67900242,15.1837,0.98,15.81,1054.87,5771.0,13.662,13.633,12.66,9.298,0.919613,4.45,0.99,False,True,False,False,False,False,True,0.2600713879850748
10919,5,1,1,0,0,1,301.83778,68.3775,77.26389,17.07331,46.7526182,286.483626,0,0,0,0,2016,0,0,0,2016.0,14.43,13.08,13.635,13.219,15.173,1.4754558,-1.47364,0.0731778,4.55139967,15.0007,0.8,16.071,664.83,5213.0,13.153,13.047,12.402,8.74,1.47547,4.56,0.84,False,True,False,False,False,False,True,0.05690485133647256
10922,5,1,1,0,0,1,306.35316,66.15915,76.74948,14.29626,45.2115075,289.8844102,0,0,0,0,2016,0,0,0,2016.0,14.0028,12.901,13.305,12.959,14.629,2.4582494,-2.39742,0.543477,0.968526023,14.4788,0.98,15.424,801.993,5791.0,12.798,12.808,12.928,9.38,1.21925,4.45,0.99,False,True,False,False,False,False,True,0.07188200730612537
10933,5,1,1,0,0,1,298.68655,69.07058,77.09588,18.40058,47.0795646,284.5858364,0,0,0,0,2016,0,0,0,2016.0,14.8923,13.2,13.939,13.32,16.024,6.8511287,5.30115,4.34002,6.49441289,15.5655,0.69,17.098,583.641,4630.0,13.295,13.217,12.688,9.304,1.68501,4.63,0.71,False,True,False,False,False,False,True,0.13033376849500614
10959,5,1,1,0,0,1,318.94642,62.01362,78.26219,7.58873,43.4410533,299.1695093,0,0,0,0,2016,0,0,0,2016.0,15.2455,13.937,14.411,14.092,15.846,10.2230908,-9.30999,-4.22323,13.0313945,15.8136,1.2,17.477,1379.43,6096.0,14.049,13.907,12.545,9.189,0.697575,4.33,1.15,False,True,False,False,False,False,True,0.47856649559384334
10974,5,1,1,0,0,1,301.46777,64.65562,74.19149,14.80444,43.1531776,287.838419,0,0,0,0,2016,0,0,0,2016.0,14.7874,13.764,14.153,13.909,15.484,15.6592351,-13.7815,-7.43518,40.9903986,15.2224,1.09,15.975,1840.77,5904.0,13.899,13.83,12.929,9.446,0.514107,4.38,1.06,False,True,False,False,False,False,True,0.3074960379132129
10982,5,1,1,0,0,1,302.98895,66.75182,76.26546,15.68836,45.3405371,287.8055442,0,0,0,0,2016,0,0,0,2016.0,13.1423,12.218,12.498,12.23,13.658,6.0825656,-4.5606,-4.02474,37.3331536,13.5701,1.15,14.461,1097.23,5998.0,12.196,12.151,12.073,9.253,0.882619,4.36,1.1,False,True,False,False,False,False,True,0.21218760440395779
11031,5,1,1,0,0,1,303.97208,70.1198,79.16873,17.62165,48.6452552,286.7156676,0,0,0,0,2016,0,0,0,2016.0,12.6894,11.242,11.843,11.333,13.562,9.5472232,-9.54512,0.200386,6.03356196,13.2851,3.38,14.871,1095.05,5047.0,11.231,11.173,11.185,9.184,0.884313,3.49,1.28,False,True,False,False,False,False,True,0.5211380837040362
11048,5,1,1,0,0,1,296.02839,59.38285,68.29791,13.53624,37.4119347,286.3442954,0,0,0,0,2016,0,0,0,2016.0,13.4436,12.503,12.861,12.569,14.075,9.3847595,-9.34609,0.851066,3.0255955,13.8677,1.23,15.022,831.991,6143.0,12.463,12.451,12.741,8.717,1.17358,4.31,1.13,False,True,False,False,False,False,True,0.17026171539495738
11054,5,1,1,0,0,1,294.90158,60.93579,69.2523,14.9037,38.8058393,285.2197605,0,0,0,0,2016,0,0,0,2016.0,13.9037,12.888,13.207,12.899,14.734,12.8101046,-8.61483,-9.48069,51.1309704,14.3837,1.09,15.795,1206.37,5926.0,12.846,12.806,12.842,9.213,0.800307,4.39,1.06,False,True,False,False,False,False,True,0.37474834601010387
11065,5,1,1,0,0,1,299.22138,66.71641,75.2555,16.81761,44.8733983,285.8032016,0,0,0,0,2016,0,0,0,2016.0,15.289,14.26,14.615,14.192,16.03,8.7369921,-8.1381,-3.17905,28.625653,15.796,0.91,16.96,1114.24,5566.0,14.236,14.134,12.904,9.252,0.869576,4.5,0.94,False,True,False,False,False,False,True,0.3961993470957364
11074,5,1,1,0,0,1,298.21956,68.46386,76.47638,18.17536,46.4497364,284.5936858,0,0,0,0,2016,0,0,0,2016.0,11.3006,10.454,10.756,10.506,11.717,8.1015481,-7.66364,-2.62749,6.98152703,11.6819,2.17,12.732,614.648,6179.0,10.474,10.437,10.503,9.023,1.59861,3.93,1.45,False,True,False,False,False,False,True,0.15228834438305647
11085,5,1,1,0,0,1,311.88839,64.99049,77.61798,11.8708,44.9324455,293.5004955,0,0,0,0,2016,0,0,0,2016.0,13.9869,13.062,13.4,13.119,14.595,1.6921596,-0.450644,-1.63105,3.65691115,14.4061,1.36,15.191,1153.98,6296.0,13.104,13.058,13.115,9.322,0.838045,4.26,1.23,False,True,False,False,False,False,True,0.17026171539495738
11097,5,1,1,0,0,1,299.90945,62.14453,71.7371,13.73968,40.5471909,287.8570173,0,0,0,0,2016,0,0,0,2016.0,12.4718,11.639,11.923,11.663,12.992,3.1839299,2.8533,-1.41283,12.5720095,12.8485,1.21,13.644,538.481,6188.0,11.654,11.62,11.921,9.065,1.8285,4.33,1.14,False,True,False,False,False,False,True,0.07554696139253074
11104,5,1,1,0,0,1,310.86909,60.49882,74.23928,8.81353,40.5723736,295.1025166,0,0,0,0,2016,0,0,0,2016.0,13.5946,12.427,12.873,12.497,14.306,19.1591275,-1.63659,19.0891,40.8365012,14.0928,0.92,14.987,557.193,5578.0,12.428,12.371,12.117,9.145001,1.76603,4.49,0.94,False,True,False,False,False,False,True,0.2041199826559248
11118,5,1,1,0,0,1,293.10503,65.22873,72.47679,17.99014,42.8255589,282.9569197,0,0,0,0,2016,0,0,0,2016.0,13.2066,12.27,12.625,12.316,13.782,9.1934442,-9.19196,0.165191,3.23941344,13.6316,1.16,14.267,889.426,6074.0,12.299,12.251,12.749,9.217,1.09568,4.35,1.11,False,True,False,False,False,False,True,0.004321373782642578
11129,5,1,1,0,0,1,300.18185,61.92205,71.64355,13.49978,40.365909,288.0955917,0,0,0,0,2016,0,0,0,2016.0,13.5122,12.62,12.901,12.662,14.137,16.9377049,-15.135,-7.60379,23.4774101,13.9318,1.33,14.772,1494.22,6221.0,12.566,12.549,12.254,9.21,0.640381,4.26,1.21,False,True,False,False,False,False,True,0.24303804868629444
11170,5,1,1,0,0,1,312.41041,65.3893,78.05474,12.02713,45.3844919,293.5738933,0,0,0,0,2016,0,0,0,2016.0,13.5852,12.602,12.966,12.717,14.196,7.7584919,-7.75618,0.189389,66.5579057,13.9999,1.32,14.614,1486.7,6227.0,12.64,12.629,12.627,9.223,0.643883,4.28,1.2,False,True,False,False,False,False,True,0.27184160653649897
11188,5,1,1,0,0,1,308.14557,67.48369,78.23617,14.72074,46.6983036,290.1761688,0,0,0,0,2016,0,0,0,2016.0,14.9803,13.852,14.318,13.941,15.707,5.8569292,-5.30939,2.47265,2.131946513,15.4921,0.89,16.531,1103.29,5504.0,13.913,13.859,12.41,8.611,0.878043,4.51,0.92,False,True,False,False,False,False,True,0.1903316981702915
11197,5,1,1,0,0,1,311.53366,60.5965,74.55274,8.67095,40.7769335,295.4623336,0,0,0,0,2016,0,0,0,2016.0,14.5965,13.567,13.92,13.612,15.269,9.4586872,-8.65169,-3.82296,12.9460978,15.0697,1.25,15.899,2921.99,6175.0,13.572,13.472,13.014,9.033,0.314584,4.31,1.16,False,True,False,False,False,False,True,0.28103336724772754
11209,5,1,1,0,0,1,310.9627,68.12233,79.48676,14.44622,47.6875766,291.2789549,0,0,0,0,2016,0,0,0,2016.0,15.0484,13.572,14.162,13.753,15.912,20.9303197,-20.3286,-4.9826,0.664073806,15.6622,0.79,17.287,882.324,5123.0,13.663,13.557,13.094,9.239,1.10517,4.57,0.84,False,True,False,False,False,False,True,0.08278537031645007
11219,5,1,1,0,0,1,291.83606,66.70007,73.49975,19.21154,44.1558825,281.8353366,0,0,0,0,2016,0,0,0,2016.0,11.2755,10.484,10.785,10.503,11.717,9.6492029,-9.59303,-1.03966,14.7967458,11.6497,1.28,12.136,422.269,6170.0,10.46,10.43,10.372,9.025,2.33938,4.3,1.2,False,True,False,False,False,False,True,-0.01322826573375516
11225,5,1,1,0,0,1,288.87139,66.60411,72.7837,20.17847,43.8357433,280.2583709,0,0,0,0,2016,0,0,0,2016.0,14.6741,13.655,14.017,13.683,15.278,5.5585362,-4.567,-3.16857,11.25402929,15.1425,0.98,16.049,1354.46,5753.0,13.674,13.619,13.026,9.454001,0.709606,4.45,1.0,False,True,False,False,False,False,True,0.33243845991560533
11235,5,1,1,0,0,1,306.72587,68.07669,78.28521,15.51923,47.063018,289.1346298,0,0,0,0,2016,0,0,0,2016.0,14.5435,13.505,13.925,13.54,15.216,1.1087608,0.917042,-0.623205,11.47685909,15.0069,0.94,15.962,1003.26,5715.0,13.503,13.478,13.043,9.482,0.968282,4.48,0.96,False,True,False,False,False,False,True,0.1875207208364631
11253,5,1,1,0,0,1,313.05745,60.59498,75.12712,8.18427,41.040509,296.388767,0,0,0,0,2016,0,0,0,2016.0,14.1183,13.043,13.439,13.109,14.732,12.6250742,-10.5153,-6.9872,7.99019627,14.5992,1.17,15.596,1053.57,6080.0,13.057,12.959,12.657,9.426,0.920716,4.35,1.1,False,True,False,False,False,False,True,0.18184358794477257
11298,5,1,1,0,0,1,306.56978,64.69447,75.73032,13.21299,43.8596155,290.6852287,0,0,0,0,2016,0,0,0,2016.0,15.1977,14.112,14.505,14.116,15.871,8.502854,-7.32028,-4.32574,4.69500134,15.6906,0.93,16.748,1593.7,5660.0,14.12,14.09,12.331,9.020001,0.599171,4.49,0.95,False,True,False,False,False,False,True,0.15228834438305647
11304,5,1,1,0,0,1,301.95924,61.30754,71.72318,12.45793,40.0010791,289.3770051,0,0,0,0,2016,0,0,0,2016.0,15.2879,13.893,14.412,13.966,16.261,17.735077,-17.1311,-4.58894,8.63043276,15.8826,0.8,16.511,897.352,5216.0,13.764,13.752,12.6,9.011,1.08646,4.56,0.84,False,True,False,False,False,False,True,0.22010808804005508
11312,5,1,1,0,0,1,297.07342,65.99302,74.11024,17.07258,43.9491434,284.9057222,0,0,0,0,2016,0,0,0,2016.0,15.4317,14.19,14.679,14.392,16.337,3.3236424,3.25838,-0.655407,3.27646405,15.9483,0.93,16.939,1493.43,5556.0,14.242,14.145,12.893,9.358,0.64124,4.49,0.95,False,True,False,False,False,False,True,0.2600713879850748
11325,5,1,1,0,0,1,309.52514,69.04298,79.74475,15.47621,48.3359227,290.0258783,0,0,0,0,2016,0,0,0,2016.0,12.9213,12.075,12.412,12.134,13.377,6.4386674,-5.57969,-3.21302,5.57654784,13.3004,1.28,14.077,1028.16,6241.0,12.088,12.054,12.651,9.643,0.943767,4.29,1.18,False,True,False,False,False,False,True,-0.01322826573375516
11336,5,1,1,0,0,1,307.99697,65.14602,76.49717,13.10236,44.4881624,291.2681037,0,0,0,0,2016,0,0,0,2016.0,14.6723,13.597,14.021,13.657,15.361,4.8943432,-4.02163,2.78946,115.6862258,15.1501,0.97,15.149,1855.7,5776.0,13.564,13.455,12.504,9.507,0.510047,4.46,0.99,False,True,False,False,False,False,True,0.5037906830571811
11344,5,1,1,0,0,1,309.14192,66.14423,77.56008,13.48868,45.588553,291.3978451,0,0,0,0,2016,0,0,0,2016.0,15.3568,14.092,14.563,14.227,16.227,10.7822196,-8.43534,-6.71575,3.81371974,15.9075,0.89,17.063,1174.46,5486.0,14.137,14.085,13.013,9.332,0.823879,4.51,0.92,False,True,False,False,False,False,True,0.1903316981702915
11351,5,1,1,0,0,1,307.03291,62.03177,73.94248,11.19315,41.4077928,292.1251038,0,0,0,0,2016,0,0,0,2016.0,14.07,12.801,13.292,12.866,14.934,13.7066229,-5.08045,-12.7303,8.3839865,14.6267,0.83,15.808,1551.54,5359.0,12.808,12.762,12.564,8.797,0.616204,4.55,0.87,False,True,False,False,False,False,True,-0.040958607678906384
11358,5,1,1,0,0,1,308.08088,67.8382,78.47729,14.98902,47.0203466,289.9564415,0,0,0,0,2016,0,0,0,2016.0,14.3414,13.262,13.684,13.381,14.867,11.9856109,-4.97724,-10.9033,1.68189002,14.7821,0.99,15.6,1439.47,5818.0,13.353,13.321,12.985,9.465,0.665904,4.45,0.99,False,True,False,False,False,False,True,-0.01322826573375516
11369,5,1,1,0,0,1,300.12021,71.04048,79.06848,19.19561,49.1061907,284.4227535,0,0,0,0,2016,0,0,0,2016.0,10.9561,10.149,10.415,10.214,11.388,6.5605553,-6.48855,0.969332,7.12811928,11.3125,2.0,12.218,544.163,6339.0,10.167,10.145,10.098,8.761,1.80906,4.0,1.45,False,True,False,False,False,False,True,0.11727129565576427
11382,5,1,1,0,0,1,295.73249,59.41599,68.23301,13.67698,37.4113438,286.1501263,0,0,0,0,2016,0,0,0,2016.0,15.3678,14.191,14.644,14.284,15.962,9.5770457,-8.67271,-4.0625,19.9400874,15.9003,0.91,16.705,1404.94,5609.0,14.286,14.173,12.505,9.319,0.683821,4.5,0.94,False,True,False,False,False,False,True,0.4742162640762553
11402,5,2,3,0,1,2,300.66736,61.73412,71.64555,13.20337,40.2452006,288.4505905,0,0,0,0,2014,0,0,0,2014.0,11.4096,10.49,10.81,10.529,11.572,31.2420788,-28.375,-13.0739,27.50868,11.8253,1.17,12.16,316.663,5879.0,10.411,10.382,10.384,9.373,3.12921,4.29,1.0,False,True,True,False,False,False,False,0.4623979978989561
11436,5,1,1,0,0,1,301.47932,61.46206,71.68889,12.73285,40.0869182,289.0330532,0,0,0,0,2016,0,0,0,2016.0,12.3466,11.383,11.678,11.438,12.861,8.5511214,6.78975,5.19817,22.2419092,12.7678,1.79,13.635,777.025,6130.0,11.404,11.363,11.421,9.25,1.25848,4.04,1.29,False,True,False,False,False,False,True,0.1367205671564068
11447,5,1,1,0,0,1,298.9976,64.21704,73.1433,15.35579,42.4403309,286.6041816,0,0,0,0,2016,0,0,0,2016.0,14.8068,13.469,13.963,13.535,15.656,4.6008141,3.95462,2.35127,9.08237046,15.3734,0.81,16.31,854.28,5188.0,13.562,13.49,12.954,9.339,1.14221,4.56,0.85,False,True,False,False,False,False,True,0.14612803567823798
11450,5,1,1,0,0,1,313.50473,70.59272,81.88152,15.69368,50.308064,290.9892462,0,0,0,0,2016,0,0,0,2016.0,14.464,13.151,13.657,13.267,15.172,1.8922936,0.891991,-1.66887,8.83922659,15.0387,0.82,16.045,634.58,5236.0,13.105,13.039,12.856,9.574,1.54718,4.55,0.86,False,True,False,False,False,False,True,0.15533603746506178
11461,5,1,1,0,0,1,295.1117,64.55416,72.38708,16.90728,42.3555784,284.287147,0,0,0,0,2016,0,0,0,2016.0,14.1321,13.086,13.451,13.119,14.854,6.6003411,-6.55938,-0.734191,7.56127224,14.6164,1.0,15.358,897.783,5771.0,13.105,13.045,12.453,9.467,1.08546,4.44,1.01,False,True,False,False,False,False,True,0.15228834438305647
11472,5,1,1,0,0,1,295.28044,61.55189,69.881,15.11355,39.4468274,285.2763652,0,0,0,0,2016,0,0,0,2016.0,14.4506,13.054,13.604,13.157,15.408,10.8752701,-9.9683,-4.34793,16.1288853,15.0446,0.81,16.3,2176.08,5259.0,13.046,13.012,12.53,8.666,0.429857,4.56,0.85,False,True,False,False,False,False,True,0.359835482339888
11476,5,1,1,0,0,1,319.07915,65.19506,80.16669,10.15481,46.3472165,297.3394624,0,0,0,0,2016,0,0,0,2016.0,15.1972,14.104,14.493,14.101,15.834,8.2369117,-7.67962,2.97828,13.5630972,15.7145,0.96,16.771,1575.23,5701.0,14.035,14.034,12.733,9.472,0.607504,4.47,0.97,False,True,False,False,False,False,True,0.2741578492636798
11485,5,1,1,0,0,1,315.35017,66.57225,79.76901,12.17061,46.9458638,294.4783627,0,0,0,0,2016,0,0,0,2016.0,14.7178,13.631,14.052,13.688,15.353,4.589797,2.12338,4.06909,16.29595382,15.212,0.97,15.862,1107.5,5727.0,13.655,13.593,13.272,9.698,0.874581,4.45,0.98,False,True,False,False,False,False,True,0.28103336724772754
11496,5,1,1,0,0,1,312.59694,66.82991,79.08067,13.06551,46.7418679,292.8698348,0,0,0,0,2016,0,0,0,2016.0,14.916,13.878,14.171,13.885,15.636,2.2149698,0.344597,-2.188,18.01621096,15.3803,1.08,15.598,1014.62,5884.0,13.922,13.819,13.1,9.168,0.957395,4.39,1.06,False,True,False,False,False,False,True,0.3926969532596658
11507,5,1,1,0,0,1,295.87931,60.5366,69.20767,14.28248,38.5207097,285.9287514,0,0,0,0,2016,0,0,0,2016.0,13.3183,11.023,11.878,11.24,16.4,62.6788637,-57.6533,-24.5914,2.104338119,14.4744,0.34,17.202,112.705,3468.0,10.8,10.862,10.617,9.358,8.84392,4.92,0.35,False,True,False,False,False,False,True,-0.28399665636520083
11524,5,1,2,0,0,1,301.19343,62.38912,72.3236,13.43665,40.942373,288.5308924,0,0,0,0,2014,0,0,0,2014.0,11.0432,10.079,10.418,10.127,11.493,15.3655751,13.9877,6.35965,16.092,11.4904,1.03,12.217,228.678,5685.0,10.075,10.024,10.082,9.273,4.34425,4.417,1.02,False,True,True,False,False,False,False,0.3820170425748684
11542,5,1,2,0,0,1,301.19343,62.38912,72.3236,13.43665,40.942373,288.5308924,0,0,0,0,2014,0,0,0,2014.0,11.0432,10.079,10.418,10.127,11.493,15.3655751,13.9877,6.35965,25.5169,11.4904,1.03,12.217,228.678,5685.0,10.075,10.024,10.082,9.273,4.34425,4.417,1.02,False,True,True,False,False,False,False,-0.07572071393811836
11553,5,1,1,0,0,1,293.7006,63.03841,70.71355,16.56523,40.7400419,283.9200236,0,0,0,0,2016,0,0,0,2016.0,13.6217,12.436,12.912,12.516,14.346,13.2470707,-13.0263,-2.4084,0.679336272,14.1223,0.88,15.12,569.185,5549.0,12.492,12.447,12.473,9.425,1.72822,4.51,0.91,False,True,False,False,False,False,True,0.15836249209524964
11566,5,1,3,0,0,1,304.88508,64.90136,75.3761,13.8754,43.8244445,289.6512597,0,0,0,0,2016,0,0,0,2016.0,12.86,11.825,12.169,11.859,13.528,7.0262315,6.25767,3.19523,11.1726994,13.3176,1.4,14.237,866.331,5748.0,11.839,11.808,11.886,9.301,1.12557,4.16,1.05,False,True,False,False,False,False,True,0.09342168516223508
11569,5,1,3,0,0,1,304.88508,64.90136,75.3761,13.8754,43.8244445,289.6512597,0,0,0,0,2016,0,0,0,2016.0,12.86,11.825,12.169,11.859,13.528,7.0262315,6.25767,3.19523,2.53573424,13.3176,1.4,14.237,866.331,5748.0,11.839,11.808,11.886,9.301,1.12557,4.16,1.05,False,True,False,False,False,False,True,0.08635983067474823
11598,5,1,2,0,0,1,308.05265,61.47446,73.89554,10.45737,41.0357494,292.9712801,0,0,0,0,2016,0,0,0,2016.0,11.9163,10.907,11.323,10.947,12.491,9.4664424,-4.57026,8.29013,5.448325286,12.3778,0.92,13.29,299.104,5719.0,10.904,10.873,10.932,8.708,3.31466,4.51,0.99,False,True,False,False,False,False,True,0.3222192947339193
11610,5,1,1,0,0,1,308.01275,62.74857,74.78534,11.38496,42.2332767,292.388582,0,0,0,0,2016,0,0,0,2016.0,11.2692,10.088,10.522,10.13,12.363,4.3210301,3.88366,1.89433,3.833091178,11.7892,0.85,12.434,174.234,5453.0,10.074,10.033,10.0,8.735,5.7106,4.54,0.92,False,True,False,False,False,False,True,0.24551266781414982
11630,5,1,2,0,0,1,316.50574,65.37614,79.39487,10.93871,46.0530562,295.8215678,0,0,0,0,2016,0,0,0,2016.0,14.273,12.684,13.33,12.808,15.133,17.6278086,-1.16756,17.5891,0.84338011,14.9517,0.75,16.253,480.869,4861.0,12.548,12.498,12.102,9.127,2.05104,4.6,0.8,False,True,False,False,False,False,True,0.13987908640123647
11650,5,1,1,0,0,1,315.95257,59.21748,75.40427,6.20238,40.2930714,298.8358277,0,0,0,0,2016,0,0,0,2016.0,13.4764,12.442,12.807,12.488,14.119,17.4727199,-15.094,-8.80154,87.9732136,13.9509,1.12,14.965,800.871,5884.0,12.439,12.383,10.876,8.642,1.21994,4.36,1.04,False,True,False,False,False,False,True,0.5490032620257879
11662,5,1,1,0,0,1,306.73914,62.82524,74.41823,11.84948,42.1159787,291.6118842,0,0,0,0,2016,0,0,0,2016.0,14.6369,13.309,13.822,13.316,15.083,0.5043217,-0.387268,-0.323054,0.568874427,15.2339,0.79,15.909,728.303,5144.0,13.296,13.226,12.304,9.39,1.34457,4.57,0.83,False,True,False,False,False,False,True,0.1931245983544616
11683,5,2,1,0,0,4,312.28298,69.74729,80.97939,15.33197,49.3667933,290.9564463,0,0,0,0,2016,0,0,0,2016.0,13.0621,10.726,11.57,10.927,15.161,135.1196641,124.199,53.2159,2.886762645,14.2218,0.54,16.697,103.917,3655.0,10.479,10.558,10.415,9.179,9.59428,4.73,0.56,False,True,False,False,False,False,True,0.12710479836480765
11733,5,1,1,0,0,1,300.71738,61.86832,71.76684,13.27142,40.3808519,288.4335977,0,0,0,0,2016,0,0,0,2016.0,15.2148,13.658,14.231,13.713,15.936,7.6409005,-7.10225,2.81805,0.868386528,15.9045,0.74,17.393,647.424,4817.0,13.515,13.496,12.664,9.174,1.51664,4.6,0.8,False,True,False,False,False,False,True,0.23044892137827394
11751,5,1,3,0,0,1,315.11391,66.28024,79.5069,12.00174,46.6408737,294.528597,0,0,0,0,2016,0,0,0,2016.0,16.0778,13.884,14.832,14.224,17.5054,21.6957043,-21.3143,-4.05021,11.12830484,16.9282,0.53,19.297,769.146,4094.0,13.863,13.77,12.941,9.312,1.27528,4.73,0.54,False,True,False,False,False,False,True,0.6919651027673603
11760,5,1,3,0,0,1,315.11391,66.28024,79.5069,12.00174,46.6408737,294.528597,0,0,0,0,2016,0,0,0,2016.0,16.0778,13.884,14.832,14.224,17.5054,21.6957043,-21.3143,-4.05021,2.226491086,16.9282,0.53,19.297,769.146,4094.0,13.863,13.77,12.941,9.312,1.27528,4.73,0.54,False,True,False,False,False,False,True,0.38021124171160603
11779,5,1,2,0,0,1,311.87947,65.53498,77.98305,12.28194,45.4353919,293.2045009,0,0,0,0,2016,0,0,0,2016.0,15.2487,14.068,14.572,14.167,15.876,3.7786283,-3.73039,-0.601849,0.962867382,15.7753,0.87,16.84,1350.32,5488.0,14.057,14.075,12.786,9.381,0.712904,4.52,0.9,False,True,False,False,False,False,True,0.20682587603184974
11792,5,1,1,0,0,1,311.97368,66.23658,78.48806,12.78264,46.098729,292.8722515,0,0,0,0,2016,0,0,0,2016.0,11.9566,11.122,11.387,11.147,12.444,31.7464825,-31.6149,-2.88743,0.929906678,12.344,1.4,12.695,465.417,6169.0,11.13,11.087,11.015,9.601,2.11996,4.21,1.18,False,True,False,False,False,False,True,0.18184358794477257
11803,5,1,1,0,0,1,304.89724,61.20844,72.61896,11.34565,40.3112023,291.1849503,0,0,0,0,2016,0,0,0,2016.0,14.4408,12.834,13.472,12.944,15.554,1.7959192,-0.677882,-1.66307,4.115844679,15.1336,0.73,16.743,481.667,4776.0,12.813,12.771,12.316,8.893,2.04769,4.61,0.78,False,True,False,False,False,False,True,0.17897694729316943
11810,5,1,1,0,0,1,296.18161,64.1656,72.33509,16.30493,42.085312,285.0171505,0,0,0,0,2016,0,0,0,2016.0,14.6145,13.457,13.911,13.54,15.311,15.8473121,-10.6404,-11.7439,33.8786838,15.1289,0.91,15.95,973.368,5550.0,13.488,13.431,13.006,9.426,0.998791,4.5,0.93,False,True,False,False,False,False,True,0.456366033129043
11833,5,1,1,0,0,1,310.28673,71.24295,81.52687,16.88243,50.4609183,289.0648073,0,0,0,0,2016,0,0,0,2016.0,13.4317,12.374,12.788,12.468,13.966,23.5209262,-20.5688,-11.4087,14.88801098,13.8837,1.03,14.319,678.069,5885.0,12.245,12.172,12.262,9.337,1.4459,4.42,1.02,False,True,False,False,False,False,True,0.25527250510330607
11838,5,1,1,0,0,1,296.96982,66.4881,74.50415,17.39709,44.4177225,284.6753857,0,0,0,0,2016,0,0,0,2016.0,13.3383,12.305,12.695,12.348,13.969,7.7617497,-7.68701,-1.07454,4.52158888,13.8033,0.99,14.787,813.543,5780.0,12.311,12.282,12.31,8.929,1.20042,4.44,1.0,False,True,False,False,False,False,True,-0.00877392430750515
11851,5,1,1,0,0,1,294.03698,70.73965,77.59939,20.66047,48.2709523,281.6476437,0,0,0,0,2016,0,0,0,2016.0,15.1289,13.435,14.168,13.499,15.958,20.5566833,-14.8385,-14.2266,9.33646594,15.8498,0.69,17.646,588.037,4500.0,13.405,13.358,12.656,9.328,1.67244,4.62,0.72,False,True,False,False,False,False,True,0.3364597338485295
11887,5,1,1,0,0,1,303.76198,61.00618,72.08629,11.60884,39.9568913,290.5767116,0,0,0,0,2016,0,0,0,2016.0,14.4346,13.302,13.757,13.423,15.076,1.8035428,-1.67061,-0.67958,10.10769068,14.9451,0.94,16.103,1720.48,5608.0,13.37,13.311,12.732,9.09,0.552647,4.48,0.97,False,True,False,False,False,False,True,0.21748394421390627
11894,5,1,1,0,0,1,314.17231,60.57831,75.54375,7.82395,41.2244613,297.0737928,0,0,0,0,2016,0,0,0,2016.0,14.2331,12.318,13.084,12.419,15.58,5.074385,-2.90569,4.16009,0.789161653,15.0318,0.69,16.935,319.197,4508.0,12.322,12.257,13.044,8.969,3.10424,4.63,0.72,False,True,False,False,False,False,True,0.021189299069938092
11906,5,1,1,0,0,1,307.15771,64.66355,75.88873,13.01204,43.9137055,291.0286411,0,0,0,0,2016,0,0,0,2016.0,13.3031,12.122,12.568,12.203,13.975,11.7042736,6.04645,10.0215,11.87456832,13.795,0.9,14.773,528.685,5581.0,12.079,12.026,11.95,8.675,1.86266,4.51,0.95,False,True,False,False,False,False,True,0.1367205671564068
11917,5,1,1,0,0,1,308.93321,61.40816,74.15853,10.11879,41.111394,293.5275797,0,0,0,0,2016,0,0,0,2016.0,14.6675,13.406,13.886,13.521,15.421,11.6532365,-9.48324,-6.77245,109.6471842,15.1714,0.92,16.284,932.446,5628.0,13.261,13.212,12.581,9.455,1.04501,4.49,0.94,False,True,False,False,False,False,True,0.4487063199050799
11926,5,1,1,0,0,1,311.86486,71.96115,82.42034,17.06557,51.3209059,289.311532,0,0,0,0,2016,0,0,0,2016.0,14.6963,13.626,14.052,13.671,15.461,12.1645215,11.1309,4.907,15.64591713,15.171,0.91,15.979,1223.04,5614.0,13.7,13.61,12.825,9.548,0.788915,4.5,0.94,False,True,False,False,False,False,True,0.359835482339888
11937,5,1,1,0,0,1,295.87758,64.18224,72.26875,16.42227,42.0703371,284.8384394,0,0,0,0,2016,0,0,0,2016.0,14.6728,13.134,13.787,13.276,15.248,15.1672171,-14.736,3.59093,6.26406846,15.3037,0.74,16.512,621.853,4903.0,13.27,13.156,13.03,9.566,1.57956,4.6,0.77,False,True,False,False,False,False,True,0.16136800223497488
11946,5,1,2,0,0,1,318.06987,66.00952,80.30664,11.05935,46.8998006,296.2776587,0,0,0,0,2016,0,0,0,2016.0,13.5344,12.366,12.819,12.423,14.264,12.765006,-10.8203,-6.77248,23.198681,14.0381,1.3,14.789,1126.64,5512.0,12.353,12.306,12.109,9.362001,0.859004,4.18,0.94,False,True,False,False,False,False,True,0.2966651902615311
11951,5,1,2,0,0,1,318.06987,66.00952,80.30664,11.05935,46.8998006,296.2776587,0,0,0,0,2016,0,0,0,2016.0,13.5344,12.366,12.819,12.423,14.264,12.765006,-10.8203,-6.77248,5.77721211,14.0381,1.3,14.789,1126.64,5512.0,12.353,12.306,12.109,9.362001,0.859004,4.18,0.94,False,True,False,False,False,False,True,0.23299611039215384
11961,5,1,1,0,0,1,302.80134,68.30708,77.44616,16.7555,46.7961229,287.0091176,0,0,0,0,2016,0,0,0,2016.0,15.0883,13.294,14.095,13.497,16.21,1.2659235,0.927772,-0.861279,24.4002549,15.8169,0.67,17.323,601.629,4523.0,13.371,13.293,12.609,9.467,1.63392,4.64,0.7,False,True,False,False,False,False,True,0.3820170425748684
11974,5,1,1,0,0,1,294.36479,63.95508,71.67921,16.83471,41.6990348,284.0422701,0,0,0,0,2016,0,0,0,2016.0,13.1175,12.106,12.496,12.185,13.699,21.2063498,-19.9441,-7.20709,0.935118057,13.5742,1.05,14.452,753.26,5909.0,12.133,12.086,11.948,9.304,1.29886,4.41,1.04,False,True,False,False,False,False,True,-0.036212172654444715
11988,5,1,1,0,0,1,298.17209,70.47124,78.17886,19.37193,48.373469,283.7457695,0,0,0,0,2016,0,0,0,2016.0,11.6969,10.627,11.026,10.697,12.344,18.0777016,10.7476,-14.5359,1.341555127,12.1235,0.93,12.939,371.049,5586.0,10.618,10.586,10.622,9.107,2.66794,4.47,0.94,False,True,False,False,False,False,True,-0.14874165128092473
12019,5,1,1,0,0,1,313.92657,61.97,76.33824,8.97851,42.4727965,296.2328099,0,0,0,0,2016,0,0,0,2016.0,14.2772,13.24,13.563,13.279,15.003,2.6012357,0.375709,2.57396,0.665026916,14.7546,1.42,15.464,981.779,6331.0,13.257,13.172,12.393,9.507,0.990413,4.24,1.27,False,True,False,False,False,False,True,0.1903316981702915
12036,5,2,1,0,0,2,289.47416,66.88924,73.17245,20.10976,44.1593503,280.5116813,0,0,0,0,2016,0,0,0,2016.0,14.3157,12.636,13.285,12.782,15.356,7.3339534,-2.6124,-6.8529,132.9968322,15.0181,0.72,16.61,476.957,4662.0,12.712,12.617,12.572,8.774,2.06794,4.62,0.79,False,True,False,False,False,False,True,0.4756711883244297
12047,5,1,1,0,0,1,315.86364,62.63529,77.47076,8.93878,43.4325382,297.0200549,0,0,0,0,2016,0,0,0,2016.0,14.8048,13.531,13.971,13.538,15.726,4.7043161,-4.67425,-0.531015,2.215710358,15.3835,0.9,16.482,890.724,5527.0,13.496,13.374,13.335,9.55,1.09517,4.51,0.93,False,True,False,False,False,False,True,0.22010808804005508
12048,5,1,1,0,0,1,319.62418,70.0097,83.18755,13.96267,50.725385,294.294483,0,0,0,0,2016,0,0,0,2016.0,15.0676,13.989,14.484,14.098,15.617,1.6914331,1.49108,-0.798515,3.35183158,15.5297,0.93,16.015,1756.71,5759.0,14.066,14.015,12.771,9.148,0.540401,4.48,0.95,False,True,False,False,False,False,True,0.28555730900777376
12063,5,1,1,0,0,1,303.06556,68.43238,77.61173,16.76274,46.9457998,287.0862799,0,0,0,0,2016,0,0,0,2016.0,13.6036,12.633,12.961,12.714,14.192,7.1711826,-7.17108,-0.0383658,4.7683049,14.0269,1.13,14.736,853.959,5981.0,12.665,12.641,12.502,9.024,1.14228,4.37,1.09,False,True,False,False,False,False,True,0.2648178230095365
12074,5,1,1,0,0,1,311.27364,66.27059,78.29545,12.99564,46.022821,292.4779428,0,0,0,0,2016,0,0,0,2016.0,13.3496,12.563,12.802,12.575,13.775,3.2738748,-2.93022,-1.46016,44.6169557,13.705,1.55,14.326,1355.02,6449.0,12.172,12.243,11.656,9.471,0.709146,4.18,1.32,False,True,False,False,False,False,True,0.37291200297010657
12081,5,1,1,0,0,1,309.49412,65.65034,77.31702,13.03191,45.179185,291.841341,0,0,0,0,2016,0,0,0,2016.0,14.0213,13.107,13.392,13.093,14.625,5.9811973,2.6789,5.34773,3.40165668,14.462,1.21,15.315,843.701,6133.0,13.055,13.003,12.586,8.945,1.15658,4.33,1.14,False,True,False,False,False,False,True,0.19865708695442263
12105,5,1,1,0,0,1,314.72234,69.82004,81.69041,14.83753,49.788709,292.0874126,0,0,0,0,2016,0,0,0,2016.0,14.2432,13.242,13.618,13.297,14.871,8.3182966,-6.04319,-5.71611,27.5722742,14.6789,1.04,15.323,1213.82,5911.0,13.185,13.193,12.814,9.253,0.795085,4.42,1.04,False,True,False,False,False,False,True,0.287801729930226
12107,5,1,1,0,0,1,303.37692,70.2963,79.17135,17.88953,48.7442697,286.3385562,0,0,0,0,2016,0,0,0,2016.0,10.6625,9.761,10.072,9.818,11.209,45.0160895,39.1028,22.3029,2.12823928,11.0821,1.28,12.001,276.323,6086.0,9.771,9.733,9.718,9.445,3.59023,4.29,1.16,False,True,False,False,False,False,True,-0.15490195998574322
12141,5,1,2,0,0,1,304.86045,67.92172,77.67236,15.92459,46.6794847,288.250611,0,0,0,0,2016,0,0,0,2016.0,15.2275,13.122,13.989,13.338,16.577,24.6960217,-24.4129,3.72878,4.4968604,16.2331,0.53,18.62,340.691,3827.0,13.0,13.042,12.751,9.5,2.90756,4.74,0.55,False,True,False,False,False,False,True,0.4014005407815441
12151,5,1,2,0,0,1,304.86045,67.92172,77.67236,15.92459,46.6794847,288.250611,0,0,0,0,2016,0,0,0,2016.0,15.2275,13.122,13.989,13.338,16.577,24.6960217,-24.4129,3.72878,1.766789062,16.2331,0.53,18.62,340.691,3827.0,13.0,13.042,12.751,9.5,2.90756,4.74,0.55,False,True,False,False,False,False,True,0.23804610312879543
12165,5,1,1,0,0,1,309.8336,62.41036,75.16841,10.56275,42.1978746,293.6084289,0,0,0,0,2016,0,0,0,2016.0,13.3387,11.47,12.225,11.573,14.328,61.027892,37.3325,-48.2772,0.916140768,14.0866,0.67,15.701,202.782,4439.0,11.458,11.425,11.475,9.523,4.90251,4.64,0.7,False,True,False,False,False,False,True,-0.18708664335714442
12170,5,1,1,0,0,1,311.06775,69.20796,80.27666,15.21888,48.7014417,290.6937988,0,0,0,0,2016,0,0,0,2016.0,12.8384,11.919,12.25,11.956,13.338,13.5925037,-8.55868,10.5596,1.877882748,13.2495,1.16,14.072,670.829,6118.0,11.905,11.869,12.21,9.421,1.46181,4.35,1.11,False,True,False,False,False,False,True,-0.05060999335508721
12180,5,1,1,0,0,1,313.28203,62.20247,76.25245,9.34988,42.5762317,295.7353911,0,0,0,0,2016,0,0,0,2016.0,14.8153,13.141,13.85,13.281,15.734,8.2373521,-1.17082,8.15372,24.7543966,15.5059,0.72,16.914,593.384,4776.0,13.259,13.124,12.699,9.241,1.65711,4.61,0.76,False,True,False,False,False,False,True,0.25527250510330607
12196,5,1,1,0,0,1,303.51674,58.75088,70.31149,10.1721,37.7590079,291.2451266,0,0,0,0,2016,0,0,0,2016.0,13.9236,12.858,13.252,12.965,14.59,12.0215695,-10.2065,-6.35181,76.613377,14.3687,1.24,14.942,1119.45,6168.0,12.829,12.765,12.294,9.078,0.864732,4.31,1.16,False,True,False,False,False,False,True,0.4727564493172124
12206,5,1,1,0,0,1,298.77104,71.13726,78.8733,19.60386,49.0679833,283.7414249,0,0,0,0,2016,0,0,0,2016.0,14.9108,13.748,14.18,13.718,15.595,1.6205966,-0.0873642,-1.61824,1.289588112,15.452,0.83,16.68,911.269,5352.0,13.657,13.646,12.935,9.411,1.06907,4.55,0.88,False,True,False,False,False,False,True,0.1643528557844371
12215,5,1,1,0,0,1,306.59517,64.03908,75.25718,12.74707,43.2438792,290.9953825,0,0,0,0,2016,0,0,0,2016.0,15.1311,13.734,14.268,13.802,15.887,15.2050445,-13.8429,6.29027,0.634002937,15.7195,0.78,17.386,845.228,5106.0,13.873,13.583,12.767,8.912,1.15512,4.58,0.82,False,True,False,False,False,False,True,0.1846914308175988
12222,5,1,1,0,0,1,314.52845,70.47899,82.07475,15.38605,50.3532584,291.5480665,0,0,0,0,2016,0,0,0,2016.0,14.7317,13.612,14.05,13.676,15.322,11.8579888,-11.4987,-2.89686,3.0091324,15.2205,0.9,16.466,1015.69,5597.0,13.643,13.6,12.819,9.342,0.95603,4.5,0.93,False,True,False,False,False,False,True,0.10720996964786839
12232,5,1,1,0,0,1,298.62754,64.84905,73.56001,15.86929,43.0089,286.1705469,0,0,0,0,2016,0,0,0,2016.0,13.9852,12.656,13.22,12.761,14.693,1.5857058,-1.51063,-0.482141,7.06317341,14.5403,0.79,15.557,546.998,5181.0,12.473,12.45,12.086,8.926,1.79947,4.57,0.82,False,True,False,False,False,False,True,0.04921802267018165
12234,5,1,1,0,0,1,303.36393,63.08652,73.53491,13.14527,41.8928154,289.538818,0,0,0,0,2016,0,0,0,2016.0,15.0669,13.43,14.042,13.507,15.987,5.4957382,4.08803,-3.67303,59.4970952,15.7534,0.72,16.709,614.859,4709.0,13.426,13.4,12.622,9.355,1.59854,4.62,0.78,False,True,False,False,False,False,True,0.4517864355242902
12275,5,1,1,0,0,1,322.6663,63.61909,80.58703,7.98461,45.6231826,300.3440482,0,0,0,0,2016,0,0,0,2016.0,13.4615,12.547,12.854,12.636,14.007,9.4211548,-7.8105,-5.26823,40.5286413,13.8804,1.83,14.739,1516.27,6778.0,12.494,12.449,10.625,7.804,0.630932,4.09,1.51,False,True,False,False,False,False,True,0.5314789170422551
12284,5,1,1,0,0,1,296.67688,69.0904,76.67,18.9943,46.9042278,283.5653603,0,0,0,0,2016,0,0,0,2016.0,13.3359,11.98,12.514,12.059,14.096,11.0353324,-7.48134,8.11222,3.57554956,13.9169,0.79,15.335,389.143,5131.0,11.996,11.931,11.768,9.324,2.54086,4.57,0.83,False,True,False,False,False,False,True,-0.06550154875643228
12294,5,1,1,0,0,1,301.16712,62.32476,72.26499,13.4044,40.8771276,288.5385574,0,0,0,0,2016,0,0,0,2016.0,15.1541,13.628,14.208,13.686,16.05,6.2727858,5.96992,-1.92559,136.205626,15.8246,0.74,17.441,731.298,4857.0,13.589,13.546,12.932,9.384,1.33936,4.6,0.8,False,True,False,False,False,False,True,0.414973347970818
12306,5,1,1,0,0,1,321.90936,67.88778,82.65749,11.74736,49.2563228,296.9964872,0,0,0,0,2016,0,0,0,2016.0,14.6239,12.959,13.665,13.128,15.454,24.5618713,-22.4732,-9.91165,2.94194094,15.2923,0.72,16.728,541.714,4839.0,12.986,12.949,12.137,8.948,1.8174,4.61,0.76,False,True,False,False,False,False,True,0.09691001300805642
12319,5,1,2,0,0,1,307.59027,62.61777,74.55066,11.42713,42.0459944,292.1996573,0,0,0,0,2016,0,0,0,2016.0,12.9078,11.857,12.251,11.925,13.417,22.986731,-20.4238,-10.5479,7.69993485,13.3798,1.05,14.351,840.128,5770.0,11.814,11.766,12.121,9.264,1.16159,4.39,1.0,False,True,False,False,False,False,True,-0.036212172654444715
12335,5,1,2,0,0,1,307.59027,62.61777,74.55066,11.42713,42.0459944,292.1996573,0,0,0,0,2016,0,0,0,2016.0,12.9078,11.857,12.251,11.925,13.417,22.986731,-20.4238,-10.5479,4.77468005,13.3798,1.05,14.351,840.128,5770.0,11.814,11.766,12.121,9.264,1.16159,4.39,1.0,False,True,False,False,False,False,True,-0.09691001300805639
12352,5,1,1,0,0,1,306.26361,69.01066,78.86875,16.2847,47.8787308,288.4166786,0,0,0,0,2016,0,0,0,2016.0,14.7171,12.704,13.513,12.858,16.012,20.0459967,3.1679,19.7941,1.574090272,15.5576,0.6,18.0,401.484,4106.0,12.669,12.641,12.315,9.453,2.46234,4.68,0.62,False,True,False,False,False,False,True,-0.036212172654444715
12359,5,1,1,0,0,1,311.14663,61.59227,75.07597,9.54253,41.6446434,294.7669795,0,0,0,0,2016,0,0,0,2016.0,15.3613,14.388,14.701,14.351,15.914,3.8582587,-3.85742,0.0804436,0.675649486,15.8729,1.08,16.212,1635.82,5906.0,14.184,14.112,12.452,9.477,0.586022,4.4,1.07,False,True,False,False,False,False,True,0.21748394421390627
12367,5,1,1,0,0,1,296.84361,62.91072,71.46339,15.32601,40.9361923,285.7972604,0,0,0,0,2016,0,0,0,2016.0,14.8613,13.788,14.199,13.835,15.621,3.413898,2.77334,1.9908,25.873148,15.3498,0.99,16.276,1236.56,5761.0,13.752,13.736,13.025,9.256,0.7802,4.45,0.99,False,True,False,False,False,False,True,0.42975228000240795
12406,5,1,2,0,0,1,295.2721,63.94511,71.90739,16.50143,41.7784781,284.5656897,0,0,0,0,2016,0,0,0,2016.0,13.2588,12.349,12.681,12.421,13.718,3.4558155,2.80079,2.02441,20.2641684,13.6743,1.29,16.091,1004.1,6202.0,12.182,12.178,11.752,8.896,0.967127,4.29,1.19,False,True,False,False,False,False,True,0.2648178230095365
12417,5,1,2,0,0,1,295.2721,63.94511,71.90739,16.50143,41.7784781,284.5656897,0,0,0,0,2016,0,0,0,2016.0,13.2588,12.349,12.681,12.421,13.718,3.4558155,2.80079,2.02441,7.44142113,13.6743,1.29,16.091,1004.1,6202.0,12.182,12.178,11.752,8.896,0.967127,4.29,1.19,False,True,False,False,False,False,True,0.10380372095595687
12427,5,1,2,0,0,1,306.66867,68.60669,78.66806,15.9007,47.5519753,288.8314251,0,0,0,0,2016,0,0,0,2016.0,13.3037,12.052,12.536,12.123,14.018,6.5621062,-4.81062,4.46309,3.4462039,13.8344,0.83,14.786,515.334,5361.0,12.017,11.999,11.932,9.613,1.91179,4.55,0.87,False,True,False,False,False,False,True,-0.1366771398795441
12432,5,1,2,0,0,1,306.66867,68.60669,78.66806,15.9007,47.5519753,288.8314251,0,0,0,0,2016,0,0,0,2016.0,13.3037,12.052,12.536,12.123,14.018,6.5621062,-4.81062,4.46309,2.00541269,13.8344,0.83,14.786,515.334,5361.0,12.017,11.999,11.932,9.613,1.91179,4.55,0.87,False,True,False,False,False,False,True,-0.1938200260161128
12437,5,1,1,0,0,1,304.40825,66.03725,76.10194,14.78911,44.8394672,288.8865895,0,0,0,0,2016,0,0,0,2016.0,14.8591,13.718,14.113,13.792,15.667,17.9423775,-17.0274,-5.65655,1.311555568,15.3493,0.97,16.376,1303.22,5677.0,13.813,13.724,13.03,9.546,0.738946,4.46,0.98,False,True,False,False,False,False,True,0.10380372095595687
12452,5,1,1,0,0,1,295.93811,61.27739,69.84201,14.69768,39.2491731,285.7520229,0,0,0,0,2016,0,0,0,2016.0,13.6801,12.789,13.121,12.853,14.328,7.7509606,-6.02535,-4.87571,1.29123275,14.0717,1.33,15.089,1699.46,6299.0,12.844,12.798,12.981,9.475,0.559563,4.27,1.22,False,True,False,False,False,False,True,0.06445798922691845
12462,5,1,1,0,0,1,308.70124,65.76714,77.15811,13.34189,45.1722521,291.3499783,0,0,0,0,2016,0,0,0,2016.0,15.3944,14.129,14.649,14.196,15.991,6.4973802,-6.40166,-1.11117,10.65276707,15.93,0.81,18.033,1078.46,5323.0,14.209,14.177,12.7,8.906,0.899368,4.56,0.85,False,True,False,False,False,False,True,0.359835482339888
12472,5,1,1,0,0,1,314.77805,62.81379,77.18644,9.38662,43.4032189,296.2935173,0,0,0,0,2016,0,0,0,2016.0,13.2891,12.362,12.66,12.459,13.864,11.0886547,-10.2756,-4.16777,3.3004192,13.7103,1.78,14.433,1430.84,6704.0,12.334,12.3,12.368,9.473,0.670294,4.11,1.47,False,True,False,False,False,False,True,0.24054924828259971
12481,5,1,1,0,0,1,299.63855,64.24552,73.34563,15.15491,42.541409,286.9584368,0,0,0,0,2016,0,0,0,2016.0,14.1768,13.072,13.444,13.165,14.792,1.5482143,0.59021,-1.4313,5.30880656,14.6721,0.97,15.477,868.056,5659.0,13.094,13.046,12.353,8.979,1.12332,4.46,0.98,False,True,False,False,False,False,True,0.021189299069938092
12484,5,1,1,0,0,1,306.45058,67.67639,77.91073,15.31757,46.6516055,289.1954229,0,0,0,0,2016,0,0,0,2016.0,15.3427,13.984,14.319,13.949,15.857,12.5263873,-11.4565,-5.06547,0.740928422,15.8887,0.82,16.721,1146.1,5218.0,13.712,13.672,12.741,8.32,0.844673,4.55,0.86,False,True,False,False,False,False,True,0.09691001300805642
12510,5,1,1,0,0,1,309.35498,61.65394,74.47828,10.16065,41.4102105,293.6704404,0,0,0,0,2016,0,0,0,2016.0,15.2626,13.8,14.406,13.994,16.107,10.2923884,-10.1734,-1.56051,0.881841146,15.8526,0.79,17.116,971.325,5188.0,13.778,13.699,12.777,9.124,1.00331,4.57,0.83,False,True,False,False,False,False,True,0.11394335230683679
12511,1,1,4,0,1,3,305.66133,64.22965,75.10743,13.17249,43.2930645,290.3814122,0,0,0,0,2023,0,0,0,2014.0,11.5177,9.506,10.293,9.68,13.04,30.6516252,22.698,-20.5991,10.3134,12.4715,0.535,14.621,66.8624,3841.0,9.355,9.378,9.261,9.384,14.9272,4.71,0.535,False,True,True,False,False,False,False,-0.1938200260161128
12531,1,1,4,0,1,3,305.66133,64.22965,75.10743,13.17249,43.2930645,290.3814122,0,0,2,0,2023,0,0,0,2014.0,11.5177,9.506,10.293,9.68,13.04,30.6516252,22.698,-20.5991,13.7815,12.4715,0.535,14.621,66.8624,3841.0,9.355,9.378,9.261,9.384,14.9272,4.71,0.535,False,True,True,False,False,False,False,0.17897694729316943
12556,1,1,4,0,1,3,305.66133,64.22965,75.10743,13.17249,43.2930645,290.3814122,0,0,1,0,2023,0,0,0,2014.0,11.5177,9.506,10.293,9.68,13.04,30.6516252,22.698,-20.5991,23.0923,12.4715,0.535,14.621,66.8624,3841.0,9.355,9.378,9.261,9.384,14.9272,4.71,0.535,False,True,True,False,False,False,False,0.17897694729316943
12566,5,1,1,0,0,1,301.45321,63.91431,73.60145,14.33173,42.4403832,288.1160421,0,0,0,0,2016,0,0,0,2016.0,15.0806,13.883,14.31,14.003,15.816,8.4936084,-8.01602,-2.80799,10.3108245,15.6136,0.94,16.557,2462.94,5570.0,13.972,13.882,12.914,9.402,0.375361,4.48,0.96,False,True,False,False,False,False,True,0.15533603746506178
12580,5,1,1,0,0,1,305.54664,70.01129,79.45768,17.14845,48.727783,287.5357911,0,0,0,0,2016,0,0,0,2016.0,15.0047,14.022,14.439,14.038,15.579,1.2207471,-1.17045,0.3468,25.3842686,15.4776,0.94,16.506,1197.04,5747.0,13.961,13.953,13.04,9.594,0.806839,4.48,0.96,False,True,False,False,False,False,True,0.3521825181113625
12591,5,1,1,0,0,1,310.24475,58.99241,72.98747,7.90013,39.0480365,295.3774182,0,0,0,0,2016,0,0,0,2016.0,12.3259,11.359,11.681,11.416,12.857,6.3674265,3.03605,5.59701,16.3583055,12.7575,1.72,13.462,738.261,6161.0,11.312,11.243,11.228,9.154,1.32903,4.1,1.36,False,True,False,False,False,False,True,0.2741578492636798
12595,5,1,1,0,0,1,316.16216,61.22827,76.71693,7.73748,42.1918449,297.9447714,0,0,0,0,2016,0,0,0,2016.0,13.2806,12.319,12.65,12.364,13.832,6.2588915,-5.80754,-2.33371,13.9093583,13.7077,1.44,14.273,1027.21,6370.0,12.319,12.267,12.538,8.97,0.945245,4.23,1.26,False,True,False,False,False,False,True,0.14921911265537988
12613,5,1,1,0,0,1,294.65292,68.84168,76.02087,19.45674,46.481022,282.6313559,0,0,0,0,2016,0,0,0,2016.0,12.3751,11.361,11.724,11.394,12.947,12.0115527,-10.7635,-5.33146,2.88879862,12.8443,1.29,13.809,688.795,5732.0,11.367,11.327,11.289,8.932,1.42367,4.27,1.15,False,True,False,False,False,False,True,-0.07058107428570727
12622,5,1,1,0,0,1,289.33946,65.35017,71.7217,19.39739,42.6360518,280.8233646,0,0,0,0,2016,0,0,0,2016.0,13.9202,12.87,13.211,12.919,14.597,6.8674444,6.84555,-0.54794,6.73972381,14.4168,1.03,15.526,835.882,5733.0,12.852,12.799,12.317,9.336,1.16761,4.41,1.02,False,True,False,False,False,False,True,0.09342168516223508
12637,5,1,1,0,0,1,308.82067,63.65494,75.69521,11.78455,43.2093456,292.4403029,0,0,0,0,2016,0,0,0,2016.0,13.9551,12.514,13.06,12.57,14.727,20.5153613,-17.7953,-10.2082,2.279526656,14.5804,0.77,15.713,455.358,5046.0,12.473,12.38,12.196,9.452,2.16738,4.58,0.82,False,True,False,False,False,False,True,-0.03151705144606486
12646,5,1,4,0,1,1,296.45022,69.39205,76.88378,19.2323,47.1744499,283.3360156,0,0,0,0,2016,0,0,0,2016.0,15.3574,13.343,14.222,13.516,16.43,16.9319994,-15.2703,-7.31509,12.2854603,16.2941,0.61,18.23,453.795,4098.0,13.313,13.269,12.517,8.974,2.17549,4.67,0.63,False,True,False,False,False,False,True,0.4132997640812518
12655,5,1,4,0,0,1,296.45022,69.39205,76.88378,19.2323,47.1744499,283.3360156,0,0,0,0,2016,0,0,0,2016.0,15.3574,13.343,14.222,13.516,16.43,16.9319994,-15.2703,-7.31509,5.53608151,16.2941,0.61,18.23,453.795,4098.0,13.313,13.269,12.517,8.974,2.17549,4.67,0.63,False,True,False,False,False,False,True,0.35410843914740087
12668,5,1,4,0,0,1,296.45022,69.39205,76.88378,19.2323,47.1744499,283.3360156,0,0,0,0,2016,0,0,0,2016.0,15.3574,13.343,14.222,13.516,16.43,16.9319994,-15.2703,-7.31509,20.9568158,16.2941,0.61,18.23,453.795,4098.0,13.313,13.269,12.517,8.974,2.17549,4.67,0.63,False,True,False,False,False,False,True,0.456366033129043
12680,5,1,4,0,0,1,296.45022,69.39205,76.88378,19.2323,47.1744499,283.3360156,0,0,0,0,2016,0,0,0,2016.0,15.3574,13.343,14.222,13.516,16.43,16.9319994,-15.2703,-7.31509,37.6327084,16.2941,0.61,18.23,453.795,4098.0,13.313,13.269,12.517,8.974,2.17549,4.67,0.63,False,True,False,False,False,False,True,0.39093510710337914
12692,5,1,1,0,1,1,298.99434,66.62232,75.1203,16.83141,44.7583487,285.7174414,0,0,0,0,2016,0,0,0,2016.0,14.0971,12.696,13.247,12.83,14.896,13.5664934,-13.4846,1.48839,99.2530951,14.6836,0.74,15.946,497.093,5078.0,12.739,12.683,12.585,9.423,1.98294,4.61,0.81,False,True,False,False,False,False,True,0.24797326636180664
12734,5,1,1,0,0,1,323.1519,66.47737,82.29819,10.29931,48.2488659,298.6624419,0,0,0,0,2016,0,0,0,2016.0,13.8982,12.764,13.178,12.82,14.558,21.6521087,18.8861,10.5891,6.48021673,14.4022,0.98,15.426,723.431,5753.0,12.813,12.739,12.224,9.403,1.35373,4.45,0.98,False,True,False,False,False,False,True,0.07188200730612537
12749,5,1,1,0,0,1,315.60251,66.21169,79.62052,11.82546,46.6595768,294.8309749,0,0,0,0,2016,0,0,0,2016.0,13.3625,12.366,12.726,12.434,13.906,7.2782005,-1.7102,-7.07442,54.4092333,13.8283,1.1,14.785,1038.35,5840.0,12.385,12.317,12.491,9.627,0.934364,4.36,1.03,False,True,False,False,False,False,True,0.22530928172586284
12778,5,1,1,0,0,1,295.24303,67.34787,74.836,18.44477,45.0840729,283.4532068,0,0,0,0,2016,0,0,0,2016.0,11.3915,10.679,10.948,10.724,11.714,14.0296445,-13.4313,4.05353,3.93766373,11.7144,2.55,12.136,640.409,6481.0,10.691,10.662,10.615,9.363,1.53281,3.84,1.64,False,True,False,False,False,False,True,0.14301480025409505
12789,5,1,1,0,0,1,312.68476,67.82001,79.77512,13.79022,47.6641732,292.3374945,0,0,0,0,2016,0,0,0,2016.0,12.1431,11.29,11.574,11.348,12.632,7.0422352,-5.2418,-4.70283,3.78470649,12.536,1.23,13.242,492.894,6138.0,11.289,11.248,11.346,9.515,2.00043,4.33,1.17,False,True,False,False,False,False,True,-0.09691001300805639
12800,5,1,1,0,0,1,313.16499,64.75258,77.87852,11.33663,44.9182296,294.3363936,0,0,0,0,2016,0,0,0,2016.0,14.0852,13.173,13.492,13.194,14.691,16.7986466,-15.7023,-5.96928,18.2206421,14.5271,1.27,15.463,1066.46,6195.0,13.146,13.101,12.725,9.421,0.909095,4.3,1.18,False,True,False,False,False,False,True,0.3159703454569177
12802,5,1,1,0,0,1,323.26511,65.12102,81.61237,9.12251,47.0758234,299.6758812,0,0,0,0,2016,0,0,0,2016.0,13.6016,12.468,12.849,12.517,14.324,3.7836825,-3.4529,1.54717,47.449955,14.0909,1.12,14.824,1198.25,6026.0,12.477,12.441,12.401,9.494,0.805976,4.37,1.09,False,True,False,False,False,False,True,0.23552844690754893
12816,5,1,2,0,0,1,317.84623,67.98864,81.43624,12.70334,48.6389923,294.8661073,0,0,0,0,2016,0,0,0,2016.0,13.2482,12.355,12.695,12.389,13.752,10.5370393,0.0287962,-10.537,2.78815679,13.6605,1.18,14.454,852.204,6126.0,12.343,12.305,12.954,9.526,1.14464,4.34,1.13,False,True,False,False,False,False,True,-0.045757490560675115
12825,5,1,2,0,0,1,317.84623,67.98864,81.43624,12.70334,48.6389923,294.8661073,0,0,0,0,2016,0,0,0,2016.0,13.2482,12.355,12.695,12.389,13.752,10.5370393,0.0287962,-10.537,4.13827595,13.6605,1.18,14.454,852.204,6126.0,12.343,12.305,12.954,9.526,1.14464,4.34,1.13,False,True,False,False,False,False,True,0.012837224705172217
12834,5,1,1,0,0,1,312.61487,66.06629,78.57331,12.48383,46.0416516,293.3116962,0,0,0,0,2016,0,0,0,2016.0,15.01,13.929,14.295,13.91,15.572,8.7340771,-8.73395,0.047128,1.638653058,15.5074,0.96,15.454,1385.7,5735.0,13.837,13.729,12.332,9.432,0.693543,4.47,0.97,False,True,False,False,False,False,True,0.09691001300805642
12885,5,1,1,0,0,1,300.43756,67.16832,75.93397,16.7223,45.4408055,286.2716827,0,0,0,0,2016,0,0,0,2016.0,15.1083,13.768,14.26,13.775,16.067,4.3674037,3.06445,3.11181,9.06689421,15.7129,0.78,15.58,752.237,5044.0,13.578,13.539,12.515,9.265,1.30113,4.58,0.83,False,True,False,False,False,False,True,0.20951501454263097
12898,5,1,1,0,0,1,313.32519,69.14337,80.85211,14.63665,48.9681664,291.8478341,0,0,0,0,2016,0,0,0,2016.0,14.0647,12.862,13.31,12.927,14.78,8.0774938,8.05898,-0.546578,2.03387914,14.6083,0.87,15.803,1493.64,5416.0,12.901,12.817,12.881,9.372,0.640641,4.53,0.9,False,True,False,False,False,False,True,-0.11918640771920865
12902,5,1,1,0,0,1,303.62048,59.98675,71.27274,10.9704,38.9600779,290.8676391,0,0,0,0,2016,0,0,0,2016.0,15.1547,14.201,14.559,14.245,15.713,11.1813442,-10.3714,-4.1781,5.19492202,15.5907,1.15,16.36,2163.9,6060.0,14.268,14.299,12.724,9.381,0.433661,4.36,1.11,False,True,False,False,False,False,True,0.33041377334919086
12916,5,1,1,0,0,1,322.04184,69.28236,83.4802,12.88805,50.4983929,296.0094827,0,0,0,0,2016,0,0,0,2016.0,15.1355,13.756,14.315,13.876,15.931,7.1802922,4.81949,5.32251,15.9314739,15.7029,0.8,16.652,962.183,5261.0,13.829,13.761,12.79,9.482,1.01226,4.56,0.84,False,True,False,False,False,False,True,0.30319605742048883
12927,5,1,1,0,0,1,310.81674,59.10911,73.28745,7.79131,39.2561274,295.6848822,0,0,0,0,2016,0,0,0,2016.0,15.3042,14.237,14.583,14.212,16.028,3.7320245,-1.43972,3.44314,28.2274184,15.8175,1.07,16.235,1530.3,5925.0,14.32,14.179,13.039,9.116,0.626845,4.4,1.05,False,True,False,False,False,False,True,0.5976951859255123
12940,5,1,1,0,0,1,294.08676,63.74938,71.42953,16.8203,41.4715535,283.9424274,0,0,0,0,2016,0,0,0,2016.0,14.4251,13.489,13.848,13.525,15.023,4.5883532,-3.68797,2.72981,20.0711504,14.8925,1.15,15.865,1396.41,6010.0,13.399,13.36,12.727,9.428001,0.687467,4.36,1.1,False,True,False,False,False,False,True,0.3521825181113625
12952,5,1,1,0,0,1,294.10333,67.80505,74.98391,19.05989,45.4257884,282.6998783,0,0,0,0,2016,0,0,0,2016.0,11.5719,10.694,10.976,10.736,12.124,8.0005615,2.02683,-7.73957,2.99793191,11.9622,1.35,12.757,535.048,6170.0,10.68,10.651,10.651,8.895001,1.84034,4.25,1.21,False,True,False,False,False,False,True,-0.05060999335508721
12959,5,1,1,0,0,1,313.10989,71.65198,82.50635,16.57577,51.2086144,290.0847389,0,0,0,0,2016,0,0,0,2016.0,14.5815,13.248,13.775,13.296,15.391,3.4040539,1.4659,-3.07225,0.764864926,15.172,0.79,16.322,694.89,5160.0,13.262,13.201,12.973,9.298,1.4104,4.57,0.83,False,True,False,False,False,False,True,0.01703333929878037
13007,5,1,1,0,0,1,298.91663,64.76904,73.57259,15.72302,42.9638889,286.3615236,0,0,0,0,2016,0,0,0,2016.0,15.316,14.237,14.686,14.334,15.945,6.4514263,-1.13579,-6.35066,86.1150888,15.7709,0.92,16.508,1660.48,5664.0,14.373,14.305,12.945,9.06,0.573312,4.49,0.95,False,True,False,False,False,False,True,0.45024910831936105
13015,5,1,1,0,0,1,314.1587,69.26462,81.1662,14.53726,49.202481,292.1801539,0,0,0,0,2016,0,0,0,2016.0,12.7581,11.774,12.146,11.834,13.347,8.4006106,7.32336,4.11566,3.6146051,13.1928,1.27,14.032,755.678,5880.0,11.772,11.723,11.497,9.224,1.29452,4.25,1.06,False,True,False,False,False,False,True,-0.08092190762392612
13027,5,1,1,0,0,1,314.67859,66.20302,79.31782,12.05195,46.4987624,294.3416065,0,0,0,0,2016,0,0,0,2016.0,15.6847,14.224,14.821,14.385,16.473,4.259251,-0.487241,-4.23129,13.1829642,16.2846,0.8,15.831,1167.49,5196.0,14.201,14.115,12.332,9.182,0.830047,4.57,0.84,False,True,False,False,False,False,True,0.2600713879850748
13031,5,1,1,0,0,1,296.21922,64.50852,72.63515,16.49202,42.4223085,284.9285796,0,0,0,0,2016,0,0,0,2016.0,14.2489,12.734,13.361,12.869,14.989,1.4240237,0.278323,1.39656,3.51576315,14.8607,0.75,15.484,570.835,4951.0,12.817,12.767,12.819,9.091,1.72319,4.59,0.8,False,True,False,False,False,False,True,0.08990511143939793
13047,5,1,1,0,0,2,300.3905,69.71815,78.02145,18.31592,47.8732512,285.1568015,0,0,0,0,2016,0,0,0,2016.0,15.1438,13.951,14.39,13.972,15.937,18.4906089,-16.8816,-7.54415,0.63642408,15.7209,0.84,16.878,1043.56,5267.0,13.865,13.804,12.982,9.459,0.930226,4.54,0.89,False,True,False,False,False,False,True,0.11058971029924898
13052,5,1,1,0,0,1,318.63272,62.57748,78.47057,8.13334,43.8940593,298.6634624,0,0,0,0,2016,0,0,0,2016.0,13.6973,12.537,12.942,12.585,14.369,5.7894248,-4.85341,-3.15624,1.49514952,14.226,1.15,15.272,949.59,6019.0,12.523,12.487,12.72,9.441,1.02457,4.35,1.09,False,True,False,False,False,False,True,-0.05551732784983137
13058,5,1,1,0,0,1,304.7241,61.54241,72.80866,11.63523,40.605197,290.9498966,0,0,0,0,2016,0,0,0,2016.0,13.3932,12.339,12.714,12.4,14.038,4.5385966,-4.35569,-1.27547,20.3505213,13.8576,1.02,14.816,991.845,5839.0,12.301,12.266,12.389,9.327,0.979545,4.43,1.02,False,True,False,False,False,False,True,0.0
13077,5,1,1,0,0,1,305.10547,58.72813,70.86873,9.55665,37.971376,292.2545917,0,0,0,0,2016,0,0,0,2016.0,15.2085,14.081,14.507,14.172,15.96,9.2315249,-5.26183,-7.58513,42.5215895,15.7181,1.01,16.492,1498.58,5796.0,14.307,14.074,12.736,8.751,0.6402,4.43,1.01,False,True,False,False,False,False,True,0.456366033129043
13128,5,1,1,0,0,1,314.12943,62.26067,76.59871,9.14384,42.7778165,296.2038586,0,0,0,0,2016,0,0,0,2016.0,15.2453,13.76,14.396,13.939,15.894,11.1235003,-1.46429,11.0267,6.69960006,15.8488,0.79,16.903,1054.37,5187.0,13.916,13.84,12.027,8.884,0.92243,4.57,0.82,False,True,False,False,False,False,True,0.10720996964786839
13138,5,1,1,0,0,1,303.62569,70.05449,79.03594,17.66824,48.5442312,286.5806115,0,0,0,0,2016,0,0,0,2016.0,12.3584,11.554,11.839,11.603,12.868,11.9969827,11.9955,0.188612,6.9131112,12.7261,1.42,13.906,783.401,6335.0,11.549,11.518,11.528,9.07,1.24785,4.23,1.25,False,True,False,False,False,False,True,-0.03151705144606486
13148,5,1,1,0,0,1,315.94031,67.99979,80.86181,13.14677,48.3360926,293.8902214,0,0,0,0,2016,0,0,0,2016.0,15.2021,14.352,14.658,14.368,15.741,2.0148812,0.489567,1.9545,18.6051942,15.6194,1.23,15.861,2465.84,6194.0,14.267,14.264,13.0,9.129,0.375273,4.32,1.15,False,True,False,False,False,False,True,0.3053513694466238
13173,5,1,1,0,0,1,312.47159,62.82022,76.36694,10.06318,43.0124348,294.9510368,0,0,0,0,2016,0,0,0,2016.0,13.0641,11.914,12.354,11.977,13.681,0.5332568,0.532302,0.0318959,14.4541302,13.5629,0.95,14.485,863.873,5718.0,11.926,11.871,12.152,9.537,1.12886,4.47,0.97,False,True,False,False,False,False,True,-0.026872146400301365
13196,5,1,1,0,0,1,323.32458,67.97962,83.16548,11.53869,49.594958,297.6422563,0,0,0,0,2016,0,0,0,2016.0,13.0708,12.112,12.416,12.154,13.759,6.5506485,-5.62895,-3.35051,10.67607169,13.5234,1.36,14.314,1530.32,6184.0,12.071,12.035,11.811,9.496,0.624761,4.28,1.28,False,True,False,False,False,False,True,0.21484384804769785
13208,5,1,1,0,0,1,301.85703,70.78892,79.23022,18.59367,49.0448172,285.3662532,0,0,0,0,2016,0,0,0,2016.0,14.3995,13.404,13.775,13.508,15.053,12.4496796,-11.0579,-5.71991,4.48487493,14.8316,1.07,15.557,1214.09,5902.0,13.445,13.406,12.768,9.638,0.794899,4.4,1.05,False,True,False,False,False,False,True,0.11058971029924898
13256,5,1,1,0,0,1,320.3742,68.84755,82.72414,12.85959,49.8295211,295.5241011,0,0,0,0,2016,0,0,0,2016.0,14.9257,13.97,14.268,13.95,15.594,5.3134798,-5.18808,-1.14756,23.9109011,15.3702,1.13,15.818,2171.87,6031.0,13.903,13.832,12.981,9.416,0.431246,4.37,1.09,False,True,False,False,False,False,True,0.3463529744506387
13278,5,1,1,0,0,1,322.30879,70.04151,83.98627,13.47297,51.2030002,295.5384415,0,0,0,0,2016,0,0,0,2016.0,11.6547,10.819,11.067,10.865,12.198,10.7588587,8.40625,6.71476,8.05333618,12.0421,2.04,12.655,775.529,6291.0,10.825,10.793,10.848,9.392,1.26097,3.98,1.47,False,True,False,False,False,False,True,0.045322978786657475
13284,5,1,1,0,0,1,308.20391,65.57558,76.86991,13.34793,44.9210836,291.1732806,0,0,0,0,2016,0,0,0,2016.0,12.5194,11.729,11.995,11.785,12.984,10.3383035,-10.2756,-1.13691,4.45343281,12.8692,1.32,13.573,704.211,6356.0,11.733,11.708,11.63,9.538,1.39134,4.28,1.21,False,True,False,False,False,False,True,-0.06550154875643228
13291,5,1,1,0,0,1,320.07339,65.46014,80.66655,10.13498,46.7679816,297.711553,0,0,0,0,2016,0,0,0,2016.0,14.4362,13.358,13.75,13.428,15.119,4.3921743,-4.15258,-1.43083,9.705716,14.9099,1.09,15.764,2530.62,5972.0,13.421,13.366,13.249,9.528,0.366448,4.39,1.06,False,True,False,False,False,False,True,0.11727129565576427
13298,5,1,1,0,0,1,313.77802,69.46348,81.19303,14.77573,49.325869,291.8649164,0,0,0,0,2016,0,0,0,2016.0,15.1656,13.917,14.4,14.027,15.701,7.8580635,-7.11183,-3.34231,10.9295461,15.6607,0.9,16.622,2101.69,5557.0,13.92,13.9,12.833,9.676,0.443927,4.51,0.93,False,True,False,False,False,False,True,0.1367205671564068
13313,5,1,1,0,0,1,302.22214,61.97983,72.32643,12.80585,40.6816262,289.289819,0,0,0,0,2016,0,0,0,2016.0,14.3349,13.136,13.513,13.242,14.983,7.8078391,-7.80121,-0.321674,2.31942009,14.861,0.96,15.665,1154.13,5530.0,13.051,13.009,12.117,8.885,0.839323,4.46,0.97,False,True,False,False,False,False,True,-0.026872146400301365
13315,5,1,1,0,0,1,296.77361,62.96347,71.48765,15.38301,40.9798688,285.7396971,0,0,0,0,2016,0,0,0,2016.0,14.9624,12.744,13.577,12.953,17.0484,42.3636292,-37.7233,-19.2777,8.07392849,16.0979,0.43,18.902,225.393,3578.0,12.503,12.608,12.604,9.359,4.40862,4.83,0.46,False,True,False,False,False,False,True,0.1643528557844371
13352,5,1,1,0,0,1,301.13198,70.09757,78.50148,18.35056,48.3122283,285.3469737,0,0,0,0,2016,0,0,0,2016.0,13.6252,12.561,12.951,12.641,14.24,3.2853639,-2.65718,1.9321,39.859484,14.1018,0.96,14.762,1115.35,5698.0,12.586,12.528,12.558,9.432,0.867838,4.46,0.98,False,True,False,False,False,False,True,0.10037054511756291
13364,5,1,1,0,0,1,310.71037,63.25009,76.04549,10.91324,43.1245756,293.7191177,0,0,0,0,2016,0,0,0,2016.0,13.7641,12.688,13.08,12.727,14.29,2.5869782,-0.607778,-2.51457,39.4419839,14.2567,1.0,14.376,1110.48,5802.0,11.988,11.891,11.913,8.908,0.871935,4.45,1.0,False,True,False,False,False,False,True,0.11727129565576427
13378,5,1,1,0,0,1,312.18722,69.19277,80.57101,14.94053,48.8469171,291.2556226,0,0,0,0,2016,0,0,0,2016.0,11.6841,10.967,11.215,11.031,12.114,2.4050791,-1.54625,-1.84215,81.4162941,12.0303,1.44,12.71,608.68,6394.0,10.936,10.915,10.916,9.054,1.61439,4.25,1.34,False,True,False,False,False,False,True,0.5943925503754267
13383,5,1,1,0,0,1,296.55624,69.27043,76.80044,19.13232,47.0667983,283.4357392,0,0,0,0,2016,0,0,0,2016.0,11.8483,11.021,11.337,11.098,12.313,11.0666922,-10.6266,-3.08983,2.41811321,12.212,1.27,12.819,593.646,6289.0,11.012,10.976,11.041,8.863,1.65821,4.3,1.19,False,True,False,False,False,False,True,-0.01322826573375516
13393,5,1,1,0,0,1,296.67494,64.06656,72.3834,16.07247,42.0405016,285.3306799,0,0,0,0,2016,0,0,0,2016.0,11.8074,10.813,11.195,10.901,12.363,12.7766091,8.63084,9.42074,33.42035034,12.2578,1.05,12.979,319.675,5810.0,10.834,10.791,10.765,9.068,3.0994,4.4,1.03,False,True,False,False,False,False,True,0.33845649360460484
13410,5,1,1,0,0,1,288.89129,66.6833,72.86159,20.20993,43.9150665,280.2495197,0,0,0,0,2016,0,0,0,2016.0,12.0406,11.114,11.436,11.178,12.407,12.6867524,-9.51754,8.38869,10.60052251,12.4184,1.26,13.034,506.357,6150.0,11.038,11.004,11.438,9.493,1.94635,4.28,1.13,False,True,False,False,False,False,True,-0.017728766960431606
13420,5,1,1,0,0,1,306.90595,67.69193,78.04646,15.20358,46.7260823,289.4240357,0,0,0,0,2016,0,0,0,2016.0,11.7532,10.204,10.797,10.3,12.595,23.0156441,-19.4396,12.3216,0.689967832,12.4086,0.75,13.891,152.075,4865.0,10.186,10.129,10.05,9.151,6.54694,4.6,0.81,False,True,False,False,False,False,True,-0.08618614761628333
13423,5,1,1,0,0,1,311.67148,71.33459,81.93065,16.64527,50.727016,289.6434285,0,0,0,0,2016,0,0,0,2016.0,14.182,13.124,13.526,13.146,14.747,14.4237733,-13.6874,-4.54976,56.6747285,14.6643,0.95,15.293,890.296,5722.0,13.125,13.094,12.705,9.598,1.09459,4.47,0.97,False,True,False,False,False,False,True,0.4623979978989561
13436,5,1,1,0,0,1,308.25673,71.66813,81.3597,17.63876,50.5955846,287.8674123,0,0,0,0,2016,0,0,0,2016.0,13.925,12.932,13.38,12.948,14.592,3.7797692,-2.53928,-2.79977,12.27065865,14.3796,0.93,14.661,768.903,5774.0,12.916,12.875,12.734,9.406,1.27179,4.49,0.95,False,True,False,False,False,False,True,0.20682587603184974
13442,5,1,1,0,0,1,308.89737,71.55221,81.42213,17.4135,50.5678345,288.2317293,0,0,0,0,2016,0,0,0,2016.0,14.5798,13.64,13.994,13.686,15.142,11.8253674,-11.1506,-3.93744,13.2274528,15.0306,1.1,15.926,2006.48,5979.0,13.67,13.594,13.14,9.579001,0.468974,4.39,1.08,False,True,False,False,False,False,True,0.22530928172586284
13477,5,1,1,0,0,1,313.64583,64.84357,78.0981,11.27466,45.0813011,294.5536825,0,0,0,0,2016,0,0,0,2016.0,14.7438,12.908,13.681,13.059,15.923,27.8364443,-19.2196,-20.1364,54.5094166,15.4892,0.68,17.024,505.829,4524.0,12.922,12.862,13.23,9.506,1.94862,4.63,0.71,False,True,False,False,False,False,True,0.23299611039215384
13487,5,1,1,0,0,1,308.33727,60.7656,73.4972,9.85104,40.4098813,293.4464227,0,0,0,0,2016,0,0,0,2016.0,14.7934,13.66,14.069,13.718,15.313,6.013512,-5.94607,-0.898097,35.622233,15.2999,0.99,16.174,1058.72,5782.0,13.766,13.646,12.761,9.39,0.916503,4.45,1.0,False,True,False,False,False,False,True,0.5250448070368452
13502,5,1,1,0,0,1,305.51675,58.97149,71.1961,9.57319,38.2662824,292.422792,0,0,0,0,2016,0,0,0,2016.0,12.6223,11.635,11.983,11.663,13.215,8.2257087,-6.73808,-4.71811,42.913751,13.0714,2.06,13.997,996.32,6101.0,11.6,11.559,11.545,9.274,0.975034,3.95,1.41,False,True,False,False,False,False,True,0.43136376415898736
13511,5,1,1,0,1,1,302.23289,69.58856,78.33698,17.73532,47.9475586,286.1255037,0,0,0,0,2016,0,0,0,2016.0,15.0461,13.999,14.387,14.034,15.695,3.9477838,-1.03957,-3.80845,47.1611696,15.5278,0.94,16.396,1196.04,5665.0,14.046,13.952,13.188,9.508,0.807612,4.48,0.97,False,True,False,False,False,False,True,0.4265112613645752
13514,5,1,1,0,0,1,299.48511,70.81819,78.74817,19.22697,48.8317229,284.2233265,0,0,0,0,2016,0,0,0,2016.0,14.3859,13.189,13.623,13.243,15.009,12.5331298,-11.5304,-4.91215,47.0319479,14.8994,0.86,16.071,780.566,5448.0,13.172,13.136,12.943,9.287,1.25259,4.53,0.9,False,True,False,False,False,False,True,0.2741578492636798
13532,5,1,1,0,0,1,318.97147,69.87758,82.92078,13.98593,50.5027572,294.0830662,0,0,0,0,2016,0,0,0,2016.0,14.9256,12.922,13.772,13.085,16.06,9.2890442,-9.18255,1.40254,49.276764,15.8657,0.6,18.074,357.621,4075.0,12.842,12.856,12.74,9.531,2.76822,4.68,0.62,False,True,False,False,False,False,True,0.3344537511509309
13538,5,1,1,0,0,1,300.44104,65.48081,74.56571,15.66341,43.8228023,286.9453381,0,0,0,0,2016,0,0,0,2016.0,14.6416,12.681,13.486,12.862,15.777,6.6762455,6.66661,0.35856,18.1373829,15.445,0.62,17.419,370.312,4231.0,12.654,12.612,12.514,9.249,2.67192,4.67,0.64,False,True,False,False,False,False,True,0.05690485133647256
13543,5,1,1,0,0,1,294.07704,64.31962,71.92095,17.14324,42.027203,283.7705481,0,0,0,0,2016,0,0,0,2016.0,13.5729,12.542,12.944,12.608,14.066,7.2830095,-2.98133,-6.64484,51.1110243,14.0283,1.01,14.886,889.885,5866.0,12.555,12.531,13.103,9.37,1.09492,4.43,1.01,False,True,False,False,False,False,True,0.29885307640970665
13560,5,1,1,0,0,1,292.67408,63.44089,70.79731,17.17283,41.0380135,283.2115971,0,0,0,0,2016,0,0,0,2016.0,13.6833,12.509,12.936,12.57,14.434,10.5776414,-10.5312,-0.990113,47.9872764,14.1996,0.94,15.243,544.45,5653.0,12.5,12.441,12.347,9.399,1.80791,4.48,0.96,False,True,False,False,False,False,True,0.4409090820652177
13566,5,1,1,0,0,1,293.96501,68.42205,75.50289,19.43843,46.0139761,282.4229401,0,0,0,0,2016,0,0,0,2016.0,13.9057,12.384,13.005,12.497,14.893,16.6466384,-7.49024,-14.8663,62.8691611,14.5519,0.74,16.439,455.479,4828.0,12.412,12.342,12.356,9.484,2.16677,4.61,0.78,False,True,False,False,False,False,True,0.13353890837021754
13602,5,1,1,0,0,1,298.22565,65.93225,74.35134,16.65939,44.0108221,285.5577888,0,0,0,0,2016,0,0,0,2016.0,15.1726,13.359,14.093,13.449,16.166,10.9680521,9.41088,-5.63325,29.9633247,15.9191,0.67,17.661,553.218,4422.0,13.351,13.285,12.656,9.263,1.77935,4.64,0.7,False,True,False,False,False,False,True,0.292256071356476
13606,5,1,1,0,0,1,298.17681,65.0964,73.64385,16.17103,43.198377,285.8305091,0,0,0,0,2016,0,0,0,2016.0,15.0686,13.471,14.137,13.706,15.828,8.3582603,-2.90526,7.83709,29.3494775,15.6949,0.74,16.944,679.106,4919.0,13.555,13.532,12.914,9.219,1.44425,4.6,0.79,False,True,False,False,False,False,True,0.3074960379132129
13619,5,1,1,0,0,1,314.10565,61.85411,76.33029,8.83542,42.3969273,296.397542,0,0,0,0,2016,0,0,0,2016.0,15.2862,14.058,14.471,14.078,15.888,3.4464764,0.169416,3.44231,65.6488341,15.8562,1.0,16.254,1017.82,5756.0,14.033,13.937,12.887,9.258,0.956491,4.45,1.0,False,True,False,False,False,False,True,0.5820633629117087
13622,5,1,1,0,0,1,311.00249,62.00462,75.302,9.89614,42.0069064,294.4872785,0,0,0,0,2016,0,0,0,2016.0,15.2321,14.015,14.526,14.216,15.905,5.7032129,-5.69598,-0.28714,25.15864,15.7236,0.95,16.642,1687.47,5679.0,14.159,14.093,12.492,9.533,0.56516,4.47,0.96,False,True,False,False,False,False,True,0.26951294421791633
13639,5,1,2,0,0,1,298.00806,60.52809,69.85238,13.44295,38.7540824,287.2356828,0,0,0,0,2016,0,0,0,2016.0,13.6293,12.507,12.882,12.536,14.358,16.1809012,-16.1809,0.006274,31.7785901,14.1296,1.01,15.621,1151.73,5828.0,12.516,12.488,11.986,8.736,0.839467,4.44,1.02,False,True,False,False,False,False,True,0.22010808804005508
13642,5,1,2,0,0,1,298.00806,60.52809,69.85238,13.44295,38.7540824,287.2356828,0,0,0,0,2016,0,0,0,2016.0,13.6293,12.507,12.882,12.536,14.358,16.1809012,-16.1809,0.006274,5.32786292,14.1296,1.01,15.621,1151.73,5828.0,12.516,12.488,11.986,8.736,0.839467,4.44,1.02,False,True,False,False,False,False,True,0.0
13653,5,1,1,0,0,1,313.62036,72.3499,83.1107,16.9967,51.9048541,289.8194222,0,0,0,0,2016,0,0,0,2016.0,13.7357,12.043,12.718,12.161,14.724,8.1180021,-3.86797,7.13728,31.8277111,14.42,0.71,15.919,359.497,4726.0,12.039,12.005,11.944,9.528,2.75616,4.62,0.75,False,True,False,False,False,False,True,0.24797326636180664
13662,5,1,1,0,0,1,305.77924,65.60379,76.16801,14.08265,44.6098415,289.8312418,0,0,0,0,2016,0,0,0,2016.0,13.4293,12.408,12.815,12.469,14.026,8.1923356,-3.524,7.39566,31.1750448,13.8694,1.02,14.854,631.949,5884.0,12.397,12.369,12.072,9.436,1.5536,4.43,1.01,False,True,False,False,False,False,True,0.1903316981702915
13669,5,1,1,0,0,1,314.64358,64.94678,78.49828,11.08565,45.3426781,295.0485389,0,0,0,0,2016,0,0,0,2016.0,14.9464,13.577,14.139,13.704,15.83,1.4494469,-1.42592,0.260093,47.0569043,15.5207,0.82,16.206,852.888,5332.0,13.465,13.383,12.941,9.057,1.14445,4.55,0.86,False,True,False,False,False,False,True,0.5185139398778875
13677,5,1,3,0,0,1,309.03733,61.56663,74.30564,10.20012,41.2773671,293.5198289,0,0,0,0,2016,0,0,0,2016.0,14.4675,13.458,13.845,13.497,15.111,13.9056353,-11.537,-7.76301,8.23984869,14.9515,1.05,15.95,1899.24,5893.0,13.441,13.384,12.892,9.412,0.498369,4.42,1.04,False,True,False,False,False,False,True,0.23804610312879543
13689,5,1,3,0,0,1,309.03733,61.56663,74.30564,10.20012,41.2773671,293.5198289,0,0,0,0,2016,0,0,0,2016.0,14.4675,13.458,13.845,13.497,15.111,13.9056353,-11.537,-7.76301,3.54553021,14.9515,1.05,15.95,1899.24,5893.0,13.441,13.384,12.892,9.412,0.498369,4.42,1.04,False,True,False,False,False,False,True,0.06069784035361165
13708,5,1,1,0,0,1,308.22671,59.70865,72.71678,9.12466,39.3913385,293.8213286,0,0,0,0,2016,0,0,0,2016.0,15.4028,14.119,14.631,14.228,16.2388,5.5165974,-5.2634,-1.65211,21.8635301,15.9891,0.89,15.629,1159.3,5507.0,14.073,13.979,13.012,9.432,0.835524,4.51,0.92,False,True,False,False,False,False,True,0.4471580313422192
13735,5,1,1,0,0,1,300.84365,61.33531,71.38766,12.88246,39.8830802,288.6949475,0,0,0,0,2016,0,0,0,2016.0,14.4136,12.896,13.492,12.978,15.252,30.8017943,-26.6045,-15.5226,16.2950903,15.0436,0.76,16.491,590.601,4961.0,12.938,12.869,12.339,9.206,1.66467,4.59,0.8,False,True,False,False,False,False,True,0.029383777685209663
13744,5,1,2,0,0,1,310.8164,70.68454,81.2566,16.35841,50.0200612,289.6649171,0,0,0,0,2016,0,0,0,2016.0,14.7511,13.604,14.037,13.69,15.421,4.1356698,4.13566,-0.0089867,3.63899398,15.246,0.93,16.118,978.678,5660.0,13.637,13.588,12.887,9.249,0.993378,4.48,0.95,False,True,False,False,False,False,True,0.14921911265537988
13748,5,1,2,0,0,0,310.8164,70.68454,81.2566,16.35841,50.0200612,289.6649171,0,0,0,0,2017,0,0,0,2023.0,14.7511,13.604,14.037,13.69,15.421,4.1356698,4.13566,-0.0089867,11.6044881,15.246,1.166,16.118,978.678,5533.0,13.637,13.588,12.887,9.249,0.993378,4.275,0.934,True,False,True,False,False,False,False,0.2741578492636798
13755,5,1,1,0,0,1,318.33132,68.36635,81.81523,12.89982,49.0574468,294.8526163,0,0,0,0,2016,0,0,0,2016.0,14.1764,13.255,13.579,13.308,14.666,3.5078424,-3.18591,-1.46797,38.1312831,14.5898,1.25,15.384,1479.14,6159.0,13.229,13.223,12.492,9.4,0.647423,4.31,1.16,False,True,False,False,False,False,True,0.2787536009528289
13771,5,1,1,0,0,1,311.30237,69.49332,80.54011,15.37282,48.9961494,290.6365144,0,0,0,0,2016,0,0,0,2016.0,12.9519,12.009,12.346,12.103,13.486,15.1016263,-7.20968,-13.2695,14.4273551,13.3679,1.09,15.129,652.253,6046.0,11.768,11.749,11.407,8.937,1.50432,4.4,1.09,False,True,False,False,False,False,True,0.07554696139253074
13776,5,1,1,0,0,1,314.60055,65.52635,78.85639,11.54709,45.866809,294.6940261,0,0,0,0,2016,0,0,0,2016.0,14.72,13.621,14.027,13.709,15.35,3.3010507,-2.347,-2.32132,36.4333452,15.2172,1.04,16.143,1180.9,5870.0,13.649,13.615,12.719,9.767,0.819164,4.42,1.04,False,True,False,False,False,False,True,0.3344537511509309
13781,5,1,1,0,0,1,315.45366,64.15273,78.27087,10.24795,44.753096,295.9482766,0,0,0,0,2016,0,0,0,2016.0,14.829,13.88,14.192,13.89,15.36,5.1896449,-5.15398,-0.607375,82.177374,15.2775,1.28,16.145,1568.38,6214.0,13.769,13.72,12.798,9.284,0.610133,4.29,1.18,False,True,False,False,False,False,True,0.4653828514484183
13796,5,1,1,0,0,1,296.45689,66.09943,74.04734,17.33785,43.9898971,284.5320743,0,0,0,0,2016,0,0,0,2016.0,14.9073,13.828,14.227,13.896,15.574,9.0782739,-7.77971,-4.6788,10.35863224,15.4086,0.96,16.411,1002.74,5663.0,13.661,13.652,13.071,9.304,0.968895,4.47,0.98,False,True,False,False,False,False,True,0.22271647114758325
13800,5,1,1,0,0,1,290.18466,65.33503,71.89524,19.08479,42.6856727,281.2985305,0,0,0,0,2016,0,0,0,2016.0,13.9857,12.594,13.176,12.701,14.72,16.8370548,-16.7629,1.57848,11.55530021,14.5763,0.78,15.468,680.828,5100.0,12.587,12.541,12.247,9.166,1.44005,4.58,0.81,False,True,False,False,False,False,True,0.07188200730612537
13812,5,1,1,0,0,1,308.83837,62.09725,74.60654,10.65046,41.746184,293.1650085,0,0,0,0,2016,0,0,0,2016.0,14.9375,13.873,14.28,13.975,15.409,15.1484251,-12.3414,-8.78434,26.0840594,15.3994,1.06,16.481,1845.58,5904.0,13.858,13.87,12.937,9.306,0.513683,4.41,1.04,False,True,False,False,False,False,True,0.23804610312879543
13817,5,1,1,0,0,1,303.18239,71.3402,79.96768,18.61192,49.7067574,285.7119953,0,0,0,0,2016,0,0,0,2016.0,13.2865,12.256,12.667,12.342,13.914,23.6030131,21.4053,9.94562,14.53261362,13.7331,0.98,14.941,728.668,5796.0,12.261,12.23,12.737,9.668,1.34359,4.45,0.99,False,True,False,False,False,False,True,0.2624510897304295
13849,5,1,3,0,0,1,307.64096,67.72893,78.27565,15.03,46.8588176,289.7861626,0,0,0,0,2016,0,0,0,2016.0,14.7473,13.359,13.903,13.527,15.398,2.892914,0.332866,-2.8737,51.84688575,15.3362,0.81,16.627,791.163,5172.0,13.441,13.382,12.606,9.446,1.23545,4.56,0.86,False,True,False,False,False,False,True,0.9385197251764918
13859,5,2,1,0,0,2,313.97591,69.4045,81.20839,14.68579,49.3018321,291.9998055,0,0,0,0,2016,0,0,0,2016.0,13.9005,12.584,13.08,12.64,14.703,3.3948784,-0.0357688,3.39469,22.12679948,14.4824,0.81,15.528,500.892,5156.0,12.589,12.547,12.228,8.661,1.96771,4.56,0.85,False,True,False,False,False,False,True,0.22271647114758325
13867,5,1,1,0,0,1,310.06725,70.47816,80.92025,16.3802,49.7312226,289.4390075,0,0,0,0,2016,0,0,0,2016.0,14.1093,12.603,13.181,12.696,14.929,0.5363161,0.240978,0.479129,5.94220998,14.7429,0.75,16.073,459.076,4908.0,12.624,12.563,12.725,9.523,2.14959,4.6,0.8,False,True,False,False,False,False,True,0.08990511143939793
13880,5,1,1,0,0,1,301.45229,70.49685,78.90147,18.51516,48.72527,285.3138209,0,0,0,0,2016,0,0,0,2016.0,13.2155,11.996,12.441,12.034,13.967,1.942991,-0.209992,1.93161,12.25383217,13.7295,0.84,14.988,567.556,5381.0,11.906,11.843,11.904,9.225,1.73383,4.54,0.88,False,True,False,False,False,False,True,0.004321373782642578
13883,5,1,1,0,0,1,312.47185,61.89475,75.75719,9.35942,42.1507935,295.4097409,0,0,0,0,2016,0,0,0,2016.0,14.0009,13.077,13.397,13.12,14.52,10.3491566,-9.87462,-3.09789,9.5085156,14.4231,1.4,15.033,1273.78,6337.0,13.08,12.966,12.697,9.421,0.75684,4.24,1.25,False,True,False,False,False,False,True,0.18184358794477257
13894,5,1,1,0,0,1,305.81664,58.77705,71.16511,9.32641,38.1262604,292.6842738,0,0,0,0,2016,0,0,0,2016.0,14.7803,13.646,14.135,13.765,15.351,4.5370861,-4.19009,-1.7402,30.4549136,15.2474,0.92,15.485,2879.83,5730.0,13.571,13.574,13.021,9.319,0.326942,4.49,0.94,False,True,False,False,False,False,True,0.3242824552976926
13898,5,1,1,0,0,1,318.59365,63.51317,79.00501,8.90565,44.7370612,298.0954404,0,0,0,0,2016,0,0,0,2016.0,12.7183,11.724,12.022,11.757,13.411,4.8598859,-3.18666,3.66929,19.9157725,13.1796,1.12,14.396,615.66,6087.0,11.707,11.661,11.516,9.411,1.59556,4.39,1.11,False,True,False,False,False,False,True,0.1673173347481761
13912,5,1,1,0,0,1,307.70128,66.20456,77.17571,13.93908,45.4396955,290.5903907,0,0,0,0,2016,0,0,0,2016.0,14.8232,13.896,14.198,13.862,15.317,3.2823683,-2.09279,-2.52867,54.6495759,15.2937,1.12,16.073,1769.14,5965.0,13.855,13.806,12.916,9.468,0.53635,4.38,1.08,False,True,False,False,False,False,True,0.3654879848908996
13919,5,1,2,0,0,1,310.15917,58.5804,72.67602,7.62358,38.6444499,295.4980737,0,0,0,0,2016,0,0,0,2016.0,13.0806,12.289,12.556,12.311,13.6,14.7546698,-13.4116,-6.15055,7.31946363,13.4508,1.63,14.087,1014.62,6541.0,12.3,12.269,11.839,9.057,0.957092,4.16,1.38,False,True,False,False,False,False,True,0.3283796034387377
13926,5,1,2,0,0,0,310.15917,58.5804,72.67602,7.62358,38.6444499,295.4980737,0,0,0,0,2017,0,0,0,2023.0,13.0806,12.289,12.556,12.311,13.6,14.7546698,-13.4116,-6.15055,35.8007112,13.4508,3.955,14.087,1014.62,5745.0,12.3,12.269,11.839,9.057,0.957092,3.499,1.801,True,False,True,False,False,False,False,0.9014583213961124
13935,5,1,2,0,0,1,305.20057,71.34801,80.41883,18.12873,49.9377735,286.6464265,0,0,0,0,2016,0,0,0,2016.0,12.6275,11.638,12.012,11.694,13.146,9.3339465,9.13926,1.89644,39.8189932,13.0767,1.31,14.715,905.825,5820.0,11.625,11.586,11.424,9.429,1.07512,4.22,1.05,False,True,False,False,False,False,True,0.26951294421791633
13950,5,1,2,0,0,1,291.03313,67.08159,73.6739,19.67833,44.4654063,281.2957984,0,0,0,0,2016,0,0,0,2016.0,14.3412,13.247,13.677,13.286,14.983,3.5999514,3.40524,-1.1679,82.294751,14.8084,0.9,15.77,1283.05,5655.0,13.277,13.242,12.611,9.424,0.750671,4.51,0.93,False,True,False,False,False,False,True,0.24797326636180664
13999,5,1,1,0,0,1,313.24707,62.24473,76.26721,9.39277,42.6094543,295.6935734,0,0,0,0,2016,0,0,0,2016.0,14.88,13.616,14.092,13.671,15.616,10.5745823,-10.5095,1.17141,92.4362973,15.4179,0.87,16.384,862.92,5515.0,13.704,13.621,12.907,9.018,1.13096,4.52,0.9,False,True,False,False,False,False,True,0.48287358360875376
14008,5,1,2,0,0,1,312.82863,65.70297,78.39834,12.15156,45.7406293,293.6297645,0,0,0,0,2016,0,0,0,2016.0,15.062,13.949,14.323,13.995,15.796,2.9974502,-2.81276,1.0359,16.5861762,15.5695,0.99,16.519,2065.59,5728.0,13.934,13.91,12.526,9.483,0.455359,4.45,1.0,False,True,False,False,False,False,True,0.17897694729316943
14014,5,1,2,0,0,0,312.82863,65.70297,78.39834,12.15156,45.7406293,293.6297645,0,0,0,0,2017,0,0,0,2023.0,15.062,13.949,14.323,13.995,15.796,2.9974502,-2.81276,1.0359,61.569765,15.5695,1.389,16.519,2065.59,5626.0,13.934,13.91,12.526,9.483,0.455359,4.149,0.991,True,False,True,False,False,False,False,0.3873898263387294
14019,5,1,1,0,0,1,301.35277,62.46582,72.43279,13.43002,41.0363254,288.5970695,0,0,0,0,2016,0,0,0,2016.0,13.8027,12.158,12.804,12.26,14.689,29.7632704,-28.1552,-9.65075,16.75255007,14.4962,0.72,16.08,331.553,4712.0,12.137,12.084,12.21,8.865,2.98734,4.62,0.77,False,True,False,False,False,False,True,0.17318626841227405
14034,5,1,1,0,0,1,292.76205,65.60449,72.72814,18.31341,43.1625334,282.6573891,0,0,0,0,2016,0,0,0,2016.0,14.7245,13.536,14.01,13.7,15.372,7.3093168,7.30601,-0.219841,91.080482,15.217,0.94,15.87,1285.48,5659.0,13.591,13.551,12.325,9.343,0.749224,4.48,0.96,False,True,False,False,False,False,True,0.48713837547718647
14055,5,1,1,0,0,1,313.00083,65.25018,78.15314,11.76093,45.3507167,293.9739359,0,0,0,0,2016,0,0,0,2016.0,14.2309,13.225,13.611,13.339,14.832,1.577546,0.756182,1.3845,64.6588017,14.6819,1.27,15.426,1307.66,6182.0,13.174,13.167,13.046,9.464,0.73607,4.29,1.18,False,True,False,False,False,False,True,0.3463529744506387
14080,5,1,1,0,0,1,294.24783,63.91689,71.616,16.85567,41.6505091,283.986348,0,0,0,0,2016,0,0,0,2016.0,12.907,11.455,12.016,11.551,13.676,25.4377939,24.6044,6.45793,44.2008,13.5155,0.78,14.796,309.869,5097.0,11.425,11.37,11.356,9.222,3.1983,4.58,0.82,False,True,False,False,False,False,True,0.07554696139253074
14091,5,1,1,0,0,1,320.5423,68.03226,82.30359,12.15252,49.1400304,296.2005506,0,0,0,0,2014,0,0,0,2011.0,13.2394,12.216,12.578,12.282,13.81,12.4363405,-12.1217,-2.77974,4.942782,13.7136,0.992,14.662,739.412,5515.0,11.985,11.941,11.84,8.974,1.32383,4.46,1.018,False,True,True,False,False,False,False,1.0318122713303703
14143,4,1,5,0,0,0,300.4854,62.04371,71.83343,13.46754,40.520897,288.2341025,0,0,0,0,2017,0,0,0,2017.0,14.4746,13.367,13.817,13.422,15.161,1.4660331,1.30663,0.664809,637.2093,14.9743,0.905339,16.046,891.092,5528.0,13.368,13.322,12.931,9.129,1.09362,4.51122,0.97,False,True,True,False,False,False,False,0.561101383649056
14151,5,1,1,0,0,1,301.05719,61.16331,71.32111,12.69293,39.7446547,288.883474,0,0,0,0,2016,0,0,0,2016.0,14.1319,13.03,13.476,13.149,14.728,26.9710412,18.5475,19.5813,15.0330105,14.5804,1.0,15.513,1217.82,5845.0,13.082,13.05,12.661,9.103,0.792592,4.44,1.0,False,True,False,False,False,False,True,0.07918124604762482
14157,5,1,1,0,0,1,304.03127,63.10642,73.75813,12.93483,42.001428,289.918589,0,0,0,0,2016,0,0,0,2016.0,13.2541,12.364,12.661,12.415,13.683,9.2169221,1.79033,9.04137,14.5564533,13.6458,1.3,14.14,749.06,6229.0,12.389,12.317,12.276,8.949,1.30615,4.28,1.2,False,True,False,False,False,False,True,0.1931245983544616
14165,5,1,1,0,0,1,311.45847,59.05843,73.50378,7.53576,39.3199201,296.1079271,0,0,0,0,2016,0,0,0,2016.0,13.7157,12.907,13.174,12.945,14.18,0.6773765,-0.640733,0.219773,41.7083629,14.0931,1.72,14.688,1514.02,6666.0,12.86,12.837,12.816,9.375,0.632298,4.13,1.44,False,True,False,False,False,False,True,0.5024271199844327
14178,5,1,1,0,0,1,310.47402,62.9507,75.76022,10.76301,42.8067119,293.7271604,0,0,0,0,2016,0,0,0,2016.0,15.1982,13.767,14.353,13.82,15.892,10.1915184,-10.1904,0.150981,96.16987,15.7862,0.74,16.644,1225.57,5069.0,13.861,13.784,13.081,9.305,0.788784,4.59,0.77,False,True,False,False,False,False,True,0.35602585719312274
14181,5,1,1,0,0,1,311.03312,70.77112,81.3727,16.37273,50.1282265,289.7119947,0,0,0,0,2016,0,0,0,2016.0,15.1203,13.834,14.409,13.998,15.883,1.4702204,0.326624,-1.43348,82.304003,15.6311,0.81,16.572,2435.94,5393.0,13.953,13.904,12.558,9.273,0.379237,4.55,0.85,False,True,False,False,False,False,True,0.3283796034387377
14194,5,1,1,0,0,1,307.1068,62.42043,74.24726,11.444,41.7869639,292.0020614,0,0,0,0,2016,0,0,0,2016.0,12.4674,11.406,11.83,11.497,13.043,6.2832955,0.53812,6.26021,30.8609366,12.9258,0.86,13.876,495.148,5686.0,11.41,11.379,11.543,8.907,1.99146,4.54,0.93,False,True,False,False,False,False,True,-0.03151705144606486
14200,5,1,1,0,0,1,304.04123,62.5425,73.33499,12.55055,41.4645625,290.1498822,0,0,0,0,2016,0,0,0,2016.0,15.1393,14.082,14.51,14.117,15.836,11.8177331,-11.6576,-1.93886,14.0329154,15.6243,0.93,16.491,2366.02,5676.0,14.181,14.105,12.547,8.777,0.393109,4.49,0.95,False,True,False,False,False,False,True,0.12057393120584989
14207,5,1,1,0,0,1,305.26783,67.71545,77.62192,15.67191,46.5361247,288.5616269,0,0,0,0,2016,0,0,0,2016.0,12.5829,11.386,11.866,11.461,13.267,21.316818,16.008,14.0766,16.0506213,13.1038,0.85,14.237,320.478,5410.0,11.408,11.349,11.366,9.407,3.09144,4.53,0.89,False,True,False,False,False,False,True,-0.07572071393811836
14219,5,1,1,0,0,1,315.01714,59.49692,75.19718,6.71527,40.3750316,298.1188802,0,0,0,0,2016,0,0,0,2016.0,13.8282,12.603,12.994,12.643,14.561,5.2647353,-4.44206,2.82587,20.7056504,14.3466,1.22,15.598,1260.28,6158.0,12.619,12.527,13.011,9.631,0.765167,4.32,1.14,False,True,False,False,False,False,True,0.12385164096708581
14225,5,1,1,0,0,1,297.12559,69.0744,76.75355,18.85404,46.9310139,283.7977792,0,0,0,0,2016,0,0,0,2016.0,14.8747,13.887,14.2,13.864,15.455,1.4248755,-0.863892,-1.13312,25.4338197,15.3316,0.99,16.314,2002.96,5780.0,13.986,13.851,12.795,9.31,0.469774,4.45,1.0,False,True,False,False,False,False,True,0.26717172840301384
14257,5,1,1,0,0,1,323.59627,66.39051,82.40526,10.13197,48.2578295,298.9591432,0,0,0,0,2016,0,0,0,2016.0,14.6898,13.728,14.076,13.779,15.315,2.7925208,1.98356,-1.96562,84.703921,15.1424,1.28,15.924,1696.25,6200.0,13.663,13.567,13.187,9.172,0.56165,4.29,1.19,False,True,False,False,False,False,True,0.5263392773898441
14270,5,1,1,0,0,1,302.4347,64.55839,74.39302,14.42583,43.179773,288.4211892,0,0,0,0,2016,0,0,0,2016.0,13.1799,12.471,12.713,12.544,13.564,6.6459554,-6.26564,-2.21596,23.2382792,13.5024,1.29,14.001,1475.6,6064.0,12.481,12.472,12.442,9.122,0.648825,4.28,1.17,False,True,False,False,False,False,True,0.22530928172586284
14288,10,1,2,0,1,1,302.18709,60.53158,71.20067,11.86338,39.2852655,289.7917561,0,0,0,0,2023,0,0,0,2016.0,12.454,11.309,11.758,11.397,13.071,20.4696982,1.75762,20.3941,160.8842,12.9559,0.95,14.083,349.247,5491.0,11.291,11.235,11.217,9.418,2.83455,4.46,0.943,False,True,True,False,False,False,False,0.9341953493478844
14294,1,1,2,0,0,1,305.58374,58.53594,70.90471,9.24415,37.8601653,292.6274943,0,0,0,0,2021,0,0,0,2016.0,11.4605,10.688,10.953,10.728,11.766,10.0411048,7.02501,7.17447,217.83184,11.8292,1.289,12.482,397.292,6145.0,10.664,10.649,10.684,9.068,2.4885,4.295,1.196,False,True,False,True,False,False,False,1.0941066295570625
14313,1,1,2,0,0,0,305.58374,58.53594,70.90471,9.24415,37.8601653,292.6274943,0,0,0,0,2021,0,0,0,2020.0,11.4605,10.688,10.953,10.728,11.766,10.0411048,7.02501,7.17447,10.514181,11.8292,1.289,12.482,397.292,6145.0,10.664,10.649,10.684,9.068,2.4885,4.295,1.196,False,True,False,True,False,False,False,0.07034235735820932
14323,5,1,1,0,1,2,310.97011,68.65382,79.86092,14.83536,48.1782059,290.9739057,0,0,0,0,2016,0,0,0,2016.0,11.6488,10.886,11.163,10.942,12.1,10.1891191,9.738751,-2.99581,214.3114164,11.9975,1.41,12.031,539.321,6511.0,10.872,10.852,10.854,9.198,1.82555,4.26,1.3,False,True,False,False,False,False,True,0.9800033715837464
14330,5,1,1,0,0,1,308.38645,65.12341,76.60095,12.97156,44.5234227,291.4945795,0,0,0,0,2016,0,0,0,2016.0,13.9609,12.815,13.233,12.947,14.65,15.9220163,-15.5717,-3.32156,7.25931979,14.4469,1.07,15.509,1358.95,5904.0,12.863,12.82,12.919,8.911,0.707317,4.4,1.04,False,True,False,False,False,False,True,0.24303804868629444
14337,5,1,1,0,0,1,301.44047,64.69625,74.2159,14.83951,43.1888008,287.8072115,0,0,0,0,2016,0,0,0,2016.0,11.8995,11.303,11.505,11.346,12.228,0.9243924,0.620864,0.684857,5.546083665,12.1739,1.95,12.712,847.299,7010.0,11.285,11.265,11.161,9.268,1.15156,4.06,1.58,False,True,False,False,False,False,True,0.9894498176666918
14344,5,1,2,0,0,1,322.01421,63.05313,80.03172,7.66324,44.9861065,300.3323404,0,0,0,0,2016,0,0,0,2016.0,12.8852,12.058,12.309,12.101,13.374,10.7363968,-8.44935,-6.6241,5.11177904,13.2803,1.88,13.855,903.51,6846.0,12.016,11.98,12.463,8.786,1.07808,4.08,1.54,False,True,False,False,False,False,True,0.48429983934678583
14354,5,1,2,0,0,0,322.01421,63.05313,80.03172,7.66324,44.9861065,300.3323404,0,0,0,0,2017,0,0,0,2023.0,12.8852,12.058,12.309,12.101,13.374,10.7363968,-8.44935,-6.6241,9.6310258,13.2803,1.345,13.855,903.51,6432.0,12.016,11.98,12.463,8.786,1.07808,4.207,1.06,True,False,True,False,False,False,False,0.4623979978989561
14357,5,1,1,0,0,1,321.67111,68.17072,82.73998,12.03282,49.4617774,296.6679448,0,0,0,0,2016,0,0,0,2016.0,14.3174,13.189,13.642,13.257,15.124,14.7774508,-14.6827,1.67074,240.7989397,14.8034,0.91,14.745,1441.63,5644.0,13.234,13.225,12.162,9.378,0.665148,4.5,0.94,False,True,False,False,False,False,True,0.8488047010518037
14390,5,1,1,0,1,2,315.09558,71.67341,83.01587,16.18623,51.5047656,290.9662102,0,0,0,0,2016,0,0,0,2016.0,14.987,13.319,14.021,13.433,16.002,11.150732,11.1461,0.32137,0.653553572,15.6932,0.71,17.13,607.917,4677.0,13.348,13.254,12.757,9.766,1.61666,4.61,0.76,False,True,False,False,False,False,True,0.7611758131557314
14398,5,1,1,0,0,1,305.66053,58.49737,70.90519,9.18851,37.8350549,292.6903779,0,0,0,0,2016,0,0,0,2016.0,12.2481,10.84,11.415,10.936,13.049,24.5644534,17.6783,17.0555,47.14840805,12.8476,0.76,14.115,206.983,5042.0,10.779,10.734,10.198,9.038,4.80257,4.59,0.81,False,True,False,False,False,False,True,0.3979400086720376
14410,5,1,1,0,0,1,313.90842,72.49128,83.27634,17.04643,52.0702094,289.8432347,0,0,0,0,2016,0,0,0,2016.0,13.7178,12.621,13.097,12.729,14.357,11.9512179,11.7536,-2.16437,1.847889171,14.1963,0.93,15.172,814.125,5706.0,12.526,12.461,13.444,9.874,1.19953,4.49,0.96,False,True,False,False,False,False,True,0.23804610312879543
14418,5,1,1,0,0,1,316.63272,65.10338,79.26918,10.68975,45.8270447,296.0540705,0,0,0,0,2016,0,0,0,2016.0,14.3317,13.182,13.655,13.303,14.993,3.926374,-3.92489,-0.10794,0.93875077,14.8369,0.96,15.872,865.596,5708.0,13.264,13.217,13.284,9.591,1.12694,4.46,0.97,False,True,False,False,False,False,True,0.19865708695442263
14424,5,1,1,0,1,1,308.40124,59.81463,72.85526,9.14077,39.5198348,293.8853557,0,0,0,0,2016,0,0,0,2016.0,12.2522,11.263,11.622,11.324,12.802,8.3971442,6.49173,-5.3263,70.9674603,12.7003,1.25,13.388,381.773,6179.0,11.259,11.209,11.184,9.287,2.5907,4.31,1.17,False,True,False,False,False,False,True,0.5490032620257879
14432,5,1,1,0,0,1,312.29524,70.37808,81.41906,15.79943,49.9428629,290.5594479,0,0,0,0,2016,0,0,0,2016.0,12.2202,11.193,11.572,11.28,12.797,36.7842769,-35.8754,-8.12642,2.416601183,12.6919,1.04,13.51,382.989,5748.0,11.198,11.144,11.174,9.357,2.5823,4.44,1.07,False,True,False,False,False,False,True,-0.040958607678906384
14443,5,1,1,0,0,1,294.77153,61.01171,69.27852,14.99911,38.8664618,285.1197266,0,0,0,0,2016,0,0,0,2016.0,14.9273,13.208,13.928,13.291,15.935,9.0336549,5.78404,6.93915,3.908632005,15.6551,0.69,17.334,555.574,4601.0,13.225,13.186,12.318,9.529,1.77176,4.62,0.73,False,True,False,False,False,False,True,0.38560627359831223
14455,5,1,1,0,1,1,318.89549,64.91448,79.93767,9.97076,46.0608077,297.4144457,0,0,0,0,2016,0,0,0,2016.0,14.6005,13.617,13.927,13.646,15.161,4.3385517,-3.42443,2.66389,160.129918,15.0782,1.32,16.026,1842.13,6224.0,13.562,13.513,12.948,9.466,0.515025,4.27,1.21,False,True,False,False,False,False,True,0.6785183790401139
14465,5,1,1,0,0,1,303.30152,68.01091,77.33801,16.42143,46.5740084,287.4029864,0,0,0,0,2016,0,0,0,2016.0,14.0265,13.032,13.397,13.067,14.576,7.0301437,4.65076,5.27194,1.791110205,14.4764,1.03,15.314,817.534,5857.0,12.893,12.861,12.265,9.398,1.19446,4.43,1.03,False,True,False,False,False,False,True,0.1643528557844371
14475,5,1,1,0,0,1,303.34039,62.19895,72.85057,12.55983,41.0407482,289.8707469,0,0,0,0,2016,0,0,0,2016.0,14.7583,13.257,13.799,13.297,15.297,0.6437813,0.0481655,0.641977,5.33905686,15.3885,0.77,16.716,661.014,5048.0,13.313,13.289,12.365,9.36,1.48438,4.58,0.81,False,True,False,False,False,False,True,0.3222192947339193
14503,5,1,3,0,0,1,306.09864,69.33856,79.07662,16.55153,48.165153,288.1624396,0,0,0,0,2016,0,0,0,2016.0,13.4865,12.3,12.798,12.451,14.15,6.5033649,2.83355,-5.85361,2.5904434,14.0055,0.88,15.397,489.876,5477.0,12.309,12.271,12.665,9.448,2.0125,4.52,0.92,False,True,False,False,False,False,True,0.21484384804769785
14518,5,1,3,0,1,1,306.09864,69.33856,79.07662,16.55153,48.165153,288.1624396,0,0,0,0,2016,0,0,0,2016.0,13.4865,12.3,12.798,12.451,14.15,6.5033649,2.83355,-5.85361,5.3227406,14.0055,0.88,15.397,489.876,5477.0,12.309,12.271,12.665,9.448,2.0125,4.52,0.92,False,True,False,False,False,False,True,0.21748394421390627
14532,5,1,1,0,0,1,295.04038,61.49965,69.76804,15.17632,39.3708055,285.146622,0,0,0,0,2016,0,0,0,2016.0,12.7719,11.772,12.142,11.875,13.202,4.2615498,2.01051,3.75748,1.138543376,13.1712,1.27,13.723,666.334,6260.0,11.535,11.483,11.822,9.282,1.47187,4.29,1.16,False,True,False,False,False,False,True,0.045322978786657475
14541,5,1,1,0,0,1,313.90898,60.60113,75.45686,7.92312,41.1981424,296.902784,0,0,0,0,2016,0,0,0,2016.0,14.3035,13.23,13.66,13.184,15.293,8.2229356,-8.1785,-0.853702,1.093663559,14.8028,0.88,15.849,798.246,5559.0,13.284,13.168,13.003,9.334,1.22441,4.51,0.91,False,True,False,False,False,False,True,0.13033376849500614
14547,5,1,1,0,0,1,315.45806,64.10857,78.24464,10.21207,44.7133739,295.9755645,0,0,0,0,2016,0,0,0,2016.0,12.7834,11.926,12.224,11.965,13.289,15.0264726,-14.802,-2.5876,308.5471,13.1678,1.51,13.984,966.801,6431.0,11.894,11.868,12.153,9.544,1.00583,4.2,1.31,False,True,False,False,False,False,True,0.5390760987927766
14564,5,1,1,0,0,1,297.11376,60.77655,69.77936,13.94175,38.8919507,286.613685,0,0,0,0,2016,0,0,0,2016.0,13.7282,12.744,13.104,12.783,14.385,2.0228938,0.096517,-2.02059,138.9442,14.1798,1.11,15.213,897.733,6021.0,12.741,12.715,12.478,9.274,1.08519,4.38,1.08,False,True,False,False,False,False,True,0.4065401804339551
14569,5,1,1,0,0,1,309.5582,66.2157,77.73591,13.42439,45.7158742,291.5852554,0,0,0,0,2016,0,0,0,2016.0,14.3805,12.55,13.306,12.697,15.464,25.5636578,23.982,8.85236,364.758031,15.1407,0.67,17.096,387.248,4434.0,12.543,12.5,12.322,9.639,2.55391,4.64,0.71,False,True,False,False,False,False,True,0.49692964807321494
14581,5,1,1,0,0,1,312.28997,63.72747,76.90536,10.80439,43.8254461,294.3853917,0,0,0,0,2016,0,0,0,2016.0,13.946,12.519,13.126,12.622,14.827,6.7600004,-6.72653,-0.671863,1.444453798,14.5457,0.77,15.846,517.292,5079.0,12.571,12.527,13.035,9.264,1.90453,4.58,0.81,False,True,False,False,False,False,True,0.07188200730612537
14583,5,1,1,0,0,1,295.17032,67.55081,74.99672,18.58164,45.2743573,283.345611,0,0,0,0,2016,0,0,0,2016.0,14.7808,13.751,14.122,13.829,15.551,17.7037518,-11.4786,-13.4783,175.138819,15.2279,1.03,15.848,1125.3,5837.0,13.788,13.721,12.98,9.529,0.860085,4.42,1.03,False,True,False,False,False,False,True,0.45024910831936105
14597,5,1,1,0,0,1,296.08631,66.42459,74.23506,17.64757,44.2685146,284.2194566,0,0,0,0,2016,0,0,0,2016.0,14.7245,13.382,13.931,13.5,15.487,7.553961,-7.55371,0.0615837,133.3036741,15.3085,0.8,16.667,748.326,5176.0,13.425,13.338,12.767,9.425,1.30801,4.57,0.84,False,True,False,False,False,False,True,0.43136376415898736
14622,5,1,5,0,0,1,310.87089,70.54151,81.16841,16.24171,49.8965624,289.7805393,0,0,0,0,2016,0,0,0,2016.0,14.0503,12.986,13.389,13.089,14.646,5.4216178,4.7259,-2.65703,20.54981883,14.5121,0.98,15.113,915.212,5769.0,12.94,12.879,12.812,9.527,1.06396,4.45,0.98,False,True,False,False,False,False,True,0.5843312243675308
14638,5,1,5,0,0,1,310.87089,70.54151,81.16841,16.24171,49.8965624,289.7805393,0,0,0,0,2016,0,0,0,2016.0,14.0503,12.986,13.389,13.089,14.646,5.4216178,4.7259,-2.65703,3.93276465,14.5121,0.98,15.113,915.212,5769.0,12.94,12.879,12.812,9.527,1.06396,4.45,0.98,False,True,False,False,False,False,True,0.17609125905568124
14648,5,1,5,0,0,1,310.87089,70.54151,81.16841,16.24171,49.8965624,289.7805393,0,0,0,0,2016,0,0,0,2016.0,14.0503,12.986,13.389,13.089,14.646,5.4216178,4.7259,-2.65703,9.91935684,14.5121,0.98,15.113,915.212,5769.0,12.94,12.879,12.812,9.527,1.06396,4.45,0.98,False,True,False,False,False,False,True,0.17609125905568124
14652,5,2,1,0,0,2,292.96908,63.58064,70.99508,17.13914,41.2017544,283.3445555,0,0,0,0,2016,0,0,0,2016.0,13.3323,11.519,12.25,11.664,14.429,8.1298099,-3.98531,7.08598,125.4131177,14.0831,0.69,15.809,244.96,4540.0,11.515,11.446,11.371,8.344,4.05339,4.63,0.74,False,True,False,False,False,False,True,0.3961993470957364
14666,5,1,1,0,0,1,297.96398,70.13348,77.84505,19.2314,48.0296019,283.7870875,0,0,0,0,2016,0,0,0,2016.0,13.2444,11.927,12.451,12.029,13.944,14.9188984,4.06965,14.3531,8.40691199,13.7908,0.81,15.348,416.692,5282.0,11.982,11.922,11.971,9.148,2.37098,4.56,0.86,False,True,False,False,False,False,True,0.06445798922691845
14671,5,1,4,0,0,1,297.68123,64.5894,73.09059,16.03365,42.6544651,285.7284757,0,0,0,0,2016,0,0,0,2016.0,12.11,10.989,11.421,11.034,12.734,15.5008206,-15.2408,-2.82727,3.95116882,12.5876,0.99,13.261,399.114,5564.0,10.987,10.961,10.975,9.288,2.47691,4.41,0.94,False,True,False,False,False,False,True,-0.11918640771920865
14679,5,1,4,0,0,1,297.68123,64.5894,73.09059,16.03365,42.6544651,285.7284757,0,0,0,0,2016,0,0,0,2016.0,12.11,10.989,11.421,11.034,12.734,15.5008206,-15.2408,-2.82727,2.89223021,12.5876,0.99,13.261,399.114,5564.0,10.987,10.961,10.975,9.288,2.47691,4.41,0.94,False,True,False,False,False,False,True,-0.18708664335714442
14687,5,1,4,0,0,1,297.68123,64.5894,73.09059,16.03365,42.6544651,285.7284757,0,0,0,0,2016,0,0,0,2016.0,12.11,10.989,11.421,11.034,12.734,15.5008206,-15.2408,-2.82727,5.99273738,12.5876,0.99,13.261,399.114,5564.0,10.987,10.961,10.975,9.288,2.47691,4.41,0.94,False,True,False,False,False,False,True,-0.060480747381381476
14697,5,1,4,0,0,1,297.68123,64.5894,73.09059,16.03365,42.6544651,285.7284757,0,0,0,0,2016,0,0,0,2016.0,12.11,10.989,11.421,11.034,12.734,15.5008206,-15.2408,-2.82727,5.10115756,12.5876,0.99,13.261,399.114,5564.0,10.987,10.961,10.975,9.288,2.47691,4.41,0.94,False,True,False,False,False,False,True,-0.11918640771920865
14703,5,1,1,0,0,1,319.4913,65.87949,80.70911,10.61623,47.0369876,297.1242915,0,0,0,0,2016,0,0,0,2016.0,13.0627,12.291,12.538,12.327,13.495,12.9967617,-11.9931,-5.00813,6.96710269,13.4193,1.65,14.004,921.784,6561.0,12.266,12.251,12.334,9.289,1.05618,4.14,1.39,False,True,False,False,False,False,True,0.4329692908744057
14716,5,1,1,0,0,1,322.29145,67.75868,82.70924,11.56055,49.2124526,297.2852168,0,0,0,0,2016,0,0,0,2016.0,13.3944,11.903,12.48,11.985,14.287,31.1516944,2.73274,31.0316,168.811174,14.039,0.74,15.491,335.09,4886.0,11.898,11.833,11.944,9.306,2.9554,4.61,0.81,False,True,False,False,False,False,True,0.250420002308894
14730,5,1,1,0,0,1,322.58025,65.70991,81.68426,9.77284,47.4630696,298.8988313,0,0,0,0,2016,0,0,0,2016.0,14.4549,13.139,13.643,13.141,15.256,8.6516448,-5.64149,6.55931,163.692349,15.0334,0.8,15.996,729.964,5201.0,13.174,13.082,12.276,8.648,1.34157,4.57,0.84,False,True,False,False,False,False,True,0.43136376415898736
14738,5,1,1,0,0,1,315.1379,60.72961,76.01241,7.64744,41.5411993,297.5839183,0,0,0,0,2016,0,0,0,2016.0,14.8047,13.511,14.025,13.623,15.596,5.0670223,-2.94949,-4.1201,19.5974971,15.368,0.93,16.56,931.956,5623.0,13.76,13.573,12.922,9.635,1.04496,4.48,0.95,False,True,False,False,False,False,True,0.49554433754644844
14746,5,1,1,0,0,1,294.16506,64.51084,72.10913,17.21866,42.2220992,283.7640396,0,0,0,0,2016,0,0,0,2016.0,12.9688,11.996,12.332,12.063,13.464,9.3993564,-8.71127,-3.53011,0.692979676,13.4085,1.18,14.058,674.695,6078.0,12.021,11.986,12.577,8.896,1.45329,4.34,1.12,False,True,False,False,False,False,True,-0.045757490560675115
14754,5,1,1,0,0,1,303.0087,67.52777,76.88152,16.18961,46.0805706,287.4711817,0,0,0,0,2016,0,0,0,2016.0,14.7676,13.7,14.057,13.735,15.324,20.0660767,-17.817,-9.23049,124.828679,15.2455,0.97,16.239,872.279,5706.0,13.718,13.638,12.658,9.467,1.1179,4.46,0.99,False,True,False,False,False,False,True,0.42160392686983106
14761,5,1,1,0,0,1,296.33687,61.07556,69.79203,14.42317,39.0960281,286.0524399,0,0,0,0,2016,0,0,0,2016.0,14.5675,13.271,13.791,13.372,15.353,2.5682798,-2.46438,0.723113,214.886545,15.1516,0.84,16.157,803.052,5324.0,13.259,13.203,12.505,8.66,1.21678,4.54,0.88,False,True,False,False,False,False,True,0.4099331233312945
14799,5,1,1,0,0,1,298.59429,59.9825,69.59786,12.87652,38.2947076,287.7646113,0,0,0,0,2016,0,0,0,2016.0,14.437,13.427,13.812,13.49,15.107,7.0478986,0.188401,7.04538,225.582809,14.8841,1.11,15.791,1179.01,5991.0,13.404,13.402,12.95,9.157,0.819653,4.38,1.07,False,True,False,False,False,False,True,0.48000694295715063
14801,5,1,1,0,0,1,311.39463,59.69588,73.90163,8.03777,39.9078956,295.7855238,0,0,0,0,2016,0,0,0,2016.0,14.6672,13.77,14.1,13.783,15.371,3.2059258,-2.77253,1.60967,24.4973698,15.0975,1.22,15.541,1463.72,6136.0,13.688,13.618,13.022,8.957,0.655339,4.32,1.14,False,True,False,False,False,False,True,0.42488163663106704
14813,5,1,1,0,1,1,304.77265,59.72425,71.47973,10.36849,38.8749152,291.6768669,0,0,0,0,2016,0,0,0,2016.0,14.3456,12.881,13.504,13.005,15.203,7.249974,1.87418,7.00354,184.771853,14.9308,0.78,15.613,769.096,5202.0,12.979,12.875,12.91,9.205,1.27177,4.58,0.85,False,True,False,False,False,False,True,0.3926969532596658
14821,5,1,1,0,0,1,305.21618,59.80976,71.69945,10.26621,39.0221769,291.9191348,0,0,0,0,2016,0,0,0,2016.0,14.4412,13.167,13.677,13.17,15.251,20.3589742,-18.9897,-7.34024,4.24261881,14.9914,0.81,15.819,692.594,5288.0,13.191,13.133,12.746,9.062,1.41546,4.56,0.85,False,True,False,False,False,False,True,0.06069784035361165
14832,5,1,1,0,0,1,298.54215,63.54734,72.46828,15.10187,41.7415762,286.576016,0,0,0,0,2016,0,0,0,2016.0,15.1613,13.814,14.367,13.932,15.93,28.3638538,18.4653,-21.53,198.088774,15.7147,0.81,16.762,946.847,5297.0,13.819,13.764,12.89,9.162,1.02811,4.56,0.84,False,True,False,False,False,False,True,0.4623979978989561
14843,5,1,1,0,0,1,302.99609,67.14576,76.57712,15.94386,45.7160327,287.6354587,0,0,0,0,2016,0,0,0,2016.0,14.8807,13.834,14.221,13.942,15.425,6.9601848,-6.2282,-3.10704,8.10501635,15.3259,1.06,16.254,2013.27,5866.0,13.893,13.837,12.357,9.515,0.467086,4.4,1.04,False,True,False,False,False,False,True,0.20682587603184974
14848,5,1,1,0,0,1,300.56612,61.71411,71.59819,13.22734,40.2131892,288.3969751,0,0,0,0,2016,0,0,0,2016.0,14.7659,13.555,13.998,13.695,15.651,2.0441654,0.609195,-1.95128,8.82713457,15.2978,0.95,16.235,944.54,5608.0,13.536,13.511,12.764,9.268,1.03044,4.47,0.97,False,True,False,False,False,False,True,0.292256071356476
14859,5,1,1,0,0,1,314.30247,66.64206,79.48341,12.48692,46.8388172,293.8813592,0,0,0,0,2016,0,0,0,2016.0,14.8528,13.8,14.194,13.911,15.383,8.4772637,-7.86617,-3.16028,3.74032496,15.2987,1.17,15.953,1380.16,6099.0,13.885,13.839,12.754,9.827,0.696106,4.34,1.11,False,True,False,False,False,False,True,0.1846914308175988
14869,5,1,1,0,0,1,302.56569,68.45764,77.50759,16.91904,46.9117837,286.8194349,0,0,0,0,2016,0,0,0,2016.0,13.0048,11.657,12.204,11.738,13.809,16.8106679,14.1564,9.06614,3.50470358,13.5998,0.79,14.806,325.737,5101.0,11.639,11.582,11.682,9.401,3.04107,4.57,0.83,False,True,False,False,False,False,True,-0.16749108729376366
14877,5,1,1,0,0,1,307.74191,62.62175,74.60426,11.38109,42.0725948,292.2866565,0,0,0,0,2016,0,0,0,2016.0,13.9378,12.634,13.155,12.731,14.549,37.19127,36.0693,9.06621,0.971915428,14.488,0.82,15.683,614.827,5316.0,12.597,12.577,10.855,9.069,1.59805,4.55,0.86,False,True,False,False,False,False,True,-0.14266750356873156
14904,5,1,1,0,0,1,309.35599,63.57484,75.81527,11.56277,43.21601,292.7846013,0,0,0,0,2016,0,0,0,2016.0,12.9108,11.868,12.247,11.912,13.505,6.291015,5.47343,3.10136,3.03195744,13.3846,1.02,14.192,502.497,5815.0,11.843,11.809,12.017,9.396,1.96128,4.43,1.02,False,True,False,False,False,False,True,-0.05060999335508721
14917,5,1,1,0,0,1,315.83826,62.78595,77.55482,9.06503,43.5664628,296.9235822,0,0,0,0,2016,0,0,0,2016.0,14.1335,13.053,13.453,13.116,14.734,1.4701537,1.36836,-0.537534,1.005207007,14.648,1.11,15.657,839.076,5957.0,13.02,12.977,12.356,9.137,1.16365,4.38,1.07,False,True,False,False,False,False,True,0.037426497940623665
14925,5,1,1,0,0,1,315.10536,66.39439,79.57728,12.09288,46.7435353,294.4556567,0,0,0,0,2016,0,0,0,2016.0,14.8118,13.849,14.169,13.903,15.303,13.0453769,-12.0995,-4.87688,64.2737752,15.2729,1.05,16.227,2060.72,5760.0,13.932,13.799,12.648,9.259,0.456447,4.41,1.02,False,True,False,False,False,False,True,0.5502283530550941
14940,5,1,1,0,0,1,308.77641,67.33043,78.30327,14.44144,46.6427486,290.5861316,0,0,0,0,2016,0,0,0,2016.0,14.4397,13.283,13.711,13.361,15.124,15.3881831,15.2347,2.16797,18.0540381,14.9531,0.9,15.978,908.805,5528.0,13.08,13.049,12.689,8.98,1.07181,4.5,0.93,False,True,False,False,False,False,True,0.1673173347481761
14957,5,1,1,0,0,1,293.08181,62.9294,70.4559,16.73832,40.5749018,283.5875459,0,0,0,0,2016,0,0,0,2016.0,13.7552,12.435,12.946,12.478,14.564,14.3277948,-8.62399,-11.4417,0.539915238,14.3122,0.81,15.454,466.586,5254.0,12.455,12.386,12.267,9.123,2.11442,4.56,0.84,False,True,False,False,False,False,True,-0.10237290870955856
14966,5,1,1,0,0,1,297.94039,62.12108,71.12808,14.44585,40.2918894,286.695153,0,0,0,0,2016,0,0,0,2016.0,15.1131,13.992,14.371,13.969,15.92,22.8602717,19.8192,-11.3926,153.979578,15.6322,0.93,16.68,1206.11,5655.0,13.841,13.866,12.43,9.356,0.800777,4.49,0.95,False,True,False,False,False,False,True,0.436162647040756
14978,5,1,1,0,0,1,307.5928,68.82253,79.07172,15.80935,47.8733301,289.1826808,0,0,0,0,2016,0,0,0,2016.0,13.5157,12.618,12.929,12.639,14.138,10.1300964,-9.9599,1.84912,20.925392,13.9451,1.19,14.838,916.313,5956.0,12.606,12.562,12.133,9.043,1.06256,4.32,1.09,False,True,False,False,False,False,True,0.11394335230683679
14981,5,1,1,0,0,1,304.62259,58.02088,70.17366,9.24991,37.2212065,292.2046748,0,0,0,0,2016,0,0,0,2016.0,13.4896,12.59,12.888,12.604,14.123,1.2819849,-0.596513,-1.13475,5.79180156,13.9323,1.4,14.655,945.454,6319.0,12.569,12.51,12.147,9.026,1.02913,4.24,1.25,False,True,False,False,False,False,True,0.22530928172586284
15021,5,1,3,0,0,1,303.91429,59.85499,71.27591,10.77283,38.8756049,291.0972257,0,0,0,0,2016,0,0,0,2016.0,13.5838,12.573,12.939,12.627,14.206,4.9310532,2.24081,4.3925,7.02573474,14.0374,1.03,13.574,773.713,5866.0,12.599,12.563,12.493,8.932,1.2638,4.42,1.02,False,True,False,False,False,False,True,0.1643528557844371
15028,5,1,1,0,0,1,322.19513,63.95337,80.58993,8.37838,45.8274232,299.8617842,0,0,0,0,2016,0,0,0,2016.0,13.3894,11.997,12.489,12.046,14.242,15.5989393,12.1609,-9.76931,26.548955,13.9702,0.89,15.264,918.995,5550.0,12.038,11.975,12.681,9.495,1.05951,4.5,0.92,False,True,False,False,False,False,True,0.029383777685209663
15036,5,1,1,0,1,1,323.46529,63.40728,80.78026,7.61693,45.5964836,300.9354067,0,0,0,0,2016,0,0,0,2016.0,13.2367,12.044,12.477,12.151,13.975,12.7600906,-12.3454,-3.22661,3.38555488,13.77,1.39,14.895,675.303,6297.0,12.017,11.967,11.932,8.948,1.45213,4.24,1.23,False,True,False,False,False,False,True,0.18184358794477257
15044,5,1,1,0,0,1,293.44346,69.19555,76.08913,20.01227,46.7227061,281.8973341,0,0,0,0,2016,0,0,0,2016.0,13.2975,12.365,12.685,12.356,13.879,12.7689838,12.601,2.0644,5.49548621,13.7175,0.95,14.938,946.602,5618.0,12.325,12.296,11.931,9.153,1.02757,4.47,0.97,False,True,False,False,False,False,True,-0.026872146400301365
15056,5,1,1,0,0,1,315.84569,69.29209,81.66089,14.18038,49.4849664,292.9883129,0,0,0,0,2016,0,0,0,2016.0,14.71,13.677,14.021,13.68,15.304,4.070305,0.883374,-3.97329,2.6157554,15.1693,1.0,16.023,1455.36,5808.0,13.6,13.602,12.768,9.772,0.658501,4.44,1.01,False,True,False,False,False,False,True,0.07918124604762482
15058,5,1,1,0,0,1,314.65373,69.66404,81.56853,14.73259,49.6377914,292.1586689,0,0,0,0,2016,0,0,0,2016.0,14.6301,13.679,13.972,13.672,15.188,4.6152635,3.87906,2.50071,6.9424334,15.0937,1.08,15.825,1384.16,5892.0,13.636,13.584,12.7,9.66,0.693832,4.4,1.06,False,True,False,False,False,False,True,0.11058971029924898
15072,5,1,1,0,0,1,313.02562,65.69152,78.45373,12.09016,45.7615507,293.7432102,0,0,0,0,2016,0,0,0,2016.0,14.9371,13.828,14.268,13.871,15.53,11.0962913,-7.83959,-7.85293,2.55314213,15.4185,0.92,15.938,1246.92,5667.0,13.809,13.8,12.55,9.545,0.773719,4.49,0.95,False,True,False,False,False,False,True,0.11727129565576427
15076,5,1,1,0,0,1,301.70262,61.72204,71.96201,12.8219,40.3660239,289.0739641,0,0,0,0,2016,0,0,0,2016.0,12.8479,11.8,12.197,11.889,13.439,3.5903638,-3.0983,-1.81418,6.98471973,13.3354,1.06,14.369,460.91,5876.0,11.769,11.749,12.009,9.304,2.14073,4.4,1.05,False,True,False,False,False,False,True,0.01703333929878037
15088,5,1,1,0,0,1,313.59174,67.56859,79.87524,13.37521,47.5730433,292.9552704,0,0,0,0,2016,0,0,0,2016.0,14.3934,12.862,13.491,12.936,15.228,14.6286822,-14.1766,-3.60865,6.30560247,15.0571,0.74,16.545,510.029,4862.0,12.85,12.79,13.123,9.551,1.93214,4.6,0.78,False,True,False,False,False,False,True,0.05307844348341968
15097,5,1,1,0,0,1,305.96234,68.94091,78.73876,16.31601,47.7756227,288.3021104,0,0,0,0,2016,0,0,0,2016.0,14.8443,13.655,14.157,13.784,15.585,16.639877,6.35558,15.3783,1.450886907,15.3281,0.86,16.14,1064.05,5545.0,13.729,13.702,13.032,9.551,0.911685,4.53,0.9,False,True,False,False,False,False,True,0.01703333929878037
15138,5,1,1,0,0,1,297.34792,63.29443,71.92375,15.37287,41.3635264,285.9687099,0,0,0,0,2016,0,0,0,2016.0,12.1453,11.254,11.584,11.298,12.635,7.5168809,-7.51451,-0.188781,56.6449279,12.5755,2.15,13.321,1002.02,6228.0,11.224,11.196,11.408,9.184,0.969463,3.94,1.47,False,True,False,False,False,False,True,0.3242824552976926
15143,5,1,1,0,0,1,298.6437,61.32645,70.69427,13.69395,39.6036225,287.3713199,0,0,0,0,2016,0,0,0,2016.0,11.9361,11.025,11.331,11.106,12.442,13.5596186,9.285111,9.8818,6.28385491,12.3525,1.23,13.154,493.175,6022.0,11.033,10.986,11.249,9.009,1.99907,4.31,1.12,False,True,False,False,False,False,True,-0.09691001300805639
15159,5,1,1,0,0,1,301.88746,68.64894,77.49514,17.23201,47.0165188,286.3869335,0,0,0,0,2016,0,0,0,2016.0,12.3677,11.279,11.693,11.329,12.976,24.5984158,-24.496,2.24233,9.32807355,12.8414,0.91,13.815,403.933,5645.0,11.258,11.21,11.264,9.462,2.44685,4.49,0.94,False,True,False,False,False,False,True,-0.22184874961635637
15171,5,1,1,0,0,1,301.42469,64.78753,74.28379,14.90333,43.2743929,287.7626791,0,0,0,0,2016,0,0,0,2016.0,14.4707,13.524,13.921,13.642,15.105,9.2935459,-9.25265,0.870898,13.3997099,14.8844,1.13,15.509,1416.31,6069.0,13.547,13.494,12.37,9.432,0.677238,4.37,1.1,False,True,False,False,False,False,True,0.20682587603184974
15177,5,1,1,0,0,1,315.59434,63.91865,78.17318,10.02584,44.5630457,296.1589897,0,0,0,0,2016,0,0,0,2016.0,15.3801,14.125,14.566,14.156,16.326,10.0870141,-8.66941,-5.15647,3.5827463,15.9772,0.91,16.721,944.465,5538.0,13.926,13.856,13.359,9.723,1.03152,4.5,0.94,False,True,False,False,False,False,True,0.2528530309798932
15190,5,1,1,0,0,1,318.92755,63.65229,79.20915,8.93302,44.9258585,298.2026236,0,0,0,0,2016,0,0,0,2016.0,12.6166,11.643,11.964,11.713,13.278,7.5807532,4.57648,6.04348,15.6049212,13.0556,1.75,13.967,552.55,6681.0,11.638,11.591,10.651,8.227,1.78099,4.12,1.45,False,True,False,False,False,False,True,0.18184358794477257
15197,5,1,1,0,0,1,315.55441,69.54125,81.73931,14.43882,49.6638666,292.6777294,0,0,0,0,2016,0,0,0,2016.0,13.597,12.632,12.957,12.705,14.166,6.6746195,-6.64954,0.578069,9.4060467,14.0315,1.22,14.874,1026.48,5933.0,12.671,12.579,12.725,9.709,0.945453,4.3,1.08,False,True,False,False,False,False,True,0.12385164096708581
15209,5,1,1,0,0,1,306.06144,69.16948,78.93826,16.44589,48.0021967,288.2327232,0,0,0,0,2016,0,0,0,2016.0,13.3839,12.383,12.766,12.456,13.94,4.7313051,3.0711,3.59911,7.84931739,13.821,0.99,14.921,924.141,5817.0,12.415,12.361,12.255,9.597,1.05335,4.43,0.96,False,True,False,False,False,False,True,-0.11918640771920865
15210,5,1,1,0,0,1,309.9074,60.66841,73.9989,9.25568,40.5716114,294.4418236,0,0,0,0,2016,0,0,0,2016.0,14.5062,13.544,13.859,13.549,15.074,9.4906239,-8.86014,-3.40145,0.991665274,14.9651,1.25,15.843,1513.14,6166.0,13.548,13.456,12.634,9.208,0.633158,4.32,1.18,False,True,False,False,False,False,True,0.037426497940623665
15244,5,1,1,0,0,1,311.52623,68.39255,79.83412,14.50514,48.0178915,291.4079141,0,0,0,0,2016,0,0,0,2016.0,13.6504,12.693,13.025,12.724,14.186,14.3867666,0.951007,14.3553,7.61760804,14.077,1.16,14.962,771.152,6053.0,12.502,12.459,12.635,9.254,1.26804,4.35,1.11,False,True,False,False,False,False,True,0.05690485133647256
15254,5,1,1,0,0,1,316.16609,63.85826,78.33732,9.82378,44.6086233,296.5166659,0,0,0,0,2016,0,0,0,2016.0,14.189,13.107,13.509,13.198,14.846,1.7115929,1.70422,0.158696,8.18504949,14.6583,1.16,15.962,1419.58,6082.0,13.181,13.083,13.124,9.315,0.676306,4.35,1.1,False,True,False,False,False,False,True,0.10380372095595687
15265,5,1,1,0,0,1,307.65851,58.75823,71.83822,8.64059,38.3977379,293.850623,0,0,0,0,2016,0,0,0,2016.0,14.3281,13.345,13.697,13.388,14.94,4.819713,-3.76274,-3.01188,3.05710069,14.7857,1.28,15.555,1639.47,6213.0,13.378,13.347,12.604,8.822,0.582108,4.29,1.18,False,True,False,False,False,False,True,0.1875207208364631
15271,5,1,1,0,1,1,321.72552,62.53263,79.63594,7.29669,44.4606698,300.4882018,0,0,0,0,2016,0,0,0,2016.0,15.1695,13.452,14.188,13.675,16.19,3.083845,2.41657,1.9158,174.509835,15.8836,0.77,17.522,638.249,4995.0,13.525,13.417,12.7,9.369,1.53886,4.59,0.81,False,True,False,False,False,False,True,0.5010592622177514
15282,5,1,1,0,0,1,315.08958,67.73697,80.43622,13.14169,47.9619127,293.6230451,0,0,0,0,2016,0,0,0,2016.0,14.2953,13.322,13.649,13.344,14.951,2.9224982,-0.242739,-2.9124,2.71603809,14.7415,1.08,15.594,976.868,5946.0,13.281,13.269,12.724,9.013,0.995227,4.39,1.06,False,True,False,False,False,False,True,0.02530586526477026
15292,5,1,1,0,0,1,297.88224,64.93395,73.4308,16.17228,43.0094855,285.7227502,0,0,0,0,2016,0,0,0,2016.0,14.8373,13.527,14.04,13.609,15.508,5.3048314,4.37833,2.99524,4.56380468,15.4006,0.8,16.397,845.022,5203.0,13.59,13.536,12.984,9.068,1.15515,4.56,0.84,False,True,False,False,False,False,True,0.08990511143939793
15300,5,1,1,0,0,1,302.50114,71.01827,79.55824,18.57532,49.3300866,285.5575066,0,0,0,0,2016,0,0,0,2016.0,14.8969,13.826,14.25,13.861,15.632,3.2081763,2.67088,-1.7773,66.373379,15.3662,0.92,16.183,2146.23,5706.0,13.88,13.788,12.517,9.247,0.435728,4.49,0.95,False,True,False,False,False,False,True,0.2787536009528289
15305,5,1,1,0,0,1,301.55645,63.94333,73.65455,14.31582,42.4810124,288.1639687,0,0,0,0,2016,0,0,0,2016.0,13.7503,12.927,13.241,12.965,14.257,8.2822003,-8.189,-1.239,2.94654179,14.1152,1.39,14.451,1221.05,6377.0,12.93,12.903,12.495,8.743,0.790157,4.24,1.25,False,True,False,False,False,False,True,0.02530586526477026
15318,5,1,1,0,0,1,305.329,67.96994,77.83275,15.82723,46.7836464,288.469107,0,0,0,0,2016,0,0,0,2016.0,13.3692,12.42,12.734,12.444,13.929,9.0790475,-8.94751,1.53986,4.34195123,13.8135,1.09,14.651,619.862,5940.0,12.363,12.334,12.011,9.115,1.58453,4.39,1.07,False,True,False,False,False,False,True,-0.022276394711152257
15322,5,1,1,0,0,1,297.64024,63.04221,71.79761,15.11555,41.1511886,286.2208685,0,0,0,0,2016,0,0,0,2016.0,14.4154,13.361,13.735,13.386,14.97,8.2190926,-7.64142,-3.02691,122.363553,14.9023,0.99,15.862,1328.2,5767.0,13.34,13.327,12.333,9.267,0.724168,4.45,0.99,False,True,False,False,False,False,True,0.20951501454263097
15330,5,2,1,1,1,1,312.04155,72.41826,82.78543,17.366,51.757229,289.0758307,6,0,0,0,2014,0,0,0,2011.0,10.9438,8.996,9.815,9.137,12.144,50.588521,-48.601,14.0407,228.776,11.7472,0.6489,13.675,75.0852,4450.0,8.953,8.902,8.826,8.689,13.2893,4.6527,0.6897,False,True,True,False,False,False,False,0.9268207304017636
15363,5,1,2,0,0,1,304.31235,59.70341,71.30223,10.52293,38.7877563,291.3993802,0,0,0,0,2016,0,0,0,2016.0,15.2155,13.896,14.351,13.903,16.076,4.0043211,3.94978,0.658654,386.370548,15.8138,0.82,16.645,1030.81,5214.0,13.884,13.852,12.741,9.3,0.942406,4.55,0.86,False,True,False,False,False,False,True,0.49554433754644844
15372,5,1,1,0,0,1,295.04115,60.17743,68.65619,14.40649,38.079839,285.5129496,0,0,0,0,2016,0,0,0,2016.0,13.2278,12.216,12.602,12.311,13.842,13.5823324,13.4578,-1.83504,2.20921951,13.6782,1.07,14.472,644.456,5869.0,12.236,12.187,12.061,9.234,1.52288,4.4,1.04,False,True,False,False,False,False,True,-0.08618614761628333
15381,5,1,1,0,0,1,308.54717,60.74905,73.56095,9.76833,40.4275396,293.5808607,0,0,0,0,2016,0,0,0,2016.0,12.913,12.06,12.386,12.1,13.362,10.3657304,10.0071,2.70302,11.17931605,13.3012,1.36,13.956,629.804,6296.0,12.045,11.994,11.766,8.984,1.55899,4.25,1.22,False,True,False,False,False,False,True,0.12710479836480765
15393,5,1,1,0,0,1,312.65307,62.27407,76.07194,9.5933,42.5349698,295.3298254,0,0,0,0,2016,0,0,0,2016.0,14.8748,13.84,14.191,13.928,15.397,1.1169043,-0.437035,-1.02785,2.27163926,15.3397,1.31,15.954,2712.58,6241.0,13.911,13.831,12.916,9.254,0.340536,4.28,1.21,False,True,False,False,False,False,True,0.11058971029924898
15404,5,1,1,0,0,1,298.23461,66.34727,74.6998,16.90627,44.4122318,285.4106549,0,0,0,0,2016,0,0,0,2016.0,14.276,12.821,13.389,12.924,15.224,2.7483415,-0.481692,2.7058,0.683684256,14.8989,0.76,16.078,541.189,4976.0,12.817,12.723,12.994,9.046,1.81912,4.59,0.81,False,True,False,False,False,False,True,0.14921911265537988
15406,5,1,1,0,0,1,303.63248,68.93566,78.15062,16.93521,47.4886251,287.1349405,0,0,0,0,2016,0,0,0,2016.0,11.8781,10.587,11.064,10.655,12.592,6.1902181,-1.02914,6.10407,85.7565495,12.4129,0.82,13.257,546.23,5280.0,10.584,10.536,10.545,9.006,1.80209,4.55,0.86,False,True,False,False,False,False,True,0.03342375548694973
15424,5,1,1,0,0,1,299.01216,64.87128,73.68234,15.75379,43.0732287,286.3782987,0,0,0,0,2016,0,0,0,2016.0,14.5917,13.4,13.875,13.502,15.396,3.7005232,0.372671,3.68171,196.435224,15.1062,0.86,16.013,831.287,5422.0,13.426,13.353,12.398,9.225,1.17453,4.53,0.9,False,True,False,False,False,False,True,0.3159703454569177
15425,5,1,1,0,0,1,313.82084,62.18762,76.43909,9.17825,42.6560582,296.0598685,0,0,0,0,2016,0,0,0,2016.0,13.3596,12.218,12.592,12.271,13.969,5.9646392,3.98504,4.43806,13.6473676,13.8751,1.21,14.646,1286.1,6116.0,12.239,12.163,12.637,9.482,0.74942,4.33,1.14,False,True,False,False,False,False,True,-0.036212172654444715
15448,5,1,1,0,0,1,302.93987,60.82122,71.67209,11.78036,39.6658026,290.1465356,0,0,0,0,2016,0,0,0,2016.0,14.4747,13.508,13.918,13.687,15.159,4.0608008,-3.19003,-2.51273,114.34219,14.9366,1.27,15.769,1826.04,6132.0,13.559,13.442,12.921,9.363,0.519126,4.29,1.18,False,True,False,False,False,False,True,0.3463529744506387
15483,5,1,2,0,0,1,315.99908,64.76197,78.84084,10.58296,45.4054296,295.9049795,0,0,0,0,2016,0,0,0,2016.0,15.2206,13.905,14.307,13.912,16.077,4.6633147,-0.414127,-4.64489,8.70181574,15.8137,0.87,17.016,864.331,5383.0,13.878,13.821,12.866,9.523,1.1292,4.52,0.91,False,True,False,False,False,False,True,0.20682587603184974
15487,5,1,2,0,0,0,315.99908,64.76197,78.84084,10.58296,45.4054296,295.9049795,0,0,0,0,2017,0,0,0,2023.0,15.2206,13.905,14.307,13.912,16.077,4.6633147,-0.414127,-4.64489,44.9851885,15.8137,0.8,17.016,864.331,5295.0,13.878,13.821,12.866,9.523,1.1292,4.548,0.825,True,False,True,False,False,False,False,0.320146286111054
15500,5,1,1,0,0,1,308.9623,66.24329,77.57698,13.61034,45.6550536,291.2503022,0,0,0,0,2016,0,0,0,2016.0,14.2068,13.075,13.498,13.141,14.936,6.2912148,-4.92642,3.91277,3.91795101,14.7157,0.94,15.818,764.726,5643.0,13.089,13.053,12.692,9.098,1.27914,4.48,0.96,False,True,False,False,False,False,True,0.012837224705172217
15513,5,1,1,0,0,1,304.94781,64.46738,75.06765,13.56034,43.4209318,289.8750066,0,0,0,0,2016,0,0,0,2016.0,13.6493,12.653,12.999,12.731,14.192,7.6415986,-7.60019,-0.794444,1.5184299,14.068,1.12,14.819,1508.33,6005.0,12.683,12.657,12.755,9.425,0.634424,4.37,1.08,False,True,False,False,False,False,True,0.31806333496276157
15518,5,1,1,0,0,1,301.64109,71.58471,79.84006,19.14605,49.7758867,284.8713893,0,0,0,0,2016,0,0,0,2016.0,15.3655,14.001,14.588,14.053,16.01,3.9797876,0.506698,3.9474,3.9466141,15.9408,0.76,17.199,1191.19,5121.0,14.094,14.0,13.204,9.524,0.811097,4.58,0.79,False,True,False,False,False,False,True,0.17318626841227405
15528,5,1,1,0,0,1,298.47029,64.05821,72.86678,15.43982,42.2273971,286.3592066,0,0,0,0,2016,0,0,0,2016.0,14.0552,13.048,13.402,13.104,14.603,10.0521146,-9.11173,-4.24516,47.3126192,14.5237,1.05,15.393,1393.83,5865.0,13.032,12.965,12.372,9.243,0.688644,4.42,1.04,False,True,False,False,False,False,True,0.31386722036915343
15542,5,1,1,0,0,1,300.80657,66.98305,75.87728,16.49419,45.3048716,286.5436691,0,0,0,0,2016,0,0,0,2016.0,13.0513,12.228,12.523,12.263,13.491,9.0204166,2.32794,8.71485,6.76284377,13.4295,1.34,14.219,1137.81,6266.0,12.178,12.158,12.074,9.127,0.850017,4.26,1.21,False,True,False,False,False,False,True,0.00860017176191757
15549,5,1,1,0,0,1,304.09408,67.74569,77.3352,16.02217,46.4184781,287.9371747,0,0,0,0,2016,0,0,0,2016.0,13.2542,12.323,12.665,12.369,13.811,6.3629016,-2.12738,-5.99673,27.4785572,13.6555,1.22,14.423,898.31,6167.0,12.379,12.336,12.614,8.701,1.08441,4.32,1.15,False,True,False,False,False,False,True,0.07918124604762482
15556,5,1,1,0,0,1,315.40145,65.44954,79.07164,11.27915,45.9308594,295.1753619,0,0,0,0,2016,0,0,0,2016.0,13.2062,12.473,12.779,12.539,13.672,7.54512,-7.4307,-1.30902,6.10826019,13.5664,1.65,13.72,1229.25,6620.0,12.378,12.368,12.091,9.209,0.784916,4.15,1.41,False,True,False,False,False,False,True,0.10037054511756291
15561,5,1,1,0,0,1,298.7435,66.30124,74.79049,16.71563,44.4221528,285.703595,0,0,0,0,2016,0,0,0,2016.0,12.866,11.858,12.232,11.888,13.438,42.6374473,38.423,18.4831,23.6225913,13.2994,1.0,14.203,734.85,5852.0,11.881,11.83,11.8,9.358,1.332,4.44,1.0,False,True,False,False,False,False,True,-0.11918640771920865
15603,5,1,1,0,0,1,317.04302,62.84621,78.03515,8.77976,43.8411937,297.5885341,0,0,0,0,2016,0,0,0,2016.0,14.5519,13.602,13.942,13.623,15.151,8.8388771,-8.73655,-1.34106,92.263714,15.0106,1.24,15.937,1631.66,6158.0,13.559,13.507,12.719,9.394,0.584989,4.31,1.15,False,True,False,False,False,False,True,0.3344537511509309
15613,5,1,1,0,0,1,320.6672,66.51191,81.47197,10.86809,47.815459,297.3288329,0,0,0,0,2016,0,0,0,2016.0,12.9544,12.104,12.422,12.18,13.437,4.0317269,-0.766572,-3.95818,10.8118737,13.3442,1.5,13.909,796.477,6436.0,12.12,12.078,12.45,9.665,1.22675,4.2,1.31,False,True,False,False,False,False,True,0.1673173347481761
15623,5,1,1,0,0,1,308.71095,59.8,72.95966,9.02309,39.5560655,294.082697,0,0,0,0,2016,0,0,0,2016.0,14.4173,13.245,13.715,13.379,15.205,4.9936711,-4.41775,-2.32814,4.36128348,14.9243,1.0,16.038,837.481,5772.0,13.38,13.271,12.337,9.214,1.16562,4.44,1.0,False,True,False,False,False,False,True,0.11727129565576427
15627,3,1,1,0,0,1,305.24692,58.08397,70.4517,9.05558,37.3762616,292.5798564,0,0,0,0,2026,0,0,0,2016.0,14.5505,12.312,13.141,12.504,16.597,30.3487034,-30.2388,-2.58046,3.290314,15.6681,0.552,18.17,258.979,3768.0,12.156,12.179,11.995,8.802,3.83323,4.685,0.541,False,True,True,False,False,False,False,0.8188854145940099
15643,5,1,1,0,0,1,310.8705,59.76899,73.74999,8.26713,39.8865068,295.429322,0,0,0,0,2016,0,0,0,2016.0,15.1942,13.916,14.364,13.989,16.227,5.2566557,-4.7991,-2.14501,287.378949,15.7627,0.94,15.799,2310.11,5677.0,14.043,13.888,12.857,9.204001,0.40645,4.48,0.96,False,True,False,False,False,False,True,0.7824726241662862
15649,5,1,1,0,0,1,312.98487,60.26665,74.88682,7.95519,40.7212069,296.5004384,0,0,0,0,2016,0,0,0,2016.0,13.835,12.967,13.255,13.039,14.357,6.1677723,-5.66474,-2.4397,4.13962966,14.2242,1.85,14.883,1368.83,6826.0,12.935,12.871,12.673,9.344,0.702119,4.08,1.51,False,True,False,False,False,False,True,0.3053513694466238
15657,5,1,1,0,0,1,294.32765,63.8334,71.5646,16.7796,41.5767277,284.0566675,0,0,0,0,2016,0,0,0,2016.0,12.5267,11.194,11.69,11.298,13.111,2.3258377,-1.07113,2.06451,7.20283653,13.0492,0.84,14.017,317.437,5445.0,11.145,11.148,11.025,9.327,3.12223,4.54,0.87,False,True,False,False,False,False,True,0.5670263661590603
15669,5,1,1,0,0,1,288.75148,66.55032,72.70897,20.19416,43.7743281,280.2066276,0,0,0,0,2016,0,0,0,2016.0,12.2563,11.218,11.595,11.302,12.786,4.6485697,3.39731,3.17293,3.87595807,12.7136,1.01,13.579,336.09,5776.0,11.228,11.189,11.029,8.931,2.94668,4.44,1.01,False,True,False,False,False,False,True,-0.11350927482751812
15693,5,1,1,0,0,1,316.81243,62.75039,77.89166,8.76631,43.7110543,297.5083004,0,0,0,0,2016,0,0,0,2016.0,13.5427,11.803,12.499,11.836,14.278,26.5321482,25.8558,-5.95252,509.997402,14.2049,0.63,15.415,331.213,4736.0,11.705,11.639,11.61,9.552,2.99043,4.66,0.66,False,True,False,False,False,False,True,0.34044411484011833
15699,5,1,1,0,0,1,312.64848,63.64458,76.97308,10.63796,43.8076687,294.6325781,0,0,0,0,2016,0,0,0,2016.0,14.9714,13.782,14.251,13.925,15.673,2.9409561,-2.34243,-1.77827,4.09513932,15.4951,0.95,16.579,1305.99,5679.0,13.878,13.825,12.463,8.866,0.738012,4.47,0.97,False,True,False,False,False,False,True,0.13033376849500614
15703,5,1,1,0,0,1,312.52978,63.77988,77.02199,10.77493,43.9135575,294.4948769,0,0,0,0,2016,0,0,0,2016.0,12.6383,11.66,12.033,11.731,13.22,16.606827,-15.6295,5.61297,448.303558,13.066,1.19,13.875,716.76,6137.0,11.643,11.602,11.591,9.076,1.36634,4.33,1.12,False,True,False,False,False,False,True,0.3926969532596658
15711,5,1,1,0,0,1,303.85649,66.19967,76.0723,15.06382,44.9232545,288.5151733,0,0,0,0,2016,0,0,0,2016.0,13.0111,12.109,12.447,12.19,13.516,5.1492286,4.04531,-3.18591,186.404271,13.3918,1.32,14.067,1114.91,6256.0,12.158,12.1,12.448,8.767,0.86808,4.27,1.2,False,True,False,False,False,False,True,0.19865708695442263
15718,5,1,1,0,0,1,312.91503,65.03671,77.98371,11.62186,45.1398201,294.043399,0,0,0,0,2016,0,0,0,2016.0,13.9386,12.721,13.198,12.788,14.636,9.7902845,9.78823,-0.200561,374.876239,14.486,0.89,15.542,617.339,5474.0,12.68,12.646,11.911,8.761,1.5913,4.51,0.92,False,True,False,False,False,False,True,0.5037906830571811
15724,5,1,1,0,0,1,298.91232,67.46076,75.79691,17.366,45.5561768,285.3490542,0,0,0,0,2016,0,0,0,2016.0,15.141,13.895,14.345,13.997,15.82,6.0484282,-1.70102,5.80431,469.63111,15.6928,0.85,16.862,1069.45,5347.0,13.904,13.815,12.884,9.2,0.906922,4.53,0.89,False,True,False,False,False,False,True,0.561101383649056
15730,5,1,1,0,0,1,314.17699,66.22927,79.17483,12.20049,46.4409844,294.0575681,0,0,0,0,2016,0,0,0,2016.0,15.2912,14.231,14.645,14.295,15.807,4.740808,-2.54792,-3.99792,425.47785,15.7916,1.02,16.87,1947.54,5797.0,14.321,14.215,13.041,9.672,0.484946,4.43,1.01,False,True,False,False,False,False,True,0.5092025223311029
15744,5,1,1,0,1,1,318.6761,67.70338,81.52166,12.2882,48.5244695,295.4823299,0,0,0,0,2016,0,0,0,2016.0,14.2689,13.138,13.55,13.204,14.769,7.7922911,5.85862,-5.13774,259.33683,14.7479,0.95,15.685,1525.52,5710.0,13.129,13.087,12.566,9.263,0.626933,4.47,0.97,False,True,False,False,False,False,True,0.27184160653649897
15757,5,1,1,0,0,1,297.23169,71.00803,78.45346,19.93538,48.8021209,283.068651,0,0,0,0,2016,0,0,0,2016.0,14.0747,13.211,13.508,13.19,14.593,7.7772193,7.76766,-0.385484,9.878482,14.4686,1.18,15.25,1031.31,6150.0,13.187,13.158,13.115,8.766,0.940878,4.34,1.12,False,True,False,False,False,False,True,0.41161970596323016
15799,5,1,4,0,1,0,304.9065,68.92419,78.45857,16.58456,47.6298453,287.7808115,0,0,0,0,2017,0,0,0,2023.0,13.8268,12.935,13.254,13.008,14.379,12.4248048,-12.306,-1.7141,94.886902,14.2329,1.097,14.625,890.758,5888.0,12.93,12.919,12.485,9.428001,1.09387,4.342,0.966,True,False,True,False,False,False,False,0.6273658565927327
15814,5,1,2,0,0,1,313.41302,61.10061,75.58833,8.46248,41.5745321,296.359456,0,0,0,0,2016,0,0,0,2016.0,13.7848,12.735,13.161,12.862,14.49,3.1202637,-0.941031,2.97498,19.672266,14.2231,1.19,15.13,860.37,6152.0,12.895,12.799,12.5,9.127,1.13394,4.34,1.12,False,True,False,False,False,False,True,0.4927603890268375
15816,5,1,2,0,0,1,313.41302,61.10061,75.58833,8.46248,41.5745321,296.359456,0,0,0,0,2016,0,0,0,2016.0,13.7848,12.735,13.161,12.862,14.49,3.1202637,-0.941031,2.97498,32.657212,14.2231,1.19,15.13,860.37,6152.0,12.895,12.799,12.5,9.127,1.13394,4.34,1.12,False,True,False,False,False,False,True,0.46982201597816303
15823,5,1,2,0,0,1,316.32466,62.77428,77.72618,8.92018,43.643789,297.2121215,0,0,0,0,2016,0,0,0,2016.0,13.4942,12.066,12.613,12.164,14.319,12.63992,12.5029,-1.85609,12.2057513,14.1012,0.84,15.325,413.873,5355.0,12.082,12.016,11.741,9.041,2.38745,4.54,0.88,False,True,False,False,False,False,True,0.505149978319906
15832,5,1,2,0,0,1,316.32466,62.77428,77.72618,8.92018,43.643789,297.2121215,0,0,0,0,2016,0,0,0,2016.0,13.4942,12.066,12.613,12.164,14.319,12.63992,12.5029,-1.85609,6.6513802,14.1012,0.84,15.325,413.873,5355.0,12.082,12.016,11.741,9.041,2.38745,4.54,0.88,False,True,False,False,False,False,True,0.42488163663106704
15837,10,1,1,0,0,1,321.92363,62.81135,79.86512,7.4819,44.7510129,300.4310076,0,0,0,0,2022,0,0,0,2016.0,13.1905,11.636,12.284,11.764,14.072,3.4522897,1.4391,3.13804,5.342657,13.8271,0.855,14.95,341.774,4916.0,11.032,11.019,11.558,9.532,2.8972,4.502,0.845,False,True,False,True,False,False,False,0.3654879848908996
15852,5,1,1,0,0,1,321.60208,66.99952,82.0602,11.06907,48.418582,297.4795142,0,0,0,0,2016,0,0,0,2016.0,13.9481,12.897,13.286,12.949,14.566,5.1822615,0.67006,5.13876,16.1779561,14.4405,1.02,15.435,1202.47,5812.0,12.909,12.834,12.666,9.267,0.803145,4.43,1.02,False,True,False,False,False,False,True,0.250420002308894
15859,5,1,1,0,0,1,300.80074,64.48924,73.86962,14.91811,42.9129356,287.5264859,0,0,0,0,2016,0,0,0,2016.0,14.4239,12.029,12.872,12.298,16.8419,17.8146375,10.2994,14.5356,4.48558383,15.6554,0.26,18.314,127.591,3299.0,11.763,11.906,11.494,9.395001,7.80885,5.01,0.24,False,True,False,False,False,False,True,0.08990511143939793
15864,5,2,1,1,0,1,315.26688,59.74922,75.45396,6.83604,40.6561751,298.150057,0,0,0,0,2016,0,0,0,2016.0,13.1115,12.007,12.376,12.078,13.668,8.750994,-7.24465,-4.90866,1107.5923,13.579,1.7903,15.123,1212.45,6210.0,11.909,11.815,11.709,8.916,0.796176,4.018,1.2207,False,True,True,False,False,False,False,1.0745933870499467
15934,3,1,1,0,0,0,292.60737,66.91972,73.86663,19.06885,44.4344617,282.1856949,0,0,0,0,2018,0,0,0,2018.0,12.9495,11.922,12.281,11.934,13.497,16.1565433,-0.746249,-16.1393,1047.8356,13.4057,1.179,14.332,568.117,5597.0,11.929,11.875,11.846,9.354,1.73131,4.3001,1.011,False,True,False,True,False,False,False,0.9628507709250699
15987,5,1,3,0,0,1,315.39503,68.6996,81.14899,13.81924,48.8812074,293.1600977,0,0,0,0,2016,0,0,0,2016.0,14.143,12.876,13.346,12.941,14.857,7.1768718,-2.74793,-6.62996,1.554003928,14.6848,0.83,15.678,603.53,5350.0,12.855,12.827,12.694,9.859,1.62825,4.55,0.88,False,True,False,False,False,False,True,0.23804610312879543
15995,2,2,1,1,0,4,296.36506,64.02419,72.26462,16.15714,41.9669383,285.1670927,0,0,0,0,2020,0,0,0,2020.0,13.5804,12.162,12.729,12.223,14.357,27.6028078,-26.42,-7.99366,175.06,14.1933,0.762,15.384,410.607,5100.0,12.114,12.069,11.698,8.757,2.4066,4.66,0.841,False,True,True,False,False,False,False,0.5877109650189114
16072,5,1,3,0,0,0,313.67906,59.1973,74.4723,6.90783,39.8478795,297.4303826,0,0,0,0,2017,0,0,0,2023.0,15.1228,13.2,14.045,13.321,16.473,5.4917453,5.28754,1.48364,4.72941177,15.9088,0.603,17.908,543.444,4224.0,13.183,13.107,12.284,9.045,1.81232,4.662,0.609,True,False,True,False,False,False,False,0.08635983067474823
16085,7,2,4,0,0,2,305.90517,58.99247,71.35329,9.44486,38.3455558,292.6585253,0,0,0,0,2022,0,0,0,2014.0,13.3685,11.832,12.446,11.974,14.284,39.3944815,36.3934,15.0813,4.3931539,14.0004,0.749,15.108,341.908,4884.0,11.841,11.766,11.631,9.262,2.89593,4.579,0.777,False,True,False,True,False,False,False,0.2350231594952235
16093,7,2,4,0,0,2,305.90517,58.99247,71.35329,9.44486,38.3455558,292.6585253,0,0,0,0,2022,0,0,0,2014.0,13.3685,11.832,12.446,11.974,14.284,39.3944815,36.3934,15.0813,7.406106,14.0004,0.749,15.108,341.908,4884.0,11.841,11.766,11.631,9.262,2.89593,4.579,0.777,False,True,False,True,False,False,False,0.22375545365724117
16115,7,2,4,0,0,2,305.90517,58.99247,71.35329,9.44486,38.3455558,292.6585253,0,0,0,0,2022,0,0,0,2016.0,13.3685,11.832,12.446,11.974,14.284,39.3944815,36.3934,15.0813,21.80379,14.0004,0.749,15.108,341.908,4884.0,11.841,11.766,11.631,9.262,2.89593,4.579,0.777,False,True,False,True,False,False,False,0.09272064468409917
16117,7,2,4,0,0,2,305.90517,58.99247,71.35329,9.44486,38.3455558,292.6585253,0,0,0,0,2022,0,0,0,2016.0,13.3685,11.832,12.446,11.974,14.284,39.3944815,36.3934,15.0813,1071.23205,14.0004,0.749,15.108,341.908,4884.0,11.841,11.766,11.631,9.262,2.89593,4.579,0.777,False,True,False,True,False,False,False,1.0068937079479006
16455,5,1,1,0,1,1,322.24844,66.17969,81.82493,10.24166,47.8149865,298.3952437,0,4,0,0,2014,0,0,0,2011.0,13.6414,12.585,12.992,12.67,14.314,7.4018001,-6.36507,-3.7779,1.4857108,14.1311,1.01034,14.99,720.753,5781.0,12.594,12.55,12.291,8.715,1.35886,4.44616,1.04,False,True,False,False,True,False,False,1.1667260555800518
16516,11,1,1,0,0,0,314.99709,71.28537,82.73316,15.90743,51.1442437,291.2012559,0,0,0,0,2022,0,0,0,2013.0,12.7934,11.792,12.138,11.842,13.392,8.382028,-8.23581,1.55879,988.88112,13.2514,1.697,14.021,835.455,5746.0,11.745,11.69,11.642,9.581,1.16809,4.031,1.132,False,True,False,True,False,False,False,1.0773233262111177
17151,5,1,4,0,0,1,312.74013,63.67729,77.02616,10.63645,43.8532104,294.6679021,0,0,0,0,2016,0,0,0,2016.0,13.9508,12.567,13.097,12.686,14.767,19.8995036,-13.0416,-15.0302,51.16579,14.5446,0.83,15.818,527.321,5295.0,12.549,12.456,12.33,9.094,1.86777,4.55,0.87,False,True,False,False,False,False,True,0.16136800223497488
17591,5,1,3,0,1,1,318.57918,63.52628,79.0074,8.92007,44.746248,298.0794448,0,0,0,0,2014,0,0,0,2011.0,12.9879,11.756,12.189,11.873,13.771,20.3637784,-20.3134,-1.43152,3.504725,13.5393,1.108,15.027,433.047,5345.0,11.787,11.699,12.524,9.358,2.28043,4.31,0.972,False,True,True,False,False,False,False,0.3010299956639812
17605,3,1,3,0,1,1,318.57918,63.52628,79.0074,8.92007,44.746248,298.0794448,0,0,2,0,2019,0,0,0,2011.0,12.9879,11.756,12.189,11.873,13.771,20.3637784,-20.3134,-1.43152,7.64159,13.5393,1.108,15.027,433.047,5345.0,11.787,11.699,12.524,9.358,2.28043,4.31,0.972,False,True,True,False,False,False,False,0.7395723444500919
17608,5,1,3,0,1,1,318.57918,63.52628,79.0074,8.92007,44.746248,298.0794448,0,0,2,0,2014,0,0,0,2011.0,12.9879,11.756,12.189,11.873,13.771,20.3637784,-20.3134,-1.43152,14.85888,13.5393,1.108,15.027,433.047,5345.0,11.787,11.699,12.524,9.358,2.28043,4.31,0.972,False,True,True,False,False,False,False,0.8438554226231612
17663,5,1,2,0,0,0,310.03926,59.19188,73.04331,8.11892,39.2014024,295.1640095,0,0,0,0,2017,0,0,0,2023.0,14.5435,13.405,13.828,13.481,15.28,4.3540897,-1.69786,4.00941,116.583183,15.0715,0.981,15.546,839.332,5738.0,13.437,13.338,12.873,9.235,1.16308,4.426,0.936,True,False,True,False,False,False,False,0.4638929889859073
17798,5,1,2,0,0,0,296.08315,63.35018,71.62046,15.86299,41.2824449,285.2166767,0,0,0,0,2017,0,0,0,2023.0,14.944,13.393,14.011,13.482,15.814,2.6393421,-1.71216,-2.00864,0.626281766,15.607,0.823,17.197,726.346,4922.0,13.265,13.135,12.617,8.962,1.34842,4.505,0.79,True,False,True,False,False,False,False,0.24551266781414982
18011,5,1,2,0,0,0,309.70162,59.86894,73.37626,8.73475,39.7838461,294.6646789,0,0,0,0,2017,0,0,0,2023.0,14.2644,12.722,13.31,12.836,15.18,7.1740785,4.72378,-5.39938,0.766691517,14.9047,0.788,15.794,500.395,4821.0,12.765,12.664,12.282,8.874,1.97034,4.529,0.765,True,False,True,False,False,False,False,0.08635983067474823
18275,5,1,2,0,0,0,314.34806,66.50181,79.40642,12.36714,46.7179996,293.9886751,0,0,0,0,2017,0,0,0,2023.0,14.6473,13.714,13.994,13.71,15.178,12.1932449,-11.3805,-4.37715,3.59645081,15.1088,1.235,15.99,1331.25,5887.0,13.671,13.596,13.122,9.589,0.72278,4.292,1.09,True,False,True,False,False,False,False,0.22010808804005508
18284,5,1,5,0,0,1,318.67235,62.63613,78.5199,8.17058,43.9549884,298.652736,0,0,0,0,2014,0,0,0,2014.0,13.6403,11.605,12.473,11.824,15.138,4.839251,-4.36055,2.09856,3.8867907,14.5994,0.472,16.867,177.594,3788.0,11.49,11.502,10.309,8.022,5.60203,4.77,0.478,False,True,True,False,False,False,False,0.029383777685209663
18299,5,1,5,0,0,1,318.67235,62.63613,78.5199,8.17058,43.9549884,298.652736,0,0,0,0,2014,0,0,0,2014.0,13.6403,11.605,12.473,11.824,15.138,4.839251,-4.36055,2.09856,7.267302,14.5994,0.472,16.867,177.594,3788.0,11.49,11.502,10.309,8.022,5.60203,4.77,0.478,False,True,True,False,False,False,False,0.09691001300805642
18322,5,1,5,0,0,1,318.67235,62.63613,78.5199,8.17058,43.9549884,298.652736,0,0,0,0,2014,0,0,0,2014.0,13.6403,11.605,12.473,11.824,15.138,4.839251,-4.36055,2.09856,13.342996,14.5994,0.472,16.867,177.594,3788.0,11.49,11.502,10.309,8.022,5.60203,4.77,0.478,False,True,True,False,False,False,False,0.14612803567823798
18329,5,1,5,0,0,1,318.67235,62.63613,78.5199,8.17058,43.9549884,298.652736,0,0,0,0,2014,0,0,0,2014.0,13.6403,11.605,12.473,11.824,15.138,4.839251,-4.36055,2.09856,22.407704,14.5994,0.472,16.867,177.594,3788.0,11.49,11.502,10.309,8.022,5.60203,4.77,0.478,False,True,True,False,False,False,False,0.10380372095595687
18356,1,1,5,0,0,2,318.67235,62.63613,78.5199,8.17058,43.9549884,298.652736,0,0,0,0,2015,0,0,1,2014.0,13.6403,11.605,12.473,11.824,15.138,4.839251,-4.36055,2.09856,129.9441,14.5994,0.523,16.867,177.594,3755.0,11.49,11.502,10.309,8.022,5.60203,4.736,0.544,False,True,False,False,True,False,False,0.06818586174616162
18440,5,1,2,0,0,0,308.75037,63.19303,75.34626,11.47224,42.7643438,292.6149958,0,0,0,0,2017,0,0,0,2023.0,9.6523,8.693,9.052,8.761,10.31,28.8311965,21.2947,-19.4364,1.716828304,10.0911,0.902,10.957,113.025,5808.0,8.691,8.646,8.64,8.727,8.81875,4.522,0.987,True,False,True,False,False,False,False,-0.13076828026902382
18715,5,1,2,0,0,0,320.25937,68.6852,82.59443,12.74966,49.6668523,295.5864604,0,0,0,0,2017,0,0,0,2023.0,14.8513,13.648,14.078,13.761,15.452,4.7257992,3.89568,-2.67523,5.05368985,15.3627,0.901,14.667,935.191,5772.0,13.687,13.593,12.685,9.206,1.04108,4.528,0.999,True,False,True,False,False,False,False,0.08278537031645007
18893,5,1,3,0,0,1,308.5629,65.94967,77.2472,13.51221,45.3230937,291.1833211,0,0,0,0,2016,0,0,0,2016.0,14.2068,12.883,13.42,12.959,14.987,17.6494685,-16.7715,-5.49732,5.945041017,14.7758,0.8,15.884,594.464,5215.0,12.87,12.809,12.599,8.391,1.65359,4.56,0.84,False,True,False,False,False,False,True,0.35793484700045375
19001,5,1,3,0,0,1,303.37897,66.96722,76.53877,15.7141,45.5928829,287.9179379,0,0,0,0,2016,0,0,0,2016.0,13.6013,12.427,12.892,12.512,14.308,4.5796386,-3.01989,3.44287,6.47027579,14.1039,0.94,15.237,651.674,5487.0,12.44,12.405,12.308,9.297,1.50571,4.46,0.94,False,True,False,False,False,False,True,0.00860017176191757
19023,5,1,2,0,0,0,322.49758,63.5138,80.46622,7.9355,45.4953271,300.3161723,0,0,0,0,2017,0,0,0,2023.0,12.5272,11.514,11.897,11.61,13.103,15.1659563,-14.4976,-4.45262,3.15722086,12.9842,2.0,13.905,928.989,6120.0,11.513,11.481,12.58,9.443,1.04785,3.934,1.251,True,False,True,False,False,False,False,0.14921911265537988
19517,3,1,2,0,1,0,300.37508,61.38581,71.27937,13.08704,39.8725067,288.3953074,0,0,0,0,2023,0,0,0,2022.0,10.71,9.792,10.118,9.858,11.23,28.796531,-28.5937,3.41182,7.54425,11.1438,1.384,12.07,287.339,5818.0,9.787,9.743,9.785,8.633,3.45152,4.2,1.12,False,True,True,False,False,False,False,-0.09582563171583648
19525,3,1,2,0,1,0,300.37508,61.38581,71.27937,13.08704,39.8725067,288.3953074,0,0,0,0,2023,0,0,0,2022.0,10.71,9.792,10.118,9.858,11.23,28.796531,-28.5937,3.41182,11.3295,11.1438,1.384,12.07,287.339,5818.0,9.787,9.743,9.785,8.633,3.45152,4.2,1.12,False,True,True,False,False,False,False,-0.0614802748235081
19529,5,1,1,0,1,1,313.57904,68.83719,80.71768,14.34495,48.7275345,292.16706,0,0,0,0,2017,0,0,0,2023.0,14.7897,13.805,14.123,13.815,15.445,12.8090676,-12.794,0.621109,4.959319244,15.258,1.082,16.273,1314.51,5712.0,13.802,13.756,13.107,9.648,0.732141,4.359,0.976,True,False,True,False,False,False,False,1.0867156639448825
19542,5,1,1,0,0,0,302.35235,58.43445,69.65882,10.40856,37.2891002,290.6178587,0,0,0,0,2017,0,0,0,2023.0,14.9799,13.358,14.058,13.46,16.047,14.8026416,4.0208,-14.2461,4.53702121,15.654,0.688,14.906,592.711,4805.0,13.323,13.242,12.112,8.532,1.65928,4.633,0.769,True,False,True,False,False,False,False,0.22010808804005508
19551,5,1,1,0,0,0,295.77216,60.02452,68.74978,14.02188,38.0095407,286.0067312,0,0,0,0,2017,0,0,0,2023.0,14.7856,13.44,13.99,13.556,15.49,5.0689827,4.80628,1.61067,10.84969477,15.3665,0.778,14.918,865.512,5251.0,13.459,13.43,12.481,8.937,1.12699,4.592,0.869,True,False,True,False,False,False,False,0.4265112613645752
19557,5,1,1,0,1,0,301.73578,59.58145,70.31978,11.40614,38.309622,289.8429062,0,0,0,0,2017,0,0,0,2023.0,14.736,13.611,14.015,13.725,15.484,3.3462749,1.32679,3.072,18.5084526,15.2323,0.938,16.126,1076.27,5942.0,13.61,13.552,12.372,9.293,0.901221,4.506,1.028,True,False,True,False,False,False,False,1.467312062980552
19584,5,1,3,0,0,1,303.17997,59.77112,70.95869,10.98805,38.6910045,290.6731326,0,0,0,0,2016,0,0,0,2016.0,13.092,12.027,12.421,12.067,13.684,2.5831142,1.96318,-1.67881,1.31184443,13.5662,0.93,15.113,495.358,5636.0,12.043,11.998,11.972,9.257,1.98998,4.49,0.97,False,True,False,False,False,False,True,0.1846914308175988
19599,5,1,1,0,0,0,309.68548,58.65787,72.54413,7.84665,38.637039,295.1672065,0,0,0,0,2017,0,0,0,2023.0,15.0548,13.81,14.284,13.914,15.906,5.7098449,-5.1559,-2.45337,33.0257179,15.5691,0.99,15.935,1709.4,5819.0,13.994,13.885,12.498,9.328,0.56016,4.468,1.049,True,False,True,False,False,False,False,0.3443922736851107
19604,5,1,1,0,0,0,299.13583,60.37396,70.08397,12.91169,38.7402988,287.9754691,0,0,0,0,2017,0,0,0,2023.0,12.9475,11.951,12.334,12.055,13.563,3.4360216,2.90611,1.83324,453.54212,13.3811,3.006,14.648,659.395,5874.0,11.966,11.942,12.316,9.29,1.48775,3.664,1.519,True,False,True,False,False,False,False,0.9652017010259121
19610,5,1,1,0,0,0,298.73232,61.37235,70.75846,13.68918,39.6586267,287.4099905,0,0,0,0,2017,0,0,0,2023.0,12.2536,11.473,11.727,11.527,12.696,18.173806,-14.1024,-11.4634,3.82315697,12.6166,1.122,13.32,558.855,6202.0,11.46,11.432,11.376,8.907,1.76079,4.422,1.213,True,False,True,False,False,False,False,-0.11350927482751812
19618,5,1,1,0,0,0,313.17881,59.36359,74.37983,7.19857,39.9121864,297.042015,0,0,0,0,2017,0,0,0,2023.0,13.6964,12.232,12.852,12.359,14.518,9.6754387,-6.08194,-7.5249,7.32851947,14.3031,0.874,15.416,424.428,5135.0,12.276,12.198,12.813,8.798,2.32739,4.464,0.812,True,False,True,False,False,False,False,0.367355921026019
19637,5,1,1,0,0,0,309.34377,63.1921,75.54383,11.28757,42.8548909,292.9582727,0,0,0,0,2017,0,0,0,2023.0,15.1792,13.908,14.386,13.914,15.661,8.9247657,-1.93092,8.71338,19.5489666,15.718,0.732,16.301,912.085,5549.0,13.902,13.845,12.347,9.122,1.06892,4.6,0.776,True,False,True,False,False,False,False,0.2764618041732441
19712,5,1,2,0,0,0,320.60547,62.75291,79.32401,7.76339,44.4357068,299.7047433,0,0,0,0,2017,0,0,0,2023.0,12.1207,11.055,11.398,11.124,11.946,10.8451753,-10.3765,-3.15374,1.73513619,12.5829,1.071,13.264,392.739,5751.0,10.662,10.675,10.576,8.991,2.51773,4.391,1.028,True,False,True,False,False,False,False,0.5145477526602861
19718,5,1,2,0,0,0,320.60547,62.75291,79.32401,7.76339,44.4357068,299.7047433,0,0,0,0,2017,0,0,0,2023.0,12.1207,11.055,11.398,11.124,11.946,10.8451753,-10.3765,-3.15374,4.06844957,12.5829,1.071,13.264,392.739,5751.0,10.662,10.675,10.576,8.991,2.51773,4.391,1.028,True,False,True,False,False,False,False,-0.00877392430750515
19747,5,1,1,0,0,0,314.46342,64.69497,78.276,10.93841,45.0811045,295.0902409,0,0,0,0,2017,0,0,0,2023.0,13.0207,11.767,12.262,11.849,13.79,12.8174719,-12.7607,-1.20504,15.6112238,13.554,0.842,14.542,532.955,5383.0,11.772,11.717,11.799,9.435,1.8475,4.528,0.874,True,False,True,False,False,False,False,-0.040958607678906384
19757,5,1,1,0,0,0,312.55279,65.12258,77.92249,11.78641,45.1607261,293.7968548,0,0,0,0,2017,0,0,0,2023.0,12.6445,11.136,11.718,11.249,13.451,1.3762709,1.10152,-0.825091,26.6565737,13.2589,3.062,14.526,1031.91,5159.0,11.23,11.152,11.153,8.725,0.940416,3.604,1.373,True,False,True,False,False,False,False,0.6180480967120927
19761,5,1,1,0,0,0,318.74429,65.20692,80.05739,10.24589,46.2969247,297.1487941,0,0,0,0,2017,0,0,0,2023.0,11.3139,10.185,10.615,10.275,12.01,2.8275236,-1.34187,-2.48883,4.61225043,11.8227,0.961,12.734,241.991,5495.0,10.182,10.127,10.173,9.113,4.10366,4.442,0.932,True,False,True,False,False,False,False,-0.2924298239020636
19769,5,1,1,0,0,0,297.66848,68.38245,76.28124,18.29089,46.3165907,284.342725,0,0,0,0,2017,0,0,0,2023.0,14.5501,13.016,13.661,13.175,15.516,3.9912629,2.69204,-2.94671,73.7578875,15.1988,0.93,16.426,595.331,5029.0,13.048,13.002,12.721,9.097,1.65127,4.429,0.847,True,False,True,False,False,False,False,0.631443769013172
19781,5,1,2,0,0,0,299.50853,68.46431,76.77586,17.79756,46.5822183,285.2537555,0,0,0,0,2017,0,0,0,2023.0,14.1718,12.53,13.213,12.636,15.11,17.7067528,12.8647,12.1667,32.376183,14.8656,0.675,14.114,440.561,4580.0,12.549,12.466,12.151,9.178001,2.24116,4.641,0.748,True,False,True,False,False,False,False,0.35410843914740087
19785,5,1,2,0,0,0,299.50853,68.46431,76.77586,17.79756,46.5822183,285.2537555,0,0,0,0,2017,0,0,0,2023.0,14.1718,12.53,13.213,12.636,15.11,17.7067528,12.8647,12.1667,92.7297248,14.8656,0.675,14.114,440.561,4580.0,12.549,12.466,12.151,9.178001,2.24116,4.641,0.748,True,False,True,False,False,False,False,0.4487063199050799
19799,5,1,1,0,0,0,319.54186,65.36991,80.42965,10.18663,46.5891373,297.4808253,0,0,0,0,2017,0,0,0,2023.0,15.0138,13.885,14.268,13.968,15.454,8.5213899,-8.14121,-2.5169,26.7575866,15.4636,1.052,15.222,1502.34,6215.0,13.84,13.697,12.862,8.947,0.637792,4.44,1.111,True,False,True,False,False,False,False,0.35793484700045375
19802,5,1,1,0,0,0,296.9409,69.77853,77.32348,19.3122,47.5923973,283.4291536,0,0,0,0,2017,0,0,0,2023.0,12.1297,11.076,11.462,11.142,12.74,18.6631044,-18.6543,-0.573199,3.03267135,12.6024,0.921,14.226,340.965,5640.0,11.091,11.041,10.958,9.385,2.9041,4.492,0.962,True,False,True,False,False,False,False,-0.22184874961635637
19809,5,1,1,0,0,0,295.43609,70.60795,77.74846,20.1998,48.259234,282.3705675,0,0,0,0,2017,0,0,0,2023.0,15.5613,13.882,14.536,13.911,16.433,12.4953915,-7.36409,10.0948,8.7396758,16.319,0.628,18.291,701.255,4406.0,13.751,13.701,12.945,9.257,1.39805,4.643,0.632,True,False,True,False,False,False,False,0.5171958979499743
19916,5,1,2,0,0,0,303.19062,71.61056,80.18831,18.78346,49.9621218,285.5743032,0,0,0,0,2017,0,0,0,2023.0,14.3009,12.29,13.089,12.399,15.642,39.1920112,-38.5527,-7.05004,6.383159135,15.2639,0.576,16.781,320.588,3757.0,12.025,11.938,11.935,9.509,3.0909,4.681,0.581,True,False,True,False,False,False,False,0.436162647040756
19924,5,1,2,0,0,0,303.19062,71.61056,80.18831,18.78346,49.9621218,285.5743032,0,0,0,0,2017,0,0,0,2023.0,14.3009,12.29,13.089,12.399,15.642,39.1920112,-38.5527,-7.05004,20.6180348,15.2639,0.576,16.781,320.588,3757.0,12.025,11.938,11.935,9.509,3.0909,4.681,0.581,True,False,True,False,False,False,False,0.19589965240923374
19933,5,1,2,0,0,0,315.02491,70.65483,82.32309,15.41574,50.5838585,291.6594558,0,0,0,0,2017,0,0,0,2023.0,15.1411,13.551,14.244,13.756,15.981,7.9013307,-5.52246,-5.65097,1.090011003,15.7733,0.77,17.631,776.55,5081.0,13.703,13.641,12.953,9.602,1.25962,4.596,0.864,True,False,True,False,False,False,False,0.01703333929878037
19937,5,1,2,0,0,0,315.02491,70.65483,82.32309,15.41574,50.5838585,291.6594558,0,0,0,0,2017,0,0,0,2023.0,15.1411,13.551,14.244,13.756,15.981,7.9013307,-5.52246,-5.65097,14.09258319,15.7733,0.77,17.631,776.55,5081.0,13.703,13.641,12.953,9.602,1.25962,4.596,0.864,True,False,True,False,False,False,False,0.2600713879850748
20455,5,1,3,0,0,1,312.40823,66.35732,78.70435,12.75822,46.2775223,293.0377331,0,0,0,0,2016,0,0,0,2016.0,12.7978,12.103,12.319,12.176,13.155,1.9916126,0.843414,-1.80421,3.88689525,13.1207,1.76,13.705,1104.64,6341.0,12.064,12.054,12.224,9.251,0.876459,4.08,1.37,False,True,False,False,False,False,True,0.12057393120584989
20486,5,1,3,0,0,1,316.09804,65.68793,79.45283,11.2887,46.2665801,295.4128785,0,0,0,0,2016,0,0,0,2016.0,13.4069,12.311,12.732,12.386,14.035,22.395278,20.872,8.11838,124.5244647,13.9069,1.02,14.89,656.38,5542.0,12.364,12.29,12.44,9.405,1.49472,4.42,1.01,False,True,False,False,False,False,True,0.42488163663106704
21539,5,1,4,0,0,1,307.00839,63.12201,74.72154,11.97179,42.4363482,291.6389972,0,0,0,0,2016,0,0,0,2016.0,14.9988,13.639,14.121,13.688,15.546,6.1213447,4.866,3.71388,3.219821056,15.5969,0.8,16.911,861.527,5174.0,13.419,13.427,12.177,9.426,1.13295,4.57,0.86,False,True,False,False,False,False,True,0.24303804868629444
21932,5,1,3,0,0,1,316.79646,65.23657,79.40697,10.75408,45.9767647,296.0642702,0,0,0,0,2016,0,0,0,2016.0,14.9689,13.689,14.227,13.854,15.699,16.3565499,-16.2217,2.09599,1.045622658,15.5283,0.86,16.188,1052.53,5431.0,13.786,13.717,12.603,8.786,0.922088,4.53,0.9,False,True,False,False,False,False,True,0.12057393120584989
22407,5,1,3,0,1,1,306.98425,61.69988,73.68708,10.97438,41.085871,292.2367608,0,0,0,0,2014,0,0,0,2011.0,15.2427,14.118,14.484,14.026,15.822,2.2730908,-0.325533,2.24966,15.3348,15.8164,0.59,16.865,1044.36,5400.0,13.945,13.854,12.463,9.113,0.930143,5.4,0.65,False,True,True,False,False,False,False,0.6020599913279624
22415,5,1,3,0,1,1,306.98425,61.69988,73.68708,10.97438,41.085871,292.2367608,0,0,0,0,2014,0,0,0,2011.0,15.2427,14.118,14.484,14.026,15.822,2.2730908,-0.325533,2.24966,31.3309,15.8164,0.59,16.865,1044.36,5400.0,13.945,13.854,12.463,9.113,0.930143,5.4,0.65,False,True,True,False,False,False,False,0.6901960800285137
22469,5,1,3,0,0,1,293.96933,66.6445,73.92797,18.46832,44.284108,283.0029316,0,0,0,0,2016,0,0,0,2014.0,12.9431,11.745,12.198,11.819,13.578,27.41919,-25.7983,-9.28761,10.43547805,13.4284,0.87,14.37,404.542,5555.0,11.719,11.714,11.686,9.548,2.44326,4.52,0.9,False,True,False,False,False,False,True,0.08990511143939793
22481,5,1,3,0,0,1,293.96933,66.6445,73.92797,18.46832,44.284108,283.0029316,0,0,0,0,2016,0,0,0,2014.0,12.9431,11.745,12.198,11.819,13.578,27.41919,-25.7983,-9.28761,7.41086267,13.4284,0.87,14.37,404.542,5555.0,11.719,11.714,11.686,9.548,2.44326,4.52,0.9,False,True,False,False,False,False,True,-0.022276394711152257
22484,5,1,3,0,0,1,293.96933,66.6445,73.92797,18.46832,44.284108,283.0029316,0,0,0,0,2016,0,0,0,2016.0,12.9431,11.745,12.198,11.819,13.578,27.41919,-25.7983,-9.28761,5.24972541,13.4284,0.87,14.37,404.542,5555.0,11.719,11.714,11.686,9.548,2.44326,4.52,0.9,False,True,False,False,False,False,True,-0.1804560644581313
22678,9,1,2,0,1,1,302.3412,59.90378,70.77221,11.39023,38.7022694,290.1072124,0,0,0,0,2025,0,0,0,2014.0,10.9187,9.465,10.047,9.581,11.811,9.3313383,8.95101,2.63691,30.1556,11.5296,2.861,12.787,443.03,4965.0,9.455,9.386,9.304,8.687,2.2289,3.58,1.227,False,True,False,True,False,False,False,0.5971464878336954
22692,9,1,2,0,1,1,302.3412,59.90378,70.77221,11.39023,38.7022694,290.1072124,0,0,0,0,2025,0,0,0,2014.0,10.9187,9.465,10.047,9.581,11.811,9.3313383,8.95101,2.63691,51.111,11.5296,2.861,12.787,443.03,4965.0,9.455,9.386,9.304,8.687,2.2289,3.58,1.227,False,True,False,True,False,False,False,0.5142820478603778
23054,9,1,4,0,1,1,316.04309,62.00227,77.14669,8.38649,42.8828517,297.4653351,0,0,0,0,2024,0,0,0,2014.0,13.5102,12.508,12.861,12.596,14.142,4.7846961,-0.237461,4.7788,34.5383,13.9628,1.0,14.734,704.438,5990.0,12.537,12.471,12.879,8.912,1.39093,4.47,1.08,False,True,False,False,False,False,True,0.3961993470957364
23081,9,1,4,0,1,2,316.04309,62.00227,77.14669,8.38649,42.8828517,297.4653351,0,0,0,0,2024,0,0,0,2014.0,13.5102,12.508,12.861,12.596,14.142,4.7846961,-0.237461,4.7788,125.8723,13.9628,1.0,14.734,704.438,5990.0,12.537,12.471,12.879,8.912,1.39093,4.47,1.08,False,True,False,False,False,False,True,1.0503797562614579
23085,9,1,4,0,1,1,316.04309,62.00227,77.14669,8.38649,42.8828517,297.4653351,0,0,0,0,2024,0,0,0,2014.0,13.5102,12.508,12.861,12.596,14.142,4.7846961,-0.237461,4.7788,66.0282,13.9628,1.0,14.734,704.438,5990.0,12.537,12.471,12.879,8.912,1.39093,4.47,1.08,False,True,False,False,False,False,True,0.481442628502305
23140,5,1,3,0,0,0,298.82418,64.4872,73.31632,15.58121,42.6815137,286.4100307,0,0,0,0,2017,0,0,0,2023.0,14.9548,13.452,14.054,13.583,15.775,7.3582392,-5.24801,5.15772,0.764017553,15.5648,0.755,16.586,694.627,5142.0,13.57,13.482,12.37,8.772,1.41133,4.602,0.84,True,False,True,False,False,False,False,-0.06550154875643228
23410,5,1,3,0,1,0,297.48376,70.95879,78.46058,19.83985,48.7776156,283.2091605,0,0,0,0,2017,0,0,0,2023.0,13.7454,12.78,13.122,12.785,14.326,2.4872998,-1.23312,2.16011,150.0189511,14.1922,0.897,15.572,692.14,5618.0,12.755,12.714,12.445,9.364,1.41601,4.46,0.846,True,False,True,False,False,False,False,1.513217600067939
23492,11,1,3,0,1,0,295.06471,61.06314,69.40712,14.91329,38.9472625,285.2836483,0,0,0,0,2023,0,0,0,2012.0,14.8024,13.581,13.997,13.618,15.726,4.8118874,-4.76142,0.695083,29.33434,15.3761,0.95,16.598,914.221,5498.0,13.473,13.476,12.445,9.234,1.06573,4.77,0.99,False,True,True,False,False,False,False,0.5910646070264992
23507,11,1,3,0,1,2,295.06471,61.06314,69.40712,14.91329,38.9472625,285.2836483,0,0,0,0,2023,0,0,0,2012.0,14.8024,13.581,13.997,13.618,15.726,4.8118874,-4.76142,0.695083,60.323105,15.3761,0.95,16.598,914.221,5498.0,13.473,13.476,12.445,9.234,1.06573,4.77,0.99,False,True,True,False,False,False,False,1.089905111439398
23517,11,1,3,0,1,2,295.06471,61.06314,69.40712,14.91329,38.9472625,285.2836483,0,0,0,0,2023,0,0,0,2012.0,14.8024,13.581,13.997,13.618,15.726,4.8118874,-4.76142,0.695083,143.34394,15.3761,0.95,16.598,914.221,5498.0,13.473,13.476,12.445,9.234,1.06573,4.77,0.99,False,True,True,False,False,False,False,0.9444826721501687
23674,5,1,4,0,0,1,309.89772,60.65516,73.9863,9.2491,40.5575408,294.4418031,0,0,0,0,2016,0,0,0,2016.0,14.1673,12.626,13.243,12.75,15.065,3.5575792,-3.36574,-1.15246,1.499146953,14.8308,0.73,16.15,434.684,4817.0,12.54,12.464,12.212,9.203,2.2721,4.61,0.8,False,True,False,False,False,False,True,0.07918124604762482
23858,5,1,3,0,1,1,313.54873,65.6994,78.62698,11.9571,45.8530535,294.0230229,0,0,0,0,2014,0,0,0,2011.0,14.8089,13.871,14.233,13.984,15.496,7.4144287,-7.34441,-1.01656,20.8613,15.224,1.22,15.927,1664.64,6340.0,13.939,13.893,13.249,9.288,0.572219,4.696,1.21,False,True,True,False,False,False,False,0.7403626894942439
23878,5,1,3,0,1,1,313.54873,65.6994,78.62698,11.9571,45.8530535,294.0230229,0,0,0,0,2014,0,0,0,2011.0,14.8089,13.871,14.233,13.984,15.496,7.4144287,-7.34441,-1.01656,42.6318,15.224,1.22,15.927,1664.64,6340.0,13.939,13.893,13.249,9.288,0.572219,4.696,1.21,False,True,True,False,False,False,False,0.724275869600789
23889,3,1,3,0,0,2,313.54873,65.6994,78.62698,11.9571,45.8530535,294.0230229,0,0,0,0,2016,0,0,0,2014.0,14.8089,13.871,14.233,13.984,15.496,7.4144287,-7.34441,-1.01656,87.6451,15.224,1.22,15.927,1664.64,6340.0,13.939,13.893,13.249,9.288,0.572219,4.696,1.21,False,True,True,False,False,False,False,0.5910646070264992
23959,5,1,3,0,0,0,293.99342,69.52202,76.49308,20.02263,47.0854984,282.0612731,0,0,0,0,2017,0,0,0,2023.0,13.3373,12.418,12.751,12.47,13.902,7.9066901,3.93882,-6.85576,232.040326,13.7537,1.156,14.924,778.654,5903.0,12.406,12.38,12.189,9.528,1.25545,4.3,0.974,True,False,True,False,False,False,False,0.31175386105575426
24171,3,1,5,0,1,1,320.05971,65.24682,80.53919,9.96232,46.5743595,297.8423073,0,0,0,0,2016,0,0,0,2011.0,14.8153,12.757,13.616,12.901,16.36,23.9037367,19.6456,-13.6176,5.90124,15.8123,0.53,17.867,323.847,3900.0,12.6,12.57,12.55,9.418,3.05948,4.64,0.58,False,True,True,False,False,False,False,0.3424226808222063
24183,3,1,5,0,1,1,320.05971,65.24682,80.53919,9.96232,46.5743595,297.8423073,0,0,0,0,2016,0,0,0,2011.0,14.8153,12.757,13.616,12.901,16.36,23.9037367,19.6456,-13.6176,8.7522,15.8123,0.53,17.867,323.847,3900.0,12.6,12.57,12.55,9.418,3.05948,4.64,0.58,False,True,True,False,False,False,False,0.3010299956639812
24205,3,1,5,0,0,1,320.05971,65.24682,80.53919,9.96232,46.5743595,297.8423073,0,0,2,0,2016,0,0,0,2012.0,14.8153,12.757,13.616,12.901,16.36,23.9037367,19.6456,-13.6176,22.7802,15.8123,0.53,17.867,323.847,3900.0,12.6,12.57,12.55,9.418,3.05948,4.64,0.58,False,True,True,False,False,False,False,0.43136376415898736
24232,3,1,5,0,0,1,320.05971,65.24682,80.53919,9.96232,46.5743595,297.8423073,0,0,0,0,2016,0,0,0,2012.0,14.8153,12.757,13.616,12.901,16.36,23.9037367,19.6456,-13.6176,2.896,15.8123,0.53,17.867,323.847,3900.0,12.6,12.57,12.55,9.418,3.05948,4.64,0.58,False,True,True,False,False,False,False,0.17609125905568124
24240,3,1,5,0,0,1,320.05971,65.24682,80.53919,9.96232,46.5743595,297.8423073,0,0,0,0,2016,0,0,0,2012.0,14.8153,12.757,13.616,12.901,16.36,23.9037367,19.6456,-13.6176,0.74296,15.8123,0.53,17.867,323.847,3900.0,12.6,12.57,12.55,9.418,3.05948,4.64,0.58,False,True,True,False,False,False,False,-0.08618614761628333
24552,10,1,5,0,1,1,305.68119,67.09587,77.26281,15.13411,46.0051696,289.0775348,0,0,0,0,2021,0,0,0,2011.0,13.518,12.591,12.871,12.62,14.099,13.1296918,-13.0829,-1.10749,5.66793,13.9513,1.82,14.823,1209.16,5904.0,12.578,12.544,12.484,9.463,0.798185,4.027,1.291,False,True,True,False,False,False,False,0.24054924828259971
24562,10,1,5,0,1,2,305.68119,67.09587,77.26281,15.13411,46.0051696,289.0775348,0,0,0,0,2021,0,0,0,2011.0,13.518,12.591,12.871,12.62,14.099,13.1296918,-13.0829,-1.10749,13.17562,13.9513,1.82,14.823,1209.16,5904.0,12.578,12.544,12.484,9.463,0.798185,4.027,1.291,False,True,True,False,False,False,False,0.505149978319906
24573,10,1,5,0,1,2,305.68119,67.09587,77.26281,15.13411,46.0051696,289.0775348,0,0,0,0,2021,0,0,0,2011.0,13.518,12.591,12.871,12.62,14.099,13.1296918,-13.0829,-1.10749,21.77596,13.9513,1.82,14.823,1209.16,5904.0,12.578,12.544,12.484,9.463,0.798185,4.027,1.291,False,True,True,False,False,False,False,0.7283537820212285
24588,10,1,5,0,1,2,305.68119,67.09587,77.26281,15.13411,46.0051696,289.0775348,0,0,0,0,2021,0,0,0,2011.0,13.518,12.591,12.871,12.62,14.099,13.1296918,-13.0829,-1.10749,31.7844,13.9513,1.82,14.823,1209.16,5904.0,12.578,12.544,12.484,9.463,0.798185,4.027,1.291,False,True,True,False,False,False,False,0.60422605308447
24604,10,1,5,0,1,2,305.68119,67.09587,77.26281,15.13411,46.0051696,289.0775348,0,0,0,0,2021,0,0,0,2011.0,13.518,12.591,12.871,12.62,14.099,13.1296918,-13.0829,-1.10749,41.02902,13.9513,1.82,14.823,1209.16,5904.0,12.578,12.544,12.484,9.463,0.798185,4.027,1.291,False,True,True,False,False,False,False,0.6493348587121419
24933,5,2,1,1,1,1,316.07655,63.91157,78.33868,9.89007,44.6415369,296.4358022,0,0,0,0,2014,0,0,0,2011.0,14.3388,13.238,13.605,13.301,15.087,6.1791316,-5.12519,-3.45168,288.822,14.8297,1.1618,16.042,1800.82,5913.0,13.063,13.023,13.18,9.632,0.527276,4.3284,1.0479,False,True,True,False,False,False,False,0.9326766586224007
25037,5,1,4,0,0,1,312.27419,66.86742,79.00786,13.17723,46.7266813,292.6780488,0,0,0,0,2016,0,0,0,2016.0,12.7328,11.957,12.22,11.999,13.2,8.6490708,-6.88251,-5.23808,1.644224613,13.0992,1.34,14.189,781.611,6366.0,11.904,11.89,12.078,8.903,1.25064,4.28,1.26,False,True,False,False,False,False,True,-0.05551732784983137
25163,5,1,3,0,0,0,309.14902,70.14711,80.44858,16.35836,49.3056404,289.1995995,0,0,0,0,2017,0,0,0,2023.0,14.0431,13.047,13.391,13.076,14.567,16.4635435,-16.3851,-1.60523,85.517344,14.4892,1.451,15.36,1298.88,5592.0,13.045,13.003,12.799,9.48,0.741042,4.115,1.0,True,False,True,False,False,False,False,0.48287358360875376
25216,5,2,1,1,1,1,315.11451,66.33365,79.5413,12.04323,46.6896733,294.496955,0,0,0,0,2014,0,0,0,2011.0,15.2136,13.875,14.425,14.036,15.863,8.5702979,-8.26182,-2.27867,131.458,15.7352,1.0284,16.267,1819.17,5606.0,13.84,13.766,13.303,9.167,0.521524,4.3623,0.8877,False,True,True,False,False,False,False,0.9116901587538612
25282,5,1,3,0,0,1,298.88024,64.45609,73.30625,15.54303,42.6577891,286.4527949,0,0,0,0,2016,0,0,0,2016.0,15.435,14.097,14.669,14.205,16.229,19.8731072,-18.0052,8.41149,142.544247,15.9665,0.78,16.798,1083.91,5225.0,14.225,14.174,12.688,8.873,0.894576,4.58,0.81,False,True,False,False,False,False,True,0.43456890403419873
26085,5,2,1,1,0,1,299.27022,64.01769,73.05727,15.13897,42.2791434,286.830312,0,0,0,0,2014,0,0,0,2012.0,13.4314,12.342,12.73,12.412,14.015,13.9555186,-13.1587,-4.64813,105.599,13.9066,1.752,14.56,1174.59,5623.0,12.268,12.244,12.535,9.429,0.822516,3.926,0.941,False,True,False,True,False,False,False,0.6334684555795865
26326,1,1,1,0,1,1,318.19585,65.02593,79.75961,10.23403,46.0342954,296.9603348,0,0,0,0,2015,0,0,0,2011.0,13.8261,12.918,13.236,12.999,14.355,4.5232073,-2.30732,3.89046,21.08721,14.2622,1.4,15.117,1057.41,6350.0,12.892,12.858,12.601,8.76,0.917064,4.4,1.29,False,True,False,True,False,False,False,1.1430148002540952
26357,9,1,2,0,0,1,313.85821,71.36882,82.49921,16.20638,51.0573453,290.6218844,0,0,0,0,2025,0,0,0,2014.0,12.395,10.97,11.564,11.072,13.177,12.7884256,7.58472,10.2964,7.4175,12.984,2.879,14.075,869.236,5038.0,11.0,10.928,10.913,9.172,1.12166,3.62,1.27,False,True,False,True,False,False,False,0.3979400086720376
26373,9,1,2,0,0,1,313.85821,71.36882,82.49921,16.20638,51.0573453,290.6218844,0,0,0,0,2025,0,0,0,2014.0,12.395,10.97,11.564,11.072,13.177,12.7884256,7.58472,10.2964,20.501,12.984,2.879,14.075,869.236,5038.0,11.0,10.928,10.913,9.172,1.12166,3.62,1.27,False,True,False,True,False,False,False,0.4593924877592308
26551,5,1,3,0,0,1,305.34591,61.17446,72.746,11.16571,40.3437001,291.4688524,0,0,0,0,2016,0,0,0,2016.0,12.5199,10.794,11.514,10.932,13.499,44.396093,-32.1054,30.6636,6.83437001,13.2351,0.67,14.71,177.355,4557.0,10.787,10.728,10.678,8.791,5.6095,4.64,0.72,False,True,False,False,False,False,True,-0.05551732784983137
26598,5,1,1,0,0,1,303.4578,71.76485,80.37016,18.81834,50.1357712,285.6154492,0,0,0,0,2014,1,0,0,2009.0,11.7266,10.805,11.122,10.836,12.285,7.6063536,4.67178,6.00259,3.21346,12.1577,1.487,13.209,487.916,5857.0,10.778,10.744,10.682,9.323,2.02093,4.17,1.223,False,True,False,False,False,True,False,0.6022770843001926
26605,5,1,1,0,0,1,319.565,66.41163,81.04474,11.03503,47.5265446,296.8136883,0,0,0,0,2014,0,0,0,2010.0,14.1348,13.27,13.536,13.294,14.657,6.9331051,-6.76079,-1.53612,6.87349,14.5591,2.13,15.204,2305.01,6510.0,13.244,13.218,12.393,9.46,0.405118,3.94,1.48,False,True,True,False,False,False,False,1.1176026916900843
26661,5,1,3,0,0,1,312.63817,71.34095,82.1743,16.44236,50.8634361,290.0827494,0,0,0,0,2016,0,0,0,2016.0,12.883,11.987,12.277,12.065,13.366,10.9080352,-10.8348,-1.26188,184.256405,13.2865,1.29,13.804,965.56,6184.0,11.996,11.936,11.915,9.6,1.00691,4.28,1.17,False,True,False,False,False,False,True,0.35602585719312274
26743,5,1,3,0,0,1,307.76179,67.58919,78.20628,14.89907,46.7445267,289.9214256,0,0,0,0,2016,0,0,0,2016.0,12.3684,11.537,11.83,11.575,12.818,13.807334,-12.4793,-5.90843,13.61159129,12.7598,1.45,13.479,840.269,6209.0,11.488,11.442,11.334,9.16,1.16154,4.21,1.25,False,True,False,False,False,False,True,0.15228834438305647
26789,5,1,2,0,0,1,309.32278,65.45166,77.1239,12.93656,44.9682807,291.8481764,0,0,0,0,2014,0,0,0,2014.0,12.011,10.97,11.34,11.035,12.603,17.8047664,5.50548,16.9322,2.42629,12.4897,1.07,13.401,364.03,5538.0,10.984,10.934,11.047,8.932,2.71841,4.409,1.07,False,True,True,False,False,False,False,0.15533603746506178
26801,5,1,2,0,0,1,309.32278,65.45166,77.1239,12.93656,44.9682807,291.8481764,0,0,0,0,2014,0,0,0,2014.0,12.011,10.97,11.34,11.035,12.603,17.8047664,5.50548,16.9322,4.62332,12.4897,1.07,13.401,364.03,5538.0,10.984,10.934,11.047,8.932,2.71841,4.409,1.07,False,True,True,False,False,False,False,-0.07058107428570727
26834,10,1,1,0,0,1,300.18446,70.31706,78.47517,18.73849,48.4232622,284.7862158,0,0,0,0,2016,0,0,0,2014.0,8.327,7.486,7.784,7.539,8.834,10.4238443,9.36154,4.58455,2.46502,8.6992,1.23,9.336,88.7832,6104.0,7.507,7.445,7.486,7.433,11.2346,4.294,1.08,False,True,True,False,False,False,False,-0.08618614761628333
26865,1,1,1,0,0,1,314.43311,65.68197,78.90205,11.7114,45.9816453,294.5132465,0,0,0,0,2015,0,0,0,2011.0,13.9174,12.892,13.262,12.938,14.509,4.2685481,2.99934,3.03718,1.8555582,14.413,1.29,15.367,1093.08,5750.0,12.887,12.835,12.534,9.132,0.886442,4.278,1.15,False,True,False,True,False,False,False,1.160168292958512
26928,10,1,1,0,1,1,298.94865,65.50891,74.18899,16.1661,43.6809612,286.1103053,0,0,0,0,2015,0,0,0,2014.0,13.8046,12.837,13.19,12.932,14.399,7.217735,7.01685,-1.69101,1.7208604,14.2486,1.287,15.037,1086.24,5750.0,12.897,12.866,12.577,8.931,0.891809,4.3,1.167,False,True,True,False,False,False,False,1.1769956470162504
26933,5,2,1,1,0,3,310.17686,72.02621,82.06935,17.47072,51.1624235,288.5106679,0,0,0,0,2014,0,0,0,2014.0,14.965,13.415,13.987,13.505,15.885,19.026376,-19.0042,-0.918349,66.262,15.5943,0.7761,16.816,847.536,4700.0,13.174,13.158,12.945,9.681,1.15163,4.5721,0.82,False,True,True,False,False,False,False,0.6381896401908371
27027,10,1,2,0,0,1,308.46772,58.57512,72.01795,8.21752,38.3554729,294.4335228,0,0,0,0,2021,0,0,0,2014.0,14.1766,13.103,13.493,13.243,14.824,2.6721257,2.55481,-0.783072,86.67856,14.649,1.09,16.098,1002.53,5820.0,13.148,13.093,12.721,9.311,0.969069,4.35,0.98,False,True,False,False,False,True,False,1.1287222843384268
27100,7,1,1,0,0,0,294.89537,67.38448,74.78908,18.57615,45.0876823,283.2568116,0,0,0,0,2014,0,0,0,2014.0,12.8243,11.535,12.009,11.619,13.611,20.788311,-20.3978,-4.01044,704.1984,13.3477,0.757,14.289,348.558,5308.0,11.494,11.467,11.504,9.354,2.84011,4.61,0.794,False,True,False,False,True,False,False,0.6190933306267428
27107,10,1,1,0,0,1,294.54514,68.68884,75.8626,19.40569,46.3232807,282.6296334,0,0,0,0,2014,0,0,0,2014.0,12.9934,12.041,12.357,12.126,13.524,12.2986084,-11.7762,-3.54639,7.8914483,13.4233,1.24,14.643,722.795,5972.0,12.079,12.037,12.051,9.255,1.35465,4.31,1.15,False,True,True,False,False,False,False,1.110252917353403
27122,1,1,1,0,0,1,312.22879,66.51083,78.7526,12.92101,46.3911883,292.8557189,0,0,0,0,2015,0,0,0,2014.0,13.814,12.779,13.142,12.847,14.462,4.2579685,3.75505,-2.00746,2.6843285,14.28,0.95,15.205,758.753,5560.0,12.696,12.656,12.649,9.509,1.28941,4.41,0.85,False,True,False,True,False,False,False,1.1258389639950044
27145,10,1,2,0,0,1,323.49506,66.77746,82.57663,10.48256,48.57745,298.6249797,0,0,0,0,2014,0,0,0,2014.0,13.692,12.47,12.905,12.6,14.429,6.294719,1.15932,6.18704,3.3118644,14.229,0.94,15.326,698.646,5460.0,12.55,12.472,12.243,9.305,1.40277,4.5,1.01,False,True,True,False,False,False,False,0.9991305412873711
27155,10,1,1,0,0,1,303.79804,61.63914,72.57481,12.02393,40.5676965,290.3579781,0,0,0,0,2014,0,0,0,2014.0,14.148,12.806,13.376,12.931,14.845,10.4987288,-9.50965,-4.44858,3.79701816,14.7301,0.86,16.047,646.647,5170.0,12.871,12.798,13.039,9.332,1.51803,4.535,0.93,False,True,True,False,False,False,False,1.0398897977361814
27169,10,1,1,0,0,1,309.75751,70.24233,80.67164,16.28256,49.473455,289.4346668,0,0,0,0,2014,0,0,0,2014.0,14.3258,13.212,13.624,13.23,15.032,8.5662857,8.56468,0.165855,3.21751883,14.8069,0.92,15.736,843.695,5725.0,13.238,13.219,12.622,9.473,1.15656,4.471,0.91,False,True,True,False,False,False,False,1.0870712059065355
27178,10,1,1,0,0,1,302.52611,65.09581,74.83939,14.74789,43.7048379,288.2545808,0,0,0,0,2014,0,0,0,2014.0,13.756,12.777,13.161,12.814,14.301,7.2368093,-6.83037,2.39112,10.290994,14.1964,1.35,15.13,1017.8,5800.0,12.772,12.746,12.67,9.296,0.953714,4.14,0.96,False,True,True,False,False,False,False,1.1395642661758498
27195,10,1,1,0,0,1,304.14588,61.59859,72.65879,11.87482,40.5773106,290.5817432,0,0,0,0,2014,0,0,0,2014.0,14.6147,13.234,13.767,13.295,15.362,15.9217287,-15.8672,1.31659,3.52563254,15.2218,0.8,16.584,686.284,5150.0,13.295,13.163,13.01,9.405,1.42912,4.571,0.87,False,True,True,False,False,False,False,1.0831441431430522
27213,10,1,1,0,0,1,299.55235,68.54929,76.85693,17.83658,46.6682411,285.2408288,0,0,0,0,2015,0,0,0,2011.0,13.4633,12.549,12.858,12.605,13.986,3.0087774,0.192704,-3.0026,3.0240949,13.8894,1.42,14.703,1005.84,6041.0,12.552,12.531,12.788,9.275,0.965345,4.26,1.32,False,True,True,False,False,False,False,1.1355705747830334
27273,4,2,2,0,0,2,314.90383,68.12667,80.63315,13.48812,48.2859173,293.2822344,0,0,0,0,2015,0,0,0,2015.0,11.5815,10.121,10.684,10.221,12.398,11.0876491,10.1198,4.53052,52.501129,12.1822,4.06,13.485,848.023,4995.0,10.12,10.052,10.011,9.583,1.15095,3.345,1.32,False,True,True,False,False,False,False,1.1083723558405583
27283,1,1,1,0,0,1,314.72403,60.20381,75.52223,7.36124,40.9772546,297.5936232,0,0,0,0,2015,0,0,0,2015.0,13.9271,12.826,13.201,12.948,14.717,3.1546635,-2.43374,-2.00719,5.33408384,14.4163,2.26,15.373,1878.31,6360.0,12.795,12.739,13.016,8.913,0.504328,3.892,1.46,False,True,True,False,False,False,False,1.2108533653148932
27314,1,1,1,0,0,1,308.57502,63.68163,75.63372,11.87922,43.1972542,292.2873012,0,0,0,0,2015,0,0,0,2015.0,13.1981,12.291,12.593,12.345,13.704,3.6932002,-2.91688,2.26529,8.6001536,13.604,3.21,14.228,1418.77,6161.0,12.309,12.266,12.416,9.423,0.676165,3.613,1.538,False,True,True,False,False,False,False,1.3484995702838378
27321,1,1,2,0,0,1,323.37831,62.09979,80.05924,6.52188,44.4120856,301.7207775,0,0,0,0,2015,0,0,0,2015.0,15.1198,13.333,14.083,13.49,15.971,5.5883514,1.57348,5.36226,64.00205,15.8616,0.697,17.436,588.867,4651.0,13.26,13.208,10.737,8.835,1.67105,4.619,0.729,False,True,False,False,True,False,False,0.436162647040756
27337,5,1,2,0,0,1,323.37831,62.09979,80.05924,6.52188,44.4120856,301.7207775,0,0,0,0,2016,0,0,0,2016.0,15.1198,13.333,14.083,13.49,15.971,5.5883514,1.57348,5.36226,16.79713874,15.8616,0.71,17.436,588.867,4685.0,13.26,13.208,10.737,8.835,1.67105,4.62,0.75,False,True,False,False,False,False,True,0.367355921026019
27362,1,1,1,0,0,1,289.93396,66.72719,73.11777,19.87226,44.0339733,280.8015188,0,0,0,0,2015,0,0,0,2015.0,14.0429,12.919,13.344,12.955,14.654,6.4972426,2.1569,-6.12878,178.1396,14.5454,0.866,15.535,757.048,5431.0,12.876,12.833,12.593,9.152,1.29224,4.514,0.884,False,True,False,False,True,False,False,0.35024801833416286
27377,7,1,1,0,0,1,322.4682,63.81942,80.6199,8.20087,45.7621918,300.1023512,0,0,0,0,2024,0,0,0,2011.0,14.1223,12.878,13.34,12.969,14.803,8.2791744,8.22533,-0.942696,3.2467293,14.6901,1.35,14.924,1188.0,5800.0,12.857,12.775,12.003,9.364,0.81357,4.22,1.12,False,True,False,True,False,False,False,1.0870712059065355
27388,1,1,1,0,0,1,296.38966,63.49191,71.82344,15.8353,41.4523695,285.3500664,0,0,0,0,2015,0,0,0,2015.0,14.149,12.121,12.96,12.323,15.637,32.1525702,28.2812,15.2958,101.11141,15.1058,0.559,17.394,301.03,4134.0,11.996,12.023,11.953,9.32,3.29324,4.706,0.575,False,True,False,False,True,False,False,0.26951294421791633
27403,1,1,1,0,0,1,300.30867,70.92259,79.00897,19.07517,49.0127077,284.566954,0,0,0,0,2015,0,0,0,2015.0,14.2421,12.288,13.04,12.403,15.567,34.898213,34.2941,6.46529,207.2482,15.135,0.55,17.379,268.003,4340.0,12.192,12.174,12.222,9.44,3.70258,4.715,0.572,False,True,False,False,True,False,False,0.21484384804769785
27408,1,1,1,0,0,1,295.3461,61.37386,69.75019,14.98425,39.2800704,285.3666029,0,0,0,0,2015,0,0,0,2015.0,14.2328,12.488,13.233,12.581,15.322,8.0179552,1.91715,7.78538,112.3053,14.9304,0.598,16.753,365.965,4402.0,12.483,12.459,12.396,9.06,2.70374,4.673,0.609,False,True,False,False,True,False,False,0.12710479836480765
27418,1,1,1,0,0,1,308.86236,70.90597,80.93539,16.96458,49.9685458,288.6104839,0,0,0,0,2015,0,0,0,2015.0,15.2453,13.815,14.365,13.802,16.207,23.8460915,-20.2862,-12.5342,177.6693,15.9005,0.706,18.085,802.271,4723.0,13.725,13.669,12.909,9.526,1.21845,4.614,0.738,False,True,False,False,True,False,False,0.367355921026019
27637,7,1,1,0,0,2,315.1074,63.70049,77.86464,9.98768,44.2775861,296.003752,0,0,0,0,2015,0,0,1,2015.0,12.9154,11.852,12.263,11.919,13.54,13.4422907,9.01192,9.97399,384.843,13.4048,1.11,14.505,551.727,5757.0,11.85,11.802,11.809,9.42,1.78375,4.32,1.037,False,True,True,False,False,False,False,0.21218760440395779
27672,5,1,2,0,0,2,318.62335,65.26643,80.05076,10.32377,46.3286653,297.0454037,0,0,0,0,2016,0,0,0,2016.0,13.4618,12.502,12.823,12.546,14.027,9.0880462,-8.6061,-2.92021,20.74028413,13.9075,2.21562,14.775,1594.74,6117.21,12.46,12.433,12.42,9.37,0.598486,3.80778,1.15,False,True,False,False,False,False,True,0.6232492903979004
27680,5,1,3,0,1,1,303.40734,63.82518,74.1138,13.62366,42.6041819,289.2687388,0,0,0,0,2014,0,0,0,2012.0,14.6801,13.347,13.814,13.436,15.312,3.2798182,0.894266,3.15555,33.60134,15.2548,0.938,16.235,777.06,5155.0,13.452,13.354,12.554,9.233,1.25859,4.447,0.902,False,True,False,False,True,False,False,0.9569843677427602
27700,5,1,2,0,0,2,300.93625,62.12043,72.03315,13.35484,40.6512848,288.4749028,0,0,0,0,2016,0,0,0,2016.0,13.3308,12.367,12.667,12.43,13.834,15.0168298,-12.4998,8.32227,220.1303357,13.7506,1.26,14.468,1274.01,6146.0,12.238,12.212,12.128,9.267,0.756155,4.3,1.17,False,True,False,False,False,False,True,0.7419390777291989
27711,5,1,1,0,0,1,311.04069,66.46197,78.35619,13.20021,46.1647909,292.2490563,0,0,0,0,2016,0,0,0,2016.0,12.8947,11.917,12.253,11.969,13.457,11.3003432,-10.4271,4.35584,8.313783059,13.3335,0.91,14.249,692.158,5634.0,11.929,11.867,11.992,9.531,1.41593,4.51,0.98,False,True,False,False,False,False,True,0.41161970596323016
27748,5,1,1,0,0,1,319.91732,63.36896,79.41202,8.4483,44.8578644,298.9368228,0,0,0,0,2016,0,0,0,2016.0,12.3639,11.209,11.65,11.232,12.999,37.0815547,-10.8862,-35.4476,8.981016833,12.86,0.9,13.834,394.804,5661.0,11.18,11.147,11.375,9.38,2.50425,4.47,0.87,False,True,False,False,False,False,True,0.48429983934678583
27760,5,1,1,0,0,1,318.21146,68.30456,81.7411,12.87628,48.9823204,294.8351052,0,0,0,0,2016,0,0,0,2016.0,12.2445,11.338,11.652,11.363,12.75,11.4412391,-8.97898,-7.09083,7.256965224,12.6717,1.59,13.514,667.604,5933.0,11.3,11.257,11.191,9.094,1.46931,4.11,1.21,False,True,False,False,False,False,True,0.5185139398778875
27762,5,1,1,0,0,1,297.86931,68.09948,76.08667,18.06408,46.0638865,284.5557853,0,0,0,0,2016,0,0,0,2016.0,12.2404,11.456,11.735,11.516,12.651,13.1630133,10.8407,7.4662,9.940672466,12.5914,1.29,13.336,553.077,6310.0,11.462,11.426,11.52,9.264,1.77944,4.31,1.23,False,True,False,False,False,False,True,0.46982201597816303
27799,5,1,1,0,0,1,298.1528,60.40296,69.79641,13.3096,38.6497341,287.3629145,0,0,0,0,2016,0,0,0,2016.0,11.9138,10.897,11.274,10.961,12.428,38.3417444,35.6044,14.2273,24.99324193,12.359,1.37,13.329,466.265,5809.0,10.916,10.871,10.969,9.270001,2.11608,4.18,1.05,False,True,False,False,False,False,True,0.3521825181113625
27810,5,1,1,0,0,2,308.69387,70.28123,80.43297,16.56209,49.3704079,288.9022829,0,0,0,0,2016,0,0,0,2016.0,13.2147,12.029,12.467,12.115,13.852,18.4578683,-18.0803,3.71425,38.47875707,13.7299,0.87,14.798,442.871,5498.0,12.043,11.996,12.015,9.545,2.22914,4.54,0.96,False,True,False,False,False,False,True,1.1251558295805302
27824,5,1,1,0,0,1,318.89474,62.08669,78.28462,7.66243,43.4975851,299.0975167,0,0,0,0,2016,0,0,0,2016.0,13.3926,12.562,12.804,12.583,13.767,4.1545036,-2.14085,-3.56043,5.014234575,13.7887,1.8,14.538,1249.41,6733.0,12.498,12.433,12.452,9.04,0.771755,4.1,1.49,False,True,False,False,False,False,True,1.1749315935284426
27828,5,1,1,0,0,1,311.99975,58.88228,73.60082,7.22013,39.2498503,296.5245187,0,0,0,0,2016,0,0,0,2016.0,13.0169,11.461,12.063,11.565,13.898,39.4783861,19.3444,34.4142,4.176255514,13.6698,0.78,15.427,306.602,4996.0,11.461,11.379,11.185,8.792,3.23279,4.59,0.85,False,True,False,False,False,False,True,0.5078558716958309
27841,5,1,1,0,0,1,297.16483,60.82573,69.83524,13.95171,38.9455907,286.6300796,0,0,0,0,2016,0,0,0,2016.0,12.8651,11.731,12.121,11.795,13.548,3.7112927,3.05803,-2.10289,14.55731705,13.3691,1.34,14.813,905.937,5816.0,11.718,11.689,11.489,9.121,1.07502,4.21,1.06,False,True,False,False,False,False,True,0.6106601630898799
27853,5,1,1,0,0,1,309.16545,64.31517,76.27255,12.15844,43.8811723,292.3215174,0,0,0,0,2016,0,0,0,2016.0,13.0027,11.91,12.306,11.969,13.629,3.7454633,3.72902,-0.350578,5.660672935,13.4689,1.08,14.398,841.496,5785.0,11.856,11.786,11.875,9.537,1.15961,4.36,0.99,False,True,False,False,False,False,True,0.48572142648158
27864,5,1,1,0,0,1,298.46077,61.97606,71.16452,14.16429,40.2114232,287.051694,0,0,0,0,2016,0,0,0,2016.0,12.6882,11.241,11.821,11.331,13.512,24.792837,-24.3983,-4.40542,3.105508189,13.3163,0.79,15.235,280.069,5009.0,11.235,11.16,11.374,9.087,3.54165,4.58,0.86,False,True,False,False,False,False,True,0.3961993470957364
27903,5,1,1,0,0,1,303.19535,58.81015,70.24138,10.3349,37.7698734,291.0218899,0,0,0,0,2016,0,0,0,2016.0,13.006,11.716,12.237,11.784,13.724,21.0301697,18.9778,9.06152,12.49341307,13.544,0.81,15.151,344.901,5247.0,11.764,11.704,12.169,9.324,2.87055,4.56,0.86,False,True,False,False,False,False,True,0.32633586092875144
27914,10,1,5,0,1,1,316.86239,59.73682,76.08999,6.33882,40.948939,299.1393094,0,0,0,0,2016,0,0,0,2012.0,12.5074,11.221,11.702,11.292,13.174,24.2749681,-20.3561,13.2251,4.778,13.0772,0.89,14.253,306.738,5194.0,11.181,11.11,11.138,8.746,3.23132,4.487,0.88,False,True,True,False,False,False,False,0.2741578492636798
27926,10,1,5,0,1,1,316.86239,59.73682,76.08999,6.33882,40.948939,299.1393094,0,0,0,0,2016,0,0,0,2012.0,12.5074,11.221,11.702,11.292,13.174,24.2749681,-20.3561,13.2251,9.67395,13.0772,0.89,14.253,306.738,5194.0,11.181,11.11,11.138,8.746,3.23132,4.487,0.88,False,True,True,False,False,False,False,0.4329692908744057
27945,5,1,5,0,0,1,316.86239,59.73682,76.08999,6.33882,40.948939,299.1393094,0,0,0,0,2014,0,0,0,2014.0,12.5074,11.221,11.702,11.292,13.174,24.2749681,-20.3561,13.2251,42.8961,13.0772,0.89,14.253,306.738,5194.0,11.181,11.11,11.138,8.746,3.23132,4.487,0.88,False,True,True,False,False,False,False,0.3096301674258988
27961,5,1,1,0,0,1,318.60446,69.11123,82.34944,13.44212,49.7650473,294.4639165,0,0,0,0,2016,0,0,0,2016.0,12.8474,12.065,12.332,12.11,13.23,3.3928267,0.378126,3.37169,4.919583795,13.2113,1.34,13.828,847.508,6322.0,12.063,12.028,11.978,9.183,1.15117,4.28,1.25,False,True,False,False,False,False,True,0.4440447959180762
27967,5,1,1,0,0,1,313.77219,69.39406,81.1449,14.72419,49.262076,291.9069862,0,0,0,0,2016,0,0,0,2016.0,13.3592,12.383,12.724,12.4,14.054,9.8662056,6.39289,-7.51485,10.06082567,13.8151,1.09,14.662,813.724,5802.0,12.3,12.247,12.336,9.484,1.20019,4.36,1.01,False,True,False,False,False,False,True,0.3979400086720376
27979,5,1,1,0,0,1,320.24409,66.92693,81.56932,11.30521,48.1077628,296.8229326,0,0,0,0,2016,0,0,0,2016.0,13.1287,11.536,12.173,11.661,14.049,50.0739295,48.5795,12.1421,56.35418576,13.7621,0.72,14.964,313.068,4871.0,11.555,11.503,11.61,9.596,3.16548,4.6,0.75,False,True,False,False,False,False,True,0.37291200297010657
27987,5,1,1,0,0,1,306.63138,62.5978,74.21755,11.72466,41.8846843,291.6467764,0,0,0,0,2016,0,0,0,2016.0,13.0296,12.222,12.516,12.251,13.452,8.5087979,5.20406,6.73182,30.229104,13.3892,1.47,14.129,860.355,6346.0,12.217,12.179,12.232,9.343,1.13351,4.21,1.28,False,True,False,False,False,False,True,0.5065050324048721
27999,5,1,1,0,0,1,297.7126,68.3079,76.22779,18.23391,46.2491109,284.3942844,0,0,0,0,2016,0,0,0,2016.0,12.5319,11.482,11.89,11.575,13.077,7.6538276,-2.4497,-7.25121,10.04556931,13.0002,0.87,14.02,382.136,5668.0,11.496,11.455,11.269,8.744,2.58808,4.54,0.96,False,True,False,False,False,False,True,0.35793484700045375
28015,5,1,1,0,0,1,320.40056,69.5718,83.15478,13.45017,50.4700458,294.9963415,0,0,0,0,2016,0,0,0,2016.0,14.4394,13.433,13.782,13.479,15.069,4.6762577,-1.87994,4.28173,3.243259796,14.8981,1.09,15.477,1140.95,5958.0,13.415,13.376,12.64,9.444,0.84784,4.39,1.07,False,True,False,False,False,False,True,1.1586639808139894
28030,5,1,3,0,0,1,311.59899,61.05968,74.88508,8.99914,41.2220033,295.2872318,0,0,0,0,2016,0,0,0,2016.0,14.5293,13.25,13.732,13.326,14.882,11.4807252,10.1571,5.35167,15.3587684,15.0647,0.88,16.132,872.343,5444.0,13.288,13.249,12.273,9.452,1.11832,4.51,0.91,False,True,False,False,False,False,True,1.0576661039098292
28039,5,1,3,0,0,1,311.59899,61.05968,74.88508,8.99914,41.2220033,295.2872318,0,0,0,0,2016,0,0,0,2016.0,14.5293,13.25,13.732,13.326,14.882,11.4807252,10.1571,5.35167,38.6519976,15.0647,0.88,16.132,872.343,5444.0,13.288,13.249,12.273,9.452,1.11832,4.51,0.91,False,True,False,False,False,False,True,0.42813479402878885
28055,5,1,1,0,0,1,303.13992,59.24941,70.55188,10.65199,38.1841851,290.8332412,0,0,0,0,2016,0,0,0,2016.0,13.4122,11.959,12.536,12.058,14.221,38.013643,-33.6257,17.7299,17.27629612,14.0178,0.76,15.813,369.645,5014.0,12.033,11.944,11.895,9.331,2.67648,4.59,0.82,False,True,False,False,False,False,True,0.8876173003357362
28128,5,1,1,0,0,1,316.21201,66.42539,79.95208,11.84256,46.9559536,295.025662,0,0,0,0,2016,0,0,0,2016.0,14.3999,13.469,13.819,13.502,14.843,8.7220766,-8.51092,-1.90758,3.268695154,14.8173,1.12,15.069,1523.0,6045.0,13.556,13.507,13.261,9.602,0.628408,4.37,1.08,False,True,False,False,False,False,True,1.0663259253620379
28143,5,1,1,0,0,1,299.80197,64.02727,73.21539,14.96283,42.3501533,287.1305782,0,0,0,0,2016,0,0,0,2016.0,13.4584,12.354,12.746,12.426,14.178,5.5855406,-3.62665,-4.24802,4.225384512,13.9616,1.03,14.754,630.785,5582.0,12.375,12.312,12.17,9.025,1.55653,4.42,1.04,False,True,False,False,False,False,True,0.9503648543761231
28155,5,1,1,0,0,1,310.03899,58.85318,72.81371,7.86789,38.8815716,295.3075252,0,0,0,0,2016,0,0,0,2016.0,14.5855,13.727,13.956,13.696,15.268,18.3016519,-17.3509,-5.82209,3.003876581,15.0352,1.54,14.688,1745.77,6457.0,13.677,13.583,12.617,9.24,0.545032,4.19,1.36,False,True,False,False,False,False,True,1.1798389280231867
28158,5,1,2,0,0,1,296.14758,61.099,69.75527,14.51069,39.0981201,285.9307362,0,0,0,0,2016,0,0,0,2016.0,14.0672,12.81,13.314,12.859,14.942,5.9480578,-3.15042,5.04522,3.413036221,14.6074,0.83,15.773,658.924,5346.0,12.797,12.739,12.393,9.172,1.48896,4.55,0.86,False,True,False,False,False,False,True,0.7185016888672743
28178,5,1,1,0,1,1,306.18557,61.98849,73.62573,11.44523,41.2411044,291.6408978,0,0,0,0,2016,0,0,0,2016.0,14.2348,12.909,13.441,13.023,15.106,16.6287938,16.4261,2.58844,8.30864937,14.796,0.82,16.002,605.274,5293.0,12.998,12.914,12.45,9.296,1.62366,4.55,0.86,False,True,False,False,False,False,True,0.3654879848908996
28199,5,1,1,0,1,1,306.56151,65.39404,76.2434,13.70333,44.5187225,290.3581592,0,0,0,0,2016,0,0,0,2016.0,13.786,12.755,13.18,12.788,14.349,2.847523,-2.64422,1.05664,9.61375356,14.2463,0.96,15.28,938.844,5744.0,12.781,12.733,12.284,9.263,1.03644,4.47,0.98,False,True,False,False,False,False,True,0.481442628502305
28205,5,1,1,0,0,1,313.45743,63.61446,77.23258,10.38317,43.9151012,295.1099549,0,0,0,0,2016,0,0,0,2016.0,13.7629,12.405,12.946,12.511,14.63,19.5380916,-18.7096,5.6292,5.632528453,14.349,0.83,15.472,556.726,5312.0,12.466,12.36,11.825,8.64,1.76765,4.55,0.87,False,True,False,False,False,False,True,0.3364597338485295
28223,10,1,1,0,0,1,319.81436,62.48153,78.8664,7.74266,44.0350387,299.4070341,0,5,0,0,2015,1,0,0,2009.0,12.7655,11.769,12.115,11.863,13.325,3.2446002,-3.23831,-0.201938,3.5484657,13.2263,1.793,14.161,899.777,6297.0,11.741,11.683,10.741,8.504,1.08294,3.96,1.374,False,True,True,False,False,False,False,1.203686394680498
28232,5,1,2,0,1,2,308.01079,71.09211,80.87004,17.29263,50.0336844,288.1009312,0,0,0,0,2014,0,0,1,2012.0,9.9997,9.197,9.518,9.25,10.544,9.4988317,-6.90177,6.52636,7.81254,10.3621,1.58,11.018,250.11,6225.0,9.209,9.173,9.172,9.291,3.96961,4.132,1.24,False,True,True,False,False,False,False,0.23299611039215384
28246,5,1,2,0,1,2,308.01079,71.09211,80.87004,17.29263,50.0336844,288.1009312,0,0,0,0,2014,0,0,1,2012.0,9.9997,9.197,9.518,9.25,10.544,9.4988317,-6.90177,6.52636,9.37647,10.3621,1.58,11.018,250.11,6225.0,9.209,9.173,9.172,9.291,3.96961,4.132,1.24,False,True,True,False,False,False,False,0.3364597338485295
28267,5,1,2,0,0,1,314.73975,61.01216,76.03582,7.98928,41.7301534,297.2014919,0,0,0,0,2016,0,0,0,2016.0,14.2669,13.34,13.66,13.272,14.886,10.3144754,-8.24841,-6.19291,5.640677572,14.7303,1.04,15.287,1125.24,5904.0,12.981,12.88,12.642,9.351,0.860396,4.42,1.03,False,True,False,False,False,False,True,0.6334684555795865
28290,5,1,1,0,0,1,307.1977,64.60072,75.85536,12.95562,43.8601911,291.080133,0,0,0,0,2016,0,0,0,2016.0,14.5325,13.592,13.914,13.628,15.136,1.2841555,-1.16801,-0.533674,4.28686431,14.9719,1.22,15.877,1591.04,6125.0,13.537,13.519,12.788,9.262,0.599806,4.33,1.15,False,True,False,False,False,False,True,0.6785183790401139
28302,5,2,1,0,0,2,298.45727,67.94257,76.09155,17.79385,45.9723265,284.9219608,0,0,0,0,2016,0,0,0,2016.0,13.3579,11.155,12.0,11.374,15.143,22.4721119,-11.7044,19.1834,9.549275422,14.4582,0.33,16.844,99.0688,3519.0,10.849,10.958,10.781,8.602,10.0652,4.94,0.33,False,True,False,False,False,False,True,0.20139712432045148
28313,5,1,1,0,0,1,301.10195,64.06582,73.619,14.54712,42.5426758,287.857953,0,0,0,0,2016,0,0,0,2016.0,14.1451,12.08,12.912,12.236,15.607,26.4133185,11.87,-23.5959,27.52197994,15.115,0.53,15.494,283.41,3931.0,12.02,11.982,11.827,8.787,3.49969,4.73,0.55,False,True,False,False,False,False,True,0.414973347970818
28324,5,1,1,0,0,1,294.85542,62.90168,70.90578,16.05526,40.7198296,284.6351885,0,0,0,0,2016,0,0,0,2016.0,10.4081,9.617,9.911,9.665,11.094,2.6305354,-2.37469,1.13162,6.8834055,10.7836,1.19,11.565,228.439,6236.0,9.599,9.577,9.571,9.176,4.3488,4.36,1.19,False,True,False,False,False,False,True,0.436162647040756
28337,5,1,1,0,0,1,323.47905,68.8852,83.70425,12.2772,50.409046,297.0188074,0,0,0,0,2016,0,0,0,2016.0,11.53,10.665,10.985,10.731,12.197,12.0033691,11.329,-3.96669,3.568096926,11.9224,1.32,12.563,391.644,6113.0,10.703,10.659,10.615,8.735,2.52462,4.26,1.16,False,True,False,False,False,False,True,0.11394335230683679
28343,5,1,1,0,0,1,313.11904,62.66878,76.49718,9.75595,42.9812789,295.4042546,0,0,0,0,2016,0,0,0,2016.0,11.223,10.379,10.674,10.425,11.592,35.0556571,-32.6354,-12.7996,25.30889748,11.6039,1.25,12.473,324.618,6025.0,10.377,10.337,10.358,9.526,3.05187,4.3,1.16,False,True,False,False,False,False,True,0.21484384804769785
28358,5,1,1,0,1,1,309.2988,69.47655,79.99859,15.84318,48.706165,289.664394,0,0,0,0,2016,0,0,0,2016.0,11.3785,10.483,10.793,10.564,11.848,7.0817042,-6.04962,-3.68139,41.74600392,11.7836,1.2,12.606,332.443,6060.0,10.501,10.461,10.452,9.442,2.97963,4.32,1.1,False,True,False,False,False,False,True,0.3961993470957364
28372,5,1,4,0,1,2,322.00699,68.6461,83.11258,12.36242,49.9376486,296.4797624,0,0,0,0,2014,0,0,0,2012.0,14.2045,13.197,13.562,13.219,14.885,7.4576527,-7.45765,0.006318,45.154,14.6777,0.94,15.119,783.831,6018.0,13.125,13.099,13.139,9.082,1.24726,4.51,1.04,False,True,True,False,False,False,False,0.8512583487190752
28393,5,1,4,0,1,2,322.00699,68.6461,83.11258,12.36242,49.9376486,296.4797624,0,0,0,0,2014,0,0,0,2012.0,14.2045,13.197,13.562,13.219,14.885,7.4576527,-7.45765,0.006318,85.312,14.6777,0.94,15.119,783.831,6018.0,13.125,13.099,13.139,9.082,1.24726,4.51,1.04,False,True,True,False,False,False,False,0.9542425094393249
28405,5,1,4,0,1,2,322.00699,68.6461,83.11258,12.36242,49.9376486,296.4797624,0,0,2,0,2014,0,0,0,2014.0,14.2045,13.197,13.562,13.219,14.885,7.4576527,-7.45765,0.006318,130.194,14.6777,0.94,15.119,783.831,6018.0,13.125,13.099,13.139,9.082,1.24726,4.51,1.04,False,True,True,False,False,False,False,0.9867717342662449
28426,5,1,1,0,0,1,298.89885,60.9239,70.44927,13.34685,39.2441716,287.6550196,0,0,0,0,2016,0,0,0,2016.0,11.4794,10.446,10.836,10.486,12.067,26.0611447,-25.4471,5.62391,19.55659418,11.9222,1.41,12.844,386.177,5746.0,10.447,10.402,10.363,8.827,2.56086,4.09,0.91,False,True,False,False,False,False,True,0.3926969532596658
28436,5,1,2,0,0,1,296.01555,69.84745,77.19174,19.61433,47.5749181,282.9455384,0,0,0,0,2016,0,0,0,2016.0,12.1603,11.187,11.534,11.22,12.711,25.2926342,7.16787,-24.2557,296.637865,12.5832,1.2,13.969,651.999,5770.0,11.179,11.144,11.044,9.347,1.5052,4.28,1.0,False,True,False,False,False,False,True,0.8027737252919757
28449,5,1,1,0,0,1,323.39033,67.18802,82.761,10.85325,48.9167391,298.2689217,0,0,0,0,2016,0,0,0,2016.0,12.2049,11.315,11.617,11.347,12.728,5.5654536,3.29336,-4.48643,34.43587975,12.6135,1.3,13.384,467.375,5997.0,11.32,11.262,11.255,9.052,2.11098,4.28,1.17,False,True,False,False,False,False,True,0.42975228000240795
28462,5,1,1,0,0,1,302.28324,71.83189,80.17765,19.14384,50.0753913,285.0416235,0,0,0,0,2016,0,0,0,2016.0,12.4539,11.469,11.846,11.551,13.019,13.9427752,4.21027,-13.2919,28.86235584,12.8822,1.06,14.146,468.258,5849.0,11.481,11.441,11.299,9.225,2.10685,4.39,1.02,False,True,False,False,False,False,True,0.3424226808222063
28478,5,2,1,0,0,2,304.78662,71.72378,80.62372,18.47594,50.2423694,286.2471739,0,0,0,0,2016,0,0,0,2016.0,11.7537,10.875,11.202,10.906,12.273,8.3927872,-8.25245,-1.52838,5.65179605,12.1325,1.44,12.771,455.336,6106.0,10.881,10.85,10.82,9.15,2.16754,4.23,1.28,False,True,False,False,False,False,True,0.23552844690754893
28497,5,1,1,0,0,1,310.37352,58.63814,72.79874,7.59194,38.7357368,295.6087625,0,0,0,0,2016,0,0,0,2016.0,11.6516,10.987,11.18,11.053,12.121,4.6260576,-1.39447,-4.41088,24.85462415,11.9642,2.02,12.941,687.094,7099.0,10.985,10.949,10.901,8.67,1.42739,4.04,1.62,False,True,False,False,False,False,True,0.7589118923979735
28500,5,2,1,0,0,2,309.28133,61.54433,74.37632,10.10439,41.2952061,293.6755138,0,0,0,0,2016,0,0,0,2016.0,11.6682,10.631,11.02,10.667,12.372,44.6986747,-31.559,31.6544,60.92832271,12.1297,0.98,12.924,289.907,5690.0,10.511,10.454,10.504,9.176,3.42069,4.43,0.95,False,True,False,False,False,False,True,0.4265112613645752
28511,5,1,1,0,0,1,299.15995,63.09316,72.27605,14.60317,41.3737576,287.090019,0,0,0,0,2016,0,0,0,2016.0,12.0833,11.109,11.472,11.192,12.573,21.9786682,-21.5299,4.41874,8.512035877,12.5097,0.88,13.22,337.901,5842.0,11.127,11.097,10.941,9.058,2.9308,4.53,0.96,False,True,False,False,False,False,True,0.3242824552976926
28528,5,2,1,0,0,2,317.44888,60.08598,76.53669,6.44509,41.3847447,299.3196708,0,0,0,0,2016,0,0,0,2016.0,12.0699,10.761,11.258,10.793,12.77,25.5529043,18.7893,17.318,24.3078946,12.6181,0.8,13.695,246.61,5260.0,10.637,10.593,10.737,8.938,4.02624,4.58,0.89,False,True,False,False,False,False,True,0.3222192947339193
28540,9,1,3,0,1,1,305.41515,71.36241,80.47826,18.08721,49.9757383,286.7380152,0,0,0,0,2021,0,0,0,2012.0,14.2572,12.36,13.153,12.507,15.513,4.2074117,1.37795,-3.97537,7.8773565,15.0589,0.52,17.125,321.542,4075.0,12.3,12.268,12.264,9.256,3.08128,4.74,0.54,False,True,True,False,False,False,False,0.3222192947339193
28552,9,1,3,0,1,1,305.41515,71.36241,80.47826,18.08721,49.9757383,286.7380152,0,0,0,0,2021,0,0,0,2012.0,14.2572,12.36,13.153,12.507,15.513,4.2074117,1.37795,-3.97537,16.3850021,15.0589,0.52,17.125,321.542,4075.0,12.3,12.268,12.264,9.256,3.08128,4.74,0.54,False,True,True,False,False,False,False,0.2648178230095365
28610,5,1,1,0,0,1,318.94423,62.62628,78.61724,8.09036,43.9980203,298.8163801,0,0,0,0,2016,0,0,0,2016.0,12.5083,11.67,11.915,11.745,12.94,3.6543089,-3.46889,-1.14925,22.20813214,12.8908,1.46,13.598,830.638,6406.0,11.604,11.587,12.249,9.433,1.17542,4.24,1.34,False,True,False,False,False,False,True,0.5024271199844327
28612,5,1,1,0,1,1,302.61921,65.46489,75.15464,14.95975,44.0688154,288.153973,0,0,0,0,2016,0,0,0,2016.0,11.7942,11.068,11.302,11.092,12.22,4.8371268,-2.58672,-4.08738,38.58422849,12.1457,1.98,12.464,639.239,6392.0,11.057,11.033,11.121,9.166,1.53586,4.04,1.54,False,True,False,False,False,False,True,0.8394780473741984
28626,5,1,1,0,0,1,296.59894,67.65178,75.41032,18.19117,45.5068127,284.0611224,0,0,0,0,2016,0,0,0,2016.0,11.9782,10.827,11.283,10.908,12.588,7.9152835,-7.87757,-0.771754,5.835983111,12.481,0.86,14.021,253.295,5515.0,10.849,10.794,10.933,9.297,3.91923,4.54,0.93,False,True,False,False,False,False,True,0.292256071356476
28643,5,1,2,0,0,1,321.58054,67.84784,82.52933,11.78199,49.1620125,296.8591787,0,0,0,0,2016,0,0,0,2016.0,13.4203,12.384,12.729,12.46,14.082,3.6248867,-3.00323,-2.02988,7.97419807,13.8868,1.1,14.854,1058.24,6014.0,12.364,12.343,12.22,9.383,0.916171,4.39,1.09,False,True,False,False,False,False,True,0.28103336724772754
28648,5,1,2,0,0,1,321.58054,67.84784,82.52933,11.78199,49.1620125,296.8591787,0,0,0,0,2016,0,0,0,2016.0,13.4203,12.384,12.729,12.46,14.082,3.6248867,-3.00323,-2.02988,1.88897906,13.8868,1.1,14.854,1058.24,6014.0,12.364,12.343,12.22,9.383,0.916171,4.39,1.09,False,True,False,False,False,False,True,-0.017728766960431606
28659,5,1,1,0,0,1,318.42347,66.4505,80.6889,11.33166,47.3587776,296.1834239,0,0,0,0,2016,0,0,0,2016.0,12.9835,11.798,12.248,11.885,13.613,1.7156928,1.32626,-1.08841,18.68404933,13.4906,1.15,14.445,992.852,5573.0,11.83,11.791,11.773,9.466,0.978491,4.29,0.95,False,True,False,False,False,False,True,0.41995574848975786
28675,5,1,1,0,0,1,320.67192,66.03977,81.2046,10.47581,47.3962246,297.6509281,0,0,0,0,2016,0,0,0,2016.0,12.5619,11.475,11.91,11.569,13.194,12.044228,-11.9852,-1.19097,5.458498316,13.0384,1.14,13.978,666.146,5894.0,11.473,11.427,11.459,9.2,1.4725,4.38,1.15,False,True,False,False,False,False,True,0.29885307640970665
28685,5,1,1,0,0,1,310.13943,67.94552,79.1295,14.52651,47.4062673,290.957913,0,0,0,0,2016,0,0,0,2016.0,12.9637,12.125,12.424,12.188,13.471,1.0074418,-0.933736,-0.378254,13.28535633,13.334,1.45,13.881,750.04,6388.0,12.164,12.131,11.734,9.494,1.30442,4.22,1.28,False,True,False,False,False,False,True,0.45331834004703764
28692,5,1,1,0,0,1,318.09235,66.94812,80.88058,11.81075,47.7480914,295.6848595,0,0,0,0,2016,0,0,0,2016.0,13.4465,12.409,12.795,12.488,14.064,13.1741305,4.10608,12.5179,19.78297415,13.9033,1.06,14.881,784.23,5807.0,12.433,12.38,12.386,9.156,1.24639,4.39,1.01,False,True,False,False,False,False,True,0.31806333496276157
28726,9,1,3,0,1,1,303.95356,61.61115,72.60483,11.95055,40.5624966,290.4617926,0,0,0,0,2021,0,0,0,2012.0,14.911,13.807,14.252,13.906,15.367,6.7612521,6.56164,1.63077,18.6489525,15.3877,0.89,16.283,1366.07,5858.0,13.871,13.852,12.921,8.949,0.704174,4.53,0.98,False,True,True,False,False,False,False,0.4608978427565479
28749,9,1,3,0,1,1,303.95356,61.61115,72.60483,11.95055,40.5624966,290.4617926,0,0,0,0,2021,0,0,0,2012.0,14.911,13.807,14.252,13.906,15.367,6.7612521,6.56164,1.63077,38.5583038,15.3877,0.89,16.283,1366.07,5858.0,13.871,13.852,12.921,8.949,0.704174,4.53,0.98,False,True,True,False,False,False,False,0.5010592622177514
28773,5,2,1,0,0,2,297.54346,70.71517,78.26085,19.68363,48.549062,283.3402948,0,0,0,0,2016,0,0,0,2016.0,12.9454,11.9,12.303,11.939,13.502,7.739801,6.60632,4.0325,39.30941904,13.3949,0.89,14.231,457.709,5697.0,11.867,11.83,11.776,9.404,2.15593,4.53,0.97,False,True,False,False,False,False,True,0.47856649559384334
28777,5,1,1,0,1,1,303.65971,70.19817,79.15824,17.75311,48.6835481,286.5246582,0,0,0,0,2016,0,0,0,2016.0,12.6696,11.177,11.772,11.245,13.566,32.5897578,-12.8401,-29.9537,29.88485741,13.2923,0.75,15.005,252.762,4893.0,11.201,11.134,11.153,9.002,3.92736,4.58,0.78,False,True,False,False,False,False,True,0.4440447959180762
28789,5,1,1,0,0,1,323.58323,66.79121,82.61406,10.47604,48.6063022,298.6609094,0,0,0,0,2016,0,0,0,2016.0,12.9171,11.545,12.014,11.616,13.74,15.5462648,-14.8905,-4.46759,12.92491623,13.5036,0.79,14.732,312.798,5192.0,11.553,11.497,11.541,8.966,3.16817,4.58,0.87,False,True,False,False,False,False,True,0.4099331233312945
28805,5,1,1,0,0,1,316.18245,68.49907,81.25178,13.4834,48.8249915,293.6856893,0,0,0,0,2016,0,0,0,2016.0,13.2635,11.683,12.335,11.778,14.128,30.9996435,-30.1272,-7.30272,28.51120525,13.9246,0.72,15.423,302.955,4758.0,11.694,11.627,11.546,9.752,3.27194,4.61,0.78,False,True,False,False,False,False,True,0.5289167002776547
28811,5,1,2,0,0,1,321.3891,68.31716,82.73358,12.21263,49.540148,296.4185696,0,0,0,0,2016,0,0,0,2016.0,12.7883,11.708,12.063,11.775,13.387,11.9053397,11.7947,1.61931,15.95994513,13.231,0.98,13.866,570.659,5884.0,11.222,11.133,11.316,9.094,1.72438,4.48,1.05,False,True,False,False,False,False,True,0.35024801833416286
28834,5,1,1,0,0,1,321.82081,68.40776,82.92057,12.20039,49.6961742,296.5666587,0,0,0,0,2016,0,0,0,2016.0,12.717,11.845,12.141,11.915,13.209,15.4864364,-15.4849,-0.218141,4.903321551,13.1197,1.27,13.851,685.599,6123.0,11.791,11.739,11.832,9.495,1.42973,4.3,1.18,False,True,False,False,False,False,True,0.37291200297010657
28846,5,1,1,0,0,1,323.52151,67.98622,83.23303,11.50532,49.637101,297.7363605,0,0,0,0,2016,0,0,0,2016.0,13.2255,11.892,12.379,11.988,14.032,17.5890744,-16.2576,-6.71312,1.827082299,13.7823,0.89,14.828,462.322,5524.0,11.85,11.801,11.795,9.413,2.13772,4.51,0.92,False,True,False,False,False,False,True,0.4913616938342727
28856,5,1,1,0,0,1,312.8372,71.76897,82.52041,16.72009,51.2769907,289.8805804,0,0,0,0,2016,0,0,0,2016.0,12.6092,11.623,12.007,11.706,13.173,21.3589202,-19.9806,-7.54845,3.247555219,13.0657,0.99,13.804,439.4,5763.0,11.612,11.549,11.481,9.152,2.24693,4.47,1.07,False,True,False,False,False,False,True,0.14921911265537988
28881,5,1,2,0,1,1,317.55711,60.58722,76.8781,6.81805,41.8667953,299.1224639,0,0,0,0,2016,0,0,0,2016.0,11.9223,10.915,11.294,10.964,12.444,9.8156081,9.355681,2.96941,125.63243,12.379,0.952,13.15,307.318,5820.0,10.897,10.823,10.937,9.308,3.22574,4.502,1.048,False,True,False,True,False,False,False,0.9228874709800502
28886,9,1,3,0,1,1,312.2427,62.9084,76.34485,10.1981,43.0561976,294.7739245,0,0,0,0,2021,0,0,0,2012.0,14.7983,12.648,13.508,12.897,16.282,18.4991328,-18.4991,0.0348401,8.0109434,15.8133,0.5,18.001,271.701,3705.0,12.519,12.573,12.666,9.448,3.65228,4.75,0.51,False,True,True,False,False,False,False,0.3222192947339193
28909,9,1,3,0,1,1,312.2427,62.9084,76.34485,10.1981,43.0561976,294.7739245,0,0,0,0,2021,0,0,0,2012.0,14.7983,12.648,13.508,12.897,16.282,18.4991328,-18.4991,0.0348401,12.0717249,15.8133,0.5,18.001,271.701,3705.0,12.519,12.573,12.666,9.448,3.65228,4.75,0.51,False,True,True,False,False,False,False,0.08990511143939793
28942,5,1,1,0,1,1,307.28094,65.66467,76.65702,13.67995,44.8737757,290.6249953,0,0,0,0,2016,0,0,0,2016.0,11.7669,10.81,11.167,10.86,12.293,56.4595604,-39.978,-39.8678,172.7049784,12.1868,1.08,13.097,390.374,5946.0,10.818,10.763,10.729,8.826,2.53306,4.38,1.02,False,True,False,False,False,False,True,0.4329692908744057
28948,5,1,1,0,0,1,308.12391,58.74263,72.0034,8.46212,38.458207,294.1496529,0,0,0,0,2016,0,0,0,2016.0,12.763,11.733,12.079,11.814,13.383,13.4014336,-12.8134,-3.92622,5.08005848,13.228,2.06,14.068,1060.68,6166.0,11.707,11.68,11.801,9.132,0.914114,3.96,1.41,False,True,False,False,False,False,True,0.5263392773898441
28961,5,1,1,0,0,1,305.37539,59.28919,71.37602,9.84658,38.5485469,292.2149697,0,0,0,0,2016,0,0,0,2016.0,12.9159,11.783,12.21,11.854,13.606,21.5730697,-8.57967,-19.7936,13.14497566,13.4161,0.9,13.95,436.016,5526.0,11.807,11.739,12.226,9.383,2.2647,4.5,0.93,False,True,False,False,False,False,True,0.19589965240923374
28970,5,1,1,0,0,1,298.0349,60.63654,69.94859,13.49937,38.8625366,287.2187273,0,0,0,0,2016,0,0,0,2016.0,12.7023,11.089,11.731,11.213,13.598,6.2482824,6.14615,1.12511,13.89961966,13.3744,0.67,15.372,221.802,4671.0,11.095,11.041,11.265,9.381,4.4797,4.63,0.7,False,True,False,False,False,False,True,0.3979400086720376
28980,5,1,1,0,0,1,308.31463,59.33555,72.48889,8.82378,39.0517893,294.0290734,0,0,0,0,2016,0,0,0,2016.0,13.1515,12.289,12.578,12.318,13.667,11.7871939,-10.7164,-4.90884,21.41616926,13.5408,1.22,14.225,963.18,6206.0,12.193,12.114,12.078,8.908,1.00953,4.33,1.16,False,True,False,False,False,False,True,0.32633586092875144
28996,5,1,1,0,0,1,304.19349,61.71172,72.75932,11.93508,40.6920756,290.5663221,0,0,0,0,2016,0,0,0,2016.0,13.6555,12.708,13.074,12.776,14.205,4.1386549,3.66478,1.92298,13.24934059,14.105,1.07,15.021,818.001,5882.0,12.722,12.664,12.68,9.416,1.19383,4.39,1.04,False,True,False,False,False,False,True,0.42975228000240795
29007,5,1,1,0,0,1,292.72833,63.38722,70.76413,17.12319,40.9904095,283.257573,0,0,0,0,2016,0,0,0,2016.0,13.7592,12.784,13.073,12.782,14.325,14.9461937,-14.3265,-4.25912,4.147020258,14.251,1.15,14.915,1019.65,5967.0,12.497,12.318,12.045,9.41,0.951973,4.36,1.11,False,True,False,False,False,False,True,0.8450980400142568
29011,5,1,1,0,0,1,299.40011,66.14694,74.83195,16.41182,44.3452063,286.1185888,0,0,0,0,2016,0,0,0,2016.0,13.5605,11.998,12.588,12.107,14.48,19.3618099,-12.5141,-14.7742,6.010384289,14.207,0.73,15.16,378.972,4828.0,11.955,11.817,12.111,9.328,2.61015,4.61,0.78,False,True,False,False,False,False,True,0.6020599913279624
29024,5,1,1,0,0,1,321.86397,63.59291,80.26885,8.15389,45.4396103,299.9059167,0,0,0,0,2016,0,0,0,2016.0,14.3945,13.071,13.581,13.148,15.266,15.102786,-15.0967,-0.428711,4.454194338,14.9844,0.9,16.273,751.776,5535.0,13.191,13.098,13.205,9.596,1.3018,4.5,0.93,False,True,False,False,False,False,True,1.0788191830988487
29030,5,1,3,0,0,1,295.92843,69.53079,76.89558,19.46173,47.2611431,283.0228527,0,0,0,0,2016,0,0,0,2016.0,14.079,12.826,13.303,12.903,14.805,6.864241,-6.58814,1.92723,42.9495649,14.6226,0.84,13.98,635.145,5360.0,12.317,12.204,12.088,9.259,1.54567,4.54,0.88,False,True,False,False,False,False,True,0.4099331233312945
29050,5,1,3,0,1,1,295.92843,69.53079,76.89558,19.46173,47.2611431,283.0228527,0,0,0,0,2016,0,0,0,2016.0,14.079,12.826,13.303,12.903,14.805,6.864241,-6.58814,1.92723,117.040498,14.6226,0.84,13.98,635.145,5360.0,12.317,12.204,12.088,9.259,1.54567,4.54,0.88,False,True,False,False,False,False,True,0.46686762035410945
29056,5,1,3,0,0,0,295.92843,69.53079,76.89558,19.46173,47.2611431,283.0228527,0,0,0,0,2017,0,0,0,2023.0,14.079,12.826,13.303,12.903,14.805,6.864241,-6.58814,1.92723,24.61480613,14.6226,0.986,13.98,635.145,5312.0,12.317,12.204,12.088,9.259,1.54567,4.384,0.859,True,False,True,False,False,False,False,0.6232492903979004
29068,9,1,5,0,1,1,297.57113,66.01988,74.25808,16.92531,44.0264898,285.1683291,0,0,0,0,2021,0,0,0,2012.0,15.0506,13.289,13.97,13.359,15.746,1.8145708,-0.364571,-1.77757,27.9481449,15.7813,0.58,17.085,578.796,4362.0,13.075,13.047,12.882,9.177,1.69932,4.7,0.62,False,True,True,False,False,False,False,0.38560627359831223
29072,9,1,5,0,1,1,297.57113,66.01988,74.25808,16.92531,44.0264898,285.1683291,0,0,0,0,2021,0,0,0,2012.0,15.0506,13.289,13.97,13.359,15.746,1.8145708,-0.364571,-1.77757,42.1516418,15.7813,0.58,17.085,578.796,4362.0,13.075,13.047,12.882,9.177,1.69932,4.7,0.62,False,True,True,False,False,False,False,0.3443922736851107
29118,5,1,1,0,0,1,321.27721,66.43998,81.63717,10.67286,47.8637046,297.7001786,0,0,0,0,2016,0,0,0,2016.0,13.8959,12.562,13.097,12.677,14.626,10.815793,-10.2613,-3.41864,8.600104109,14.4716,0.83,15.555,531.944,5322.0,12.618,12.546,12.391,9.37,1.85114,4.55,0.87,False,True,False,False,False,False,True,0.6454222693490919
29124,5,1,1,0,0,1,301.15532,69.8239,78.28132,18.17379,48.0543774,285.485045,0,0,0,0,2016,0,0,0,2016.0,14.079,12.193,12.991,12.369,15.278,17.7956928,16.9298,5.48348,12.3764661,14.8603,0.63,16.799,311.175,4286.0,12.166,12.111,11.878,9.152,3.18486,4.66,0.65,False,True,False,False,False,False,True,0.436162647040756
29141,5,1,1,0,0,1,310.65632,68.77136,79.85715,14.99901,48.2419838,290.7476903,0,0,0,0,2016,0,0,0,2016.0,13.8102,12.78,13.198,12.877,14.476,3.912764,-3.00899,-2.50114,5.263415765,14.2624,1.04,15.22,843.689,5863.0,12.823,12.784,12.75,9.383,1.1565,4.42,1.03,False,True,False,False,False,False,True,0.5965970956264602
29149,9,1,2,0,0,1,323.0887,66.58635,82.33516,10.40509,48.3325405,298.5508922,0,0,0,0,2024,0,0,0,2016.0,14.3804,13.064,13.578,13.161,15.034,29.0424291,28.68,4.57387,4.030467,14.9567,0.902,16.14,728.525,5191.0,12.88,12.814,12.948,9.49,1.34423,4.48,0.889,False,True,False,True,False,False,False,0.675906489114716
29163,9,1,2,0,0,1,323.0887,66.58635,82.33516,10.40509,48.3325405,298.5508922,0,0,0,0,2024,0,0,0,2016.0,14.3804,13.064,13.578,13.161,15.034,29.0424291,28.68,4.57387,328.24017,14.9567,0.902,16.14,728.525,5191.0,12.88,12.814,12.948,9.49,1.34423,4.48,0.889,False,True,False,True,False,False,False,1.0636664427857956
29177,5,1,1,0,0,1,323.90484,69.89884,84.38215,13.0598,51.3581938,296.4068982,0,0,0,0,2016,0,0,0,2016.0,13.7737,12.615,13.043,12.654,14.49,14.2843585,9.7644,10.4259,1.902208556,14.2961,0.92,15.318,690.525,5447.0,12.628,12.573,12.973,9.16,1.41947,4.49,0.93,False,True,False,False,False,False,True,0.6324572921847242
29180,5,1,1,0,0,1,295.42362,61.00912,69.46669,14.74064,38.9324587,285.516872,0,0,0,0,2016,0,0,0,2016.0,13.6994,12.633,13.024,12.702,14.448,12.4476902,11.9589,3.45394,16.21775407,14.161,1.04,15.229,973.121,5894.0,12.649,12.61,12.529,8.61,0.998927,4.42,1.03,False,True,False,False,False,False,True,0.4517864355242902
29189,5,1,1,0,0,1,303.10576,60.04408,71.13919,11.19905,38.9427306,290.5294799,0,0,0,0,2016,0,0,0,2016.0,13.6597,12.668,13.039,12.687,14.316,18.9153454,16.5355,9.18518,11.72292176,14.1247,0.98,15.226,674.598,5740.0,12.62,12.603,12.642,9.219,1.45375,4.46,1.0,False,True,False,False,False,False,True,0.35024801833416286
29199,5,1,1,0,0,1,309.55765,61.8372,74.67646,10.22955,41.6151084,293.7084179,0,0,0,0,2016,0,0,0,2016.0,14.1835,13.153,13.553,13.244,14.723,9.548276,-9.28934,-2.20856,3.705989551,14.6387,1.16,15.593,2097.12,6068.0,13.217,13.163,12.454,8.953,0.448711,4.35,1.11,False,True,False,False,False,False,True,0.4265112613645752
29217,5,1,1,0,0,1,295.89447,64.77961,72.78095,16.76278,42.6526751,284.6579709,0,0,0,0,2016,0,0,0,2016.0,14.3911,12.961,13.497,13.01,14.899,9.1476831,-4.11539,8.16968,29.00790538,14.9538,0.81,15.576,661.876,5242.0,12.911,12.849,12.459,9.152,1.48227,4.56,0.85,False,True,False,False,False,False,True,0.37474834601010387
29222,5,1,1,0,0,1,315.62404,63.08484,77.66271,9.36083,43.8027948,296.6368878,0,0,0,0,2016,0,0,0,2016.0,14.1893,12.977,13.429,13.031,14.863,9.3171665,2.14159,9.0677,17.58752333,14.7424,0.95,15.628,776.708,5630.0,12.809,12.773,12.659,9.644,1.25918,4.47,0.96,False,True,False,False,False,False,True,0.557507201905658
29243,5,1,3,0,1,1,309.81795,62.06589,74.92557,10.31441,41.871807,293.7583002,0,0,0,0,2014,0,0,0,2012.0,11.7846,10.227,10.813,10.33,12.598,13.7878727,-12.0247,-6.74626,10.5016,12.4298,4.23,13.954,912.994,4840.0,10.245,10.142,10.172,8.881,1.06729,3.31,1.32,False,True,True,False,False,False,False,0.8135809885681919
29258,5,1,3,0,1,1,309.81795,62.06589,74.92557,10.31441,41.871807,293.7583002,0,0,0,0,2014,0,0,0,2012.0,11.7846,10.227,10.813,10.33,12.598,13.7878727,-12.0247,-6.74626,21.40239,12.4298,4.23,13.954,912.994,4840.0,10.245,10.142,10.172,8.881,1.06729,3.31,1.32,False,True,True,False,False,False,False,0.9912260756924949
29268,5,2,1,0,1,5,321.86962,63.12131,80.01329,7.75597,45.0182402,300.2066441,0,0,0,0,2016,0,0,0,2016.0,13.6349,11.455,12.276,11.671,15.66,86.8801016,18.9637,84.7852,18.47764449,14.7511,0.33,17.602,109.308,3556.0,11.126,11.236,10.752,9.015,9.11969,4.94,0.34,False,True,False,False,False,False,True,0.23552844690754893
29276,5,1,2,0,1,1,312.42728,65.08645,77.85752,11.79362,45.1071981,293.7471107,0,0,0,0,2016,0,0,0,2016.0,13.799,12.585,13.061,12.69,14.427,4.4569505,-1.81309,4.0715,58.3620495,14.3316,0.94,15.371,621.378,5646.0,12.635,12.576,12.48,9.177,1.58085,4.48,0.96,False,True,False,False,False,False,True,0.8426092396105621
29293,5,1,2,0,0,1,312.42728,65.08645,77.85752,11.79362,45.1071981,293.7471107,0,0,0,0,2016,0,0,0,2016.0,13.799,12.585,13.061,12.69,14.427,4.4569505,-1.81309,4.0715,5.350161983,14.3316,0.94,15.371,621.378,5646.0,12.635,12.576,12.48,9.177,1.58085,4.48,0.96,False,True,False,False,False,False,True,0.42813479402878885
29297,5,1,1,0,0,1,307.66086,67.10059,77.81928,14.58257,46.2737393,290.1196007,0,0,0,0,2016,0,0,0,2016.0,14.2584,13.12,13.576,13.215,14.908,12.3086729,-12.2008,-1.62601,18.00931444,14.7427,0.9,15.58,992.769,5575.0,13.129,13.105,12.492,9.382,0.978727,4.5,0.93,False,True,False,False,False,False,True,0.7168377232995244
29307,5,1,1,0,0,1,311.47588,66.52589,78.53249,13.13135,46.2897548,292.4461832,0,0,0,0,2016,0,0,0,2016.0,14.1494,12.773,13.358,12.831,14.901,11.6252702,-0.3848,-11.6189,22.18432708,14.7389,0.77,16.017,565.207,5066.0,12.783,12.708,12.745,9.538,1.7407,4.58,0.8,False,True,False,False,False,False,True,0.4899584794248346
29319,5,1,1,0,0,1,318.62473,65.59653,80.24708,10.59153,46.6263912,296.8383661,0,0,0,0,2016,0,0,0,2016.0,14.2115,13.09,13.55,13.164,14.883,7.0365114,-5.17888,-4.76358,3.750832285,14.7194,0.92,15.726,863.037,5626.0,13.189,13.12,12.449,9.04,1.13016,4.49,0.95,False,True,False,False,False,False,True,0.6655809910179531
29337,5,1,1,0,0,1,311.55384,68.16686,79.68563,14.3309,47.8144362,291.5544735,0,0,0,0,2016,0,0,0,2016.0,14.3762,12.929,13.508,13.089,15.217,5.6097386,-5.36299,-1.64545,18.42794624,14.9644,0.79,16.255,564.277,5132.0,12.952,12.892,12.757,9.653,1.74373,4.57,0.83,False,True,False,False,False,False,True,0.33243845991560533
29347,5,1,1,0,0,1,321.75173,66.83665,82.0192,10.90069,48.3023458,297.6726072,0,0,0,0,2016,0,0,0,2016.0,14.0663,12.724,13.267,12.789,14.827,8.9631825,7.89288,4.24748,16.54297375,14.6694,0.79,15.3,558.81,5148.0,12.709,12.634,12.627,9.427,1.76087,4.57,0.84,False,True,False,False,False,False,True,0.3521825181113625
29362,5,1,1,0,0,1,322.51575,66.78801,82.24963,10.69666,48.4016448,298.1061315,0,0,0,0,2016,0,0,0,2016.0,13.1731,10.963,11.804,11.163,15.216,121.3944409,106.67,57.9493,11.02347475,14.2513,0.53,16.598,130.645,3768.0,10.822,10.835,10.714,9.181,7.62554,4.73,0.55,False,True,False,False,False,False,True,0.35410843914740087
29370,5,1,1,0,0,1,297.8675,70.68772,78.30285,19.5804,48.552633,283.507219,0,0,0,0,2016,0,0,0,2016.0,13.6128,12.513,12.923,12.583,14.244,7.2929263,5.04767,-5.26382,34.18890521,14.0822,0.93,15.492,638.301,5616.0,12.518,12.495,12.497,9.111,1.53789,4.48,0.95,False,True,False,False,False,False,True,0.49968708261840383
29412,5,1,1,0,0,1,310.73001,69.35775,80.29149,15.40995,48.7918597,290.4376111,0,0,0,0,2016,0,0,0,2016.0,13.7977,12.605,13.07,12.719,14.451,6.1941044,-6.07905,1.18831,4.301662003,14.3288,0.9,15.46,568.148,5496.0,12.609,12.56,11.98,9.388,1.7313,4.5,0.93,False,True,False,False,False,False,True,0.3891660843645325
29416,5,1,1,0,0,1,304.45887,70.88369,79.88566,18.00113,49.418731,286.5510448,0,0,0,0,2016,0,0,0,2016.0,14.1499,12.986,13.41,13.046,14.951,7.6478991,6.84226,3.4167,4.798599388,14.6536,0.9,16.236,723.875,5527.0,12.973,12.926,12.794,9.609,1.35273,4.51,0.93,False,True,False,False,False,False,True,0.42160392686983106
29425,5,1,1,0,0,1,314.26497,70.7751,82.20314,15.66892,50.5813487,291.221172,0,0,0,0,2016,0,0,0,2016.0,13.92,12.558,13.114,12.649,14.679,15.2524482,10.6293,10.9387,17.20523483,14.4853,0.79,15.396,504.667,5212.0,12.615,12.552,12.564,9.761,1.95276,4.57,0.83,False,True,False,False,False,False,True,0.41161970596323016
29442,5,1,1,0,0,1,312.13244,71.82978,82.39189,16.91249,51.2374057,289.5211955,0,0,0,0,2016,0,0,0,2016.0,13.6918,12.636,13.032,12.703,14.292,20.4403317,19.8514,4.87125,22.18329658,14.1359,1.02,14.758,771.471,5746.0,12.611,12.544,12.722,9.592,1.26745,4.41,0.99,False,True,False,False,False,False,True,0.44560420327359757
29449,5,1,1,0,0,1,314.7612,72.44937,83.45219,16.84784,52.1491051,290.2470519,0,0,0,0,2016,0,0,0,2016.0,14.0321,12.921,13.326,12.921,14.671,8.5934765,-7.15072,4.76603,7.65880414,14.5392,0.91,15.771,682.896,5612.0,12.851,12.801,12.547,9.706,1.43559,4.5,0.95,False,True,False,False,False,False,True,0.37839790094813774
29459,5,1,1,0,0,1,297.15665,59.6795,68.89582,13.25875,37.8296147,286.9638856,0,0,0,0,2016,0,0,0,2016.0,14.2092,13.078,13.507,13.146,14.864,18.316201,-18.3162,-0.0061311,9.37891944,14.7124,0.95,15.492,853.977,5710.0,13.046,12.988,12.9,9.099,1.14235,4.47,0.97,False,True,False,False,False,False,True,0.37839790094813774
29465,5,1,1,0,0,1,309.71849,58.67011,72.56526,7.84412,38.6542028,295.1828896,0,0,0,0,2016,0,0,0,2016.0,13.8305,12.646,13.079,12.719,14.627,6.4398776,-4.62554,-4.48067,29.91136794,14.382,0.97,14.856,617.55,5672.0,12.535,12.466,12.203,9.371,1.59119,4.46,0.99,False,True,False,False,False,False,True,0.5145477526602861
29481,5,1,1,0,0,1,309.31088,59.18605,72.76119,8.36644,39.0737317,294.7119855,0,0,0,0,2016,0,0,0,2016.0,14.3274,12.861,13.438,12.952,15.155,10.0178924,-6.84527,7.3144,25.69578251,14.9368,0.73,15.627,524.247,4984.0,12.863,12.811,12.419,9.19,1.87916,4.61,0.78,False,True,False,False,False,False,True,0.4065401804339551
29486,5,1,1,0,0,1,300.76056,61.0151,71.11017,12.70663,39.563696,288.7549882,0,0,0,0,2016,0,0,0,2016.0,13.8543,12.561,13.087,12.653,14.578,10.4315458,8.28821,6.33425,1.616883696,14.4107,0.83,15.761,541.432,5334.0,12.591,12.569,13.043,9.538,1.81837,4.54,0.87,False,True,False,False,False,False,True,0.3010299956639812
29499,5,1,1,0,0,1,310.30086,59.94202,73.65092,8.58677,39.9528613,295.0020771,0,0,0,0,2016,0,0,0,2016.0,13.7392,12.548,12.993,12.624,14.552,16.0904475,-13.0769,9.37535,9.66857723,14.2462,0.96,14.754,530.765,5636.0,12.49,12.403,12.4,9.265,1.85536,4.47,0.99,False,True,False,False,False,False,True,0.3010299956639812
29513,9,1,4,0,1,1,311.67716,58.79979,73.41902,7.26637,39.1152033,296.3586251,0,0,0,0,2021,0,0,0,2012.0,14.3672,13.283,13.643,13.382,15.086,4.1870556,0.136193,-4.18484,10.2184954,14.8663,1.03,15.343,969.252,5843.0,13.302,13.235,13.015,9.316,1.0037,4.39,0.95,False,True,True,False,False,False,False,0.4440447959180762
29528,9,1,4,0,1,1,311.67716,58.79979,73.41902,7.26637,39.1152033,296.3586251,0,0,0,0,2021,0,0,0,2012.0,14.3672,13.283,13.643,13.382,15.086,4.1870556,0.136193,-4.18484,15.5741568,14.8663,1.03,15.343,969.252,5843.0,13.302,13.235,13.015,9.316,1.0037,4.39,0.95,False,True,True,False,False,False,False,0.456366033129043
29551,5,1,4,0,0,0,311.67716,58.79979,73.41902,7.26637,39.1152033,296.3586251,0,0,0,0,2017,0,0,0,2023.0,14.3672,13.283,13.643,13.382,15.086,4.1870556,0.136193,-4.18484,4.45814897,14.8663,1.083,15.343,969.252,6100.0,13.302,13.235,13.015,9.316,1.0037,4.376,1.017,True,False,True,False,False,False,False,0.20682587603184974
29561,5,1,1,0,0,1,292.92844,62.92142,70.40875,16.79215,40.5528053,283.4997537,0,0,0,0,2016,0,0,0,2016.0,14.176,12.314,13.09,12.441,15.308,16.817268,15.7566,-5.87793,8.222419656,14.9505,0.64,16.618,323.899,4298.0,12.318,12.231,12.68,8.844,3.05869,4.66,0.67,False,True,False,False,False,False,True,0.4099331233312945
29571,5,1,1,0,0,1,311.39979,60.4836,74.42746,8.62923,40.6481874,295.4326552,0,0,0,0,2016,0,0,0,2016.0,14.0394,12.932,13.322,12.946,14.701,24.958347,-12.917,-21.3558,40.6069821,14.5302,1.0,15.192,703.758,5772.0,12.882,12.82,12.641,8.928001,1.39278,4.44,1.0,False,True,False,False,False,False,True,0.41995574848975786
29577,5,1,1,0,0,1,314.65667,60.30305,75.55812,7.45973,41.0570326,297.503718,0,0,0,0,2016,0,0,0,2016.0,14.3228,12.992,13.467,13.034,15.097,7.8492668,6.6446,4.17855,18.49235668,14.9129,0.91,16.225,613.179,5564.0,12.852,12.793,12.337,9.544,1.60244,4.49,0.93,False,True,False,False,False,False,True,0.5658478186735176
29587,5,1,1,0,0,1,291.43103,64.89518,71.78308,18.40861,42.3545514,282.1113206,0,0,0,0,2016,0,0,0,2016.0,14.2619,13.09,13.533,13.179,14.883,13.7016019,13.6758,-0.84047,6.5100253,14.7985,0.91,15.665,867.271,5523.0,13.134,13.058,12.517,9.396,1.12431,4.5,0.94,False,True,False,False,False,False,True,0.35793484700045375
29604,5,1,1,0,0,1,301.62043,63.86479,73.61151,14.24356,42.4136181,288.230615,0,0,0,0,2016,0,0,0,2016.0,14.4153,13.529,13.845,13.568,14.973,3.7432292,3.74113,-0.125343,35.1810304,14.8141,1.24,15.299,1848.84,6195.0,13.615,13.56,12.564,9.494,0.5118,4.31,1.17,False,True,False,False,False,False,True,0.6242820958356683
29611,5,1,1,0,0,1,299.77698,65.61259,74.4939,15.96032,43.8733751,286.5284924,0,0,0,0,2016,0,0,0,2016.0,13.5146,12.403,12.808,12.459,14.188,4.5130126,-4.39219,1.03728,2.752359753,14.0171,0.93,15.052,585.187,5593.0,12.427,12.371,12.491,9.392,1.68005,4.49,0.96,False,True,False,False,False,False,True,0.4517864355242902
29620,5,1,1,0,0,1,311.75406,65.68118,78.04243,12.42579,45.5511266,293.0571982,0,0,0,0,2016,0,0,0,2016.0,13.8838,12.742,13.247,12.865,14.435,9.1947875,-7.82228,-4.83281,2.104722184,14.4125,0.92,15.363,693.766,5575.0,12.736,12.693,12.505,9.17,1.41284,4.5,0.94,False,True,False,False,False,False,True,0.44560420327359757
29631,5,1,1,0,0,1,306.24403,68.50149,78.4776,15.94105,47.3991249,288.6706571,0,0,0,0,2016,0,0,0,2016.0,14.3654,13.25,13.689,13.302,15.011,5.4838964,-5.48387,0.0170016,10.94027841,14.8658,0.89,15.816,787.894,5549.0,13.252,13.205,12.722,9.395001,1.24051,4.51,0.92,False,True,False,False,False,False,True,0.34830486304816066
29643,5,1,1,0,0,1,298.56738,69.71791,77.61857,18.81941,47.6889081,284.2572531,0,0,0,0,2016,0,0,0,2016.0,14.2203,13.187,13.58,13.277,14.8,11.6814284,-11.2524,3.13676,4.221625357,14.6813,1.0,15.461,1209.4,5835.0,13.202,13.171,12.895,9.408,0.798084,4.44,1.01,False,True,False,False,False,False,True,0.41995574848975786
29655,5,1,2,0,0,1,291.70811,70.39037,76.85046,21.14301,47.7520581,280.6414331,0,0,0,0,2016,0,0,0,2016.0,14.1144,12.865,13.323,12.913,14.775,26.8042821,25.5125,8.22082,16.54964934,14.6611,0.83,15.572,612.803,5296.0,12.826,12.782,13.017,9.418,1.60316,4.55,0.88,False,True,False,False,False,False,True,0.35602585719312274
29665,9,1,2,0,1,1,302.72261,68.15248,77.30341,16.67763,46.6401677,287.0394932,0,0,0,0,2021,0,0,0,2012.0,13.8637,12.928,13.253,12.974,14.467,10.5010367,10.4939,-0.387085,11.8681707,14.2786,0.94,15.004,1163.22,6074.0,12.908,12.887,12.437,9.42,0.830859,4.51,1.04,False,True,True,False,False,False,False,0.04139268515822508
29684,9,1,2,0,1,1,302.72261,68.15248,77.30341,16.67763,46.6401677,287.0394932,0,0,0,0,2021,0,0,0,2012.0,13.8637,12.928,13.253,12.974,14.467,10.5010367,10.4939,-0.387085,17.9801235,14.2786,0.94,15.004,1163.22,6074.0,12.908,12.887,12.437,9.42,0.830859,4.51,1.04,False,True,True,False,False,False,False,0.2966651902615311
29691,5,1,1,0,0,1,319.72585,67.17196,81.54221,11.62171,48.2334177,296.3855467,0,0,0,0,2016,0,0,0,2016.0,13.9433,12.936,13.268,12.979,14.554,3.8436031,-3.72092,0.963348,5.85296257,14.4165,1.15,15.371,1421.81,6000.0,12.863,12.784,12.24,9.219,0.674647,4.35,1.1,False,True,False,False,False,False,True,0.60422605308447
29708,5,1,1,0,1,1,302.49556,70.06897,78.78638,17.97201,48.431729,286.024052,0,0,0,0,2016,0,0,0,2016.0,13.9799,12.971,13.327,12.953,14.628,10.4711861,-10.3934,1.27396,81.1694299,14.4607,0.94,15.408,785.137,5677.0,12.838,12.852,12.571,9.313,1.24492,4.48,0.97,False,True,False,False,False,False,True,0.5301996982030822
29718,5,1,1,0,0,1,302.30298,70.35682,78.97611,18.20563,48.6832431,285.7907395,0,0,0,0,2016,0,0,0,2016.0,14.195,13.219,13.626,13.3,14.846,8.9406031,-8.93596,-0.288102,2.820192408,14.6275,1.04,15.467,1153.13,5913.0,13.266,13.236,12.529,9.558,0.838437,4.42,1.04,False,True,False,False,False,False,True,0.37839790094813774
29726,5,1,1,0,0,1,317.9952,67.97435,81.47347,12.65857,48.6511709,294.9513923,0,0,0,0,2016,0,0,0,2016.0,14.0601,13.115,13.431,13.131,14.622,6.5265095,-4.33859,-4.87565,21.21708973,14.4995,1.1,15.362,973.76,5967.0,13.172,13.113,12.585,9.405,0.998262,4.39,1.08,False,True,False,False,False,False,True,0.4578818967339924
29732,5,1,1,0,0,1,309.18001,70.63772,80.81553,16.7005,49.7620237,288.9217259,0,0,0,0,2016,0,0,0,2016.0,14.2374,13.001,13.48,13.104,14.906,17.3696607,-4.31522,16.8251,13.64618192,14.7563,0.87,15.712,769.2,5485.0,13.036,12.962,13.031,9.13,1.27147,4.52,0.91,False,True,False,False,False,False,True,0.33845649360460484
29764,5,1,1,0,0,1,312.72117,72.23987,82.82015,17.09529,51.6857106,289.5006797,0,0,0,0,2016,0,0,0,2016.0,13.6123,12.715,13.074,12.812,14.128,4.2423827,-4.13271,-0.958394,21.30022655,14.0136,1.32,14.706,1023.85,6267.0,12.692,12.662,12.267,9.148,0.948053,4.27,1.21,False,True,False,False,False,False,True,0.5390760987927766
29773,5,1,1,0,0,1,307.62924,59.66312,72.46469,9.301,39.2528182,293.4700919,0,0,0,0,2016,0,0,0,2016.0,13.5488,12.54,12.951,12.562,14.12,3.6903763,3.61771,-0.728733,13.02365861,14.0185,0.95,14.044,663.418,5683.0,12.494,12.42,12.354,9.433,1.47879,4.47,0.97,False,True,False,False,False,False,True,0.37474834601010387
29783,5,1,2,0,0,1,308.21098,61.34162,73.85727,10.30916,40.9348005,293.1234493,0,0,0,0,2016,0,0,0,2016.0,14.1814,12.931,13.41,12.977,14.829,7.2346304,6.29179,3.57117,3.70175428,14.7207,0.86,15.694,681.086,5307.0,12.967,12.9,12.972,9.279,1.4398,4.51,0.87,False,True,False,False,False,False,True,0.17609125905568124
29802,5,1,1,0,0,1,297.09807,63.01954,71.62551,15.29828,41.0695091,285.9115968,0,0,0,0,2016,0,0,0,2016.0,14.3527,12.972,13.51,13.031,15.067,21.308003,17.8397,11.6523,15.65562652,14.9483,0.79,16.201,558.517,5127.0,12.976,12.904,12.712,8.958,1.76184,4.57,0.83,False,True,False,False,False,False,True,0.45331834004703764
29809,10,1,1,0,0,1,320.42104,67.03999,81.6927,11.3594,48.2399695,296.8372475,0,5,0,0,2015,1,1,0,2009.0,12.6877,11.634,12.001,11.706,13.286,8.4838193,8.42918,0.961309,3.2346996,13.1714,1.391,14.051,587.039,5647.0,11.643,11.585,11.494,8.965,1.67465,4.236,1.209,False,True,True,False,False,False,False,1.1648444605605528
29879,5,1,1,0,0,1,294.15704,64.26207,71.89137,17.08228,41.9786358,283.8330588,0,0,0,0,2016,0,0,0,2016.0,14.1425,12.812,13.387,12.96,14.846,0.8962654,-0.219486,0.868975,23.67517607,14.701,0.81,15.755,619.723,5279.0,12.896,12.794,12.32,9.479,1.58493,4.56,0.84,False,True,False,False,False,False,True,0.4623979978989561
29888,5,1,1,0,0,1,291.16742,64.73593,71.57819,18.42086,42.1764657,282.0046852,0,0,0,0,2016,0,0,0,2016.0,13.4432,12.129,12.647,12.155,14.151,15.0158236,-9.55994,11.5794,5.378868441,14.0013,0.79,15.17,414.825,5160.0,12.111,12.066,12.002,9.321,2.38178,4.57,0.85,False,True,False,False,False,False,True,0.2787536009528289
29893,5,1,1,0,0,1,313.37381,61.71789,75.97216,8.94975,42.1418634,296.0318985,0,0,0,0,2016,0,0,0,2016.0,14.0042,12.936,13.328,12.999,14.72,23.6032846,-19.3395,-13.5314,15.28469497,14.4779,1.13,15.486,1159.31,6062.0,12.97,12.948,12.697,9.288,0.83421,4.37,1.08,False,True,False,False,False,False,True,0.320146286111054
29902,5,1,3,0,0,1,310.90977,62.3243,75.48527,10.16352,42.2909295,294.2809679,0,0,0,0,2016,0,0,0,2016.0,14.3224,13.214,13.601,13.282,14.969,4.1148948,-2.98857,-2.82857,21.05358596,14.8159,1.01,15.716,1539.63,5808.0,13.226,13.171,12.567,9.25,0.622891,4.43,1.01,False,True,False,False,False,False,True,0.42324587393680785
29919,5,1,3,0,1,2,310.90977,62.3243,75.48527,10.16352,42.2909295,294.2809679,0,0,0,0,2016,0,0,0,2016.0,14.3224,13.214,13.601,13.282,14.969,4.1148948,-2.98857,-2.82857,127.9075774,14.8159,1.01,15.716,1539.63,5808.0,13.226,13.171,12.567,9.25,0.622891,4.43,1.01,False,True,False,False,False,False,True,0.8129133566428556
29924,5,1,3,0,0,1,310.90977,62.3243,75.48527,10.16352,42.2909295,294.2809679,0,0,0,0,2016,0,0,0,2016.0,14.3224,13.214,13.601,13.282,14.969,4.1148948,-2.98857,-2.82857,6.2171292,14.8159,1.01,15.716,1539.63,5808.0,13.226,13.171,12.567,9.25,0.622891,4.43,1.01,False,True,False,False,False,False,True,0.12057393120584989
29942,5,1,1,0,0,1,308.18896,63.13699,75.12025,11.60764,42.6262429,292.3159795,0,0,0,0,2016,0,0,0,2016.0,14.209,13.19,13.553,13.201,14.791,8.4295877,-6.25097,-5.65538,25.85501786,14.6798,1.03,15.209,1026.49,5890.0,13.178,13.117,12.493,9.293,0.945646,4.42,1.02,False,True,False,False,False,False,True,0.4132997640812518
29944,5,1,2,0,0,1,300.6606,64.88865,74.14976,15.218,43.2798677,287.2954015,0,0,0,0,2016,0,0,0,2016.0,13.6145,12.422,12.869,12.496,14.376,2.8981695,-1.13715,-2.66576,3.383538066,14.1363,0.88,14.779,556.58,5462.0,12.327,12.275,11.98,8.766,1.7679,4.52,0.91,False,True,False,False,False,False,True,0.15836249209524964
29962,5,1,2,0,0,1,300.6606,64.88865,74.14976,15.218,43.2798677,287.2954015,0,0,0,0,2016,0,0,0,2016.0,13.6145,12.422,12.869,12.496,14.376,2.8981695,-1.13715,-2.66576,2.358951515,14.1363,0.88,14.779,556.58,5462.0,12.327,12.275,11.98,8.766,1.7679,4.52,0.91,False,True,False,False,False,False,True,-0.06550154875643228
29970,5,1,1,0,0,1,309.74049,64.75644,76.7663,12.31008,44.3812406,292.42737,0,0,0,0,2016,0,0,0,2016.0,14.2132,13.202,13.583,13.28,14.895,10.4618496,-10.3407,-1.58752,24.31575992,14.6644,1.22,15.597,1215.11,6161.0,13.24,13.146,12.529,8.923,0.794696,4.32,1.13,False,True,False,False,False,False,True,0.5198279937757188
29982,5,1,2,0,0,1,307.77784,65.33297,76.56528,13.29978,44.632306,291.0571451,0,0,0,0,2016,0,0,0,2016.0,13.7946,12.426,12.965,12.498,14.672,18.0018965,-17.4126,-4.56833,0.638163204,14.3746,0.8,15.726,519.122,5196.0,12.471,12.414,12.59,9.481,1.89763,4.56,0.84,False,True,False,False,False,False,True,-0.060480747381381476
29995,5,1,1,0,0,1,312.21968,64.61576,77.47459,11.49583,44.6380717,293.882901,0,0,0,0,2016,0,0,0,2016.0,14.1824,13.077,13.526,13.182,14.84,4.7045839,-4.64625,-0.73856,6.412515037,14.657,1.01,15.655,946.683,5820.0,13.001,13.019,11.389,8.543,1.02775,4.43,1.0,False,True,False,False,False,False,True,0.561101383649056
30011,5,1,1,0,0,1,309.68333,65.10687,76.99356,12.58236,44.6999902,292.2203009,0,0,0,0,2016,0,0,0,2016.0,14.3219,13.281,13.651,13.353,14.96,7.0013684,-6.55682,-2.45505,6.521210666,14.8041,1.14,15.884,1065.82,5971.0,13.304,13.249,12.906,9.333,0.909846,4.36,1.09,False,True,False,False,False,False,True,0.5250448070368452
30032,5,1,2,0,0,1,311.4941,65.20106,77.63349,12.13853,45.0655934,293.1713241,0,0,0,0,2016,0,0,0,2016.0,14.2686,13.267,13.601,13.306,14.816,7.1086722,-3.89511,-5.94654,6.996926554,14.7698,1.13,15.762,845.824,5943.0,13.126,13.128,12.722,9.154,1.15383,4.37,1.1,False,True,False,False,False,False,True,0.6222140229662954
30044,5,1,2,0,0,1,311.4941,65.20106,77.63349,12.13853,45.0655934,293.1713241,0,0,0,0,2016,0,0,0,2016.0,14.2686,13.267,13.601,13.306,14.816,7.1086722,-3.89511,-5.94654,151.86392,14.7698,1.13,15.762,845.824,5943.0,13.126,13.128,12.722,9.154,1.15383,4.37,1.1,False,True,False,False,False,False,True,0.5185139398778875
30052,5,1,1,0,0,1,300.00365,67.25959,75.89955,16.91068,45.4803043,286.0049121,0,0,0,0,2016,0,0,0,2016.0,14.1011,13.035,13.438,13.149,14.734,21.0302941,-20.1014,-6.18118,2.437033302,14.5717,1.01,15.576,1395.56,5761.0,13.085,13.031,13.178,9.421,0.687736,4.43,1.01,False,True,False,False,False,False,True,0.21748394421390627
30061,5,1,1,0,0,1,309.21413,66.30374,77.69523,13.58368,45.7478551,291.3546278,0,0,0,0,2016,0,0,0,2016.0,14.3949,13.264,13.663,13.315,15.191,11.4070283,-11.2255,-2.02693,3.722156413,14.9103,0.96,15.922,1445.53,5693.0,13.267,13.218,12.824,8.913,0.663178,4.46,0.98,False,True,False,False,False,False,True,0.45331834004703764
30076,5,1,1,0,0,1,294.78303,68.58674,75.82258,19.27721,46.2449846,282.7868415,0,0,0,0,2016,0,0,0,2016.0,14.117,13.067,13.483,13.14,14.795,6.4405598,6.00165,2.33688,15.77979614,14.5892,0.96,15.497,861.494,5723.0,13.062,13.032,12.511,9.623,1.13204,4.47,0.98,False,True,False,False,False,False,True,0.359835482339888
30086,5,1,1,0,0,1,320.53972,64.81341,80.46178,9.49001,46.2759867,298.3848866,0,0,0,0,2016,0,0,0,2016.0,13.9703,12.662,13.195,12.72,14.81,12.4278663,-8.85936,8.71571,14.03491514,14.5441,0.81,15.745,527.995,5268.0,12.677,12.599,11.936,8.861,1.86534,4.55,0.85,False,True,False,False,False,False,True,0.37839790094813774
30122,5,1,1,0,0,1,297.46567,69.64842,77.32189,19.08852,47.5161237,283.7407247,0,0,0,0,2016,0,0,0,2016.0,13.776,11.573,12.437,11.802,15.549,37.6593002,-37.6593,-0.0041178,1.682696148,14.8277,0.48,17.695,173.354,3712.0,11.462,11.491,11.191,9.477,5.73985,4.77,0.51,False,True,False,False,False,False,True,0.12057393120584989
30134,5,1,1,0,0,1,302.5632,69.66952,78.47948,17.6986,48.0609256,286.2498525,0,0,0,0,2016,0,0,0,2016.0,14.3459,13.335,13.67,13.417,15.087,3.7428919,-2.07266,3.11662,3.595769645,14.8038,1.08,15.458,1221.96,5860.0,13.347,13.303,12.716,9.55,0.789644,4.39,1.05,False,True,False,False,False,False,True,0.414973347970818
30144,5,1,3,0,0,1,311.01676,68.90511,80.05008,15.00864,48.4159782,290.8490899,0,0,0,0,2016,0,0,0,2016.0,14.211,13.291,13.579,13.263,14.84,8.1141554,-8.11222,-0.177214,5.404272197,14.6704,1.11,15.607,900.678,5980.0,13.257,13.214,13.027,8.983,1.08162,4.38,1.09,False,True,False,False,False,False,True,0.49968708261840383
30163,5,1,3,0,0,1,311.01676,68.90511,80.05008,15.00864,48.4159782,290.8490899,0,0,0,0,2016,0,0,0,2016.0,14.211,13.291,13.579,13.263,14.84,8.1141554,-8.11222,-0.177214,1.208465026,14.6704,1.11,15.607,900.678,5980.0,13.257,13.214,13.027,8.983,1.08162,4.38,1.09,False,True,False,False,False,False,True,0.22788670461367352
30173,5,1,3,0,0,0,311.01676,68.90511,80.05008,15.00864,48.4159782,290.8490899,0,0,0,0,2017,0,0,0,2023.0,14.211,13.291,13.579,13.263,14.84,8.1141554,-8.11222,-0.177214,11.67894236,14.6704,0.964,15.607,900.678,6122.0,13.257,13.214,13.027,8.983,1.08162,4.487,1.041,True,False,True,False,False,False,False,0.6201360549737576
30175,5,1,5,0,0,1,294.97936,67.64638,75.0375,18.69539,45.3496992,283.2125621,0,0,0,0,2014,0,0,0,2013.0,13.1285,11.659,12.256,11.739,13.965,40.0529337,-31.1696,-25.1534,5.714932,13.7197,0.64,15.027,300.874,4925.0,11.662,11.607,11.678,8.652,3.29474,4.68,0.69,False,True,True,False,False,False,False,0.11727129565576427
30188,5,1,5,0,0,1,294.97936,67.64638,75.0375,18.69539,45.3496992,283.2125621,0,0,0,0,2014,0,0,0,2013.0,13.1285,11.659,12.256,11.739,13.965,40.0529337,-31.1696,-25.1534,12.4417,13.7197,0.64,15.027,300.874,4925.0,11.662,11.607,11.678,8.652,3.29474,4.68,0.69,False,True,True,False,False,False,False,-0.2676062401770315
30202,5,1,5,0,0,1,294.97936,67.64638,75.0375,18.69539,45.3496992,283.2125621,0,0,0,0,2014,0,0,0,2013.0,13.1285,11.659,12.256,11.739,13.965,40.0529337,-31.1696,-25.1534,18.16406,13.7197,0.64,15.027,300.874,4925.0,11.662,11.607,11.678,8.652,3.29474,4.68,0.69,False,True,True,False,False,False,False,0.290034611362518
30215,5,1,5,0,0,1,294.97936,67.64638,75.0375,18.69539,45.3496992,283.2125621,0,0,2,0,2014,0,0,0,2013.0,13.1285,11.659,12.256,11.739,13.965,40.0529337,-31.1696,-25.1534,122.3874,13.7197,0.64,15.027,300.874,4925.0,11.662,11.607,11.678,8.652,3.29474,4.68,0.69,False,True,True,False,False,False,False,0.20682587603184974
30231,5,1,5,0,0,1,294.97936,67.64638,75.0375,18.69539,45.3496992,283.2125621,0,0,0,0,2014,0,0,0,2013.0,13.1285,11.659,12.256,11.739,13.965,40.0529337,-31.1696,-25.1534,267.291,13.7197,0.64,15.027,300.874,4925.0,11.662,11.607,11.678,8.652,3.29474,4.68,0.69,False,True,True,False,False,False,False,0.14921911265537988
30244,5,1,1,0,0,1,315.19238,71.46736,82.90377,16.00793,51.3348228,291.1593939,0,0,0,0,2016,0,0,0,2016.0,14.21,13.284,13.591,13.292,14.844,12.1880098,-12.1837,0.324096,12.91375431,14.6381,1.22,15.337,1355.28,6155.0,13.193,13.176,13.054,9.283,0.709144,4.33,1.15,False,True,False,False,False,False,True,0.5211380837040362
30265,5,1,1,0,0,1,294.70404,63.13592,71.06491,16.24557,40.9331723,284.4784454,0,0,0,0,2016,0,0,0,2016.0,13.8419,11.909,12.689,12.073,15.052,15.6033671,15.07,-4.04477,14.28226676,14.6521,0.61,16.454,284.761,4201.0,11.877,11.795,11.61,9.386,3.48291,4.67,0.64,False,True,False,False,False,False,True,0.3283796034387377
30273,5,1,1,0,0,1,319.77047,66.3152,81.05735,10.90881,47.4773531,296.9867284,0,0,0,0,2016,0,0,0,2016.0,14.4287,13.211,13.729,13.321,15.028,8.7145751,-8.27182,-2.74241,9.07097734,14.9634,0.86,15.72,737.702,5443.0,13.053,13.016,12.787,9.001,1.32734,4.53,0.9,False,True,False,False,False,False,True,0.47856649559384334
30277,5,1,1,0,0,1,310.30151,59.50346,73.3545,8.26063,39.5396946,295.1933631,0,0,0,0,2016,0,0,0,2016.0,13.0604,12.205,12.514,12.195,13.637,6.3741226,6.3666,0.309586,14.58649607,13.4569,1.18,13.886,748.188,6117.0,12.187,12.111,11.976,9.285,1.3081,4.33,1.1,False,True,False,False,False,False,True,0.36361197989214433
30311,5,1,1,0,0,1,300.75302,61.16593,71.22602,12.80662,39.7082044,288.6986828,0,0,0,0,2016,0,0,0,2016.0,13.4832,12.388,12.781,12.438,14.086,15.0649994,-14.8758,2.38008,14.48585199,13.9435,1.05,14.891,635.643,5813.0,12.355,12.319,12.399,9.37,1.54443,4.4,1.01,False,True,False,False,False,False,True,0.359835482339888
30325,5,1,1,0,0,1,305.93896,60.47837,72.44195,10.47368,39.7678585,292.1042198,0,0,0,0,2016,0,0,0,2016.0,13.5261,12.608,12.916,12.657,14.181,11.177995,-7.68065,-8.12128,40.6994443,13.949,1.49,14.464,984.307,6424.0,12.497,12.441,12.369,8.877,0.987298,4.21,1.3,False,True,False,False,False,False,True,0.5717088318086876
30332,5,1,1,0,0,1,301.98992,61.24508,71.68488,12.40577,39.9450757,289.4179128,0,0,0,0,2016,0,0,0,2016.0,12.8312,11.646,12.107,11.729,13.481,16.3420311,10.5215,12.5044,7.2385854,13.358,0.84,14.506,372.05,5444.0,11.65,11.605,11.642,9.396,2.65893,4.55,0.93,False,True,False,False,False,False,True,0.13987908640123647
30342,5,1,1,0,1,1,309.47471,70.36407,80.68879,16.43629,49.5482814,289.2262876,0,0,0,0,2014,0,0,0,2013.0,11.0579,9.997,10.399,10.096,12.02,27.4117198,23.3638,14.3365,9.4341505,11.5352,0.901,12.358,194.033,5576.0,10.003,9.953,9.971,9.19,5.12497,4.52,0.984,False,True,False,True,False,False,False,0.7860412102425542
30365,5,1,1,0,0,1,308.00288,60.32773,73.06923,9.64892,39.9423967,293.4270647,0,0,0,0,2016,0,0,0,2016.0,13.3733,12.293,12.686,12.376,14.001,6.9527487,-5.56408,4.16914,161.4743937,13.8518,1.04,14.625,839.784,5829.0,12.281,12.264,12.649,9.393,1.16214,4.42,1.02,False,True,False,False,False,False,True,0.5024271199844327
30377,5,1,1,0,0,1,313.18004,59.70145,74.59769,7.45831,40.2281717,296.885724,0,0,0,0,2016,0,0,0,2016.0,13.0869,12.208,12.519,12.263,13.563,12.0998112,-11.1053,-4.80393,17.97979059,13.493,1.33,14.191,761.966,6185.0,12.195,12.145,12.441,9.387,1.28382,4.28,1.24,False,True,False,False,False,False,True,0.4623979978989561
30413,5,1,1,0,0,1,305.15819,61.57958,72.98129,11.51067,40.7027352,291.19509,0,0,0,0,2016,0,0,0,2016.0,13.0982,12.16,12.511,12.22,13.626,8.8442214,7.96902,3.83601,5.16950177,13.4921,1.24,14.249,888.027,6075.0,12.188,12.148,12.9,9.259,1.09734,4.26,1.03,False,True,False,False,False,False,True,0.2764618041732441
30418,5,1,1,0,0,1,303.04185,61.99032,72.59591,12.52439,40.8007019,289.7732613,0,0,0,0,2016,0,0,0,2016.0,12.8335,11.903,12.235,11.959,13.36,4.5619207,-3.23561,-3.21589,23.44971004,13.2638,1.51,14.101,1141.08,6174.0,11.915,11.887,12.128,8.784,0.847678,4.2,1.33,False,True,False,False,False,False,True,0.42160392686983106
30439,5,1,1,0,0,1,307.4811,61.96998,74.05044,11.00115,41.4168384,292.4172566,0,0,0,0,2016,0,0,0,2016.0,12.9667,12.182,12.459,12.227,13.5,5.4686097,-4.75975,2.69267,23.20584623,13.3288,2.56,13.924,786.091,6096.0,12.149,12.12,12.084,9.203,1.24337,3.84,1.64,False,True,False,False,False,False,True,0.6766936096248666
30452,5,1,1,0,0,1,295.77113,63.72751,71.85484,16.19611,41.6172093,284.9194213,0,0,0,0,2016,0,0,0,2016.0,12.9774,11.683,12.181,11.765,13.658,2.9283897,1.4181,2.56212,6.07972888,13.5186,0.93,14.549,991.214,5382.0,11.686,11.64,11.444,8.953,0.980073,4.43,0.88,False,True,False,False,False,False,True,0.2624510897304295
30467,5,1,1,0,0,1,307.34635,62.31915,74.25482,11.29385,41.726944,292.1868271,0,0,0,0,2016,0,0,0,2016.0,12.8379,11.89,12.212,11.948,13.358,23.3889908,-22.814,-5.15425,10.21420496,13.2686,1.29,14.158,850.242,5896.0,11.883,11.844,11.732,9.232,1.1474,4.27,1.14,False,True,False,False,False,False,True,0.37657695705651195
30478,5,1,1,0,0,1,313.36638,61.70839,75.96328,8.9447,42.1317392,296.0322,0,0,0,0,2016,0,0,0,2016.0,13.1964,12.113,12.507,12.18,13.885,14.9977484,14.968,0.944157,22.24813967,13.687,0.94,14.717,557.787,5653.0,12.113,12.072,12.703,9.327,1.76402,4.5,1.01,False,True,False,False,False,False,True,0.4082399653118496
30485,5,1,1,0,0,1,307.35075,63.15313,74.85588,11.88448,42.5161945,291.8235292,0,0,0,0,2016,0,0,0,2016.0,13.2772,12.186,12.576,12.256,13.807,6.9911869,-6.13219,3.35752,9.48961571,13.7625,1.13,14.614,969.918,5713.0,12.218,12.129,12.616,9.341,1.00232,4.33,1.02,False,True,False,False,False,False,True,0.26717172840301384
30503,5,1,1,0,0,1,310.49588,62.7528,75.63245,10.60971,42.624948,293.8345542,0,0,0,0,2016,0,0,0,2016.0,12.9234,12.095,12.363,12.152,13.335,2.1432782,-1.61485,1.40922,4.41745855,13.2945,1.66,13.787,781.582,6570.0,12.081,12.059,11.754,9.379,1.25067,4.14,1.4,False,True,False,False,False,False,True,0.4623979978989561
30509,5,1,1,0,0,1,305.2903,63.86757,74.72295,13.04119,42.8982283,290.3272423,0,0,0,0,2016,0,0,0,2016.0,13.1314,11.583,12.212,11.672,13.988,14.5657256,-8.8195,-11.5921,16.33889626,13.7694,2.52,15.09,1063.58,4908.0,11.605,11.529,11.484,9.128,0.91145,3.64,1.0,False,True,False,False,False,False,True,1.0068937079479006
30520,5,1,1,0,0,1,313.64632,63.12373,76.98011,9.95162,43.4931119,295.4757022,0,0,0,0,2016,0,0,0,2016.0,13.5456,12.574,12.921,12.725,14.031,6.3638146,-4.6424,-4.35273,3.173917103,13.9601,1.81,15.251,1318.05,6747.0,12.476,12.471,11.731,9.318,0.730368,4.09,1.49,False,True,False,False,False,False,True,0.4983105537896005
30537,5,1,1,0,0,1,306.1258,64.94647,75.78138,13.52399,44.0358625,290.3227098,0,0,0,0,2016,0,0,0,2016.0,13.625,12.589,12.924,12.624,13.944,1.7006465,-1.49466,-0.811289,3.275822621,14.0305,1.21,14.666,1173.57,6170.0,12.5,12.463,12.484,9.122,0.823311,4.33,1.13,False,True,False,False,False,False,True,0.3222192947339193
30546,5,1,1,0,0,1,306.63941,65.24297,76.15527,13.5747,44.3870422,290.4714596,0,0,0,0,2016,0,0,0,2016.0,13.2692,12.089,12.525,12.139,14.026,21.3107943,-4.1014,20.9124,15.87364565,13.7654,0.91,14.835,451.794,5634.0,12.096,12.06,12.157,8.941,2.18456,4.49,0.93,False,True,False,False,False,False,True,0.29885307640970665
30558,5,1,2,0,0,1,297.2768,66.63581,74.70457,17.385,44.5916225,284.7882977,0,0,0,0,2016,0,0,0,2016.0,13.5168,12.611,12.898,12.585,14.067,11.9571953,-11.9287,0.825007,16.2254649,13.9345,1.07,14.762,1087.87,6020.0,12.573,12.524,12.38,9.198,0.890439,4.39,1.03,False,True,False,False,False,False,True,0.06818586174616162
30570,5,1,1,0,0,1,295.9926,67.20594,74.88554,18.12577,45.0169137,283.8996207,0,0,0,0,2016,0,0,0,2016.0,13.4432,12.44,12.803,12.52,14.027,4.0878083,3.19054,-2.55551,17.4211749,13.9145,0.98,14.802,636.03,5741.0,12.469,12.392,12.363,9.494,1.54355,4.48,1.05,False,True,False,False,False,False,True,0.5078558716958309
30587,5,1,1,0,0,1,299.1101,66.94314,75.41525,16.99071,45.0794516,285.6558336,0,0,0,0,2016,0,0,0,2016.0,12.9759,12.036,12.377,12.016,13.556,27.9492149,-22.137,-17.062,29.90722674,13.3936,0.94,14.263,513.748,5871.0,11.983,11.956,11.967,9.387,1.91768,4.48,0.97,False,True,False,False,False,False,True,0.35410843914740087
30598,5,1,4,0,0,1,301.56513,62.55713,72.56961,13.41465,41.1511076,288.6887221,0,0,0,0,2014,0,0,0,2012.0,10.593,9.806,10.066,9.852,10.922,14.2223342,-14.1892,0.970255,2.15491,10.9656,1.41,11.617,303.728,6211.0,9.801,9.761,9.74,9.252,3.26384,4.232,1.25,False,True,True,False,False,False,False,0.15228834438305647
30606,5,1,4,0,1,1,301.56513,62.55713,72.56961,13.41465,41.1511076,288.6887221,0,0,0,0,2014,0,0,0,2012.0,10.593,9.806,10.066,9.852,10.922,14.2223342,-14.1892,0.970255,5.859944,10.9656,1.41,11.617,303.728,6211.0,9.801,9.761,9.74,9.252,3.26384,4.232,1.25,False,True,True,False,False,False,False,0.41161970596323016
30634,5,1,4,0,1,1,301.56513,62.55713,72.56961,13.41465,41.1511076,288.6887221,0,0,0,0,2014,0,0,0,2012.0,10.593,9.806,10.066,9.852,10.922,14.2223342,-14.1892,0.970255,8.13123,10.9656,1.41,11.617,303.728,6211.0,9.801,9.761,9.74,9.252,3.26384,4.232,1.25,False,True,True,False,False,False,False,0.18184358794477257
30651,5,1,1,0,1,1,302.8702,67.67444,76.96162,16.3252,46.2034366,287.3327284,0,0,0,0,2016,0,0,0,2016.0,13.4636,12.27,12.719,12.397,14.233,21.5661108,-19.7701,-8.61628,21.38521506,13.9621,0.87,15.534,509.408,5522.0,12.31,12.254,13.072,9.382,1.93419,4.53,0.92,False,True,False,False,False,False,True,0.37474834601010387
30660,5,1,1,0,0,1,304.26348,67.78199,77.40775,15.99842,46.4736108,288.0080899,0,0,0,0,2016,0,0,0,2016.0,12.9193,11.737,12.192,11.848,13.618,19.2655351,19.1656,-1.95975,4.182002531,13.4353,0.88,14.799,394.55,5490.0,11.704,11.656,11.346,8.718,2.50564,4.54,0.97,False,True,False,False,False,False,True,0.3961993470957364
30676,5,1,2,0,0,1,294.032,69.14021,76.15849,19.80583,46.7177898,282.2130447,0,0,0,0,2016,0,0,0,2016.0,12.8615,11.793,12.194,11.868,13.498,16.3367543,-7.37627,14.5767,14.70748976,13.3461,1.19,14.677,595.634,5665.0,11.831,11.773,12.128,9.599,1.65,4.29,1.02,False,True,False,False,False,False,True,0.290034611362518
30683,5,1,2,0,0,1,294.032,69.14021,76.15849,19.80583,46.7177898,282.2130447,0,0,0,0,2016,0,0,0,2016.0,12.8615,11.793,12.194,11.868,13.498,16.3367543,-7.37627,14.5767,0.900376476,13.3461,1.19,14.677,595.634,5665.0,11.831,11.773,12.128,9.599,1.65,4.29,1.02,False,True,False,False,False,False,True,-0.10790539730951958
30701,5,1,1,0,0,1,319.18924,65.71449,80.5095,10.55253,46.8342497,297.0683931,0,0,0,0,2016,0,0,0,2016.0,13.1933,12.158,12.516,12.202,13.762,13.3907164,-12.3263,-5.23198,13.72465129,13.6614,1.11,14.317,974.124,5865.0,12.009,11.949,11.899,9.46,0.997899,4.36,1.04,False,True,False,False,False,False,True,0.3159703454569177
30706,5,1,1,0,0,1,319.48313,65.66496,80.58117,10.44242,46.843165,297.2590664,0,0,0,0,2016,0,0,0,2016.0,13.0721,12.214,12.495,12.243,13.568,13.2936728,-9.21088,-9.58548,46.4063358,13.4641,1.24,14.149,752.562,6170.0,12.196,12.166,11.776,9.317,1.30007,4.31,1.15,False,True,False,False,False,False,True,0.4329692908744057
30722,5,1,2,0,0,1,305.63224,68.56502,78.367,16.14809,47.381538,288.3278778,0,0,0,0,2016,0,0,0,2016.0,14.7819,13.503,14.054,13.616,15.549,4.6734532,-4.07994,-2.27931,1.260259094,15.337,0.82,16.314,890.352,5281.0,13.6,13.5,12.852,9.18,1.09472,4.56,0.86,False,True,False,False,False,False,True,0.4941545940184428
30725,5,1,2,0,0,0,305.63224,68.56502,78.367,16.14809,47.381538,288.3278778,0,0,0,0,2017,0,0,0,2023.0,14.7819,13.503,14.054,13.616,15.549,4.6734532,-4.07994,-2.27931,5.25449393,15.337,0.954,16.314,890.352,5550.0,13.6,13.5,12.852,9.18,1.09472,4.5,1.05,True,False,True,False,False,False,False,0.14921911265537988
30732,5,1,1,0,0,1,310.43836,67.7928,79.10657,14.33807,47.3077545,291.1973006,0,0,0,0,2016,0,0,0,2016.0,14.8331,13.761,14.135,13.812,15.404,5.7088189,-5.62502,0.974558,24.54350418,15.319,1.01,15.878,1691.88,5808.0,13.598,13.562,12.432,9.215,0.562187,4.44,1.01,False,True,False,False,False,False,True,0.5465426634781311
30750,5,1,1,0,0,1,296.09018,69.84415,77.20416,19.5912,47.5783897,282.983621,0,0,0,0,2016,0,0,0,2016.0,14.6483,12.627,13.441,12.727,16.44,51.3999913,-45.4667,-23.9737,1.287076762,15.491,0.6,17.662,388.384,4103.0,12.571,12.535,12.297,8.952,2.54642,4.68,0.63,False,True,False,False,False,False,True,0.21218760440395779
30761,5,1,1,0,0,1,304.48994,68.8501,78.29647,16.64683,47.5096893,287.6081777,0,0,0,0,2016,0,0,0,2016.0,14.9227,13.353,13.963,13.471,15.758,4.7368439,-1.46781,-4.50369,17.671796,15.5655,0.74,16.535,722.64,4870.0,13.433,13.37,12.653,9.415,1.35546,4.6,0.79,False,True,False,False,False,False,True,0.3979400086720376
30767,5,1,1,0,1,1,314.30609,66.47612,79.37647,12.35796,46.687728,293.9815378,0,0,0,0,2014,0,0,0,2013.0,14.6768,13.621,14.021,13.689,15.29,9.4345682,-8.78399,-3.44276,17.815815,15.1474,0.966,15.269,1202.96,5962.0,13.479,13.512,13.012,9.591,0.802988,4.484,1.038,False,True,True,False,False,False,False,0.4471580313422192
30780,5,1,1,0,1,1,305.62567,68.93112,78.64558,16.39814,47.7245642,288.1382985,0,0,0,0,2016,0,0,0,2016.0,14.623,13.033,13.672,13.12,15.559,20.9466841,20.7188,3.08138,9.27358194,15.2644,0.71,17.145,568.431,4779.0,13.006,12.967,12.343,9.185,1.73079,4.61,0.75,False,True,False,False,False,False,True,0.4099331233312945
30789,5,1,1,0,0,1,297.68462,69.98775,77.66083,19.22395,47.8631748,283.7107463,0,0,0,0,2016,0,0,0,2016.0,15.0532,13.231,14.001,13.37,16.016,28.5498649,-20.6578,-19.7066,6.029301321,15.8003,0.67,17.678,534.788,4483.0,13.206,13.166,12.572,9.276,1.84175,4.64,0.7,False,True,False,False,False,False,True,0.48713837547718647
30794,5,1,1,0,0,1,309.84653,68.55523,79.48167,15.0438,47.9291252,290.4650801,0,0,0,0,2016,0,0,0,2016.0,14.7396,13.201,13.81,13.298,15.598,13.53049,-13.1495,-3.18823,21.67697486,15.3741,0.74,16.83,815.637,4897.0,13.211,13.171,12.693,9.514,1.19793,4.6,0.79,False,True,False,False,False,False,True,0.33845649360460484
30806,5,1,1,0,0,1,321.53417,66.47986,81.74667,10.64959,47.9466342,297.8082232,0,0,0,0,2016,0,0,0,2016.0,15.2715,13.903,14.448,14.018,15.881,5.2042064,-5.18621,0.432424,4.99678284,15.8686,0.82,16.745,1063.09,5264.0,13.891,13.836,13.032,9.317,0.91283,4.55,0.86,False,True,False,False,False,False,True,0.414973347970818
30819,5,1,1,0,0,1,307.20399,69.25491,79.29355,16.21038,48.226203,288.7549029,0,0,0,0,2016,0,0,0,2016.0,15.0105,13.952,14.366,14.064,15.663,3.4065981,3.07913,1.45735,2.525593315,15.499,1.02,16.621,1210.12,5754.0,14.003,13.932,13.078,9.621,0.797882,4.43,1.01,False,True,False,False,False,False,True,0.42488163663106704
30831,5,1,1,0,0,1,320.99054,67.19345,81.96749,11.36229,48.4785669,297.0255947,0,0,0,0,2016,0,0,0,2016.0,14.7538,13.214,13.855,13.323,15.612,4.577912,-4.31221,-1.53692,16.01310205,15.4019,0.74,16.385,612.838,4913.0,13.264,13.179,12.513,8.997,1.60366,4.6,0.79,False,True,False,False,False,False,True,0.414973347970818
30838,5,1,1,0,0,1,323.51198,67.01855,82.7112,10.68424,48.7915925,298.4568899,0,0,0,0,2016,0,0,0,2016.0,14.8573,13.807,14.199,13.853,15.422,5.3671884,4.44745,3.00448,4.49876092,15.3405,1.05,16.282,1508.71,5887.0,13.86,13.813,13.007,9.347,0.634662,4.41,1.03,False,True,False,False,False,False,True,0.38021124171160603
30848,5,1,1,0,0,1,319.38678,68.12022,81.99268,12.47127,49.0172956,295.5549918,0,0,0,0,2016,0,0,0,2016.0,14.7838,13.519,13.948,13.596,15.362,7.9366152,-7.41027,-2.84214,41.43962808,15.3616,0.87,16.125,2302.45,5327.0,13.521,13.463,13.014,9.37,0.405112,4.53,0.91,False,True,False,False,False,False,True,0.6748611407378116
30859,5,1,1,0,0,1,302.33789,70.98077,79.49209,18.59261,49.2772713,285.4992845,0,0,0,0,2016,0,0,0,2016.0,14.7535,13.533,13.996,13.582,15.365,13.1355444,-13.089,1.10481,8.35390639,15.2931,0.82,16.235,784.618,5352.0,13.522,13.473,13.014,9.368,1.24609,4.55,0.87,False,True,False,False,False,False,True,0.43136376415898736
30868,5,1,1,0,0,1,313.81149,69.37866,81.14548,14.7035,49.2539473,291.9361615,0,0,0,0,2016,0,0,0,2016.0,15.0118,14.198,14.38,14.083,15.742,8.8219632,-8.63381,-1.81228,4.125546869,15.4817,1.2,16.759,2063.41,6038.0,14.042,13.983,12.545,9.677,0.454876,4.34,1.15,False,True,False,False,False,False,True,0.6839471307515121
30881,5,1,1,0,0,1,314.05499,65.95119,78.9546,12.01771,46.1663976,294.1533505,0,0,0,0,2014,0,0,0,2013.0,15.5813,14.155,14.741,14.341,16.172,9.3297341,-8.67864,-3.4242,15.7259,16.1723,0.778,16.324,1131.19,5331.0,14.097,13.985,12.522,9.113,0.857968,4.594,0.865,False,True,True,False,False,False,False,0.46834733041215726
30894,5,1,1,0,0,1,321.89873,67.85461,82.63553,11.72179,49.2252988,297.0154644,0,0,0,0,2016,0,0,0,2016.0,14.4889,13.315,13.732,13.393,15.162,4.550097,-3.82503,-2.46425,2.816504852,15.0268,0.99,16.049,939.744,5709.0,13.364,13.286,12.549,9.319,1.03558,4.44,0.99,False,True,False,False,False,False,True,1.1199154102579911
30897,5,1,1,0,0,1,317.71295,68.76878,81.87528,13.35762,49.3140933,294.2657519,0,0,0,0,2016,0,0,0,2016.0,14.844,13.769,14.121,13.756,15.491,7.4278384,-7.34515,-1.10524,4.280958588,15.3578,0.95,15.488,1168.26,5624.0,13.585,13.474,12.951,9.38,0.827859,4.47,0.97,False,True,False,False,False,False,True,0.42975228000240795
30919,5,1,1,0,0,1,312.82779,70.41817,81.5855,15.71073,50.0540561,290.7857595,0,0,0,0,2016,0,0,0,2016.0,14.9605,13.669,14.179,13.825,15.592,10.286345,-9.35867,-4.26898,3.728731093,15.5056,0.84,16.437,918.21,5355.0,13.733,13.66,12.41,9.199,1.06061,4.54,0.88,False,True,False,False,False,False,True,0.8155777483242672
30930,5,1,1,0,0,1,302.6239,71.87322,80.28251,19.08773,50.1496897,285.1761864,0,0,0,0,2016,0,0,0,2016.0,14.3311,12.394,13.213,12.521,15.569,23.2412633,-23.099,-2.56759,2.243381847,15.1272,0.57,17.35,342.254,4192.0,12.391,12.354,12.308,9.093,2.89322,4.69,0.6,False,True,False,False,False,False,True,0.22788670461367352
30942,5,1,1,0,0,1,318.19513,69.71126,82.59658,14.01054,50.2303479,293.8334488,0,0,0,0,2016,0,0,0,2016.0,14.7087,13.195,13.81,13.3,15.605,15.2872232,5.13105,14.4004,2.33743801,15.3356,0.75,16.563,665.68,4945.0,13.305,13.221,12.658,9.441,1.47401,4.6,0.79,False,True,False,False,False,False,True,0.3873898263387294
30951,5,1,1,0,0,1,322.08148,69.03197,83.35181,12.67076,50.2873626,296.2220259,0,0,0,0,2016,0,0,0,2016.0,14.8109,12.628,13.474,12.813,17.15,33.3695721,32.2834,8.44455,11.59822172,15.8791,0.49,18.122,295.196,3701.0,12.491,12.497,12.085,9.112001,3.3591,4.77,0.51,False,True,False,False,False,False,True,0.48287358360875376
30959,5,1,1,0,0,1,311.96005,70.84554,81.65877,16.2211,50.3215731,290.0980478,0,0,0,0,2016,0,0,0,2016.0,14.8143,13.686,14.071,13.793,15.504,10.9114069,-9.5702,-5.24119,6.57531678,15.297,0.99,16.076,1954.08,5723.0,13.693,13.569,13.258,9.635,0.48221,4.45,1.0,False,True,False,False,False,False,True,0.7307822756663892
30971,5,1,1,0,1,1,321.16432,69.45177,83.31207,13.20027,50.4945093,295.4552577,0,0,0,0,2016,0,0,0,2016.0,14.5168,13.26,13.732,13.402,15.161,10.450009,-8.8542,-5.5503,7.27503724,15.0614,0.91,15.758,1826.15,5520.0,13.051,13.145,12.862,9.496,0.518784,4.5,0.94,False,True,False,False,False,False,True,0.7109631189952758
30982,5,1,1,0,0,1,322.1574,69.339,83.54705,12.91313,50.5678019,296.0213374,0,0,0,0,2016,0,0,0,2016.0,14.989,13.692,14.196,13.783,15.771,5.394461,5.35631,-0.640432,12.39358604,15.5291,0.84,16.495,922.244,5403.0,13.763,13.732,13.108,9.518,1.05616,4.54,0.87,False,True,False,False,False,False,True,0.47856649559384334
31035,5,1,1,0,0,1,315.00714,70.69603,82.34558,15.45125,50.6181793,291.622381,0,0,0,0,2016,0,0,0,2016.0,14.7221,13.764,14.012,13.72,15.321,10.6517557,-10.6509,-0.135016,3.689926291,15.2152,1.11,16.715,1492.48,5890.0,13.676,13.606,13.43,9.709,0.641207,4.38,1.08,False,True,False,False,False,False,True,0.38381536598043126
31043,5,1,1,0,0,1,311.92907,71.87375,82.37394,16.98767,51.2502428,289.3997364,0,0,0,0,2016,0,0,0,2016.0,14.6229,13.172,13.757,13.272,15.584,20.3344874,-20.3218,0.718207,26.39435646,15.2271,0.76,16.647,686.923,5021.0,13.256,13.134,12.952,9.184,1.42719,4.58,0.8,False,True,False,False,False,False,True,0.4885507165004443
31049,5,1,1,0,0,1,312.08053,72.39063,82.77499,17.33766,51.7373589,289.1122204,0,0,0,0,2016,0,0,0,2016.0,14.6048,13.478,13.942,13.546,15.556,9.4599125,-8.16133,-4.78358,12.61190667,15.1172,0.89,16.367,1979.25,5559.0,13.368,13.354,13.055,9.699,0.475647,4.51,0.92,False,True,False,False,False,False,True,0.8674674878590515
31065,5,1,1,0,0,1,303.88105,58.84865,70.51465,10.10013,37.9056293,291.4399598,0,0,0,0,2016,0,0,0,2016.0,14.5076,13.358,13.812,13.465,15.072,8.8262534,-7.0363,-5.32853,2.539183179,15.0008,0.95,15.55,1023.07,5703.0,13.47,13.401,12.52,9.279,0.949519,4.47,0.96,False,True,False,False,False,False,True,0.2944662261615929
31075,5,1,1,0,0,1,303.2435,59.32721,70.64665,10.66531,38.2735978,290.8704935,0,0,0,0,2016,0,0,0,2016.0,15.0608,13.828,14.318,13.91,15.695,7.0546271,-6.96102,-1.14541,6.770302008,15.5793,0.86,16.652,1731.27,5493.0,13.87,13.835,12.441,9.213,0.549575,4.53,0.89,False,True,False,False,False,False,True,0.5263392773898441
31083,5,1,1,0,0,1,307.70417,58.77699,71.86863,8.63764,38.4229184,293.8719143,0,0,0,0,2016,0,0,0,2016.0,14.4669,13.307,13.656,13.355,15.186,6.6525234,-6.64583,-0.298348,1.6255222,15.0191,1.16,15.341,938.715,5963.0,13.182,13.12,13.105,8.583,1.038,4.36,1.11,False,True,False,False,False,False,True,1.024485667699167
31093,5,1,1,0,0,1,294.99098,61.1532,69.46155,14.99461,39.027466,285.213819,0,0,0,0,2016,0,0,0,2016.0,15.0236,13.917,14.35,13.941,16.02,4.2326462,4.23138,0.103523,1.594745463,15.5242,0.92,16.403,1490.94,5649.0,13.823,13.835,12.613,8.869,0.642082,4.49,0.94,False,True,False,False,False,False,True,1.084576277934331
31103,5,1,1,0,0,1,301.39272,60.50434,70.9172,12.14032,39.1532911,289.3154576,0,0,0,0,2016,0,0,0,2016.0,14.7501,13.216,13.842,13.251,15.695,5.3571442,4.56989,2.79555,20.50586978,15.3943,0.73,16.871,633.66,4841.0,13.287,13.186,12.294,9.215,1.54984,4.6,0.77,False,True,False,False,False,False,True,0.5465426634781311
31117,5,1,1,0,0,1,309.37896,59.42221,72.949,8.51634,39.3083446,294.6552312,0,0,0,0,2016,0,0,0,2016.0,15.1748,13.924,14.364,13.969,15.805,1.5298436,-1.03371,1.12777,3.895936844,15.7323,0.96,16.159,1357.75,5715.0,13.949,13.793,12.941,9.21,0.709307,4.47,0.98,False,True,False,False,False,False,True,0.9894498176666918
31122,5,1,1,0,0,1,309.5964,59.60978,73.15953,8.57962,39.5216975,294.7106347,0,0,0,0,2016,0,0,0,2016.0,15.0371,13.714,14.236,13.849,15.938,7.5249665,-6.78439,3.25533,22.36656079,15.592,0.88,15.945,1131.73,5518.0,13.808,13.715,12.884,9.278,0.856861,4.51,0.91,False,True,False,False,False,False,True,0.4608978427565479
31141,5,1,2,0,0,1,311.4598,64.99488,77.48226,11.99414,44.8688656,293.2609013,0,0,0,0,2014,0,0,0,2013.0,13.2617,12.234,12.631,12.284,13.866,11.7957421,-6.70653,-9.70371,13.722341,13.712,0.93,14.655,730.625,5638.0,12.231,12.168,12.206,9.406,1.33989,4.4,0.81,False,True,True,False,False,False,False,0.35024801833416286
31143,5,1,2,0,0,1,311.4598,64.99488,77.48226,11.99414,44.8688656,293.2609013,0,0,0,0,2014,0,0,0,2013.0,13.2617,12.234,12.631,12.284,13.866,11.7957421,-6.70653,-9.70371,242.4613,13.712,0.93,14.655,730.625,5638.0,12.231,12.168,12.206,9.406,1.33989,4.4,0.81,False,True,True,False,False,False,False,0.23299611039215384
31159,5,1,1,0,0,1,309.44077,59.90155,73.30113,8.84735,39.7714758,294.4899225,0,0,0,0,2016,0,0,0,2016.0,15.1513,14.106,14.412,14.113,15.701,3.8763537,2.54879,2.92058,7.748094374,15.6723,1.16,16.692,1665.31,5913.0,13.99,13.846,12.379,9.426,0.57419,4.35,1.11,False,True,False,False,False,False,True,0.7745169657285496
31173,5,1,1,0,0,1,301.10761,61.4561,71.56598,12.86404,40.0332311,288.8117314,0,0,0,0,2016,0,0,0,2016.0,14.7529,12.492,13.405,12.723,16.6,58.6682582,-36.6724,-45.7941,8.114379,15.8385,0.5,18.361,279.115,3715.0,12.41,12.415,12.807,9.325,3.55464,4.76,0.53,False,True,False,False,False,False,True,0.320146286111054
31178,5,1,1,0,0,1,310.11036,60.18907,73.74718,8.83378,40.1537027,294.7768068,0,0,0,0,2016,0,0,0,2016.0,14.9817,13.702,14.204,13.776,15.676,8.78621,-7.46934,-4.62671,21.81293494,15.5495,0.86,16.523,991.336,5440.0,13.784,13.675,12.426,9.454001,0.981381,4.53,0.9,False,True,False,False,False,False,True,0.4927603890268375
31191,5,2,1,0,1,2,292.44039,62.7686,70.14768,16.89476,40.3582155,283.253527,0,0,0,0,2016,0,0,0,2016.0,15.7592,14.178,14.877,14.359,16.7286,5.3423964,-2.8438,-4.52261,15.37563332,16.414,0.72,17.743,1151.51,4881.0,14.268,14.193,12.687,8.638,0.840765,4.61,0.76,False,True,False,False,False,False,True,1.00774777800074
31201,5,1,1,0,0,1,304.91156,61.32076,72.70698,11.41789,40.4204569,291.1495269,0,0,0,0,2016,0,0,0,2016.0,14.5866,13.493,13.882,13.522,15.284,10.6573253,-9.56299,4.70402,6.365841612,15.0857,0.95,16.11,1023.06,5700.0,13.51,13.448,12.638,9.111,0.949366,4.47,0.97,False,True,False,False,False,False,True,0.4471580313422192
31209,5,1,1,0,0,1,317.0103,59.56861,76.04946,6.15922,40.8223815,299.3160934,0,0,0,0,2016,0,0,0,2016.0,14.4592,12.922,13.514,13.016,15.262,4.3123058,-0.121281,4.3106,3.040330424,15.1132,0.8,16.223,842.947,5181.0,12.703,12.646,12.037,9.052,1.15848,4.57,0.84,False,True,False,False,False,False,True,0.964259630196849
31215,5,1,1,0,0,1,308.90532,61.44059,74.17127,10.15154,41.1375635,293.4965906,0,0,0,0,2016,0,0,0,2016.0,14.7449,13.624,14.069,13.77,15.308,8.8037417,-8.43891,-2.50812,4.190425575,15.2389,1.08,16.234,1416.44,5903.0,13.679,13.597,12.222,9.125,0.67813,4.39,1.06,False,True,False,False,False,False,True,0.7881683711411677
31233,5,1,1,0,0,1,293.89688,63.63979,71.28544,16.82858,41.3463859,283.8643937,0,0,0,0,2016,0,0,0,2016.0,15.0175,13.785,14.306,13.934,15.888,10.5927354,-10.1971,2.86796,3.709870645,15.5462,0.88,16.619,1277.33,5513.0,13.851,13.821,12.337,9.292,0.754456,4.52,0.92,False,True,False,False,False,False,True,0.615950051656401
31242,5,1,1,0,0,1,301.37448,62.73903,72.6536,13.59929,41.3017465,288.5099994,0,0,0,0,2016,0,0,0,2016.0,14.9182,13.799,14.255,13.87,15.716,3.9459355,-3.88715,-0.678581,16.32976218,15.432,0.91,16.042,1995.57,5612.0,13.72,13.702,12.868,8.946,0.471886,4.5,0.94,False,True,False,False,False,False,True,0.5658478186735176
31249,10,1,1,0,0,1,301.36007,62.5204,72.4778,13.4628,41.0897335,288.5814928,0,0,0,0,2015,1,1,0,2009.0,12.4532,11.535,11.833,11.601,13.008,21.1570086,-20.9495,-2.95592,4.8854892,12.8649,1.966,13.62,922.562,5933.0,11.551,11.51,11.671,8.917,1.05545,3.98,1.359,False,True,True,False,False,False,False,1.2596177190397886
31268,5,1,1,0,0,1,299.37339,63.26611,72.47787,14.63554,41.5657775,287.154224,0,0,0,0,2016,0,0,0,2016.0,14.6754,13.569,13.935,13.585,15.202,8.5188859,-3.42928,-7.79817,80.8720639,15.1916,0.96,16.1,1491.76,5692.0,13.51,13.503,12.624,9.44,0.641631,4.47,0.98,False,True,False,False,False,False,True,0.7774268223893114
31276,5,1,1,0,0,1,302.34123,62.95565,73.11839,13.40611,41.6333125,288.99418,0,0,0,0,2016,0,0,0,2016.0,14.4253,13.141,13.656,13.279,15.056,7.2026586,5.39599,4.77091,10.35533177,14.9683,0.84,16.021,774.152,5343.0,13.248,13.186,12.851,9.311,1.26317,4.54,0.88,False,True,False,False,False,False,True,0.45331834004703764
31292,5,1,1,0,0,1,309.84392,61.83792,74.77781,10.13841,41.6617245,293.8781041,0,0,0,0,2016,0,0,0,2016.0,14.7404,13.492,13.968,13.532,15.437,7.5530087,-6.91694,3.03379,10.52629406,15.3098,0.86,16.483,992.071,5419.0,13.445,13.386,12.993,9.003,0.980145,4.53,0.9,False,True,False,False,False,False,True,0.9623693356700211
31294,5,1,1,0,0,1,317.54746,60.45424,76.79525,6.71348,41.742699,299.1868586,0,0,0,0,2016,0,0,0,2016.0,14.727,13.62,13.981,13.644,15.599,2.2764187,0.609306,-2.19336,4.583521756,15.2533,1.27,16.842,1156.83,6185.0,13.653,13.572,12.521,8.522,0.837436,4.29,1.18,False,True,False,False,False,False,True,0.9138138523837167
31304,5,1,1,0,0,1,293.22313,64.20642,71.60711,17.38918,41.8370942,283.3163671,0,0,0,0,2016,0,0,0,2016.0,14.7176,13.557,13.955,13.626,15.454,8.4403889,-6.80074,-4.99901,3.76182115,15.2487,0.96,16.256,1228.83,5616.0,13.592,13.528,12.793,9.079001,0.785395,4.46,0.97,False,True,False,False,False,False,True,0.41664050733828095
31322,5,1,1,0,0,1,303.26409,63.01589,73.44989,13.13184,41.8120234,289.5085612,0,0,0,0,2016,0,0,0,2016.0,14.7738,12.536,13.446,12.778,16.331,21.159509,-18.2242,10.7519,56.0560538,15.8521,0.51,17.895,276.881,3722.0,12.41,12.435,12.494,9.45,3.58381,4.75,0.53,False,True,False,False,False,False,True,0.3242824552976926
31329,5,1,1,0,0,1,304.24737,63.19627,73.89376,12.92363,42.1164698,290.007564,0,0,0,0,2016,0,0,0,2016.0,14.4221,13.004,13.604,13.106,15.022,2.0036196,0.0906038,-2.00157,2.237492751,14.9969,0.76,15.834,591.776,5099.0,13.096,13.046,12.679,9.432,1.66115,4.58,0.8,False,True,False,False,False,False,True,0.12385164096708581
31339,5,1,1,0,0,1,310.15658,62.37091,75.25343,10.43247,42.2125159,293.8164588,0,0,0,0,2016,0,0,0,2016.0,14.9978,13.871,14.32,13.958,15.61,2.0491273,1.80661,0.966997,3.167891938,15.5076,0.96,16.427,1394.22,5692.0,13.944,13.879,12.478,9.119,0.689524,4.47,0.97,False,True,False,False,False,False,True,0.46686762035410945
31349,5,1,1,0,0,1,307.68564,62.95652,74.82489,11.63797,42.3803077,292.105272,0,0,0,0,2016,0,0,0,2016.0,14.604,13.145,13.753,13.284,15.261,8.1119374,4.64634,6.64944,16.08524954,15.1971,0.77,16.516,664.843,5071.0,13.258,13.211,12.571,9.135,1.47578,4.58,0.8,False,True,False,False,False,False,True,0.4653828514484183
31357,5,1,1,0,0,1,307.69911,63.28897,75.06752,11.87064,42.6961308,291.9641255,0,0,0,0,2016,0,0,0,2016.0,14.5042,13.378,13.806,13.397,15.071,6.7704914,-3.60498,-5.73094,4.347285527,15.0109,0.91,15.712,1448.34,5611.0,13.348,13.327,12.382,8.948,0.661901,4.5,0.94,False,True,False,False,False,False,True,0.2741578492636798
31368,5,1,1,0,0,1,315.99971,61.96417,77.1069,8.36869,42.8398172,297.4600468,0,0,0,0,2016,0,0,0,2016.0,14.6716,13.061,13.697,13.2,15.635,22.669246,-21.0272,8.47063,23.58914398,15.3293,0.8,17.26,624.575,5222.0,13.137,13.041,12.824,9.649,1.57292,4.56,0.84,False,True,False,False,False,False,True,0.5327543789924978
31377,5,1,2,0,0,1,312.34807,62.75946,76.28323,10.05381,42.9351987,294.9096739,0,0,0,0,2016,0,0,0,2016.0,15.2588,13.841,14.399,13.982,16.161,11.3330615,-9.93678,-5.44965,21.02247699,15.8543,0.78,16.635,872.493,5148.0,13.941,13.882,12.504,9.346,1.11938,4.58,0.84,False,True,False,False,False,False,True,0.5327543789924978
31386,5,1,2,0,0,1,312.34807,62.75946,76.28323,10.05381,42.9351987,294.9096739,0,0,0,0,2016,0,0,0,2016.0,15.2588,13.841,14.399,13.982,16.161,11.3330615,-9.93678,-5.44965,226.89047,15.8543,0.78,16.635,872.493,5148.0,13.941,13.882,12.504,9.346,1.11938,4.58,0.84,False,True,False,False,False,False,True,0.6857417386022636
31396,5,1,1,0,0,1,313.52348,62.64633,76.6273,9.61971,43.0297781,295.6513819,0,0,0,0,2016,0,0,0,2016.0,14.5065,13.3,13.802,13.454,15.171,17.4397081,-7.94682,-15.5239,7.411141,15.0191,0.99,15.91,1089.87,5785.0,13.375,13.325,12.894,9.421,0.889572,4.44,0.98,False,True,False,False,False,False,True,0.3944516808262163
31408,5,1,1,0,0,1,292.89137,65.7057,72.84822,18.32302,43.2727437,282.6994685,0,0,0,0,2016,0,0,0,2016.0,14.8024,13.825,14.164,13.875,15.43,4.4288522,-0.134152,-4.42682,8.098887986,15.2407,1.12,15.972,2083.37,5995.0,13.929,13.836,12.935,9.121,0.4506,4.37,1.09,False,True,False,False,False,False,True,0.9854264740830017
31418,5,1,1,0,0,1,294.55336,65.66065,73.20413,17.7265,43.3793638,283.6307971,0,0,0,0,2016,0,0,0,2016.0,14.5776,13.592,13.984,13.655,15.204,6.4092899,-6.40435,0.251592,10.00652995,15.0333,1.04,15.996,1327.44,5871.0,13.688,13.598,13.006,9.575,0.724763,4.42,1.04,False,True,False,False,False,False,True,0.5740312677277188
31432,5,1,2,0,0,1,305.73204,64.29401,75.17704,13.19467,43.3638577,290.3931809,0,0,0,0,2016,0,0,0,2016.0,14.5671,13.135,13.67,13.249,15.314,5.5450773,-4.10489,-3.72797,10.37168453,15.1555,0.78,16.332,635.009,5099.0,13.229,13.168,12.929,9.185,1.54618,4.58,0.83,False,True,False,False,False,False,True,0.4623979978989561
31445,5,1,1,0,0,1,309.73584,63.65121,75.99435,11.50324,43.346345,292.9655071,0,0,0,0,2016,0,0,0,2016.0,15.1332,13.996,14.43,13.966,15.756,8.4786752,-7.07573,-4.6714,4.40840023,15.6239,0.85,16.607,2805.48,5485.0,13.971,13.891,13.134,9.011,0.326221,4.53,0.88,False,True,False,False,False,False,True,0.38381536598043126
31463,5,1,1,0,0,1,319.55307,61.95221,78.46264,7.37548,43.5035173,299.5618676,0,0,0,0,2016,0,0,0,2016.0,14.7344,13.604,14.005,13.679,15.399,10.6289704,-9.66796,-4.41651,2.052349905,15.2456,1.3,16.351,1302.33,6191.0,13.687,13.63,12.29,9.414,0.740122,4.28,1.18,False,True,False,False,False,False,True,1.2190603324488614
31465,5,1,1,0,0,1,314.06803,63.46885,77.35144,10.09763,43.8844116,295.5360628,0,0,0,0,2016,0,0,0,2016.0,15.3751,14.126,14.572,14.207,16.128,9.3521251,-8.42052,-4.06904,5.007317779,15.9037,0.98,16.724,2497.51,5777.0,14.08,14.054,12.607,8.985,0.372623,4.45,0.99,False,True,False,False,False,False,True,0.9304395947667001
31483,5,1,1,0,0,1,318.84421,62.8376,78.7025,8.28944,44.1709388,298.6356478,0,0,0,0,2016,0,0,0,2016.0,14.5892,13.243,13.785,13.39,15.462,1.8289038,-0.739751,-1.67262,4.708326542,15.1635,0.92,16.372,1065.37,5618.0,13.25,13.18,10.842,8.244,0.91115,4.49,0.95,False,True,False,False,False,False,True,0.9247959957979122
31490,5,1,1,0,0,1,296.58429,66.59264,74.49933,17.58273,44.4803776,284.4305132,0,0,0,0,2016,0,0,0,2016.0,15.039,13.627,14.187,13.739,15.963,28.0694045,-28.0234,1.6064,5.392025388,15.6428,0.78,17.031,926.598,5075.0,13.664,13.659,12.698,8.707,1.0515,4.58,0.82,False,True,False,False,False,False,True,0.42160392686983106
31494,5,1,2,0,0,1,306.43822,65.45204,76.24955,13.78052,44.5564051,290.2632874,0,0,0,0,2016,0,0,0,2016.0,14.9054,13.841,14.261,13.949,15.489,9.6232299,-9.008,-3.38563,4.093573252,15.3733,1.05,16.46,1239.5,5863.0,13.825,13.848,13.132,9.203,0.778495,4.41,1.03,False,True,False,False,False,False,True,0.41995574848975786
31508,5,1,2,0,0,1,306.43822,65.45204,76.24955,13.78052,44.5564051,290.2632874,0,0,0,0,2016,0,0,0,2016.0,14.9054,13.841,14.261,13.949,15.489,9.6232299,-9.008,-3.38563,105.144749,15.3733,1.05,16.46,1239.5,5863.0,13.825,13.848,13.132,9.203,0.778495,4.41,1.03,False,True,False,False,False,False,True,0.45024910831936105
31526,5,1,1,0,0,1,311.69427,64.87307,77.4756,11.83709,44.7927823,293.4548441,0,0,0,0,2016,0,0,0,2016.0,14.5768,13.367,13.873,13.442,15.284,7.9771818,-7.30126,-3.21357,3.314946338,15.1206,0.86,16.308,853.119,5437.0,13.413,13.331,12.477,9.43,1.14399,4.53,0.9,False,True,False,False,False,False,True,0.5171958979499743
31549,5,1,1,0,0,1,309.04531,65.4089,77.00796,12.98527,44.8873466,291.7172776,0,0,0,0,2016,0,0,0,2016.0,14.5161,13.329,13.81,13.381,15.362,9.2501943,7.12371,-5.90075,21.80451088,15.035,0.85,16.036,762.081,5452.0,13.264,13.203,12.626,9.178001,1.28374,4.53,0.88,False,True,False,False,False,False,True,0.5132176000679389
31556,5,1,1,0,0,1,314.05056,64.71959,78.15281,11.06917,45.0344155,294.8469333,0,0,0,0,2016,0,0,0,2016.0,14.7832,13.432,13.987,13.593,15.453,3.9647503,2.52694,3.05513,5.154484417,15.352,0.86,16.431,831.842,5441.0,13.48,13.475,12.997,9.226,1.17409,4.53,0.89,False,True,False,False,False,False,True,0.40312052117581787
31566,5,1,1,0,0,1,308.23808,65.77776,77.02592,13.48226,45.1155087,291.0923621,0,0,0,0,2016,0,0,0,2016.0,15.0215,13.937,14.384,13.994,15.585,7.6102554,-7.20023,2.46428,5.743477265,15.5249,0.93,16.272,1765.23,5660.0,13.804,13.755,12.555,9.463,0.537709,4.49,0.95,False,True,False,False,False,False,True,0.5237464668115644
31579,5,1,1,0,0,1,300.57085,67.12506,75.93249,16.65485,45.4142664,286.3600604,0,0,0,0,2016,0,0,0,2016.0,15.0725,14.086,14.471,14.028,15.567,10.458622,-7.5451,-7.24253,3.166353714,15.5472,0.91,16.138,1921.15,5633.0,14.106,13.998,12.352,9.474,0.4911,4.5,0.94,False,True,False,False,False,False,True,0.5538830266438743
31585,1,1,2,0,0,1,299.28963,67.44274,75.874,17.24014,45.578842,285.5547895,0,0,0,0,2019,0,0,0,2016.0,15.1401,14.102,14.471,14.182,15.782,5.4834702,-1.48792,-5.27774,6.491682808,15.6113,1.411,16.639,1935.04,5620.0,14.172,14.057,12.433,9.418,0.487243,4.162,1.047,False,True,False,True,False,False,False,1.0909595543228765
31596,1,1,2,0,0,0,299.28963,67.44274,75.874,17.24014,45.578842,285.5547895,0,0,0,0,2019,0,0,0,2018.0,15.1401,14.102,14.471,14.182,15.782,5.4834702,-1.48792,-5.27774,2.85188338,15.6113,1.411,16.639,1935.04,5620.0,14.172,14.057,12.433,9.418,0.487243,4.162,1.047,False,True,False,True,False,False,False,0.19569490484288948
31611,5,1,2,0,0,1,296.31271,68.14707,75.77244,18.56374,45.9585288,283.7317274,0,0,0,0,2016,0,0,0,2016.0,13.9669,11.721,12.596,11.952,16.53,66.8145532,-52.6457,-41.1414,9.467814048,15.0519,0.46,17.9,174.826,3631.0,11.559,11.594,11.558,9.076,5.6912,4.79,0.49,False,True,False,False,False,False,True,0.33845649360460484
31625,5,1,2,0,0,1,296.31271,68.14707,75.77244,18.56374,45.9585288,283.7317274,0,0,0,0,2016,0,0,0,2016.0,13.9669,11.721,12.596,11.952,16.53,66.8145532,-52.6457,-41.1414,0.893041236,15.0519,0.46,17.9,174.826,3631.0,11.559,11.594,11.558,9.076,5.6912,4.79,0.49,False,True,False,False,False,False,True,0.10380372095595687
31632,5,1,1,0,1,1,312.03076,66.02776,78.36431,12.6107,45.9147063,293.0181882,0,0,0,0,2016,0,0,0,2016.0,14.8436,13.648,14.141,13.726,15.561,12.6434351,-0.183737,-12.6421,20.83424726,15.3954,0.86,16.205,916.706,5418.0,13.616,13.551,12.334,9.544,1.06253,4.53,0.9,False,True,False,False,False,False,True,0.45024910831936105
31639,5,1,1,0,0,1,318.31556,64.99438,79.78237,10.1788,46.0273893,297.0456122,0,0,0,0,2016,0,0,0,2016.0,13.8732,12.668,13.107,12.746,14.469,4.363281,1.45392,-4.11392,6.104852856,14.4119,0.78,15.534,1157.21,5326.0,12.658,12.603,12.728,9.173,0.835647,4.59,0.85,False,True,False,False,False,False,True,0.5514499979728752
31652,5,1,1,0,0,1,298.18622,68.17885,76.22744,18.01603,46.1721391,284.6888328,0,0,0,0,2016,0,0,0,2016.0,14.784,13.453,13.94,13.496,15.492,25.183239,-22.537,-11.2374,11.51516988,15.3849,0.8,16.489,695.059,5107.0,13.383,13.327,12.417,9.083,1.41042,4.57,0.85,False,True,False,False,False,False,True,0.46982201597816303
31661,5,1,1,0,0,1,299.44675,68.05259,76.41857,17.56485,46.1809293,285.3913092,0,0,0,0,2016,0,0,0,2016.0,15.1716,13.82,14.385,14.017,15.809,3.7924699,-0.846942,-3.69669,3.60147201,15.7425,0.81,17.0,1005.43,5217.0,13.847,13.779,12.755,8.706,0.966426,4.56,0.86,False,True,False,False,False,False,True,0.46686762035410945
31676,5,1,1,0,0,1,310.66868,66.80734,78.48381,13.55465,46.4291614,291.8629793,0,0,0,0,2016,0,0,0,2016.0,14.1478,12.097,12.91,12.293,15.971,28.2398114,-19.8763,20.0604,28.59915399,15.1457,0.48,17.861,205.118,3813.0,11.924,11.969,11.673,9.487001,4.84652,4.77,0.51,False,True,False,False,False,False,True,0.292256071356476
31681,5,1,1,0,0,1,303.58607,67.96858,77.37763,16.31317,46.5679011,287.5696516,0,0,0,0,2016,0,0,0,2016.0,15.0627,13.818,14.311,13.855,15.793,5.5784355,5.51165,0.860614,24.58721573,15.5908,0.82,16.659,1113.65,5327.0,13.882,13.832,12.609,9.057,0.869616,4.55,0.86,False,True,False,False,False,False,True,0.3979400086720376
31696,5,1,1,0,0,1,307.85391,67.39887,78.09236,14.73989,46.5791535,290.067994,0,0,0,0,2016,0,0,0,2016.0,14.969,13.847,14.265,13.878,15.711,3.4916315,1.04925,3.33025,12.53248465,15.4527,0.9,16.392,1370.65,5601.0,13.914,13.902,12.894,9.439,0.700983,4.51,0.93,False,True,False,False,False,False,True,0.5211380837040362
31705,1,1,1,0,0,1,308.45411,61.74674,74.2274,10.52134,41.3555095,293.0925275,0,0,0,0,2015,0,2,0,2013.0,13.9154,12.958,13.306,13.008,14.487,4.9747534,-4.732,-1.53504,7.340711,14.3652,1.12,15.251,1177.55,6000.0,12.89,12.859,12.897,8.88,0.820793,4.44,1.18,False,True,False,True,False,False,False,1.0318122713303703
31716,5,1,1,0,0,1,301.78547,68.3205,77.20505,17.05193,46.692456,286.4822566,0,0,0,0,2016,0,0,0,2016.0,15.3923,14.177,14.613,14.251,16.022,4.5518477,-3.45908,2.95873,3.584101216,15.9235,0.87,16.953,1442.02,5438.0,14.337,14.21,13.172,9.49,0.664861,4.52,0.91,False,True,False,False,False,False,True,0.6599162000698503
31725,5,1,1,0,0,1,306.81969,67.58829,77.94558,15.15521,46.6174978,289.4317294,0,0,0,0,2016,0,0,0,2016.0,14.6163,13.693,13.99,13.746,15.186,4.8126095,-4.70555,-1.00946,7.03902374,15.0455,1.24,16.116,1661.87,6129.0,13.741,13.677,12.878,9.462,0.572806,4.31,1.16,False,True,False,False,False,False,True,0.4727564493172124
31736,5,1,1,0,0,1,297.14636,68.92574,76.62996,18.762,46.7896522,283.8659676,0,0,0,0,2016,0,0,0,2016.0,14.4847,12.817,13.496,12.962,15.357,12.5658268,11.7484,-4.45815,8.360868238,15.1722,0.71,16.821,489.253,4642.0,12.836,12.782,12.318,8.811,2.0154,4.62,0.76,False,True,False,False,False,False,True,0.5105450102066121
31754,5,2,1,0,0,2,313.22897,62.46018,76.4007,9.56351,42.8064255,295.57423,0,0,0,0,2016,0,0,0,2016.0,12.0356,10.777,11.234,10.837,12.66,8.9121765,-2.39356,8.58474,3.179262921,12.5411,0.85,13.371,278.987,5486.0,10.751,10.707,10.851,9.112001,3.55575,4.55,0.94,False,True,False,False,False,False,True,0.08278537031645007
31763,5,1,1,0,0,1,318.70534,66.19918,80.63242,11.06166,47.1827848,296.4960493,0,0,0,0,2016,0,0,0,2016.0,13.0954,11.931,12.354,11.998,13.718,19.5969417,-17.8045,-8.18779,12.06222443,13.5843,0.93,14.429,449.964,5594.0,11.916,11.89,11.87,9.243,2.19381,4.48,0.94,False,True,False,False,False,False,True,0.20951501454263097
31772,5,1,1,0,0,1,303.51789,58.02255,69.76878,9.67745,37.0592571,291.4994412,0,0,0,0,2016,0,0,0,2016.0,14.6677,13.621,13.998,13.664,15.427,6.5899338,-6.4166,1.50149,9.93143556,15.1634,1.04,15.512,1780.38,5849.0,13.679,13.566,12.781,9.246,0.533539,4.42,1.04,False,True,False,False,False,False,True,0.3344537511509309
31788,5,1,1,0,0,2,301.06537,62.49677,72.36887,13.55138,41.0298175,288.4165196,0,0,0,0,2016,0,0,1,2016.0,15.1047,13.63,14.241,13.792,15.595,0.7266327,0.725075,0.0475535,35.61760587,15.7244,0.78,15.465,3347.16,5096.0,13.562,13.441,12.802,9.337,0.263333,4.58,0.82,False,True,False,False,False,False,True,0.7218106152125465
31794,5,1,1,0,0,1,304.71495,58.02282,70.20931,9.21589,37.2369732,292.2628779,0,0,0,0,2016,0,0,0,2016.0,14.7048,13.603,13.99,13.685,15.37,2.1587133,-2.15676,-0.0918107,7.40742793,15.2186,1.1,15.875,1705.99,5934.0,13.716,13.591,12.709,9.392,0.558363,4.38,1.07,False,True,False,False,False,False,True,0.4014005407815441
31807,5,1,1,0,0,1,320.38329,62.21329,78.93478,7.37243,43.9040667,299.8973341,0,0,0,0,2016,0,0,0,2016.0,15.1255,13.515,14.169,13.629,16.153,37.1738699,34.9974,12.5331,17.31716585,15.7728,0.75,17.406,721.027,5009.0,13.647,13.516,13.013,9.270001,1.3602,4.59,0.79,False,True,False,False,False,False,True,0.4913616938342727
31823,1,1,1,0,0,1,302.74847,57.63743,69.19995,9.7193,36.5773443,291.1376203,0,0,0,0,2015,0,2,0,2013.0,14.575,13.118,13.665,13.262,15.414,8.3565657,-2.44918,7.9896,8.8849116,15.1789,0.89,16.237,835.356,5200.0,13.266,13.162,13.003,9.106,1.16891,4.5,0.91,False,True,False,True,False,False,False,1.0707764628434346
31833,5,1,2,0,0,1,304.11919,65.19718,75.37602,14.31346,44.004364,289.0968274,0,0,0,0,2016,0,0,0,2016.0,14.0604,13.103,13.463,13.212,14.634,7.0712802,-3.58031,-6.0979,9.42887179,14.467,1.23,15.284,1296.02,6160.0,13.168,13.157,12.603,9.053001,0.742872,4.32,1.15,False,True,False,False,False,False,True,0.48713837547718647
31839,5,1,2,0,0,1,304.11919,65.19718,75.37602,14.31346,44.004364,289.0968274,0,0,0,0,2016,0,0,0,2016.0,14.0604,13.103,13.463,13.212,14.634,7.0712802,-3.58031,-6.0979,4.08899022,14.467,1.23,15.284,1296.02,6160.0,13.168,13.157,12.603,9.053001,0.742872,4.32,1.15,False,True,False,False,False,False,True,0.20951501454263097
31852,5,1,1,0,0,1,313.19662,63.83753,77.28825,10.62831,44.0776872,294.8438103,0,0,0,0,2016,0,0,0,2016.0,14.4289,13.124,13.667,13.253,15.211,2.8160523,-2.42179,-1.43704,17.44490636,14.98,0.84,15.941,760.43,5387.0,13.245,13.133,12.898,9.091,1.28666,4.54,0.87,False,True,False,False,False,False,True,0.39093510710337914
31864,5,1,1,0,0,1,305.11639,58.71,70.85949,9.53998,37.955672,292.2681469,0,0,0,0,2016,0,0,0,2016.0,15.1781,13.939,14.459,14.014,15.864,9.5866645,9.06224,3.12729,18.82747265,15.7185,0.83,16.622,1232.29,5373.0,14.003,13.89,12.631,9.307,0.783987,4.54,0.87,False,True,False,False,False,False,True,0.4487063199050799
31869,5,1,1,0,0,1,304.55588,58.74188,70.67881,9.77228,37.9023677,291.9032411,0,0,0,0,2016,0,0,0,2016.0,13.7108,11.875,12.608,11.966,14.891,19.1936252,17.8765,-6.98756,5.747725012,14.4746,0.65,17.217,274.767,4346.0,11.678,11.57,11.675,9.269,3.61071,4.65,0.68,False,True,False,False,False,False,True,0.28103336724772754
31879,5,1,1,0,0,1,306.47906,58.37593,71.12324,8.79872,37.8461519,293.2541121,0,0,0,0,2016,0,0,0,2016.0,14.6248,13.516,13.895,13.566,15.352,5.753208,-5.7133,-0.676465,14.5596237,15.1258,1.08,15.894,1770.27,5935.0,13.559,13.516,12.671,9.231,0.537199,4.39,1.06,False,True,False,False,False,False,True,0.30319605742048883
31894,5,2,2,0,0,2,313.77425,60.51882,75.35254,7.9012,41.0973178,296.8609348,0,0,0,0,2016,0,0,0,2016.0,13.425,11.879,12.465,11.961,14.277,24.2561667,-18.6919,-15.4588,1.269090374,14.0242,0.77,15.278,399.034,5043.0,11.777,11.731,11.284,9.2,2.47725,4.58,0.82,False,True,False,False,False,False,True,0.24551266781414982
31900,5,2,2,0,0,2,313.77425,60.51882,75.35254,7.9012,41.0973178,296.8609348,0,0,0,0,2016,0,0,0,2016.0,13.425,11.879,12.465,11.961,14.277,24.2561667,-18.6919,-15.4588,2.853133644,14.0242,0.77,15.278,399.034,5043.0,11.777,11.731,11.284,9.2,2.47725,4.58,0.82,False,True,False,False,False,False,True,0.10037054511756291
31920,5,1,1,0,0,1,313.73246,60.83763,75.54039,8.16092,41.3865279,296.6804876,0,0,0,0,2016,0,0,0,2016.0,14.2354,13.043,13.502,13.16,15.066,4.3685847,3.65438,2.39375,1.022678821,14.7637,1.13,15.929,1068.68,6014.0,13.119,13.026,12.237,9.267,0.908228,4.37,1.08,False,True,False,False,False,False,True,0.13353890837021754
31930,5,1,4,0,0,1,308.29007,61.5408,74.02528,10.42657,41.1354049,293.0846115,0,0,0,0,2016,0,0,0,2016.0,13.9522,13.11,13.37,13.146,14.379,6.7857287,-6.69021,-1.13455,12.1097104,14.3267,1.42,15.882,1502.32,6228.0,13.087,13.053,12.45,9.297,0.637163,4.19,1.16,False,True,False,False,False,False,True,0.3944516808262163
31936,5,1,4,0,0,1,308.29007,61.5408,74.02528,10.42657,41.1354049,293.0846115,0,0,0,0,2016,0,0,0,2016.0,13.9522,13.11,13.37,13.146,14.379,6.7857287,-6.69021,-1.13455,4.75793986,14.3267,1.42,15.882,1502.32,6228.0,13.087,13.053,12.45,9.297,0.637163,4.19,1.16,False,True,False,False,False,False,True,0.22788670461367352
31952,5,1,4,0,0,1,308.29007,61.5408,74.02528,10.42657,41.1354049,293.0846115,0,0,0,0,2016,0,0,0,2016.0,13.9522,13.11,13.37,13.146,14.379,6.7857287,-6.69021,-1.13455,20.4966197,14.3267,1.42,15.882,1502.32,6228.0,13.087,13.053,12.45,9.297,0.637163,4.19,1.16,False,True,False,False,False,False,True,0.32633586092875144
31958,5,1,4,0,0,1,308.29007,61.5408,74.02528,10.42657,41.1354049,293.0846115,0,0,0,0,2016,0,0,0,2016.0,13.9522,13.11,13.37,13.146,14.379,6.7857287,-6.69021,-1.13455,8.1934719,14.3267,1.42,15.882,1502.32,6228.0,13.087,13.053,12.45,9.297,0.637163,4.19,1.16,False,True,False,False,False,False,True,0.1846914308175988
31978,10,1,1,0,0,1,308.91013,59.83224,73.0559,8.97802,39.6189727,294.1921185,0,0,0,0,2015,0,0,0,2013.0,12.8939,12.092,12.343,12.134,13.474,2.5738644,-2.52772,-0.48519,1.5449298,13.2755,1.32,13.478,822.96,6409.0,12.056,12.016,11.97,9.258,1.18642,4.2,1.2,False,True,True,False,False,False,False,1.183105777534869
31991,5,1,2,0,0,1,301.76802,65.68943,75.09507,15.37324,44.1794278,287.5931997,0,0,0,0,2016,0,0,0,2016.0,14.5068,13.239,13.707,13.301,15.181,3.582822,1.80397,-3.09553,8.70419416,15.0731,0.85,15.933,792.336,5322.0,13.228,13.144,12.774,9.39,1.23364,4.54,0.89,False,True,False,False,False,False,True,0.48572142648158
32007,5,1,2,0,0,1,301.76802,65.68943,75.09507,15.37324,44.1794278,287.5931997,0,0,0,0,2016,0,0,0,2016.0,14.5068,13.239,13.707,13.301,15.181,3.582822,1.80397,-3.09553,2.46697439,15.0731,0.85,15.933,792.336,5322.0,13.228,13.144,12.774,9.39,1.23364,4.54,0.89,False,True,False,False,False,False,True,0.17026171539495738
32016,5,1,1,0,0,1,306.49951,65.00566,75.93811,13.45143,44.1436249,290.503599,0,0,0,0,2016,0,0,0,2016.0,14.249,13.202,13.563,13.156,14.993,9.0746567,8.33381,3.59124,10.12804789,14.7087,0.93,15.523,830.707,5706.0,12.982,12.946,12.219,9.182,1.1751,4.48,0.95,False,True,False,False,False,False,True,0.3074960379132129
32025,5,1,1,0,0,1,310.59024,67.79267,79.14986,14.29888,47.3295107,291.2756631,0,0,0,0,2016,0,0,0,2016.0,14.9767,13.969,14.275,13.963,15.574,2.0381532,-0.284495,2.0182,3.770552098,15.4266,1.08,16.298,1898.26,5944.0,14.009,13.954,13.173,9.063,0.4976,4.4,1.06,False,True,False,False,False,False,True,1.103119253545714
32032,5,1,3,0,0,1,311.84374,67.40611,79.246,13.69152,47.1573604,292.1445534,0,0,0,0,2016,0,0,0,2016.0,15.0916,13.752,14.24,13.758,15.965,9.2643365,5.73137,7.27869,1.19655156,15.6824,0.8,16.883,962.459,5166.0,13.763,13.684,12.582,8.865,1.01093,4.57,0.84,False,True,False,False,False,False,True,0.08635983067474823
32039,5,1,3,0,0,0,311.84374,67.40611,79.246,13.69152,47.1573604,292.1445534,0,0,0,0,2017,0,0,0,2023.0,15.0916,13.752,14.24,13.758,15.965,9.2643365,5.73137,7.27869,4.09667624,15.6824,0.843,16.883,962.459,4999.0,13.763,13.684,12.582,8.865,1.01093,4.49,0.8,True,False,True,False,False,False,False,0.15228834438305647
32048,5,1,3,0,0,0,311.84374,67.40611,79.246,13.69152,47.1573604,292.1445534,0,0,0,0,2017,0,0,0,2023.0,15.0916,13.752,14.24,13.758,15.965,9.2643365,5.73137,7.27869,6.50327035,15.6824,0.843,16.883,962.459,4999.0,13.763,13.684,12.582,8.865,1.01093,4.49,0.8,True,False,True,False,False,False,False,0.22271647114758325
32053,5,1,1,0,0,1,320.0317,65.91205,80.9124,10.5171,47.1645814,297.3931183,0,0,0,0,2016,0,0,0,2016.0,14.7866,13.622,14.105,13.697,15.555,8.0126107,-4.8569,-6.37279,7.33683936,15.3002,0.89,15.731,1047.84,5557.0,13.729,13.615,13.095,8.821,0.926132,4.51,0.92,False,True,False,False,False,False,True,0.21484384804769785
32070,5,1,1,0,1,1,296.15389,69.40065,76.82872,19.32312,47.1557114,283.1846044,0,0,0,0,2016,0,0,0,2016.0,14.1436,13.175,13.487,13.168,14.709,13.7047488,11.717,-7.10859,27.6655226,14.5996,1.06,15.616,1076.28,5901.0,13.112,13.086,12.774,9.348,0.900302,4.41,1.05,False,True,False,False,False,False,True,0.38560627359831223
32078,5,1,1,0,0,1,306.44978,58.51038,71.20838,8.90471,37.9698357,293.1845144,0,0,0,0,2016,0,0,0,2016.0,15.1307,13.994,14.398,14.128,15.825,1.7840054,0.506751,-1.71052,6.10027804,15.648,1.15,16.032,2297.62,5992.0,13.883,13.822,12.563,9.245,0.409475,4.36,1.1,False,True,False,False,False,False,True,0.5301996982030822
32085,5,1,1,0,0,1,304.15597,58.94255,70.68283,10.06049,38.0358066,291.5791562,0,0,0,0,2016,0,0,0,2016.0,14.9345,13.812,14.26,13.891,15.678,5.9282794,-5.81767,-1.13983,161.5280101,15.4176,0.94,15.94,2251.03,5694.0,13.528,13.683,11.685,8.701,0.416048,4.48,0.96,False,True,False,False,False,False,True,0.8221680793680175
32092,5,1,1,0,0,1,308.03618,58.68945,71.93296,8.45513,38.3934378,294.1156858,0,0,0,0,2016,0,0,0,2016.0,15.0852,13.514,14.121,13.627,15.969,4.6016943,-2.99182,3.49637,11.3910025,15.7232,0.78,17.175,784.56,5108.0,13.594,13.485,12.142,8.896,1.24681,4.58,0.82,False,True,False,False,False,False,True,0.2528530309798932
32105,5,1,2,0,0,1,305.99176,58.99177,71.38452,9.4126,38.3581685,292.7130925,0,0,0,0,2016,0,0,0,2016.0,14.3136,13.392,13.684,13.394,14.984,7.1209379,-6.84003,-1.98034,7.42608998,14.7604,1.28,15.335,1169.57,6186.0,13.304,13.275,12.925,9.141,0.82685,4.3,1.19,False,True,False,False,False,False,True,0.4653828514484183
32113,5,1,2,0,0,1,305.99176,58.99177,71.38452,9.4126,38.3581685,292.7130925,0,0,0,0,2016,0,0,0,2016.0,14.3136,13.392,13.684,13.394,14.984,7.1209379,-6.84003,-1.98034,15.9870174,14.7604,1.28,15.335,1169.57,6186.0,13.304,13.275,12.925,9.141,0.82685,4.3,1.19,False,True,False,False,False,False,True,0.2528530309798932
32130,5,1,1,0,0,1,305.20922,65.40519,75.85191,14.1188,44.3454347,289.6079433,0,0,0,0,2014,0,2,0,2013.0,13.4231,12.361,12.758,12.444,14.152,2.6367816,-0.412537,-2.60431,3.57878087,13.9172,0.99,15.028,639.411,5520.0,12.396,12.308,12.697,9.449,1.53518,4.42,0.95,False,True,False,False,False,True,False,1.0318526313956289
32132,5,1,3,0,0,1,296.68111,60.29556,69.25204,13.82103,38.374872,286.4904589,0,0,0,0,2016,0,0,0,2016.0,14.0759,12.923,13.391,13.01,14.852,11.5896568,-9.99874,5.86049,18.92540274,14.5966,0.92,15.878,930.457,5598.0,12.969,12.927,12.551,9.279,1.04616,4.49,0.94,False,True,False,False,False,False,True,0.36172783601759284
32146,5,1,3,0,0,1,296.68111,60.29556,69.25204,13.82103,38.374872,286.4904589,0,0,0,0,2016,0,0,0,2016.0,14.0759,12.923,13.391,13.01,14.852,11.5896568,-9.99874,5.86049,1.475322314,14.5966,0.92,15.878,930.457,5598.0,12.969,12.927,12.551,9.279,1.04616,4.49,0.94,False,True,False,False,False,False,True,0.07918124604762482
32157,5,1,3,0,0,1,296.68111,60.29556,69.25204,13.82103,38.374872,286.4904589,0,0,0,0,2016,0,0,0,2016.0,14.0759,12.923,13.391,13.01,14.852,11.5896568,-9.99874,5.86049,4.15244722,14.5966,0.92,15.878,930.457,5598.0,12.969,12.927,12.551,9.279,1.04616,4.49,0.94,False,True,False,False,False,False,True,0.14612803567823798
32168,5,1,1,0,0,1,298.00776,59.84269,69.29811,13.02028,38.0884183,287.4441104,0,0,0,0,2016,0,0,0,2016.0,14.26,13.202,13.585,13.244,14.958,4.9499204,-2.66431,4.17171,8.73485836,14.7461,1.05,15.958,1393.85,5906.0,13.216,13.148,12.452,8.658,0.688804,4.42,1.03,False,True,False,False,False,False,True,0.2600713879850748
32174,5,1,1,0,0,1,304.0274,59.15058,70.79123,10.25091,38.2165603,291.423582,0,0,0,0,2016,0,0,0,2016.0,13.4436,12.299,12.739,12.339,14.145,3.9165052,-3.90922,0.238771,12.99207337,13.9556,1.11,14.806,1130.21,5714.0,12.28,12.254,11.792,9.342,0.856267,4.33,0.98,False,True,False,False,False,False,True,0.2600713879850748
32185,5,1,1,0,0,1,303.1474,59.11654,70.45457,10.55969,38.0575539,290.8846217,0,0,0,0,2016,0,0,0,2016.0,12.8352,11.888,12.216,11.908,13.387,9.719003,-4.78583,-8.45901,3.749100061,13.2797,1.01,14.552,547.026,5850.0,11.873,11.818,11.909,9.066,1.79924,4.45,1.04,False,True,False,False,False,False,True,0.15533603746506178
32194,5,1,1,0,0,1,303.44816,59.23266,70.64753,10.52435,38.211894,291.0318604,0,0,0,0,2016,0,0,0,2016.0,12.4103,11.64,11.902,11.652,12.886,13.0626743,-11.2372,-6.66024,11.0895723,12.7699,2.42,14.134,917.804,6403.0,11.621,11.604,11.561,8.791,1.06113,3.87,1.57,False,True,False,False,False,False,True,0.5010592622177514
32205,5,1,1,0,0,1,306.17946,62.47617,73.97975,11.78814,41.7033162,291.4332781,0,0,0,0,2016,0,0,0,2016.0,12.954,11.774,12.213,11.823,13.564,25.9492403,-25.4887,-4.86716,0.974868926,13.4673,0.84,14.567,398.676,5468.0,11.787,11.744,11.574,9.052,2.47942,4.56,0.92,False,True,False,False,False,False,True,0.07554696139253074
32221,5,1,1,0,0,1,299.60414,63.31032,72.58052,14.5822,41.6356009,287.2726117,0,0,0,0,2016,0,0,0,2016.0,14.7883,13.319,13.874,13.425,15.562,8.2631445,7.44386,-3.58727,4.89718784,15.42,0.78,16.769,727.904,5071.0,13.355,13.312,12.84,8.844,1.34537,4.58,0.83,False,True,False,False,False,False,True,0.10720996964786839
32230,5,1,1,0,0,1,293.51313,66.74998,73.91733,18.67711,44.3465098,282.7241098,0,0,0,0,2016,0,0,0,2016.0,15.1016,13.046,13.875,13.209,16.131,11.2946049,8.1355,7.83465,5.72812599,15.9397,0.56,17.821,443.106,4043.0,13.055,13.03,13.132,9.369,2.2286,4.71,0.58,False,True,False,False,False,False,True,0.1673173347481761
32235,5,1,1,0,0,1,301.61617,65.76913,75.11678,15.47229,44.2374702,287.4774867,0,0,0,0,2016,0,0,0,2016.0,15.1812,13.788,14.351,13.852,15.959,8.7339794,-6.12905,6.22231,3.75574426,15.7514,0.77,17.157,938.168,5102.0,13.956,13.821,12.336,9.39,1.03769,4.58,0.81,False,True,False,False,False,False,True,0.22530928172586284
32244,5,2,1,0,0,2,298.54127,66.20823,74.6617,16.724,44.3107855,285.6285208,0,0,0,0,2016,0,0,0,2016.0,14.6466,12.608,13.441,12.872,16.303,24.8958243,-24.478,-4.54198,7.09714223,15.6335,0.44,17.19,283.155,3804.0,12.478,12.478,12.464,8.809,3.50313,4.81,0.46,False,True,False,False,False,False,True,-0.036212172654444715
32267,5,1,1,0,0,1,304.48254,68.75038,78.21693,16.58248,47.4147762,287.6535874,0,0,0,0,2016,0,0,0,2016.0,15.3901,14.049,14.598,14.125,16.207,11.5411104,-9.97879,-5.79836,13.2140732,15.9511,0.78,17.439,1064.47,5162.0,14.076,14.036,12.661,9.493,0.911324,4.58,0.81,False,True,False,False,False,False,True,0.4608978427565479
32286,5,1,1,0,1,1,306.93462,68.79199,78.87676,15.95896,47.75947,288.868246,0,0,0,0,2016,0,0,0,2016.0,12.2971,11.325,11.669,11.355,12.843,11.8842414,11.512,2.95111,158.6853308,12.7304,1.01,13.488,446.844,5867.0,11.292,11.254,11.35,9.506,2.20945,4.42,0.98,False,True,False,False,False,False,True,0.5065050324048721
32287,5,1,2,0,0,1,310.39401,67.99116,79.2337,14.49447,47.484789,291.0628615,0,0,0,0,2016,0,0,0,2016.0,13.4322,12.287,12.705,12.342,14.153,12.1501005,-3.50091,-11.6348,4.29264638,13.9378,0.89,14.701,516.09,5521.0,12.257,12.211,12.726,8.777,1.90887,4.51,0.93,False,True,False,False,False,False,True,-0.10790539730951958
32313,5,1,2,0,0,1,318.12113,66.60924,80.68512,11.53087,47.4486164,295.9206663,0,0,0,0,2016,0,0,0,2016.0,12.7684,11.617,12.061,11.704,13.392,2.8172,-1.06419,2.60847,31.5922646,13.2634,1.32,14.343,1303.72,5674.0,11.654,11.607,11.596,9.339,0.738217,4.19,1.0,False,True,False,False,False,False,True,0.19865708695442263
32321,5,1,2,0,0,0,318.12113,66.60924,80.68512,11.53087,47.4486164,295.9206663,0,0,0,0,2017,0,0,0,2023.0,12.7684,11.617,12.061,11.704,13.392,2.8172,-1.06419,2.60847,17.157236,13.2634,1.487,14.343,1303.72,5676.0,11.654,11.607,11.596,9.339,0.738217,4.1,1.016,True,False,True,False,False,False,False,0.1903316981702915
32329,5,1,1,0,0,1,305.3306,59.60354,71.58933,10.08152,38.8422004,292.0683108,0,0,0,0,2016,0,0,0,2016.0,15.0523,13.381,14.079,13.55,16.315,14.4718151,-14.356,-1.82721,1.973760926,15.7615,0.71,17.424,642.051,4739.0,13.282,13.209,12.734,9.102,1.53004,4.62,0.77,False,True,False,False,False,False,True,1.1146109842321732
32337,5,1,1,0,0,1,307.83289,59.29869,72.28336,8.96715,38.9392217,293.7439223,0,0,0,0,2016,0,0,0,2016.0,14.2824,12.706,13.341,12.843,15.253,11.6299823,-10.6125,-4.75724,53.5293487,14.9463,0.74,16.419,485.318,4838.0,12.762,12.665,12.117,9.336,2.0321,4.61,0.81,False,True,False,False,False,False,True,0.38560627359831223
32348,5,1,1,0,0,1,304.62255,59.43171,71.21092,10.22219,38.5729105,291.6924773,0,0,0,0,2016,0,0,0,2016.0,15.0574,13.105,13.937,13.306,16.696,5.8201457,5.42198,2.11571,0.928310498,15.8612,0.62,17.69,503.568,4248.0,13.123,13.081,12.555,8.927,1.95791,4.67,0.65,False,True,False,False,False,False,True,0.10720996964786839
32358,5,1,1,0,0,1,302.09363,59.77011,70.58601,11.39483,38.5398551,290.0004154,0,0,0,0,2016,0,0,0,2016.0,14.8127,13.873,14.193,13.9,15.45,6.7951868,-6.28514,-2.58294,8.39846269,15.2595,1.23,16.195,1775.8,6159.0,13.903,13.87,12.273,9.167,0.534883,4.32,1.16,False,True,False,False,False,False,True,0.4065401804339551
32371,5,1,1,0,0,1,311.02649,58.74195,73.12426,7.44438,38.9466396,295.9751549,0,0,0,0,2016,0,0,0,2016.0,14.0559,13.005,13.454,13.091,14.723,2.2638236,1.43787,-1.74855,8.63847725,14.5085,1.02,15.351,1480.16,5870.0,13.092,12.967,12.468,9.347,0.647406,4.42,1.01,False,True,False,False,False,False,True,0.32633586092875144
32385,3,1,4,0,1,1,321.69084,62.45244,79.57854,7.23801,44.3815508,300.5171067,0,0,0,0,2016,0,0,0,2012.0,13.4763,12.606,12.913,12.653,14.036,4.1020367,-4.10049,-0.112637,13.4845,13.8825,1.302,14.548,1020.72,6174.0,12.577,12.482,12.488,9.627,0.951089,4.274,1.165,False,True,False,False,False,False,True,0.5403294747908738
32395,3,1,4,0,1,1,321.69084,62.45244,79.57854,7.23801,44.3815508,300.5171067,0,0,0,0,2016,0,0,0,2012.0,13.4763,12.606,12.913,12.653,14.036,4.1020367,-4.10049,-0.112637,27.4029,13.8825,1.302,14.548,1020.72,6174.0,12.577,12.482,12.488,9.627,0.951089,4.274,1.165,False,True,False,False,False,False,True,0.5705429398818975
32425,3,1,4,0,1,1,321.69084,62.45244,79.57854,7.23801,44.3815508,300.5171067,0,0,0,0,2016,0,0,0,2014.0,13.4763,12.606,12.913,12.653,14.036,4.1020367,-4.10049,-0.112637,52.0902,13.8825,1.302,14.548,1020.72,6174.0,12.577,12.482,12.488,9.627,0.951089,4.274,1.165,False,True,False,False,False,False,True,0.8549130223078556
32437,3,1,4,0,1,1,321.69084,62.45244,79.57854,7.23801,44.3815508,300.5171067,0,0,0,0,2016,0,0,0,2014.0,13.4763,12.606,12.913,12.653,14.036,4.1020367,-4.10049,-0.112637,81.0659,13.8825,1.302,14.548,1020.72,6174.0,12.577,12.482,12.488,9.627,0.951089,4.274,1.165,False,True,False,False,False,False,True,0.5428254269591799
32449,5,1,1,0,0,1,297.57407,60.70191,69.85924,13.71774,38.8722123,286.9171489,0,0,0,0,2016,0,0,0,2016.0,14.6128,13.248,13.784,13.294,15.534,4.6438977,-0.307587,4.6337,13.73469807,15.1947,0.8,16.279,703.168,5208.0,13.244,13.196,12.237,8.677,1.39356,4.56,0.84,False,True,False,False,False,False,True,0.33845649360460484
32455,5,1,1,0,0,1,307.67382,59.42043,72.30998,9.11103,39.0294267,293.5958044,0,0,0,0,2016,0,0,0,2016.0,13.9655,13.158,13.418,13.139,14.473,13.8389908,-12.7885,-5.28885,14.5539759,14.3687,1.47,14.669,1266.34,6383.0,13.104,13.073,12.899,9.435,0.761688,4.21,1.3,False,True,False,False,False,False,True,0.48429983934678583
32464,5,1,1,0,0,1,305.22762,59.59712,71.54789,10.11457,38.8207001,292.0068239,0,0,0,0,2016,0,0,0,2016.0,14.4833,13.478,13.787,13.453,15.117,4.1964153,-4.19588,0.0670233,11.30119217,14.976,1.12,15.435,1425.47,5971.0,13.385,13.362,12.509,8.582,0.673536,4.38,1.09,False,True,False,False,False,False,True,0.292256071356476
32480,5,1,1,0,0,1,309.84211,58.77515,72.68455,7.87857,38.7744269,295.2167334,0,0,0,0,2016,0,0,0,2016.0,14.0876,12.871,13.353,12.997,14.742,24.2153069,17.3986,16.8425,4.24153639,14.601,0.97,15.521,985.699,5745.0,12.827,12.825,12.448,9.075,0.988411,4.46,0.98,False,True,False,False,False,False,True,0.1367205671564068
32489,5,1,1,0,0,1,299.50822,60.59157,70.37593,12.90645,38.9968923,288.1336793,0,0,0,0,2016,0,0,0,2016.0,13.0019,12.011,12.337,12.024,13.599,7.8202278,6.69062,-4.04865,11.13125132,13.442,1.38,14.601,931.192,5839.0,12.007,11.974,12.005,9.392,1.04516,4.23,1.19,False,True,False,False,False,False,True,0.3242824552976926
32496,5,2,1,0,1,2,303.61286,59.55578,70.94724,10.68138,38.5455728,291.0189951,0,0,0,0,2016,0,0,0,2016.0,12.8446,11.708,12.143,11.767,13.423,10.7371727,10.2813,-3.09544,29.6193421,13.3107,0.96,14.567,492.122,5631.0,11.619,11.56,11.707,8.857,2.00331,4.45,0.94,False,True,False,False,False,False,True,0.22530928172586284
32507,5,1,1,0,0,1,298.31223,60.8936,70.24259,13.55144,39.1447097,287.3078999,0,0,0,0,2016,0,0,0,2016.0,12.4083,11.074,11.606,11.184,13.175,9.4614412,-3.54141,8.77367,6.40087618,12.9866,1.09,14.413,817.584,5475.0,11.09,11.024,10.973,8.883,1.1944,4.33,0.93,False,True,False,False,False,False,True,0.11394335230683679
32513,5,1,1,0,1,1,314.79026,61.05781,76.08384,8.00979,41.781645,297.2089078,0,0,0,0,2016,0,0,0,2016.0,14.018,12.841,13.293,12.897,14.751,17.6468181,-15.9545,-7.54083,27.07237711,14.5416,0.95,15.643,1315.26,5680.0,12.823,12.809,12.102,9.335,0.731986,4.47,0.96,False,True,False,False,False,False,True,0.3364597338485295
32527,5,1,1,0,0,1,308.08383,62.64071,74.7325,11.28489,42.1422821,292.4782785,0,0,0,0,2016,0,0,0,2016.0,13.751,12.838,13.144,12.87,14.221,9.6808644,4.4669,8.58871,13.71933369,14.1648,1.29,15.011,972.274,6224.0,12.781,12.731,12.169,9.29,0.99993,4.29,1.19,False,True,False,False,False,False,True,0.37839790094813774
32559,10,1,1,0,0,1,290.06269,65.10597,71.65893,19.01274,42.4510975,281.2881335,0,0,0,0,2015,1,1,0,2010.0,13.1448,12.293,12.576,12.324,13.598,4.42486,3.8412,2.19649,3.5224991,13.5299,1.486,13.804,1021.87,6213.0,12.267,12.261,12.258,9.395001,0.949758,4.174,1.213,False,True,True,False,False,False,False,1.2006301225184017
32568,8,1,6,0,1,1,311.90935,59.67592,74.08669,7.85257,39.9787451,296.1125759,0,0,0,0,2016,0,0,0,2012.0,14.0239,12.253,12.954,12.354,15.23,7.315832,-7.18457,-1.37962,7.05246,14.7555,0.678,16.303,369.451,4540.0,12.254,12.208,12.006,9.179,2.67801,4.639,0.73,False,True,True,False,False,False,False,0.4265112613645752
32596,8,1,6,0,1,1,311.90935,59.67592,74.08669,7.85257,39.9787451,296.1125759,0,0,0,0,2016,0,0,0,2012.0,14.0239,12.253,12.954,12.354,15.23,7.315832,-7.18457,-1.37962,9.52355,14.7555,0.678,16.303,369.451,4540.0,12.254,12.208,12.006,9.179,2.67801,4.639,0.73,False,True,True,False,False,False,False,0.437750562820388
32617,8,1,6,0,1,1,311.90935,59.67592,74.08669,7.85257,39.9787451,296.1125759,0,0,0,0,2016,0,0,0,2014.0,14.0239,12.253,12.954,12.354,15.23,7.315832,-7.18457,-1.37962,3.07222,14.7555,0.678,16.303,369.451,4540.0,12.254,12.208,12.006,9.179,2.67801,4.639,0.73,False,True,True,False,False,False,False,0.1846914308175988
32626,8,1,6,0,1,1,311.90935,59.67592,74.08669,7.85257,39.9787451,296.1125759,0,0,0,0,2016,0,0,0,2014.0,14.0239,12.253,12.954,12.354,15.23,7.315832,-7.18457,-1.37962,4.64489,14.7555,0.678,16.303,369.451,4540.0,12.254,12.208,12.006,9.179,2.67801,4.639,0.73,False,True,True,False,False,False,False,0.2041199826559248
32657,12,1,6,0,0,0,311.90935,59.67592,74.08669,7.85257,39.9787451,296.1125759,0,0,0,0,2017,0,0,0,2017.0,14.0239,12.253,12.954,12.354,15.23,7.315832,-7.18457,-1.37962,14.64558,14.7555,0.678,16.303,369.451,4540.0,12.254,12.208,12.006,9.179,2.67801,4.639,0.83,False,True,False,True,False,False,False,0.05307844348341968
32666,5,1,1,0,0,1,300.48943,66.4885,75.39413,16.28111,44.7951858,286.5747697,0,0,0,0,2016,0,0,0,2016.0,15.2167,13.916,14.446,14.042,15.92,7.2521129,-6.94036,-2.10346,14.13176026,15.7477,0.82,16.88,1019.26,5315.0,14.035,13.965,13.079,9.537,0.952861,4.55,0.85,False,True,False,False,False,False,True,0.4548448600085102
32681,5,1,1,0,0,1,299.54418,66.4626,75.1285,16.56057,44.6646277,286.0751815,0,0,0,0,2016,0,0,0,2016.0,14.5438,12.763,13.489,12.888,15.596,6.992989,-2.11012,-6.66703,11.41928253,15.2759,0.63,17.058,440.426,4435.0,12.792,12.72,12.43,9.348,2.24188,4.66,0.67,False,True,False,False,False,False,True,0.3010299956639812
32689,5,1,1,0,0,1,299.68199,66.80394,75.44422,16.72791,45.0077413,286.0157998,0,0,0,0,2016,0,0,0,2016.0,14.3021,13.105,13.596,13.307,15.01,10.5730751,-5.80348,-8.83796,40.0587473,14.8111,0.9,15.911,780.585,5507.0,13.157,13.105,12.454,9.083,1.25238,4.5,0.93,False,True,False,False,False,False,True,0.5490032620257879
32696,5,1,1,0,0,1,320.16656,63.13404,79.37192,8.19102,44.6939033,299.2216728,0,0,0,0,2016,0,0,0,2016.0,13.1253,11.993,12.415,12.074,13.856,11.5034732,3.58739,10.9298,50.28638192,13.63,1.12,14.632,639.771,5919.0,12.005,11.937,11.915,8.894,1.53433,4.36,1.05,False,True,False,False,False,False,True,0.5786392099680724
32705,5,1,2,0,0,1,311.55939,64.88785,77.4418,11.88612,44.7851812,293.3722109,0,0,0,0,2016,0,0,0,2016.0,13.2823,12.246,12.631,12.3,13.864,6.9299287,2.22209,-6.56401,14.37457351,13.7361,1.05,14.702,649.65,5817.0,12.237,12.191,11.979,8.85,1.5105,4.4,1.01,False,True,False,False,False,False,True,0.287801729930226
32716,5,1,2,0,0,1,311.55939,64.88785,77.4418,11.88612,44.7851812,293.3722109,0,0,0,0,2016,0,0,0,2016.0,13.2823,12.246,12.631,12.3,13.864,6.9299287,2.22209,-6.56401,9.65185017,13.7361,1.05,14.702,649.65,5817.0,12.237,12.191,11.979,8.85,1.5105,4.4,1.01,False,True,False,False,False,False,True,0.05690485133647256
32727,5,1,1,0,0,1,311.57487,65.17424,77.64116,12.09596,45.053364,293.2300178,0,0,0,0,2016,0,0,0,2016.0,12.1079,11.2,11.547,11.294,12.586,14.0630523,8.54678,11.1679,30.8638931,12.5048,1.65,13.206,638.49,6112.0,11.189,11.17,11.23,9.009,1.53774,4.08,1.19,False,True,False,False,False,False,True,0.4608978427565479
32740,5,1,1,0,0,1,315.63401,64.22808,78.38092,10.2587,44.8535698,296.0071956,0,0,0,0,2016,0,0,0,2016.0,11.1508,10.128,10.486,10.165,11.813,33.3140153,26.9872,19.5324,8.09219642,11.5909,1.16,12.549,361.896,5770.0,10.131,10.097,10.06,8.966,2.73453,4.3,0.99,False,True,False,False,False,False,True,0.05690485133647256
32756,5,1,1,0,1,1,307.56664,68.98147,79.18303,15.92719,48.0180689,289.0836324,0,0,0,0,2016,0,0,0,2016.0,14.2151,13.195,13.557,13.237,14.875,12.1308248,-12.114,0.638682,55.63934,14.6798,0.98,15.712,961.405,5734.0,13.19,13.127,13.011,9.597,1.01149,4.45,0.99,False,True,False,False,False,False,True,0.47856649559384334
32812,5,1,1,0,0,1,319.89898,66.96798,81.47969,11.41579,48.0825642,296.6148615,0,0,0,0,2016,0,0,0,2016.0,15.26,14.207,14.534,14.238,15.73,15.8592992,-15.4326,-3.65407,4.59725385,15.7606,1.04,16.366,1458.59,5803.0,14.176,14.122,12.949,8.894,0.658354,4.42,1.03,False,True,False,False,False,False,True,0.28555730900777376
32823,5,1,1,0,0,1,300.84921,69.62709,78.04972,18.13436,47.8345586,285.4241593,0,0,0,0,2016,0,0,0,2016.0,13.4985,12.462,12.852,12.529,14.046,17.6342743,-11.6557,-13.233,23.58447697,13.9578,1.24,14.662,985.041,5747.0,12.449,12.406,12.233,9.098,0.986417,4.25,1.01,False,True,False,False,False,False,True,0.43136376415898736
32830,5,1,1,0,0,1,307.36183,69.21423,79.30359,16.14187,48.208517,288.8552821,0,0,0,0,2016,0,0,0,2016.0,13.434,12.832,13.006,12.755,13.815,5.8507424,-5.46597,-2.08671,10.11716531,13.7493,1.71,14.408,1482.74,6761.0,12.749,12.737,12.542,8.885,0.645507,4.13,1.45,False,True,False,False,False,False,True,0.5502283530550941
32846,5,1,1,0,0,1,300.42527,70.30004,78.51337,18.6639,48.4315896,284.9105256,0,0,0,0,2016,0,0,0,2016.0,14.2593,13.418,13.713,13.415,14.859,6.7392461,-6.60194,1.35345,6.1469851,14.6655,1.22,15.329,2055.77,6162.0,13.361,13.352,12.486,9.266,0.456804,4.33,1.15,False,True,False,False,False,False,True,0.32633586092875144
32856,5,1,1,0,0,1,300.51617,69.71286,78.04531,18.27833,47.8813037,285.2211238,0,0,0,0,2016,0,0,0,2016.0,12.6392,11.191,11.794,11.295,13.438,8.528445,-8.18184,2.40663,8.57503552,13.2306,3.42,14.519,1259.28,5028.0,11.232,11.152,11.217,9.361,0.765236,3.46,1.25,False,True,False,False,False,False,True,0.6138418218760693
32870,5,1,1,0,0,1,307.448,59.65077,72.38946,9.356,39.2124394,293.3628165,0,0,0,0,2016,0,0,0,2016.0,15.3058,13.892,14.426,14.045,16.365,0.8592343,0.727456,-0.457265,10.50682565,15.9357,0.85,16.871,983.697,5286.0,13.909,13.799,12.566,9.39,0.989507,4.54,0.9,False,True,False,False,False,False,True,1.010299956639812
32878,5,1,1,0,0,1,311.31726,58.91639,73.35435,7.47643,39.161614,296.0818498,0,0,0,0,2016,0,0,0,2016.0,15.074,13.954,14.386,14.025,15.967,4.4135917,-2.58634,-3.5764,3.990106229,15.5969,1.03,16.637,1484.46,5861.0,14.047,13.864,12.798,9.138,0.646594,4.42,1.03,False,True,False,False,False,False,True,0.9556877503135057
32886,5,1,1,0,0,1,311.67175,59.07221,73.59645,7.47435,39.3702865,296.2351072,0,0,0,0,2016,0,0,0,2016.0,14.5479,13.448,13.882,13.476,15.368,10.5413601,-9.77397,-3.94839,10.03538581,15.0569,0.92,15.897,925.037,5638.0,13.314,13.228,12.86,9.179,1.05377,4.49,0.94,False,True,False,False,False,False,True,0.7084209001347128
32902,5,1,1,0,0,1,310.31869,59.11605,73.09948,7.96666,39.1772925,295.3708312,0,0,0,0,2016,0,0,0,2016.0,14.4889,13.163,13.688,13.214,15.402,19.0286411,17.6705,7.05993,33.1995648,15.0662,0.81,15.094,664.306,5279.0,13.086,13.018,12.169,8.936,1.47698,4.55,0.86,False,True,False,False,False,False,True,0.4409090820652177
32966,5,1,1,0,0,1,303.99708,60.2027,71.5641,10.97902,39.2206091,291.0201523,0,0,0,0,2016,0,0,0,2016.0,13.4786,12.53,12.841,12.584,14.135,8.5272448,-7.99097,-2.97629,127.8338098,13.9436,1.36,14.664,1387.2,6260.0,11.638,11.959,11.982,9.352,0.692312,4.25,1.23,False,True,False,False,False,False,True,0.7846172926328754
32973,5,1,1,0,0,1,295.78735,61.42773,69.92349,14.84472,39.3794684,285.6173937,0,0,0,0,2016,0,0,0,2016.0,14.2181,12.869,13.435,12.967,15.153,12.9936549,-10.8729,-7.11443,1.92279873,14.8177,0.8,16.593,614.571,5191.0,12.893,12.832,12.475,9.26,1.59853,4.56,0.84,False,True,False,False,False,False,True,0.11727129565576427
32985,5,1,1,0,0,1,306.06013,60.23072,72.30493,10.25746,39.5501136,292.2760929,0,0,0,0,2016,0,0,0,2016.0,14.0962,13.053,13.391,13.04,14.75,11.4969152,-10.799,-3.9447,3.222969273,14.5966,1.08,15.364,860.391,5928.0,12.968,12.927,12.05,9.151,1.13365,4.4,1.06,False,True,False,False,False,False,True,0.24797326636180664
32995,5,1,1,0,0,1,294.08006,61.44577,69.44907,15.52074,39.2201737,284.5825682,0,0,0,0,2016,0,0,0,2016.0,14.2527,13.187,13.619,13.246,15.089,7.7470374,-7.06297,3.18293,4.16809082,14.7625,0.96,16.314,1389.27,5643.0,13.18,13.146,12.663,9.337,0.691059,4.47,0.98,False,True,False,False,False,False,True,0.19589965240923374
33002,5,1,1,0,0,1,303.47904,60.81261,71.84571,11.57965,39.7319975,290.477406,0,0,0,0,2016,0,0,0,2016.0,14.4323,13.447,13.792,13.571,15.051,2.0926721,-1.69733,-1.22407,4.51436633,14.8825,1.22,15.674,1201.4,6035.0,13.524,13.461,12.789,9.252,0.804038,4.32,1.15,False,True,False,False,False,False,True,0.27184160653649897
33016,5,1,2,0,0,1,309.60167,59.47832,73.07163,8.48096,39.3984081,294.769825,0,0,0,0,2016,0,0,0,2016.0,13.7194,12.67,13.069,12.726,14.296,24.7412753,-21.569,-12.1206,3.77360059,14.1453,1.08,14.705,807.85,5976.0,12.739,12.703,12.353,8.696,1.20931,4.39,1.03,False,True,False,False,False,False,True,0.1846914308175988
33025,5,1,2,0,0,1,309.60167,59.47832,73.07163,8.48096,39.3984081,294.769825,0,0,0,0,2016,0,0,0,2016.0,13.7194,12.67,13.069,12.726,14.296,24.7412753,-21.569,-12.1206,8.1818246,14.1453,1.08,14.705,807.85,5976.0,12.739,12.703,12.353,8.696,1.20931,4.39,1.03,False,True,False,False,False,False,True,0.2648178230095365
33036,5,1,1,0,0,1,294.52849,61.4202,69.55449,15.33019,39.2405076,284.8601128,0,0,0,0,2016,0,0,0,2016.0,12.9814,12.001,12.373,12.058,13.644,9.5630202,-9.53959,0.669013,4.48758907,13.4122,1.15,15.123,779.596,6079.0,11.972,11.944,11.967,9.064,1.2539,4.34,1.05,False,True,False,False,False,False,True,0.09691001300805642
33038,5,1,1,0,1,1,312.25174,62.53338,76.09952,9.91121,42.7085608,294.9660027,0,0,0,0,2016,0,0,0,2016.0,15.3515,14.209,14.668,14.266,15.865,3.3579663,-0.826081,-3.25477,51.92927591,15.8616,0.91,16.218,2046.68,5602.0,14.145,14.089,13.019,9.22,0.461482,4.5,0.93,False,True,False,False,False,False,True,0.7505083948513462
33053,5,1,1,0,0,1,299.4793,64.19184,73.25742,15.17564,42.4712271,286.8872555,0,0,0,0,2016,0,0,0,2016.0,14.4455,12.992,13.586,13.146,15.374,3.6152792,-3.36656,-1.31777,0.567857136,15.0441,0.77,16.112,575.322,5039.0,13.043,12.997,12.651,9.38,1.70945,4.58,0.81,False,True,False,False,False,False,True,0.17897694729316943
33057,5,1,1,0,0,1,291.8606,64.96975,71.95093,18.29325,42.4638125,282.3328312,0,0,0,0,2016,0,0,0,2016.0,14.4166,13.29,13.699,13.364,14.973,8.3089089,-2.45556,7.93777,6.88337562,14.9206,0.97,15.605,1073.76,5698.0,13.323,13.285,12.506,9.038,0.902722,4.46,0.98,False,True,False,False,False,False,True,0.3242824552976926
33136,5,1,1,0,0,1,312.29591,62.546,76.12355,9.9075,42.7277355,294.9855607,0,0,0,0,2016,0,0,0,2016.0,13.1742,12.159,12.539,12.227,13.751,20.1593144,14.796,13.6922,5.62153941,13.6311,0.97,14.244,593.54,5732.0,12.131,12.078,11.826,8.897,1.65604,4.46,0.99,False,True,False,False,False,False,True,0.10380372095595687
33148,5,1,1,0,0,1,316.01025,64.73623,78.82861,10.55971,45.383869,295.9261101,0,0,0,0,2016,0,0,0,2016.0,15.3661,14.197,14.682,14.295,16.001,1.0960399,0.920478,0.594999,7.1396941,15.8594,0.9,15.976,1688.12,5596.0,14.372,14.316,13.342,9.655,0.56484,4.5,0.92,False,True,False,False,False,False,True,0.31386722036915343
33155,5,1,1,0,0,1,307.65958,66.38231,77.2932,14.07649,45.6005798,290.4799052,0,0,0,0,2016,0,0,0,2016.0,14.7079,12.885,13.629,13.006,15.755,23.8198598,-22.0713,-8.95787,18.7546998,15.4686,0.62,17.981,467.37,4339.0,12.877,12.815,12.454,9.403,2.11112,4.67,0.64,False,True,False,False,False,False,True,0.3053513694466238
33165,5,1,1,0,0,1,301.58932,66.7587,75.89955,16.11418,45.1803351,287.0544674,0,0,0,0,2016,0,0,0,2016.0,15.2036,13.484,14.167,13.601,16.211,6.5530304,-5.79584,-3.05785,13.32388301,15.9285,0.66,17.406,633.937,4554.0,13.498,13.424,12.351,8.872,1.54978,4.64,0.7,False,True,False,False,False,False,True,0.3053513694466238
33176,5,1,1,0,0,1,295.87819,67.95808,75.51099,18.58969,45.7348003,283.5742181,0,0,0,0,2016,0,0,0,2016.0,15.4396,14.561,14.858,14.586,16.062,7.5263271,-7.05917,-2.61031,11.41909375,15.8901,1.11,16.54,2406.33,5954.0,14.44,14.406,13.265,9.38,0.38296,4.38,1.08,False,True,False,False,False,False,True,0.44560420327359757
33180,5,1,1,0,0,1,302.67424,67.1741,76.5148,16.05709,45.7043964,287.4527659,0,0,0,0,2016,0,0,0,2016.0,14.1524,13.15,13.539,13.244,14.672,2.8848115,1.43798,-2.50087,11.36112327,14.5873,1.04,15.5,980.035,5895.0,13.202,13.159,13.081,9.271,0.991756,4.41,1.03,False,True,False,False,False,False,True,0.436162647040756
33194,5,1,1,0,0,1,299.01801,67.85909,76.15481,17.57513,45.95011,285.2467607,0,0,0,0,2016,0,0,0,2016.0,14.7517,13.465,13.954,13.517,15.576,4.87913,-3.70184,3.17841,16.56059504,15.229,0.81,16.365,901.907,5403.0,13.27,13.268,12.974,9.119,1.08016,4.56,0.85,False,True,False,False,False,False,True,0.4082399653118496
33206,5,1,1,0,0,1,299.37128,67.84729,76.2298,17.46217,45.975959,285.4354695,0,0,0,0,2016,0,0,0,2016.0,14.7772,13.761,14.186,13.855,15.424,9.32589,-7.24051,-5.87769,15.74957994,15.2295,0.96,16.009,1104.04,5770.0,13.609,13.562,12.658,9.518,0.877122,4.46,0.98,False,True,False,False,False,False,True,0.436162647040756
33210,5,1,1,0,0,1,308.31807,65.90113,77.13885,13.54734,45.242544,291.074684,0,0,0,0,2016,0,0,0,2016.0,13.1455,12.25,12.554,12.31,13.693,10.1404279,-10.0713,1.18203,37.8144514,13.5633,1.31,14.393,944.561,6058.0,12.236,12.194,12.126,9.246,1.02991,4.29,1.22,False,True,False,False,False,False,True,0.4099331233312945
33274,5,1,1,0,0,1,299.51869,70.79157,78.73264,19.20216,48.8095962,284.2513637,0,0,0,0,2016,0,0,0,2016.0,15.1894,13.928,14.464,14.04,15.791,8.6103837,-4.01245,7.61833,124.4198398,15.7442,0.81,17.104,998.961,5324.0,13.929,13.889,12.537,9.509,0.973052,4.56,0.85,False,True,False,False,False,False,True,0.7185016888672743
33283,5,1,1,0,0,1,314.95848,69.63058,81.63101,14.63931,49.6535171,292.3285976,0,0,0,0,2016,0,0,0,2016.0,14.4695,12.913,13.538,12.997,15.363,6.3455372,2.26921,5.92592,1.21956827,15.1296,0.73,16.358,532.726,4848.0,12.878,12.805,12.554,9.4,1.84875,4.6,0.78,False,True,False,False,False,False,True,0.2041199826559248
33290,5,1,1,0,0,1,320.51912,67.84603,82.18878,12.00369,48.9714373,296.3219786,0,0,0,0,2016,0,0,0,2016.0,14.7675,13.709,14.088,13.761,15.354,3.80464,-3.26145,-1.95914,2.053879821,15.2481,1.03,15.895,1165.66,5830.0,13.48,13.388,12.299,9.219,0.830221,4.42,1.02,False,True,False,False,False,False,True,0.4132997640812518
33301,5,1,1,0,0,1,306.17501,69.97944,79.58545,16.96872,48.7739646,287.8578541,0,0,0,0,2016,0,0,0,2016.0,14.979,13.058,13.804,13.194,15.986,30.8417796,-26.0588,16.4971,2.613020856,15.7957,0.57,17.951,431.776,4128.0,12.987,12.968,12.78,9.24,2.28848,4.7,0.59,False,True,False,False,False,False,True,0.22530928172586284
33316,5,1,1,0,0,1,312.09276,69.59821,80.82529,15.26491,49.2037262,290.9576363,0,0,0,0,2016,0,0,0,2016.0,14.0071,12.515,13.094,12.567,14.903,20.437092,-17.6798,10.2518,0.927859821,14.6386,0.75,15.995,431.051,4913.0,12.477,12.395,12.958,9.472,2.29111,4.59,0.79,False,True,False,False,False,False,True,0.3096301674258988
33327,5,1,1,0,0,1,305.00375,70.41945,79.6461,17.55834,49.0460112,287.0570731,0,0,0,0,2016,0,0,0,2016.0,15.1044,13.978,14.423,14.086,15.684,0.5512654,0.411825,-0.366461,19.80792185,15.6041,0.91,16.388,1127.12,5579.0,13.885,13.819,12.637,9.535,0.858834,4.5,0.94,False,True,False,False,False,False,True,0.3944516808262163
33331,5,1,1,0,0,1,298.6601,71.54865,79.20453,19.87459,49.4509371,283.5048144,0,0,0,0,2016,0,0,0,2016.0,14.1328,12.708,13.24,12.741,14.998,13.5713521,-13.472,-1.63915,2.343231895,14.7799,0.77,16.392,513.103,4940.0,12.576,12.494,12.692,9.621,1.9202,4.58,0.83,False,True,False,False,False,False,True,0.07188200730612537
33341,5,1,1,0,0,1,315.52179,68.60044,81.12202,13.71305,48.8116114,293.2882949,0,0,0,0,2016,0,0,0,2016.0,13.5365,12.431,12.84,12.484,14.194,5.7588798,-1.38953,5.58873,6.91134416,14.0105,1.2,14.944,1378.47,5695.0,12.454,12.433,12.348,9.744,0.696616,4.28,1.01,False,True,False,False,False,False,True,0.23044892137827394
33351,9,1,1,0,0,1,311.13699,69.00121,80.15038,15.05008,48.5213243,290.8517961,0,0,0,0,2024,0,0,0,2016.0,12.4219,11.527,11.842,11.59,12.878,6.3203947,-6.0339,-1.88134,394.62508,12.8358,1.822,13.708,822.134,5950.0,11.535,11.48,11.638,9.592,1.18782,4.016,1.259,False,True,False,True,False,False,False,0.9075013858493077
33417,5,1,1,0,0,1,314.9136,68.44446,80.84283,13.73198,48.5753645,293.0844515,0,0,0,0,2016,0,0,0,2016.0,14.9806,13.987,14.372,14.076,15.611,10.2184163,-10.1024,-1.53543,7.19303878,15.4272,1.09,16.385,1661.28,5932.0,14.021,13.973,13.153,9.824,0.573328,4.39,1.06,False,True,False,False,False,False,True,0.250420002308894
33419,5,1,1,0,0,1,318.15956,68.4912,81.83905,13.03779,49.1401106,294.6802199,0,0,0,0,2016,0,0,0,2016.0,14.6202,13.392,13.876,13.478,15.172,13.4421698,-10.3249,-8.60746,8.50699658,15.1081,0.85,16.015,839.255,5455.0,13.41,13.4,12.583,9.315,1.16312,4.53,0.89,False,True,False,False,False,False,True,0.22530928172586284
33437,5,1,1,0,1,1,321.64173,67.15234,82.15889,11.18828,48.5606875,297.3915863,0,0,0,0,2016,0,0,0,2016.0,13.479,12.587,12.852,12.598,14.006,1.9701876,-1.90258,0.511692,44.9309804,13.9066,1.16,14.721,1619.03,6100.0,12.547,12.505,12.12,9.059,0.589092,4.38,1.19,False,True,False,False,False,False,True,0.40483371661993806
33445,5,1,1,0,0,1,299.18776,71.14003,78.96035,19.49697,49.1102748,283.936781,0,0,0,0,2016,0,0,0,2016.0,11.8998,11.151,11.406,11.171,12.339,4.9733304,-3.33092,-3.6931,7.16892463,12.2485,1.55,12.981,568.676,6350.0,11.156,11.119,11.118,9.044,1.72981,4.17,1.3,False,True,False,False,False,False,True,0.22788670461367352
33451,5,1,1,0,0,1,313.11627,63.26894,76.88822,10.21625,43.537565,295.0949565,0,0,0,0,2016,0,0,0,2016.0,14.4952,13.338,13.737,13.403,15.157,4.4402212,-1.24073,-4.26335,7.886631104,15.0191,1.03,15.565,1506.58,5835.0,13.285,13.25,12.735,9.103,0.635666,4.42,1.03,False,True,False,False,False,False,True,0.921686475483602
33470,5,1,1,0,0,1,306.83652,67.26337,77.70822,14.92486,46.3149097,289.6038379,0,0,0,0,2016,0,0,0,2016.0,15.0277,13.905,14.277,13.918,15.594,9.1157937,-9.10017,0.533479,8.027680595,15.557,0.93,16.419,1351.17,5535.0,13.832,13.796,12.873,9.16,0.711619,4.49,0.96,False,True,False,False,False,False,True,0.9684829485539351
33476,5,1,1,0,0,1,312.31014,63.26647,76.60594,10.44943,43.4004526,294.6323978,0,0,0,0,2016,0,0,0,2016.0,14.5517,13.403,13.847,13.499,15.167,5.0180122,-2.8314,-4.1429,85.35129427,15.0638,0.99,15.543,983.502,5773.0,13.413,13.361,12.47,9.192,0.988522,4.45,0.99,False,True,False,False,False,False,True,0.8325089127062363
33490,5,1,1,0,1,1,310.86414,71.98127,82.19755,17.29145,51.2090375,288.8488552,0,0,0,0,2016,0,0,0,2016.0,11.9363,10.862,11.297,10.943,12.568,32.0333522,-2.51336,31.9346,76.13602028,12.411,0.91,13.151,298.532,5653.0,10.868,10.824,10.949,9.288,3.32096,4.5,0.96,False,True,False,False,False,False,True,0.6875289612146344
33503,5,1,1,0,0,1,299.68827,64.91304,73.90076,15.55426,43.1901197,286.7418337,0,0,0,0,2016,0,0,0,2016.0,15.2785,13.858,14.424,13.946,15.977,5.5560838,5.08642,-2.23571,20.38177573,15.8805,0.77,17.039,839.903,5020.0,13.907,13.815,12.448,9.048,1.16288,4.59,0.81,False,True,False,False,False,False,True,0.4899584794248346
33510,5,1,1,0,0,1,316.33691,65.62991,79.49597,11.18255,46.2547028,295.5772681,0,0,0,0,2016,0,0,0,2016.0,14.9071,13.75,14.129,13.838,15.544,9.2328104,-8.8525,-2.6226,5.101379454,15.4033,1.06,15.486,1056.36,5836.0,13.858,13.774,13.249,9.563,0.91836,4.4,1.04,False,True,False,False,False,False,True,0.5105450102066121
33516,5,1,1,0,0,1,311.26735,66.4914,78.44535,13.16131,46.2262465,292.3539624,0,0,0,0,2016,0,0,0,2016.0,14.9762,13.532,14.129,13.674,15.993,8.7760129,-6.71571,5.64957,3.949631375,15.5958,0.78,16.956,850.327,5047.0,13.648,13.519,12.776,9.499,1.14798,4.58,0.82,False,True,False,False,False,False,True,0.35793484700045375
33528,5,1,1,0,0,1,319.88061,65.19278,80.4453,9.96035,46.4926688,297.7792466,0,0,0,0,2016,0,0,0,2016.0,14.6969,13.315,13.849,13.425,15.601,15.1642522,-13.7585,-6.37638,3.148664534,15.3031,0.84,15.904,1039.03,5333.0,13.22,13.153,12.861,9.098,0.936437,4.54,0.88,False,True,False,False,False,False,True,0.3443922736851107
33543,5,1,1,0,0,1,316.63791,62.2815,77.54123,8.44029,43.2489903,297.6644677,0,0,0,0,2016,0,0,0,2016.0,14.9273,13.706,14.206,13.829,15.567,2.1117024,-0.0478575,-2.11116,15.59461874,15.4464,0.95,16.308,1499.66,5678.0,13.655,13.629,12.577,9.486,0.639816,4.46,0.96,False,True,False,False,False,False,True,0.4623979978989561
33550,5,1,2,0,0,1,298.95603,68.25153,76.46837,17.83069,46.3206074,285.0570943,0,0,0,0,2016,0,0,0,2016.0,15.3073,14.218,14.676,14.384,15.898,8.496978,-8.37574,1.43025,5.83376092,15.7816,1.0,16.337,2022.9,5754.0,14.313,14.248,12.753,9.219,0.464331,4.44,1.0,False,True,False,False,False,False,True,0.38021124171160603
33559,5,1,2,0,0,0,298.95603,68.25153,76.46837,17.83069,46.3206074,285.0570943,0,0,0,0,2017,0,0,0,2023.0,15.3073,14.218,14.676,14.384,15.898,8.496978,-8.37574,1.43025,2.42150341,15.7816,1.195,16.337,2022.9,6213.0,14.313,14.248,12.753,9.219,0.464331,4.387,1.27,True,False,True,False,False,False,False,0.20951501454263097
33568,5,1,2,0,0,1,316.96356,62.51934,77.80764,8.5398,43.5272796,297.7242257,0,0,0,0,2016,0,0,0,2016.0,13.9449,12.684,13.154,12.736,14.635,36.8192116,-35.8991,-8.17979,14.16399294,14.5036,0.92,15.583,586.137,5570.0,12.677,12.616,12.88,9.329001,1.67758,4.49,0.93,False,True,False,False,False,False,True,0.3961993470957364
33574,5,1,2,0,0,0,316.96356,62.51934,77.80764,8.5398,43.5272796,297.7242257,0,0,0,0,2017,0,0,0,2023.0,13.9449,12.684,13.154,12.736,14.635,36.8192116,-35.8991,-8.17979,6.20920207,14.5036,0.885,15.583,586.137,5440.0,12.677,12.616,12.88,9.329001,1.67758,4.438,0.782,True,False,True,False,False,False,False,-0.05060999335508721
33586,5,1,1,0,0,1,305.09942,64.09233,74.83213,13.25619,43.085407,290.1222112,0,0,0,0,2016,0,0,0,2016.0,15.1324,13.484,14.169,13.61,16.124,34.9471006,-30.6598,-16.7713,2.617032536,15.7966,0.71,17.218,646.667,4751.0,13.524,13.449,13.067,9.479,1.51859,4.62,0.75,False,True,False,False,False,False,True,0.21218760440395779
33588,5,1,1,0,0,1,307.98744,72.41376,81.86131,18.21762,51.2499499,287.2852554,0,0,0,0,2016,0,0,0,2016.0,14.3737,13.148,13.602,13.185,15.098,16.7523622,-16.039,-4.83654,150.242127,14.8849,0.91,15.885,1195.54,5541.0,13.125,13.069,12.848,9.601,0.810876,4.49,0.92,False,True,False,False,False,False,True,0.6665179805548809
33601,5,1,1,0,0,1,294.28482,69.07437,76.15143,19.69439,46.6752384,282.3635315,0,0,0,0,2016,0,0,0,2016.0,15.1461,14.09,14.531,14.128,15.872,2.1361678,-0.467919,-2.08429,5.03251791,15.6177,0.89,16.487,1593.13,5614.0,14.155,14.105,12.87,9.471,0.598854,4.51,0.93,False,True,False,False,False,False,True,0.31175386105575426
33613,5,1,1,0,0,1,311.6288,71.63499,82.13273,16.87545,50.9941198,289.4245955,0,0,0,0,2016,0,0,0,2016.0,14.4737,13.359,13.741,13.399,15.122,2.7533947,2.567,0.995838,40.4287755,14.9685,0.95,16.288,939.455,5664.0,13.235,13.156,12.722,9.277,1.0358,4.47,0.97,False,True,False,False,False,False,True,0.557507201905658
33638,5,1,1,0,0,1,321.05881,69.45418,83.28194,13.22301,50.4785992,295.4025625,0,0,0,0,2016,0,0,0,2016.0,14.7547,13.738,14.072,13.707,15.326,10.8489258,-10.7229,1.64882,21.3587621,15.2216,1.02,16.069,1259.46,5857.0,13.658,13.582,12.993,9.411,0.765653,4.43,1.01,False,True,False,False,False,False,True,0.4440447959180762
33647,5,1,1,0,0,1,312.12547,63.26457,76.54074,10.5023,43.3681317,294.5270634,0,0,0,0,2016,0,0,0,2016.0,15.1545,14.167,14.469,14.17,15.882,7.3648883,-5.40481,-5.00296,22.0459018,15.6422,1.14,16.62,1976.05,5993.0,14.222,14.082,12.885,8.871,0.478474,4.37,1.11,False,True,False,False,False,False,True,0.5728716022004802
33661,5,1,1,0,0,1,313.65421,63.24383,77.06067,10.04186,43.6056117,295.4174725,0,0,0,0,2016,0,0,0,2016.0,14.5499,13.389,13.794,13.462,15.242,6.9289361,-3.57619,5.93473,2.578855068,15.0714,1.08,16.247,879.683,5902.0,13.431,13.357,12.622,9.12,1.10888,4.4,1.05,False,True,False,False,False,False,True,0.29885307640970665
33670,5,1,1,0,0,1,323.76926,69.82548,84.3018,13.02195,51.2712773,296.4031319,0,0,0,0,2016,0,0,0,2016.0,14.3727,13.439,13.728,13.474,15.052,13.937631,-13.0271,-4.95502,20.5533844,14.7952,1.27,15.5,1182.22,6163.0,13.516,13.462,12.447,9.494,0.817409,4.29,1.18,False,True,False,False,False,False,True,0.5740312677277188
33674,5,1,1,0,0,1,312.48174,62.82039,76.37063,10.0603,43.0142991,294.9568477,0,0,0,0,2016,0,0,0,2016.0,14.2143,13.14,13.543,13.223,14.822,6.9654621,-6.01483,-3.51276,40.0686727,14.6941,1.13,15.605,1082.16,6020.0,13.102,13.062,12.761,9.298,0.895723,4.37,1.09,False,True,False,False,False,False,True,0.5954962218255742
33686,5,1,1,0,0,1,316.02385,62.28755,77.31523,8.61818,43.1418313,297.3012497,0,0,0,0,2016,0,0,0,2016.0,14.6977,13.556,13.959,13.601,15.357,13.2992831,-12.2966,-5.06602,27.5073799,15.2096,1.11,16.119,1242.62,5958.0,13.562,13.49,13.112,9.419,0.7776,4.38,1.06,False,True,False,False,False,False,True,0.4623979978989561
33697,5,1,1,0,0,1,294.29344,65.69,73.16696,17.83172,43.3837235,283.4781717,0,0,0,0,2016,0,0,0,2016.0,14.7353,13.354,13.925,13.437,15.647,8.5700459,-8.429421,-1.54614,5.14438011,15.3301,0.77,16.25,820.913,5060.0,13.308,13.29,12.091,8.921,1.19,4.58,0.81,False,True,False,False,False,False,True,0.15533603746506178
33711,5,1,1,0,0,1,299.60132,68.47632,76.80766,17.77788,46.6034497,285.2962562,0,0,0,0,2016,0,0,0,2016.0,14.2046,12.788,13.363,12.907,14.967,10.0393197,8.05509,5.99195,25.9422033,14.7898,0.77,16.005,791.625,5044.0,12.784,12.746,12.277,9.56,1.23686,4.58,0.81,False,True,False,False,False,False,True,0.28555730900777376
33727,5,1,2,0,0,1,322.3059,69.70329,83.79582,13.19003,50.9097521,295.8065515,0,0,0,0,2016,0,0,0,2016.0,13.76,12.681,13.074,12.767,14.429,9.174093,-8.4215,-3.639,33.3855938,14.2377,1.02,15.057,802.672,5792.0,12.734,12.674,12.408,9.574,1.2171,4.42,1.02,False,True,False,False,False,False,True,0.4099331233312945
33742,5,1,2,0,0,1,291.82752,66.20717,73.05327,18.95671,43.6727839,281.9712347,0,0,0,0,2016,0,0,0,2016.0,11.6748,11.039,11.25,11.065,11.845,9.10372,8.617,2.93684,7.71468975,11.9642,1.74,12.358,601.324,6761.0,11.034,11.019,10.988,9.327,1.63439,4.12,1.46,False,True,False,False,False,False,True,0.42488163663106704
33744,5,1,2,0,1,0,291.82752,66.20717,73.05327,18.95671,43.6727839,281.9712347,0,0,0,0,2017,0,0,0,2023.0,11.6748,11.039,11.25,11.065,11.845,9.10372,8.617,2.93684,11.8061737,11.9642,2.599,12.358,601.324,6900.0,11.034,11.019,10.988,9.327,1.63439,3.843,1.714,True,False,True,False,False,False,False,0.4578818967339924
33750,5,1,1,0,0,1,306.12301,67.74204,77.87146,15.4529,46.6706513,288.9925529,0,0,0,0,2016,0,0,0,2016.0,14.7397,13.714,14.12,13.84,15.281,19.2086536,-18.7746,-4.06039,4.44448017,15.1765,1.09,16.071,1375.18,5961.0,13.77,13.754,13.154,9.59,0.69854,4.39,1.06,False,True,False,False,False,False,True,0.250420002308894
33764,5,1,1,0,0,1,312.28357,63.20147,76.55358,10.408,43.3356106,294.6500256,0,0,0,0,2016,0,0,0,2016.0,13.5343,12.268,12.761,12.354,14.188,20.3277111,8.90375,18.274,3.989539666,14.0774,0.87,15.147,504.605,5476.0,12.3,12.232,12.364,9.098,1.95296,4.52,0.9,False,True,False,False,False,False,True,0.08990511143939793
33774,5,1,1,0,0,1,305.20777,71.73527,80.72494,18.3846,50.3002266,286.433726,0,0,0,0,2016,0,0,0,2016.0,12.6278,11.752,12.05,11.773,13.169,22.2965261,-20.2565,9.31715,12.98495573,13.0069,1.09,13.804,627.455,6116.0,11.656,11.636,11.592,9.496,1.56498,4.4,1.06,False,True,False,False,False,False,True,0.250420002308894
33798,5,1,1,0,0,1,308.68294,70.67982,80.72461,16.84644,49.7371538,288.6615682,0,0,0,0,2016,0,0,0,2016.0,12.4051,11.535,11.833,11.633,12.948,11.7741852,-11.6715,-1.55162,18.11472949,12.7877,1.35,14.39,651.318,6187.0,11.576,11.536,11.613,9.537,1.50668,4.26,1.21,False,True,False,False,False,False,True,0.3979400086720376
33810,5,1,1,0,0,1,299.16451,65.39508,74.15272,16.02543,43.5952037,286.2717162,0,0,0,0,2016,0,0,0,2016.0,13.484,12.565,12.903,12.601,14.054,2.6424638,2.31012,-1.28295,6.24146367,13.8936,1.16,14.642,711.297,6098.0,12.578,12.538,12.136,9.355,1.37704,4.35,1.1,False,True,False,False,False,False,True,0.18184358794477257
33814,5,1,2,0,0,1,302.9427,60.97828,71.79245,11.88425,39.8169085,290.0907893,0,0,0,0,2016,0,0,0,2016.0,13.0693,12.241,12.539,12.27,13.52,12.934622,-11.272,-6.34401,20.42228798,13.4496,1.29,14.25,886.588,6194.0,12.24,12.214,12.103,9.447,1.09917,4.29,1.19,False,True,False,False,False,False,True,0.2648178230095365
33822,5,1,2,0,0,1,302.9427,60.97828,71.79245,11.88425,39.8169085,290.0907893,0,0,0,0,2016,0,0,0,2016.0,13.0693,12.241,12.539,12.27,13.52,12.934622,-11.272,-6.34401,7.63846023,13.4496,1.29,14.25,886.588,6194.0,12.24,12.214,12.103,9.447,1.09917,4.29,1.19,False,True,False,False,False,False,True,0.05307844348341968
33832,5,1,1,0,0,1,320.25063,68.76843,82.64032,12.81989,49.7386804,295.5212866,0,0,0,0,2016,0,0,0,2016.0,12.5648,11.594,11.915,11.657,13.061,20.6898512,13.0086,16.0887,70.6979061,12.9814,0.9,13.646,420.817,5875.0,11.573,11.545,11.398,9.325,2.34754,4.52,0.97,False,True,False,False,False,False,True,0.24551266781414982
33846,5,1,1,0,0,1,314.93053,70.86628,82.43803,15.59852,50.7595597,291.467454,0,0,0,0,2016,0,0,0,2016.0,12.258,11.327,11.64,11.384,12.998,25.1575672,18.6091,16.9294,3.744439,12.6802,1.25,13.168,598.313,5961.0,11.155,11.109,11.186,9.786,1.6427,4.3,1.14,False,True,False,False,False,False,True,0.037426497940623665
33858,5,1,1,0,0,1,302.86438,65.11286,74.94922,14.65155,43.7634712,288.435718,0,0,0,0,2016,0,0,0,2016.0,14.6798,13.665,14.057,13.808,15.235,5.9875206,-5.92617,-0.854934,52.75875577,15.1361,1.13,16.15,1712.12,5954.0,13.756,13.708,12.344,9.413,0.555104,4.37,1.09,False,True,False,False,False,False,True,0.9489017609702137
33872,5,1,1,0,0,1,304.77149,61.27345,72.62475,11.43428,40.3552252,291.0837644,0,0,0,0,2016,0,0,0,2016.0,14.7877,13.85,14.18,13.84,15.386,4.2631882,-3.29442,-2.70584,53.44945593,15.273,1.07,16.138,2340.58,5887.0,13.653,13.649,12.587,8.963,0.398285,4.41,1.06,False,True,False,False,False,False,True,0.8068580295188175
33880,5,1,1,0,0,1,293.96827,66.23816,73.57004,18.24539,43.8880983,283.1296399,0,0,0,0,2016,0,0,0,2016.0,14.9248,13.335,13.968,13.378,15.967,28.2766507,-27.9716,-4.14229,13.7521072,15.5902,0.72,17.139,570.727,4747.0,13.42,13.273,12.429,8.986,1.72404,4.61,0.75,False,True,False,False,False,False,True,0.4487063199050799
33888,5,1,1,0,0,1,297.14923,65.94767,74.09094,17.02092,43.9130282,284.9630591,0,0,0,0,2016,0,0,0,2016.0,14.7039,13.744,14.133,13.736,15.347,5.020207,4.39665,2.42321,6.33855761,15.1735,0.99,16.207,1285.59,5820.0,13.604,13.563,12.335,9.264,0.749115,4.45,1.0,False,True,False,False,False,False,True,0.481442628502305
33898,5,1,1,0,0,1,305.92518,68.05505,78.05534,15.7215,46.939363,288.7340513,0,0,0,0,2016,0,0,0,2016.0,14.9485,13.84,14.33,13.911,15.686,6.944535,-5.11926,-4.69252,9.803224,15.4056,0.85,16.528,1162.91,5603.0,13.875,13.836,12.365,9.32,0.831461,4.53,0.87,False,True,False,False,False,False,True,0.4440447959180762
33905,5,1,1,0,0,1,311.94809,72.0464,82.50044,17.11103,51.4089936,289.2906978,0,0,0,0,2016,0,0,0,2016.0,15.1918,13.387,14.092,13.453,16.21,24.8039359,24.6707,-2.56745,2.806242328,15.9804,0.61,18.136,540.134,4315.0,13.294,13.228,12.592,9.484,1.82328,4.67,0.65,False,True,False,False,False,False,True,0.1875207208364631
33916,5,1,2,0,0,1,292.67925,66.19696,73.23628,18.65971,43.7344291,282.4391402,0,0,0,0,2016,0,0,0,2016.0,14.8967,13.659,14.164,13.682,15.457,9.5004565,-8.85244,-3.44862,144.547396,15.4307,0.81,16.45,2334.93,5262.0,13.699,13.612,12.988,9.283,0.397545,4.56,0.84,False,True,False,False,False,False,True,0.40312052117581787
33923,5,1,2,0,1,0,292.67925,66.19696,73.23628,18.65971,43.7344291,282.4391402,0,0,0,0,2017,0,0,0,2023.0,14.8967,13.659,14.164,13.682,15.457,9.5004565,-8.85244,-3.44862,29.5422566,15.4307,0.803,16.45,2334.93,5510.0,13.699,13.612,12.988,9.283,0.397545,4.572,0.877,True,False,True,False,False,False,False,0.4983105537896005
33935,5,1,1,0,0,1,314.69873,71.95032,83.10163,16.47821,51.6957731,290.5867992,0,0,0,0,2016,0,0,0,2016.0,14.5773,13.466,13.89,13.583,15.177,8.3339015,-8.05347,-2.14372,8.0472642,15.0787,1.04,16.074,1519.25,5839.0,13.5,13.423,13.369,9.782,0.629308,4.41,1.03,False,True,False,False,False,False,True,0.37839790094813774
33942,5,1,1,0,0,1,302.11701,68.46858,77.40578,17.05235,46.8708877,286.5854116,0,0,0,0,2016,0,0,0,2016.0,15.1423,13.187,13.959,13.34,16.695,10.1956621,-9.74984,2.98197,5.8706191,15.9386,0.62,17.805,484.891,4223.0,13.237,13.117,12.87,9.149,2.0341,4.66,0.65,False,True,False,False,False,False,True,0.17318626841227405
33958,5,1,1,0,0,1,314.3482,59.95917,75.22066,7.28696,40.6807412,297.4825612,0,0,0,0,2016,0,0,0,2016.0,14.8506,13.615,14.113,13.725,15.713,10.5099284,-8.64946,-5.97038,19.17891293,15.382,0.91,16.211,1246.43,5595.0,13.577,13.454,11.865,9.283,0.774428,4.49,0.93,False,True,False,False,False,False,True,0.42813479402878885
33974,7,1,3,0,1,1,295.27536,60.48056,68.98012,14.48974,38.4008192,285.5739904,0,0,1,0,2019,0,0,0,2010.0,13.3273,12.337,12.71,12.391,13.922,14.9221369,-14.7128,2.49072,19.23891,13.7809,0.958,14.57,628.257,5774.0,12.202,12.124,12.585,8.956,1.56294,4.49,1.022,False,True,False,True,False,False,False,0.9185545305502735
33982,7,1,3,0,1,0,295.27536,60.48056,68.98012,14.48974,38.4008192,285.5739904,0,0,1,0,2019,0,0,0,2010.0,13.3273,12.337,12.71,12.391,13.922,14.9221369,-14.7128,2.49072,38.9853,13.7809,0.958,14.57,628.257,5774.0,12.202,12.124,12.585,8.956,1.56294,4.49,1.022,False,True,False,True,False,False,False,0.9074113607745862
33995,5,1,3,0,0,0,295.27536,60.48056,68.98012,14.48974,38.4008192,285.5739904,0,0,0,0,2014,0,0,0,2010.0,13.3273,12.337,12.71,12.391,13.922,14.9221369,-14.7128,2.49072,1.592851,13.7809,1.02,14.57,628.257,5777.0,12.202,12.124,12.585,8.956,1.56294,4.49,1.07,False,True,True,False,False,False,False,0.21484384804769785
34001,12,1,8,0,0,0,300.32939,71.22769,79.26947,19.25567,49.3051239,284.4334642,0,0,0,0,2017,0,0,0,2017.0,13.3396,12.482,12.79,12.531,13.883,5.432016,-3.21398,-4.37917,14.44912,13.7397,1.29,14.604,848.254,6015.0,12.476,12.438,12.513,9.588,1.15007,4.27,1.12,False,True,False,True,False,False,False,0.12057393120584989
34002,5,1,1,0,0,1,318.02356,66.12859,80.36296,11.16647,46.9989635,296.177272,0,0,0,0,2016,0,0,0,2016.0,14.2795,12.701,13.375,12.835,15.19,7.5528302,-6.94154,-2.97662,6.9913086,14.9453,0.73,16.432,487.525,4836.0,12.761,12.671,12.478,9.199,2.02253,4.6,0.78,False,True,False,False,False,False,True,0.31806333496276157
34022,5,1,1,0,0,1,305.21191,61.76554,73.13666,11.62048,40.8876814,291.1528056,0,0,0,0,2016,0,0,0,2016.0,13.8791,11.907,12.753,12.096,15.85,41.08869,34.4059,-22.4614,3.517494394,14.6803,0.57,16.487,253.867,4184.0,11.888,11.857,11.858,9.306,3.91031,4.7,0.59,False,True,False,False,False,False,True,0.1367205671564068
34029,5,1,1,0,0,1,307.6384,67.831,78.35018,15.1024,46.953875,289.7317067,0,0,0,0,2016,0,0,0,2016.0,14.3731,13.26,13.659,13.332,14.992,8.510985,7.92272,3.10924,40.1099547,14.8583,0.93,15.786,1165.34,5647.0,13.219,13.224,12.565,9.424,0.829996,4.49,0.95,False,True,False,False,False,False,True,0.40483371661993806
34034,5,1,2,0,0,1,301.4057,62.07186,72.14102,13.15584,40.6641771,288.7710137,0,0,0,0,2016,0,0,0,2016.0,14.1144,12.993,13.385,13.065,14.856,5.365043,-5.27036,-1.00349,10.3507721,14.615,0.97,15.626,1369.24,5682.0,12.987,12.937,12.729,9.353,0.701622,4.46,0.98,False,True,False,False,False,False,True,0.30319605742048883
34054,5,1,2,0,1,1,301.4057,62.07186,72.14102,13.15584,40.6641771,288.7710137,0,0,0,0,2016,0,0,0,2016.0,14.1144,12.993,13.385,13.065,14.856,5.365043,-5.27036,-1.00349,62.9228557,14.615,0.97,15.626,1369.24,5682.0,12.987,12.937,12.729,9.353,0.701622,4.46,0.98,False,True,False,False,False,False,True,0.40312052117581787
34062,5,1,1,0,0,1,301.32703,61.79636,71.90119,13.00518,40.38901,288.8229001,0,0,0,0,2016,0,0,0,2016.0,13.9569,13.046,13.368,13.094,14.56,9.1808395,-8.65569,-3.06053,3.021668632,14.3921,1.25,15.294,978.125,6160.0,13.059,12.999,12.438,9.276,0.993715,4.31,1.16,False,True,False,False,False,False,True,0.24797326636180664
34066,5,1,1,0,0,1,307.95041,67.52845,78.21427,14.80518,46.7134077,290.0511468,0,0,0,0,2016,0,0,0,2016.0,13.4398,12.264,12.697,12.372,14.058,8.7750772,6.53325,5.85821,5.082746517,13.9504,0.86,15.298,529.268,5461.0,12.261,12.219,12.496,9.243,1.86055,4.55,0.95,False,True,False,False,False,False,True,0.14921911265537988
34099,5,3,1,0,0,2,310.3793,59.31631,73.25789,8.09496,39.3764624,295.3225434,0,0,0,0,2016,0,0,0,2016.0,11.0249,9.993,10.406,10.043,11.607,11.3268101,-7.87795,8.13846,1.340597468,11.465,1.12,12.041,290.843,5973.0,9.937,9.904,9.929,9.191,3.40956,4.38,1.11,False,True,False,False,False,False,True,0.08635983067474823
34115,5,1,1,0,0,1,305.86196,66.39812,76.78743,14.60416,45.3709728,289.5063796,0,0,0,0,2016,0,0,0,2016.0,11.1151,10.274,10.586,10.327,11.626,11.117301,-10.9675,1.81888,13.93290318,11.5096,1.23,12.058,309.596,6154.0,10.271,10.239,10.267,9.15,3.20126,4.33,1.17,False,True,False,False,False,False,True,0.1673173347481761
34127,10,1,1,0,1,1,298.49006,66.0127,74.48612,16.62216,44.1167513,285.6729033,0,0,0,0,2015,0,0,0,2013.0,11.7971,10.136,10.79,10.235,12.712,4.2603814,4.1895,-0.773912,6.24658,12.4762,6.3,14.097,1294.69,4550.0,10.155,10.041,9.976,9.249,0.743739,2.953,1.31,False,True,True,False,False,False,False,1.1853353837324738
34137,5,1,1,0,0,1,313.87237,62.27162,76.51187,9.22798,42.7429414,296.0472937,0,0,0,0,2016,0,0,0,2016.0,11.1493,10.329,10.626,10.383,11.44,16.1555432,-11.2882,-11.5576,2.364369015,11.5286,1.5,11.862,400.289,6230.0,10.335,10.288,10.25,9.303001,2.46984,4.19,1.26,False,True,False,False,False,False,True,-0.08618614761628333
34149,5,1,1,0,0,1,315.94946,59.71201,75.7052,6.59625,40.7506921,298.5891948,0,0,0,0,2016,0,0,0,2016.0,11.414,10.511,10.837,10.549,11.767,1.9823529,-1.40109,1.40238,20.310501,11.8295,1.99,12.178,556.168,6112.0,10.458,10.423,9.981,7.754,1.76966,3.97,1.34,False,True,False,False,False,False,True,0.414973347970818
34157,5,1,1,0,0,1,316.05277,60.78057,76.40024,7.41391,41.758324,298.1111779,0,0,0,0,2016,0,0,0,2016.0,14.7666,13.602,14.014,13.632,15.668,3.510474,-3.46562,-0.55938,2.534756273,15.3262,1.11,17.077,2004.72,5998.0,13.621,13.546,13.048,9.21,0.471225,4.37,1.07,False,True,False,False,False,False,True,0.4471580313422192
34167,5,1,2,0,0,1,315.45727,61.11034,76.37255,7.85166,41.9523531,297.5830564,0,0,0,0,2016,0,0,0,2016.0,15.1701,13.477,14.361,13.523,15.522,12.056887,-9.29071,-7.68448,10.29672521,15.7385,0.61,15.561,991.618,4687.0,13.362,13.312,12.971,9.722,0.981103,4.67,0.63,False,True,False,False,False,False,True,0.31386722036915343
34187,5,1,1,0,0,1,306.95705,65.73982,76.61586,13.82764,44.8993227,290.4120774,0,0,0,0,2016,0,0,0,2016.0,13.0994,12.131,12.482,12.181,13.667,7.2327684,-0.0290667,7.23271,4.40966548,13.5481,1.15,14.567,753.723,5877.0,12.117,12.086,12.421,9.389,1.29797,4.36,1.1,False,True,False,False,False,False,True,0.13987908640123647
34196,5,1,1,0,0,1,307.96266,66.48299,77.45493,14.06204,45.7372184,290.5921293,0,0,0,0,2016,0,0,0,2016.0,12.8627,12.041,12.346,12.1,13.314,17.0000673,15.8431,6.16429,4.59489604,13.2408,1.38,13.973,849.036,6173.0,12.055,12.011,11.776,9.486,1.14897,4.24,1.21,False,True,False,False,False,False,True,0.17609125905568124
34199,5,1,1,0,0,1,308.81317,66.6071,77.79338,13.91322,45.9733334,290.9833818,0,0,0,0,2016,0,0,0,2016.0,14.6101,13.305,13.838,13.387,15.363,9.8259909,8.98961,3.96699,32.2968798,15.1752,0.81,16.442,830.712,5248.0,13.363,13.308,12.554,9.516,1.17529,4.56,0.85,False,True,False,False,False,False,True,0.24551266781414982
34214,5,1,1,0,0,1,323.36367,66.09016,82.16423,9.92543,47.9492677,299.0512562,0,0,0,0,2016,0,0,0,2016.0,15.3245,14.005,14.553,14.077,15.896,3.963496,-2.5571,-3.02829,2.970414375,15.8533,0.76,16.241,3460.51,5418.0,14.049,14.002,12.951,9.343,0.251495,4.58,0.8,False,True,False,False,False,False,True,0.28103336724772754
34223,5,1,1,0,0,1,322.495,66.64035,82.16182,10.57656,48.2677925,298.2007268,0,0,0,0,2016,0,0,0,2016.0,14.4759,13.555,13.765,13.422,15.064,5.5537812,-5.4556,1.03967,4.85386933,14.9546,1.14,15.87,1025.03,6028.0,13.408,13.378,12.725,9.378,0.947726,4.37,1.11,False,True,False,False,False,False,True,0.24054924828259971
34228,5,1,1,0,0,1,322.64083,66.86682,82.33495,10.73672,48.4943834,298.1147862,0,0,0,0,2016,0,0,0,2016.0,14.208,13.306,13.575,13.257,14.806,4.6063797,-4.58838,0.40682,11.04603384,14.6785,1.21,15.117,1119.87,6113.0,13.208,13.173,12.401,9.295,0.865098,4.33,1.15,False,True,False,False,False,False,True,0.3521825181113625
34275,5,1,2,0,0,1,299.92754,71.11545,79.09161,19.29073,49.1585983,284.2969363,0,0,0,0,2016,0,0,0,2016.0,14.7448,13.511,14.026,13.649,15.492,19.9348122,-18.8657,-6.44066,6.53192704,15.2681,0.85,15.507,1001.68,5403.0,13.531,13.485,12.543,9.086,0.969818,4.54,0.89,False,True,False,False,False,False,True,0.38381536598043126
34290,5,1,2,0,0,1,299.92754,71.11545,79.09161,19.29073,49.1585983,284.2969363,0,0,0,0,2016,0,0,0,2016.0,14.7448,13.511,14.026,13.649,15.492,19.9348122,-18.8657,-6.44066,100.8274113,15.2681,0.85,15.507,1001.68,5403.0,13.531,13.485,12.543,9.086,0.969818,4.54,0.89,False,True,False,False,False,False,True,0.5797835966168101
34294,5,1,1,0,0,1,300.57131,71.08205,79.19783,19.10488,49.1907438,284.6162253,0,0,0,0,2016,0,0,0,2016.0,14.2465,13.188,13.597,13.184,14.852,11.2397712,-10.4498,4.13934,51.300634,14.7055,0.91,15.473,934.49,5663.0,13.207,13.168,12.881,9.383,1.04143,4.5,0.93,False,True,False,False,False,False,True,0.4578818967339924
34312,5,1,1,0,0,1,301.12651,71.38369,79.56585,19.1495,49.533149,284.7316084,0,0,0,0,2016,0,0,0,2016.0,13.2765,12.188,12.613,12.26,13.863,20.3887035,-7.39101,19.0019,0.938466832,13.745,0.93,14.832,536.323,5671.0,12.217,12.172,12.026,8.922,1.83567,4.48,0.95,False,True,False,False,False,False,True,0.15228834438305647
34313,5,1,1,0,0,1,309.16455,60.24981,73.43862,9.1964,40.0551372,294.1710831,0,0,0,0,2016,0,0,0,2016.0,13.5702,12.665,12.978,12.717,14.124,4.8212122,-4.80356,-0.412187,6.93366476,14.0117,1.26,14.749,1000.28,5988.0,12.676,12.61,12.388,9.287,0.971283,4.28,1.11,False,True,False,False,False,False,True,0.13987908640123647
34328,5,1,1,0,0,1,304.16754,61.40753,72.52276,11.73741,40.3977086,290.6685136,0,0,0,0,2016,0,0,0,2016.0,13.7167,12.745,13.114,12.83,14.293,1.82725,0.065935,-1.82606,61.0370117,14.1368,1.23,15.143,1053.04,6167.0,12.819,12.78,12.383,9.295,0.921048,4.32,1.14,False,True,False,False,False,False,True,0.48713837547718647
34333,5,1,1,0,0,1,303.36613,61.62069,72.41955,12.16325,40.4906242,290.1065581,0,0,0,0,2016,0,0,0,2016.0,15.0829,13.339,13.978,13.406,16.025,4.0478576,-4.04437,-0.167996,33.8678531,15.8155,0.72,17.462,611.115,4673.0,13.378,13.291,12.297,9.411,1.60877,4.62,0.77,False,True,False,False,False,False,True,0.36921585741014284
34351,5,1,1,0,0,1,302.83593,61.91454,72.47195,12.54618,40.7004265,289.6793396,0,0,0,0,2016,0,0,0,2016.0,13.7771,12.687,13.105,12.789,14.431,7.5696717,-7.13151,-2.53801,52.0688601,14.2595,1.01,15.247,921.361,5806.0,12.668,12.628,12.303,8.949,1.05753,4.43,1.01,False,True,False,False,False,False,True,0.36361197989214433
34357,5,1,1,0,0,1,302.80174,62.64168,73.0188,13.04075,41.3926651,289.3834807,0,0,0,0,2016,0,0,0,2016.0,14.1134,13.032,13.46,13.137,14.817,6.6524205,-5.99942,-2.87431,9.1149903,14.6011,0.99,15.505,831.685,5743.0,13.078,13.002,13.103,9.442,1.1737,4.45,0.99,False,True,False,False,False,False,True,0.23552844690754893
34365,5,1,1,0,0,1,303.73525,62.66805,73.33267,12.73917,41.5427758,289.920676,0,0,0,0,2016,0,0,0,2016.0,14.6488,12.933,13.685,13.126,15.586,14.956245,-13.1716,-7.08507,3.932461302,15.3227,0.7,16.683,508.809,4700.0,12.977,12.93,12.587,9.374,1.93693,4.62,0.73,False,True,False,False,False,False,True,0.20139712432045148
34375,5,1,1,0,0,1,316.46081,60.54222,76.41534,7.10317,41.6152603,298.4811022,0,0,0,0,2016,0,0,0,2016.0,13.9847,12.849,13.271,12.89,14.738,18.180479,-17.8994,-3.18454,0.921032135,14.5038,1.02,16.144,1311.23,5869.0,12.852,12.79,11.946,9.092,0.734355,4.42,1.01,False,True,False,False,False,False,True,0.045322978786657475
34408,5,1,1,0,0,1,316.7305,61.17284,76.90346,7.52807,42.2473698,298.3144494,0,0,0,0,2016,0,0,0,2016.0,13.296,12.258,12.641,12.345,13.89,15.1901836,-14.7336,3.69631,71.4517775,13.7625,1.4,15.309,848.396,6335.0,12.263,12.221,11.54,9.106,1.15004,4.24,1.25,False,True,False,False,False,False,True,0.3283796034387377
34429,5,1,1,0,0,1,315.62838,62.50698,77.30447,8.90386,43.2720233,296.9520797,0,0,0,0,2016,0,0,0,2016.0,13.5528,12.21,12.732,12.271,14.308,13.2704291,12.9784,2.76865,1.921437396,14.136,0.84,15.244,465.612,5331.0,12.17,12.101,12.913,9.299,2.119,4.54,0.87,False,True,False,False,False,False,True,0.1367205671564068
34436,5,1,1,0,0,1,304.5416,64.64859,75.08255,13.81149,43.5385438,289.5685257,0,0,0,0,2016,0,0,0,2016.0,14.891,13.582,14.1,13.724,15.614,18.8634061,-12.2923,-14.3083,14.20443009,15.4379,0.84,16.563,1017.2,5346.0,13.77,13.629,13.142,9.127,0.95477,4.54,0.87,False,True,False,False,False,False,True,0.39093510710337914
34443,5,1,1,0,0,1,305.85696,64.68906,75.50887,13.42851,43.7552623,290.2884494,0,0,0,0,2016,0,0,0,2016.0,14.4147,12.97,13.549,13.057,15.238,15.7998546,-15.4641,-3.23991,55.6738309,15.0341,0.77,16.427,608.738,5001.0,12.978,12.92,12.623,9.403,1.61421,4.59,0.81,False,True,False,False,False,False,True,0.320146286111054
34456,5,1,1,0,0,1,315.85594,66.12062,79.64512,11.69055,46.6192011,295.0217193,0,0,0,0,2016,0,0,0,2016.0,14.2384,12.62,13.292,12.774,15.01,5.2697328,2.08766,4.83857,4.88083852,14.9002,0.73,15.536,471.782,4830.0,12.714,12.621,12.964,9.677,2.09087,4.61,0.78,False,True,False,False,False,False,True,0.13033376849500614
34473,5,1,2,0,0,1,314.62731,66.4485,79.46009,12.25527,46.7146161,294.1688142,0,0,0,0,2016,0,0,0,2016.0,14.7048,13.681,14.025,13.764,15.405,2.8459044,2.53514,1.29315,67.668827,15.1944,1.22,16.304,1571.46,6095.0,13.707,13.605,13.276,9.623,0.607898,4.32,1.15,False,True,False,False,False,False,True,0.5705429398818975
34481,5,1,2,0,0,1,314.62731,66.4485,79.46009,12.25527,46.7146161,294.1688142,0,0,0,0,2016,0,0,0,2016.0,14.7048,13.681,14.025,13.764,15.405,2.8459044,2.53514,1.29315,153.343364,15.1944,1.22,16.304,1571.46,6095.0,13.707,13.605,13.276,9.623,0.607898,4.32,1.15,False,True,False,False,False,False,True,0.4265112613645752
34505,5,1,1,0,0,1,314.47154,66.81812,79.65084,12.58043,47.0268148,293.8656181,0,0,0,0,2016,0,0,0,2016.0,15.0048,13.762,14.28,13.861,15.653,3.6675156,-2.95612,2.17072,14.878296,15.5197,0.85,16.177,2093.62,5471.0,13.854,13.637,13.07,9.555,0.448708,4.54,0.88,False,True,False,False,False,False,True,0.24303804868629444
34517,5,1,2,0,0,1,292.61499,70.05893,76.71253,20.71013,47.4972606,281.1947316,0,0,2,0,2014,0,0,0,2014.0,12.1773,10.594,11.181,10.681,13.071,25.8628925,25.2528,-5.58438,2.50806,12.8567,0.76,15.238,191.904,4781.0,10.585,10.495,10.407,8.9,5.1821,4.59,0.81,False,True,True,False,False,False,False,0.5453071164658241
34526,5,1,1,0,0,1,315.32611,66.93955,79.99619,12.46341,47.2759642,294.2413053,0,0,0,0,2016,0,0,0,2016.0,15.0272,14.019,14.399,13.994,15.727,10.0092413,8.578651,5.15671,59.6225257,15.4975,0.96,15.792,1260.78,5769.0,13.885,13.913,12.326,9.714,0.765579,4.47,0.97,False,True,False,False,False,False,True,0.5237464668115644
34538,5,1,1,0,0,1,315.39763,66.8624,79.9693,12.38563,47.2175461,294.3262617,0,0,0,0,2016,0,0,0,2016.0,15.0586,13.864,14.389,13.981,15.803,11.5238443,-5.06781,-10.3497,17.42395198,15.5723,0.86,16.778,1088.36,5539.0,14.012,13.878,13.281,9.407,0.890934,4.53,0.89,False,True,False,False,False,False,True,0.4885507165004443
34545,5,1,1,0,0,1,313.42665,63.87401,77.39112,10.59114,44.1499518,294.9550809,0,0,0,0,2016,0,0,0,2016.0,12.4092,10.842,11.472,10.937,13.25,25.1648653,25.1361,-1.20288,44.96417488,13.0663,0.75,14.57,216.354,4861.0,10.87,10.783,10.712,9.201,4.59312,4.59,0.81,False,True,False,False,False,False,True,0.3283796034387377
34562,5,1,1,0,0,1,294.66594,63.75684,71.58697,16.61311,41.5349809,284.2739322,0,0,0,0,2016,0,0,0,2016.0,15.1403,13.97,14.467,14.099,15.76,10.6569322,-10.0611,-3.51347,49.7701438,15.6387,0.91,16.672,2300.53,5612.0,14.069,14.016,13.069,9.428001,0.404364,4.5,0.93,False,True,False,False,False,False,True,0.7730546933642626
34572,5,1,1,0,0,1,309.95874,62.58293,75.3306,10.65054,42.379791,293.6012911,0,0,0,0,2016,0,0,0,2016.0,15.1702,13.851,14.364,13.96,15.636,3.055147,-2.9369,0.841749,43.3167737,15.7109,0.83,17.366,1349.43,5409.0,13.924,13.923,12.885,9.413,0.713352,4.54,0.86,False,True,False,False,False,False,True,0.41995574848975786
34576,5,1,1,0,0,1,306.19782,62.88723,74.28654,12.06911,42.0960305,291.2697354,0,0,0,0,2016,0,0,0,2016.0,15.3801,14.293,14.742,14.399,15.599,4.483889,-3.65296,-2.60022,31.0033814,15.8596,0.97,16.909,1651.25,5718.0,14.282,14.287,12.74,9.094,0.577611,4.46,0.97,False,True,False,False,False,False,True,0.41995574848975786
34592,5,1,1,0,0,1,321.93152,62.00594,79.43033,6.80177,44.028671,300.9295551,0,0,0,0,2016,0,0,0,2016.0,14.4304,13.295,13.735,13.341,15.011,22.2302672,-21.0139,-7.25264,11.79162572,14.9234,0.93,15.895,1137.29,5665.0,13.446,13.348,12.938,9.158,0.851055,4.47,0.94,False,True,False,False,False,False,True,0.28555730900777376
34597,5,1,1,0,0,1,311.00849,62.2661,75.4807,10.08954,42.2526408,294.3667312,0,0,0,0,2016,0,0,0,2016.0,15.2235,13.972,14.517,14.158,16.064,2.0549501,-1.9134,-0.74948,26.9644317,15.7517,0.87,16.49,1730.78,5508.0,14.151,14.069,12.786,8.972,0.550184,4.52,0.9,False,True,False,False,False,False,True,0.35793484700045375
34607,5,1,1,0,0,1,308.88279,61.85342,74.45145,10.45904,41.5233244,293.3002774,0,0,0,0,2016,0,0,0,2016.0,14.2762,13.186,13.624,13.23,14.811,7.4540634,0.193171,7.45156,7.76846622,14.7858,0.94,15.107,868.017,5679.0,13.123,13.07,12.729,9.436,1.12353,4.47,0.96,False,True,False,False,False,False,True,0.26717172840301384
34621,5,1,2,0,0,1,321.05062,64.90362,80.69553,9.44424,46.45366,298.6079128,0,0,0,0,2016,0,0,0,2016.0,13.9076,12.519,13.063,12.627,14.718,10.7774472,-4.97584,9.560041,8.689307296,14.5084,0.86,15.72,486.105,5403.0,12.538,12.443,11.999,8.955,2.02859,4.53,0.89,False,True,False,False,False,False,True,0.4638929889859073
34624,5,1,2,0,1,0,321.05062,64.90362,80.69553,9.44424,46.45366,298.6079128,0,0,0,0,2017,0,0,0,2023.0,13.9076,12.519,13.063,12.627,14.718,10.7774472,-4.97584,9.560041,20.99757968,14.5084,0.895,15.72,486.105,5211.0,12.538,12.443,11.999,8.955,2.02859,4.447,0.817,True,False,True,False,False,False,False,0.4727564493172124
34640,5,1,1,0,0,1,296.62277,66.50351,74.43259,17.51848,44.397891,284.4824281,0,0,0,0,2014,0,0,0,2014.0,11.8371,10.801,11.21,10.867,12.382,26.7129478,-26.4111,-4.00442,11.5231,12.3044,1.41,13.313,445.656,5699.0,10.843,10.782,10.854,9.498,2.21542,4.171,1.08,False,True,True,False,False,False,False,0.534026106056135
34646,5,1,1,0,0,1,300.39897,62.68702,72.31699,13.90881,41.1302834,287.9565768,0,0,0,0,2016,0,0,0,2016.0,15.1989,14.139,14.509,14.165,16.0,6.6603552,-6.14152,-2.57722,98.7180406,15.6813,1.02,16.655,2161.6,5857.0,14.071,14.059,12.297,9.115,0.432279,4.44,1.02,False,True,False,False,False,False,True,0.9532763366673044
34656,5,2,1,0,0,2,298.46639,59.81292,69.42083,12.821,38.1146488,287.7375794,0,0,0,0,2016,0,0,0,2016.0,13.8324,12.251,12.92,12.382,14.841,15.9603651,15.7001,2.87056,71.52530845,14.4908,0.73,16.812,382.509,4834.0,12.266,12.223,12.576,9.327,2.58565,4.6,0.77,False,True,False,False,False,False,True,0.7474118078864233
34668,5,1,1,0,1,2,296.71718,64.01394,72.35059,16.02646,41.9938697,285.3718781,0,0,0,0,2016,0,0,0,2016.0,14.6961,13.662,14.063,13.741,15.323,13.9569855,-6.28022,-12.4642,130.3546919,15.1882,0.99,16.013,1304.25,5730.0,13.603,13.579,12.718,9.313,0.738088,4.45,1.0,False,True,False,False,False,False,True,0.8836614351536176
34703,5,1,1,0,0,1,318.5784,67.06796,81.10942,11.79563,47.9396001,295.8594318,0,0,0,0,2016,0,0,0,2016.0,12.3187,10.84,11.409,10.945,13.095,20.3513105,18.9326,7.46542,16.78176602,12.9432,0.76,14.452,215.814,4990.0,10.855,10.774,10.694,9.119,4.60485,4.59,0.82,False,True,False,False,False,False,True,0.3654879848908996
34712,5,1,1,0,0,1,300.71368,61.7536,71.67536,13.19907,40.2698157,288.4714969,0,0,0,0,2016,0,0,0,2016.0,14.0613,12.807,13.269,12.854,14.734,7.8927638,5.13052,5.99779,14.53244172,14.6273,0.84,15.878,550.383,5350.0,12.779,12.709,12.311,9.496,1.78829,4.54,0.89,False,True,False,False,False,False,True,0.49554433754644844
34718,5,1,1,0,1,1,314.57406,69.03961,81.13457,14.26979,49.0616555,292.5308289,0,0,0,0,2016,0,0,0,2016.0,12.8689,11.958,12.284,11.975,13.387,17.2616591,-17.2382,-0.89963,5.248672631,13.2889,1.15,14.483,544.939,6040.0,11.954,11.891,12.25,9.529,1.80622,4.36,1.1,False,True,False,False,False,False,True,0.47712125471966244
34729,5,1,1,0,1,1,310.27583,69.45536,80.24006,15.59047,48.818971,290.1563633,0,0,0,0,2016,0,0,0,2016.0,15.0443,13.453,14.061,13.642,15.833,4.3249811,-3.19713,2.9127,5.907413537,15.6906,0.75,17.023,824.688,4963.0,13.297,13.277,12.467,9.154,1.18431,4.6,0.81,False,True,False,False,False,False,True,0.7403626894942439
34743,5,1,1,0,0,1,302.62711,67.56086,76.80898,16.32186,46.0667247,287.2566578,0,0,0,0,2016,0,0,0,2016.0,13.2205,12.041,12.495,12.115,13.91,12.0286511,-11.0687,-4.70875,9.7678805,13.7299,0.86,14.796,449.773,5421.0,12.048,12.015,11.801,9.41,2.19447,4.53,0.91,False,True,False,False,False,False,True,0.31386722036915343
34754,5,1,1,0,1,1,306.70338,61.45508,73.41447,10.89592,40.8113849,292.171185,0,0,0,0,2016,0,0,0,2016.0,12.1723,11.544,11.757,11.601,12.606,0.9648152,0.269474,0.926419,14.80074836,12.466,2.01,12.962,807.729,7005.0,11.521,11.517,11.398,9.06,1.20954,4.04,1.6,False,True,False,False,False,False,True,0.6414741105040995
34763,5,1,1,0,0,1,313.65242,59.92836,74.92809,7.48242,40.5252039,297.0698263,0,0,0,0,2014,0,0,0,2014.0,9.85155,8.868,9.26,8.928001,10.568,35.5594178,13.6519,32.8344,16.2385,10.2971,1.02,11.247,122.881,5690.0,8.888,8.841,8.84,8.718,8.10912,4.421,1.0,False,True,True,False,False,False,False,0.4265112613645752
34778,5,1,1,0,0,1,292.62992,69.28729,76.01081,20.30579,46.7465538,281.4572217,0,0,0,0,2016,0,0,0,2016.0,13.1799,11.618,12.272,11.729,14.127,19.4732045,19.387,1.83028,3.12686223,13.8413,0.72,15.865,284.916,4755.0,11.597,11.53,11.663,9.547,3.48098,4.61,0.77,False,True,False,False,False,False,True,0.359835482339888
34786,5,1,1,0,0,1,291.91914,66.15699,73.02863,18.89889,43.6312491,282.0354942,0,0,0,0,2016,0,0,0,2016.0,13.561,12.482,12.859,12.564,14.204,0.8255584,-0.801357,0.198428,16.87727414,14.043,0.9,14.944,574.314,5582.0,12.451,12.415,12.245,9.411,1.71244,4.51,0.96,False,True,False,False,False,False,True,0.4065401804339551
34797,5,1,1,0,0,1,315.91639,65.68999,79.39397,11.3363,46.2375024,295.3131906,0,0,0,0,2016,0,0,0,2016.0,13.0446,11.904,12.331,11.962,13.68,6.6108224,1.57485,6.4205,12.05707239,13.558,0.86,14.607,411.486,5478.0,11.9,11.846,12.051,9.698,2.40134,4.54,0.93,False,True,False,False,False,False,True,0.2944662261615929
34803,5,1,2,0,0,1,316.91755,64.18505,78.80407,9.88428,45.0411049,296.7529742,0,0,0,0,2016,0,0,0,2016.0,14.3642,13.158,13.652,13.224,15.091,2.6390539,-2.60961,0.393117,9.97683705,14.9116,0.87,16.062,771.494,5461.0,13.133,13.067,12.894,9.087,1.26769,4.52,0.91,False,True,False,False,False,False,True,0.42488163663106704
34816,5,1,1,0,0,1,311.14399,60.43243,74.29744,8.674,40.5565792,295.300065,0,0,0,0,2016,0,0,0,2016.0,13.3653,12.139,12.576,12.237,14.061,0.9002824,-0.896693,0.0803118,13.5225106,13.9025,0.84,14.928,454.626,5427.0,12.154,12.081,12.178,9.18,2.171,4.55,0.93,False,True,False,False,False,False,True,0.32633586092875144
34827,5,1,1,0,0,1,316.72706,60.78675,76.66856,7.22017,41.8912305,298.5153169,0,0,0,0,2016,0,0,0,2016.0,12.8902,11.91,12.298,11.979,13.488,6.928403,6.91664,-0.403559,134.2527298,13.3334,1.15,14.061,582.828,5886.0,11.914,11.846,10.881,8.924,1.6871,4.33,1.05,False,True,False,False,False,False,True,0.5289167002776547
34840,5,1,1,0,1,1,323.46732,68.55601,83.5226,11.99998,50.1218365,297.270576,0,0,0,0,2016,0,0,0,2016.0,13.9185,12.745,13.12,12.749,14.731,5.2554737,4.01013,-3.39689,99.747622,14.4435,1.02,15.347,1027.8,5840.0,12.729,12.691,12.711,9.386,0.944376,4.43,1.02,False,True,False,False,False,False,True,0.615950051656401
34862,5,1,3,0,0,1,303.40714,71.74536,80.34362,18.81793,50.1120401,285.6025889,0,0,0,0,2016,0,0,0,2016.0,13.5348,11.831,12.518,11.971,14.626,5.1564455,2.00591,-4.75029,3.692983728,14.2499,0.7,16.175,290.324,4598.0,11.815,11.763,11.925,8.978,3.41557,4.63,0.76,False,True,False,False,False,False,True,0.3010299956639812
34878,5,1,3,0,0,1,303.40714,71.74536,80.34362,18.81793,50.1120401,285.6025889,0,0,0,0,2016,0,0,0,2016.0,13.5348,11.831,12.518,11.971,14.626,5.1564455,2.00591,-4.75029,5.709404918,14.2499,0.7,16.175,290.324,4598.0,11.815,11.763,11.925,8.978,3.41557,4.63,0.76,False,True,False,False,False,False,True,0.22788670461367352
34881,5,1,2,0,0,1,306.23988,69.0724,78.90961,16.33314,47.9335642,288.3724989,0,0,0,0,2016,0,0,0,2016.0,13.1696,11.897,12.413,11.976,13.865,2.3957783,1.45612,1.90249,34.1731714,13.7221,0.82,14.836,390.354,5214.0,11.901,11.852,11.762,9.269,2.53294,4.57,0.92,False,True,False,False,False,False,True,0.3159703454569177
34892,5,1,2,0,0,1,306.23988,69.0724,78.90961,16.33314,47.9335642,288.3724989,0,0,0,0,2016,0,0,0,2016.0,13.1696,11.897,12.413,11.976,13.865,2.3957783,1.45612,1.90249,1.682934604,13.7221,0.82,14.836,390.354,5214.0,11.901,11.852,11.762,9.269,2.53294,4.57,0.92,False,True,False,False,False,False,True,-0.004364805402450088
34904,5,1,2,0,0,1,305.11247,70.00841,79.35114,17.25653,48.6733443,287.3265292,0,0,0,0,2014,0,0,0,2014.0,12.3726,11.345,11.744,11.408,12.994,24.8251571,-21.042,-13.1728,2.58664,12.813,0.98,14.288,400.907,5779.0,11.325,11.314,11.396,8.714,2.46563,4.43,0.94,False,True,True,False,False,False,False,0.17026171539495738
34934,5,1,1,0,0,1,294.19688,63.44275,71.19357,16.60734,41.1828131,284.0945699,0,0,0,0,2016,0,0,0,2016.0,12.685,11.422,11.905,11.5,13.483,3.5598258,3.0444,-1.84499,9.59070716,13.2181,0.85,14.347,338.522,5431.0,11.363,11.339,11.392,9.149,2.92682,4.54,0.88,False,True,False,False,False,False,True,0.3283796034387377
34935,5,1,1,0,1,1,314.11244,62.9638,77.04273,9.6939,43.4254371,295.828679,0,0,0,0,2016,0,0,0,2016.0,14.4157,13.373,13.777,13.462,15.084,7.1622203,-6.89318,-1.9446,7.03932553,14.8925,1.22,15.784,1198.03,6146.0,13.305,13.276,13.036,9.520001,0.806644,4.33,1.15,False,True,False,False,False,False,True,0.667452952889954
34953,5,1,1,0,1,1,311.58228,70.46552,81.29598,16.02462,49.9238126,290.1653203,0,0,0,0,2016,0,0,0,2016.0,12.6708,11.303,11.845,11.43,13.478,16.0675072,-15.1261,5.41903,49.6077331,13.234,0.78,14.279,328.52,5213.0,11.277,11.241,11.099,9.557,3.01592,4.58,0.86,False,True,False,False,False,False,True,0.292256071356476
34954,5,1,2,0,0,1,295.22504,62.35155,70.54028,15.59932,40.2209547,285.0131082,0,0,0,0,2016,0,0,0,2016.0,13.3179,11.056,11.951,11.279,15.295,41.1922884,41.1865,0.690538,4.194496514,14.4126,0.5,16.927,134.311,3687.0,10.912,10.94,10.88,9.238,7.41656,4.76,0.52,False,True,False,False,False,False,True,0.19589965240923374
34966,5,1,2,0,0,1,302.88691,59.61007,70.73595,10.98955,38.4952415,290.54851,0,0,0,0,2016,0,0,0,2016.0,13.7862,12.19,12.807,12.276,14.633,8.9710013,-8.16182,-3.72338,1.970342457,14.4518,0.75,16.118,426.088,4897.0,12.175,12.108,12.036,8.672,2.3182,4.59,0.8,False,True,False,False,False,False,True,0.17026171539495738
34976,5,1,2,0,0,0,302.88691,59.61007,70.73595,10.98955,38.4952415,290.54851,0,0,0,0,2017,0,0,0,2023.0,13.7862,12.19,12.807,12.276,14.633,8.9710013,-8.16182,-3.72338,5.05821338,14.4518,1.667,16.118,426.088,4883.0,12.175,12.108,12.036,8.672,2.3182,3.972,0.951,True,False,True,False,False,False,False,1.028977705208778
34985,5,1,1,0,0,1,307.66091,67.58792,78.17734,14.9255,46.7296855,289.8696232,0,0,0,0,2016,0,0,0,2016.0,15.2083,13.887,14.361,13.973,15.861,8.9546396,-6.67162,-5.97286,105.9564148,15.8033,0.83,16.868,1012.41,5232.0,13.495,13.356,13.116,9.418,0.959626,4.55,0.87,False,True,False,False,False,False,True,0.5976951859255123
34995,5,1,1,0,0,1,306.68478,62.9731,74.50788,11.97106,42.2480736,291.5161959,0,0,0,0,2016,0,0,0,2016.0,14.2491,12.92,13.434,13.018,14.754,24.5381936,-24.2711,-3.61063,26.85328322,14.8235,0.83,15.935,568.751,5315.0,12.909,12.858,12.774,9.138,1.72957,4.55,0.87,False,True,False,False,False,False,True,0.41830129131974547
35014,5,1,1,0,0,1,323.52375,64.30827,81.27691,8.37228,46.4081872,300.3712023,0,0,0,0,2016,0,0,0,2016.0,14.0319,12.732,13.257,12.794,14.882,14.9744781,-11.9729,-8.99359,8.0880135,14.625,0.83,15.928,576.503,5310.0,12.706,12.649,12.909,9.294,1.70602,4.54,0.87,False,True,False,False,False,False,True,0.43456890403419873
35027,5,1,1,0,0,1,295.22119,60.03971,68.59512,14.25314,37.9645672,285.6616933,0,0,0,0,2014,0,0,0,2014.0,12.3704,11.253,11.672,11.316,12.996,17.989011,15.6571,8.85775,1.54168,12.8694,1.11,14.182,350.315,5539.0,11.276,11.229,11.335,9.16,2.82589,4.341,0.99,False,True,True,False,False,False,False,0.29885307640970665
35042,5,1,1,0,0,1,313.71721,64.80782,78.09855,11.22776,45.060174,294.6129869,0,0,0,0,2016,0,0,0,2016.0,13.6618,12.665,13.022,12.714,14.221,2.8787888,0.483417,-2.83791,11.55102504,14.1122,1.06,14.939,961.468,5935.0,12.649,12.628,13.026,9.658,1.01146,4.41,1.05,False,True,False,False,False,False,True,0.4265112613645752
35055,5,1,1,0,0,1,307.48548,68.59828,78.87682,15.68043,47.6501141,289.2489051,0,0,0,0,2016,0,0,0,2016.0,14.2241,13.169,13.574,13.272,14.875,3.6739975,3.6558,0.365218,4.469757736,14.7044,0.96,15.605,878.082,5718.0,13.182,13.128,12.756,9.201,1.11012,4.47,0.98,False,True,False,False,False,False,True,0.36361197989214433
35060,5,1,1,0,0,1,305.06914,67.79965,77.63359,15.78425,46.5904531,288.4176803,0,0,0,0,2016,0,0,0,2016.0,12.6552,11.895,12.203,11.957,13.099,4.2218301,4.10273,-0.995719,15.7738221,12.9868,1.29,13.61,801.479,6139.0,11.893,11.87,11.725,9.311,1.21915,4.28,1.16,False,True,False,False,False,False,True,0.3521825181113625
35084,5,1,1,0,1,1,318.56211,65.35122,80.07995,10.40755,46.3940661,296.9588566,0,0,0,0,2016,0,0,0,2016.0,12.9591,11.83,12.247,11.914,13.599,14.0649959,-13.8398,-2.5068,43.0342272,13.4677,0.93,14.491,460.188,5610.0,11.838,11.795,12.266,9.316,2.1442,4.49,0.96,False,True,False,False,False,False,True,0.32633586092875144
35092,5,1,1,0,0,1,305.84996,65.00142,75.73922,13.64629,44.0498808,290.144339,0,0,0,0,2016,0,0,0,2016.0,14.1993,13.019,13.537,13.163,14.904,8.712627,-8.708901,-0.25478,116.331901,14.7169,0.85,15.837,679.361,5434.0,13.085,12.963,12.411,9.416,1.44331,4.54,0.91,False,True,False,False,False,False,True,0.4742162640762553
35105,5,1,1,0,0,1,309.58264,63.19678,75.62729,11.21739,42.8964457,293.0940391,0,0,0,0,2016,0,0,0,2016.0,13.154,12.107,12.513,12.171,13.69,7.6195546,2.26121,7.2763,56.4349938,13.6421,0.98,14.447,548.364,5642.0,12.115,12.046,11.715,8.864,1.79493,4.43,0.96,False,True,False,False,False,False,True,0.37291200297010657
35112,5,1,1,0,0,1,306.35037,67.13617,77.4782,14.97262,46.1308443,289.4110582,0,0,0,0,2016,0,0,0,2016.0,14.5047,13.375,13.776,13.484,15.171,1.9910042,-1.96169,0.340397,105.3033148,14.9789,0.91,15.92,914.126,5637.0,13.49,13.432,12.833,9.43,1.06528,4.51,0.97,False,True,False,False,False,False,True,0.5132176000679389
35121,5,1,1,0,0,1,305.42466,63.15198,74.23269,12.50541,42.2372245,290.7082585,0,0,0,0,2016,0,0,0,2016.0,14.2903,12.29,13.138,12.45,15.578,18.9163137,-5.74254,-18.0236,17.76080053,15.2131,0.53,17.258,304.889,4005.0,12.234,12.219,12.213,9.358,3.2513,4.73,0.55,False,True,False,False,False,False,True,0.3159703454569177
35130,5,1,1,0,0,1,293.18417,69.74205,76.53241,20.37813,47.2334674,281.5827983,0,0,0,0,2016,0,0,0,2016.0,13.8128,12.415,12.965,12.522,14.717,41.3962253,-37.7008,-17.0967,7.964315352,14.4083,0.78,16.327,491.978,5074.0,12.47,12.4,12.569,9.526,2.00386,4.58,0.82,False,True,False,False,False,False,True,0.3443922736851107
35143,5,2,1,0,0,2,314.62754,60.57053,75.71488,7.67792,41.3000452,297.3539994,0,0,0,0,2014,0,0,0,2014.0,12.3048,10.757,11.368,10.852,13.206,3.5031534,-3.22036,1.3789,4.60358,12.9618,0.73,15.085,208.369,4782.0,10.772,10.684,10.743,9.287,4.77039,4.605,0.79,False,True,True,False,False,False,False,0.17026171539495738
35154,5,1,2,0,0,1,320.52966,65.49214,80.84382,10.05477,46.8813194,297.9381813,0,0,0,0,2016,0,0,0,2016.0,14.003,12.928,13.362,13.031,14.716,19.3218188,-17.548,-8.08705,9.91723428,14.4949,1.08,15.382,802.163,5948.0,12.882,12.813,13.274,9.629,1.21805,4.39,1.05,False,True,False,False,False,False,True,0.414973347970818
35169,5,1,2,0,0,1,320.52966,65.49214,80.84382,10.05477,46.8813194,297.9381813,0,0,0,0,2016,0,0,0,2016.0,14.003,12.928,13.362,13.031,14.716,19.3218188,-17.548,-8.08705,0.538354308,14.4949,1.08,15.382,802.163,5948.0,12.882,12.813,13.274,9.629,1.21805,4.39,1.05,False,True,False,False,False,False,True,0.1846914308175988
35176,5,1,1,0,0,1,322.53104,68.18221,83.02035,11.86823,49.6264867,297.0905543,0,0,0,0,2016,0,0,0,2016.0,14.4038,12.611,13.329,12.72,15.626,21.596226,-16.1537,-14.3337,82.5342519,15.1476,0.61,16.253,389.561,4392.0,12.607,12.559,12.791,9.245,2.5384,4.67,0.64,False,True,False,False,False,False,True,0.40483371661993806
35182,5,1,1,0,0,1,298.85076,69.63952,77.61384,18.69367,47.6416613,284.4304085,0,0,0,0,2016,0,0,0,2016.0,12.7701,11.274,11.899,11.381,13.557,24.8928262,-17.9838,17.2115,20.16034462,13.3901,0.74,14.595,259.639,4944.0,11.289,11.231,11.19,9.269,3.82261,4.6,0.8,False,True,False,False,False,False,True,0.20951501454263097
35194,5,1,1,0,0,1,310.04382,64.72134,76.83877,12.19619,44.3946644,292.6141076,0,0,0,0,2016,0,0,0,2016.0,14.8953,12.729,13.587,12.893,16.608,4.9977908,4.4701,2.2352,22.08557563,15.9243,0.54,18.335,324.423,3843.0,12.678,12.649,12.765,9.18,3.05439,4.72,0.57,False,True,False,False,False,False,True,0.4727564493172124
35201,5,1,1,0,0,1,306.94449,68.41359,78.59578,15.69417,47.406918,289.0720752,0,0,0,0,2016,0,0,0,2016.0,13.4895,11.453,12.264,11.611,15.046,36.4618494,-31.7325,-17.9587,1.151166506,14.4653,0.54,16.389,188.158,3934.0,11.356,11.359,11.288,9.49,5.28582,4.72,0.56,False,True,False,False,False,False,True,0.2041199826559248
35216,5,1,1,0,0,1,294.09354,61.35319,69.3739,15.46273,39.130998,284.6157154,0,0,0,0,2016,0,0,0,2016.0,14.311,13.021,13.566,13.066,15.173,5.4071296,-5.32539,0.936628,28.26731672,14.8814,0.8,16.445,609.638,5206.0,13.008,12.97,12.338,8.792,1.61178,4.57,0.83,False,True,False,False,False,False,True,0.43136376415898736
35221,5,1,1,0,0,1,306.79623,62.20174,73.98536,11.39157,41.5335891,291.9127633,0,0,0,0,2016,0,0,0,2016.0,14.1788,13.171,13.546,13.246,14.717,7.4285545,-6.15198,-4.16372,3.770590584,14.6387,1.14,15.553,1216.58,6014.0,13.195,13.157,12.715,9.169,0.79341,4.36,1.09,False,True,False,False,False,False,True,0.2966651902615311
35231,5,1,1,0,0,1,309.9486,70.7214,81.06648,16.58282,49.9388952,289.2333767,0,0,0,0,2016,0,0,0,2016.0,11.4594,10.608,10.929,10.663,11.521,13.5073471,-13.0658,-3.42539,2.707306716,11.8477,1.56,12.794,467.568,6150.0,10.618,10.574,10.541,9.672,2.11017,4.14,1.22,False,True,False,False,False,False,True,0.13353890837021754
35242,5,1,1,0,0,1,321.47935,67.9216,82.53844,11.86453,49.2087085,296.7541629,0,0,0,0,2016,0,0,0,2016.0,13.8748,12.888,13.229,12.943,14.463,2.3015076,-1.34627,1.86668,5.65377733,14.3408,1.18,15.304,986.364,6058.0,12.898,12.868,12.507,9.614,0.985108,4.34,1.12,False,True,False,False,False,False,True,0.3654879848908996
35257,5,1,1,0,0,1,322.29465,64.3475,80.84112,8.68742,46.1984679,299.6604865,0,0,0,0,2016,0,0,0,2016.0,11.8208,10.916,11.165,10.947,12.364,8.461559,8.39944,1.02342,5.991857017,12.2343,1.65,13.045,545.063,6237.0,10.892,10.86,11.194,9.476,1.80632,4.11,1.29,False,True,False,False,False,False,True,0.36921585741014284
36008,9,1,1,0,0,1,313.60359,72.417,83.15282,17.05061,51.962683,289.7636212,0,0,0,0,2024,0,0,0,2013.0,12.1351,11.116,11.501,11.182,12.645,16.3758335,16.0261,3.36631,282.52542,12.5811,0.949,13.446,343.863,5734.0,11.142,11.09,11.002,9.147,2.87962,4.47,0.966,False,True,False,True,False,False,False,0.9702111226450458
