,0
release_month,0.0
sy_snum,0.0
sy_pnum,-0.0
cb_flag,0.0
ttv_flag,0.0
pl_nnotes,0.0
elon,-0.0
elat,-0.0
glon,0.0
glat,-0.0
dec,-0.0
ra,-0.0
st_nspec,0.0
pl_nespec,0.0
pl_ntranspec,0.0
pl_ndispec,0.0
release_year,-0.0
st_nphot,0.0
st_nrvc,0.0
pl_controv_flag,-0.0
disc_year,-0.006087182416550482
sy_tmag,0.0
sy_kmag,0.0
sy_jmag,0.0
sy_hmag,0.0
sy_vmag,0.0
sy_pm,-0.0
sy_pmdec,-0.0
sy_pmra,-0.0
pl_orbper,0.0
sy_gaiamag,0.0
st_rad,0.0
sy_bmag,0.0
sy_dist,0.0
st_teff,0.0
sy_w2mag,0.0
sy_w1mag,0.0
sy_w3mag,0.0
sy_w4mag,-0.0
sy_plx,-0.0
st_logg,-0.0
st_mass,0.0
soltype_Kepler Project Candidate (q1_q17_dr25_koi),-0.0
soltype_Published Confirmed,0.0
pl_tsystemref_BJD,0.0
pl_tsystemref_BJD-TDB,0.0
pl_tsystemref_BJD-UTC,-0.0
pl_tsystemref_HJD,0.0
pl_tsystemref_JD,-0.0
release_month^2,0.0
release_month sy_snum,0.0
release_month sy_pnum,-0.0
release_month cb_flag,0.0
release_month ttv_flag,0.0
release_month pl_nnotes,0.0
release_month elon,0.0
release_month elat,-0.0
release_month glon,0.0
release_month glat,-0.0
release_month dec,-0.0
release_month ra,0.0
release_month st_nspec,0.0
release_month pl_nespec,0.0
release_month pl_ntranspec,0.0
release_month pl_ndispec,0.0
release_month release_year,0.0
release_month st_nphot,0.0
release_month st_nrvc,0.0
release_month pl_controv_flag,-0.0
release_month disc_year,0.0
release_month sy_tmag,0.0
release_month sy_kmag,0.0
release_month sy_jmag,0.0
release_month sy_hmag,0.0
release_month sy_vmag,0.0
release_month sy_pm,0.0
release_month sy_pmdec,-0.0
release_month sy_pmra,-0.0
release_month pl_orbper,0.0
release_month sy_gaiamag,0.0
release_month st_rad,0.0
release_month sy_bmag,0.0
release_month sy_dist,0.0
release_month st_teff,0.0
release_month sy_w2mag,0.0
release_month sy_w1mag,0.0
release_month sy_w3mag,0.0
release_month sy_w4mag,0.0
release_month sy_plx,-0.0
release_month st_logg,0.0
release_month st_mass,0.0
release_month soltype_Kepler Project Candidate (q1_q17_dr25_koi),-0.0
release_month soltype_Published Confirmed,0.0
release_month pl_tsystemref_BJD,0.0
release_month pl_tsystemref_BJD-TDB,0.0
release_month pl_tsystemref_BJD-UTC,0.0
release_month pl_tsystemref_HJD,0.0
release_month pl_tsystemref_JD,-0.0
sy_snum^2,0.0
sy_snum sy_pnum,-0.0
sy_snum cb_flag,0.0
sy_snum ttv_flag,0.0
sy_snum pl_nnotes,0.0
sy_snum elon,-0.0
sy_snum elat,-0.0
sy_snum glon,0.0
sy_snum glat,-0.0
sy_snum dec,-0.0
sy_snum ra,-0.0
sy_snum st_nspec,0.0
sy_snum pl_nespec,0.0
sy_snum pl_ntranspec,0.0
sy_snum pl_ndispec,0.0
sy_snum release_year,0.0
sy_snum st_nphot,0.0
sy_snum st_nrvc,0.0
sy_snum pl_controv_flag,-0.0
sy_snum disc_year,0.0
sy_snum sy_tmag,0.0
sy_snum sy_kmag,0.0
sy_snum sy_jmag,0.0
sy_snum sy_hmag,0.0
sy_snum sy_vmag,0.0
sy_snum sy_pm,0.0
sy_snum sy_pmdec,-0.0
sy_snum sy_pmra,-0.0
sy_snum pl_orbper,0.0
sy_snum sy_gaiamag,0.0
sy_snum st_rad,0.0
sy_snum sy_bmag,0.0
sy_snum sy_dist,0.0
sy_snum st_teff,0.0
sy_snum sy_w2mag,0.0
sy_snum sy_w1mag,0.0
sy_snum sy_w3mag,0.0
sy_snum sy_w4mag,0.0
sy_snum sy_plx,-0.0
sy_snum st_logg,0.0
sy_snum st_mass,0.0
sy_snum soltype_Kepler Project Candidate (q1_q17_dr25_koi),-0.0
sy_snum soltype_Published Confirmed,0.0
sy_snum pl_tsystemref_BJD,0.0
sy_snum pl_tsystemref_BJD-TDB,0.0
sy_snum pl_tsystemref_BJD-UTC,-0.0
sy_snum pl_tsystemref_HJD,0.0
sy_snum pl_tsystemref_JD,-0.0
sy_pnum^2,-0.0
sy_pnum cb_flag,0.0
sy_pnum ttv_flag,0.0
sy_pnum pl_nnotes,-0.0
sy_pnum elon,-0.0
sy_pnum elat,-0.0
sy_pnum glon,-0.0
sy_pnum glat,-0.0
sy_pnum dec,-0.0
sy_pnum ra,-0.0
sy_pnum st_nspec,0.0
sy_pnum pl_nespec,0.0
sy_pnum pl_ntranspec,0.0
sy_pnum pl_ndispec,0.0
sy_pnum release_year,-0.0
sy_pnum st_nphot,0.0
sy_pnum st_nrvc,0.0
sy_pnum pl_controv_flag,-0.0
sy_pnum disc_year,-0.0
sy_pnum sy_tmag,-0.0
sy_pnum sy_kmag,-0.0
sy_pnum sy_jmag,-0.0
sy_pnum sy_hmag,-0.0
sy_pnum sy_vmag,-0.0
sy_pnum sy_pm,-0.0
sy_pnum sy_pmdec,-0.0
sy_pnum sy_pmra,-0.0
sy_pnum pl_orbper,0.0
sy_pnum sy_gaiamag,-0.0
sy_pnum st_rad,-0.0
sy_pnum sy_bmag,-0.0
sy_pnum sy_dist,-0.0
sy_pnum st_teff,-0.0
sy_pnum sy_w2mag,-0.0
sy_pnum sy_w1mag,-0.0
sy_pnum sy_w3mag,-0.0
sy_pnum sy_w4mag,-0.0
sy_pnum sy_plx,-0.0
sy_pnum st_logg,-0.0
sy_pnum st_mass,-0.0
sy_pnum soltype_Kepler Project Candidate (q1_q17_dr25_koi),-0.0
sy_pnum soltype_Published Confirmed,-0.0
sy_pnum pl_tsystemref_BJD,-0.0
sy_pnum pl_tsystemref_BJD-TDB,-0.0
sy_pnum pl_tsystemref_BJD-UTC,-0.0
sy_pnum pl_tsystemref_HJD,0.0
sy_pnum pl_tsystemref_JD,-0.0
cb_flag^2,0.0
cb_flag ttv_flag,0.0
cb_flag pl_nnotes,0.0
cb_flag elon,0.0
cb_flag elat,0.0
cb_flag glon,0.0
cb_flag glat,0.0
cb_flag dec,0.0
cb_flag ra,0.0
cb_flag st_nspec,0.0
cb_flag pl_nespec,0.0
cb_flag pl_ntranspec,0.0
cb_flag pl_ndispec,0.0
cb_flag release_year,0.0
cb_flag st_nphot,0.0
cb_flag st_nrvc,0.0
cb_flag pl_controv_flag,0.0
cb_flag disc_year,0.0
cb_flag sy_tmag,0.0
cb_flag sy_kmag,0.0
cb_flag sy_jmag,0.0
cb_flag sy_hmag,0.0
cb_flag sy_vmag,0.0
cb_flag sy_pm,0.0
cb_flag sy_pmdec,-0.0
cb_flag sy_pmra,0.0
cb_flag pl_orbper,0.0
cb_flag sy_gaiamag,0.0
cb_flag st_rad,0.0
cb_flag sy_bmag,0.0
cb_flag sy_dist,0.0
cb_flag st_teff,0.0
cb_flag sy_w2mag,0.0
cb_flag sy_w1mag,0.0
cb_flag sy_w3mag,0.0
cb_flag sy_w4mag,0.0
cb_flag sy_plx,0.0
cb_flag st_logg,0.0
cb_flag st_mass,0.0
cb_flag soltype_Kepler Project Candidate (q1_q17_dr25_koi),0.0
cb_flag soltype_Published Confirmed,0.0
cb_flag pl_tsystemref_BJD,0.0
cb_flag pl_tsystemref_BJD-TDB,-0.0
cb_flag pl_tsystemref_BJD-UTC,0.0
cb_flag pl_tsystemref_HJD,0.0
cb_flag pl_tsystemref_JD,0.0
ttv_flag^2,0.0
ttv_flag pl_nnotes,0.0
ttv_flag elon,0.0
ttv_flag elat,0.0
ttv_flag glon,0.0
ttv_flag glat,0.0
ttv_flag dec,0.0
ttv_flag ra,0.0
ttv_flag st_nspec,0.0
ttv_flag pl_nespec,0.0
ttv_flag pl_ntranspec,0.0
ttv_flag pl_ndispec,0.0
ttv_flag release_year,0.0
ttv_flag st_nphot,-0.0
ttv_flag st_nrvc,-0.0
ttv_flag pl_controv_flag,-0.0
ttv_flag disc_year,0.0
ttv_flag sy_tmag,0.0
ttv_flag sy_kmag,0.0
ttv_flag sy_jmag,0.0
ttv_flag sy_hmag,0.0
ttv_flag sy_vmag,0.0
ttv_flag sy_pm,0.0
ttv_flag sy_pmdec,-0.0
ttv_flag sy_pmra,-0.0
ttv_flag pl_orbper,0.0
ttv_flag sy_gaiamag,0.0
ttv_flag st_rad,0.0
ttv_flag sy_bmag,0.0
ttv_flag sy_dist,0.0
ttv_flag st_teff,0.0
ttv_flag sy_w2mag,0.0
ttv_flag sy_w1mag,0.0
ttv_flag sy_w3mag,0.0
ttv_flag sy_w4mag,0.0
ttv_flag sy_plx,0.0
ttv_flag st_logg,0.0
ttv_flag st_mass,0.0
ttv_flag soltype_Kepler Project Candidate (q1_q17_dr25_koi),0.0
ttv_flag soltype_Published Confirmed,0.0
ttv_flag pl_tsystemref_BJD,-0.0
ttv_flag pl_tsystemref_BJD-TDB,0.0
ttv_flag pl_tsystemref_BJD-UTC,0.0
ttv_flag pl_tsystemref_HJD,0.0
ttv_flag pl_tsystemref_JD,0.0
pl_nnotes^2,-0.0
pl_nnotes elon,0.0
pl_nnotes elat,-0.0
pl_nnotes glon,0.0
pl_nnotes glat,-0.0
pl_nnotes dec,-0.0
pl_nnotes ra,0.0
pl_nnotes st_nspec,0.0
pl_nnotes pl_nespec,0.0
pl_nnotes pl_ntranspec,0.0
pl_nnotes pl_ndispec,0.0
pl_nnotes release_year,0.0
pl_nnotes st_nphot,0.0
pl_nnotes st_nrvc,0.0
pl_nnotes pl_controv_flag,-0.0
pl_nnotes disc_year,0.0
pl_nnotes sy_tmag,0.0
pl_nnotes sy_kmag,0.0
pl_nnotes sy_jmag,0.0
pl_nnotes sy_hmag,0.0
pl_nnotes sy_vmag,0.0
pl_nnotes sy_pm,-0.0
pl_nnotes sy_pmdec,-0.0
pl_nnotes sy_pmra,-0.0
pl_nnotes pl_orbper,0.0
pl_nnotes sy_gaiamag,0.0
pl_nnotes st_rad,0.0
pl_nnotes sy_bmag,0.0
pl_nnotes sy_dist,0.0
pl_nnotes st_teff,0.0
pl_nnotes sy_w2mag,0.0
pl_nnotes sy_w1mag,0.0
pl_nnotes sy_w3mag,0.0
pl_nnotes sy_w4mag,0.0
pl_nnotes sy_plx,-0.0
pl_nnotes st_logg,0.0
pl_nnotes st_mass,0.0
pl_nnotes soltype_Kepler Project Candidate (q1_q17_dr25_koi),0.0
pl_nnotes soltype_Published Confirmed,0.0
pl_nnotes pl_tsystemref_BJD,0.0
pl_nnotes pl_tsystemref_BJD-TDB,0.0
pl_nnotes pl_tsystemref_BJD-UTC,-0.0
pl_nnotes pl_tsystemref_HJD,0.0
pl_nnotes pl_tsystemref_JD,-0.0
elon^2,-0.0
elon elat,-0.0
elon glon,-0.0
elon glat,-0.0
elon dec,-0.0
elon ra,-0.0
elon st_nspec,0.0
elon pl_nespec,0.0
elon pl_ntranspec,0.0
elon pl_ndispec,0.0
elon release_year,-0.0
elon st_nphot,0.0
elon st_nrvc,0.0
elon pl_controv_flag,-0.0
elon disc_year,-0.0
elon sy_tmag,-0.0
elon sy_kmag,-0.0
elon sy_jmag,-0.0
elon sy_hmag,-0.0
elon sy_vmag,-0.0
elon sy_pm,-0.0
elon sy_pmdec,-0.0
elon sy_pmra,-0.0
elon pl_orbper,0.0
elon sy_gaiamag,-0.0
elon st_rad,0.0
elon sy_bmag,-0.0
elon sy_dist,0.0
elon st_teff,-0.0
elon sy_w2mag,-0.0
elon sy_w1mag,-0.0
elon sy_w3mag,-0.0
elon sy_w4mag,-0.0
elon sy_plx,-0.0
elon st_logg,-0.0
elon st_mass,-0.0
elon soltype_Kepler Project Candidate (q1_q17_dr25_koi),-0.0
elon soltype_Published Confirmed,0.0
elon pl_tsystemref_BJD,0.0
elon pl_tsystemref_BJD-TDB,0.0
elon pl_tsystemref_BJD-UTC,-0.0
elon pl_tsystemref_HJD,0.0
elon pl_tsystemref_JD,-0.0
elat^2,-0.0
elat glon,-0.0
elat glat,-0.0
elat dec,-0.0
elat ra,-0.0
elat st_nspec,0.0
elat pl_nespec,0.0
elat pl_ntranspec,0.0
elat pl_ndispec,0.0
elat release_year,-0.0
elat st_nphot,0.0
elat st_nrvc,0.0
elat pl_controv_flag,-0.0
elat disc_year,-0.0
elat sy_tmag,-0.0
elat sy_kmag,-0.0
elat sy_jmag,-0.0
elat sy_hmag,-0.0
elat sy_vmag,-0.0
elat sy_pm,-0.0
elat sy_pmdec,-0.0
elat sy_pmra,-0.0
elat pl_orbper,0.0
elat sy_gaiamag,-0.0
elat st_rad,-0.0
elat sy_bmag,-0.0
elat sy_dist,0.0
elat st_teff,-0.0
elat sy_w2mag,-0.0
elat sy_w1mag,-0.0
elat sy_w3mag,-0.0
elat sy_w4mag,-0.0
elat sy_plx,-0.0
elat st_logg,-0.0
elat st_mass,-0.0
elat soltype_Kepler Project Candidate (q1_q17_dr25_koi),-0.0
elat soltype_Published Confirmed,-0.0
elat pl_tsystemref_BJD,0.0
elat pl_tsystemref_BJD-TDB,0.0
elat pl_tsystemref_BJD-UTC,-0.0
elat pl_tsystemref_HJD,0.0
elat pl_tsystemref_JD,-0.0
glon^2,0.0
glon glat,-0.0
glon dec,-0.0
glon ra,-0.0
glon st_nspec,0.0
glon pl_nespec,0.0
glon pl_ntranspec,0.0
glon pl_ndispec,0.0
glon release_year,0.0
glon st_nphot,0.0
glon st_nrvc,0.0
glon pl_controv_flag,-0.0
glon disc_year,0.0
glon sy_tmag,0.0
glon sy_kmag,0.0
glon sy_jmag,0.0
glon sy_hmag,0.0
glon sy_vmag,0.0
glon sy_pm,-0.0
glon sy_pmdec,-0.0
glon sy_pmra,-0.0
glon pl_orbper,0.0
glon sy_gaiamag,0.0
glon st_rad,0.0
glon sy_bmag,0.0
glon sy_dist,0.0
glon st_teff,0.0
glon sy_w2mag,0.0
glon sy_w1mag,0.0
glon sy_w3mag,0.0
glon sy_w4mag,0.0
glon sy_plx,-0.0
glon st_logg,0.0
glon st_mass,0.0
glon soltype_Kepler Project Candidate (q1_q17_dr25_koi),-0.0
glon soltype_Published Confirmed,0.0
glon pl_tsystemref_BJD,-0.0
glon pl_tsystemref_BJD-TDB,0.0
glon pl_tsystemref_BJD-UTC,-0.0
glon pl_tsystemref_HJD,0.0
glon pl_tsystemref_JD,-0.0
glat^2,-0.0
glat dec,-0.0
glat ra,-0.0
glat st_nspec,0.0
glat pl_nespec,0.0
glat pl_ntranspec,0.0
glat pl_ndispec,0.0
glat release_year,-0.0
glat st_nphot,0.0
glat st_nrvc,0.0
glat pl_controv_flag,-0.0
glat disc_year,-0.0
glat sy_tmag,-0.0
glat sy_kmag,-0.0
glat sy_jmag,-0.0
glat sy_hmag,-0.0
glat sy_vmag,-0.0
glat sy_pm,-0.0
glat sy_pmdec,-0.0
glat sy_pmra,-0.0
glat pl_orbper,0.0
glat sy_gaiamag,-0.0
glat st_rad,-0.0
glat sy_bmag,-0.0
glat sy_dist,-0.0
glat st_teff,-0.0
glat sy_w2mag,-0.0
glat sy_w1mag,-0.0
glat sy_w3mag,-0.0
glat sy_w4mag,-0.0
glat sy_plx,-0.0
glat st_logg,-0.0
glat st_mass,-0.0
glat soltype_Kepler Project Candidate (q1_q17_dr25_koi),-0.0
glat soltype_Published Confirmed,-0.0
glat pl_tsystemref_BJD,-0.0
glat pl_tsystemref_BJD-TDB,0.0
glat pl_tsystemref_BJD-UTC,-0.0
glat pl_tsystemref_HJD,0.0
glat pl_tsystemref_JD,-0.0
dec^2,-0.0
dec ra,-0.0
dec st_nspec,0.0
dec pl_nespec,0.0
dec pl_ntranspec,0.0
dec pl_ndispec,0.0
dec release_year,-0.0
dec st_nphot,0.0
dec st_nrvc,0.0
dec pl_controv_flag,-0.0
dec disc_year,-0.0
dec sy_tmag,-0.0
dec sy_kmag,-0.0
dec sy_jmag,-0.0
dec sy_hmag,-0.0
dec sy_vmag,-0.0
dec sy_pm,-0.0
dec sy_pmdec,-0.0
dec sy_pmra,-0.0
dec pl_orbper,0.0
dec sy_gaiamag,-0.0
dec st_rad,-0.0
dec sy_bmag,-0.0
dec sy_dist,0.0
dec st_teff,-0.0
dec sy_w2mag,-0.0
dec sy_w1mag,-0.0
dec sy_w3mag,-0.0
dec sy_w4mag,-0.0
dec sy_plx,-0.0
dec st_logg,-0.0
dec st_mass,-0.0
dec soltype_Kepler Project Candidate (q1_q17_dr25_koi),-0.0
dec soltype_Published Confirmed,-0.0
dec pl_tsystemref_BJD,-0.0
dec pl_tsystemref_BJD-TDB,0.0
dec pl_tsystemref_BJD-UTC,-0.0
dec pl_tsystemref_HJD,0.0
dec pl_tsystemref_JD,-0.0
ra^2,-0.0
ra st_nspec,0.0
ra pl_nespec,0.0
ra pl_ntranspec,0.0
ra pl_ndispec,0.0
ra release_year,-0.0
ra st_nphot,0.0
ra st_nrvc,0.0
ra pl_controv_flag,-0.0
ra disc_year,-0.0
ra sy_tmag,-0.0
ra sy_kmag,-0.0
ra sy_jmag,-0.0
ra sy_hmag,-0.0
ra sy_vmag,-0.0
ra sy_pm,-0.0
ra sy_pmdec,-0.0
ra sy_pmra,-0.0
ra pl_orbper,0.0
ra sy_gaiamag,-0.0
ra st_rad,0.0
ra sy_bmag,-0.0
ra sy_dist,0.0
ra st_teff,-0.0
ra sy_w2mag,-0.0
ra sy_w1mag,-0.0
ra sy_w3mag,-0.0
ra sy_w4mag,-0.0
ra sy_plx,-0.0
ra st_logg,-0.0
ra st_mass,-0.0
ra soltype_Kepler Project Candidate (q1_q17_dr25_koi),-0.0
ra soltype_Published Confirmed,0.0
ra pl_tsystemref_BJD,0.0
ra pl_tsystemref_BJD-TDB,0.0
ra pl_tsystemref_BJD-UTC,-0.0
ra pl_tsystemref_HJD,0.0
ra pl_tsystemref_JD,-0.0
st_nspec^2,0.0
st_nspec pl_nespec,0.0
st_nspec pl_ntranspec,0.0
st_nspec pl_ndispec,0.0
st_nspec release_year,0.0
st_nspec st_nphot,0.0
st_nspec st_nrvc,0.0
st_nspec pl_controv_flag,0.0
st_nspec disc_year,0.0
st_nspec sy_tmag,0.0
st_nspec sy_kmag,0.0
st_nspec sy_jmag,0.0
st_nspec sy_hmag,0.0
st_nspec sy_vmag,0.0
st_nspec sy_pm,0.0
st_nspec sy_pmdec,-0.0
st_nspec sy_pmra,0.0
st_nspec pl_orbper,0.0
st_nspec sy_gaiamag,0.0
st_nspec st_rad,0.0
st_nspec sy_bmag,0.0
st_nspec sy_dist,0.0
st_nspec st_teff,0.0
st_nspec sy_w2mag,0.0
st_nspec sy_w1mag,0.0
st_nspec sy_w3mag,0.0
st_nspec sy_w4mag,0.0
st_nspec sy_plx,0.0
st_nspec st_logg,0.0
st_nspec st_mass,0.0
st_nspec soltype_Kepler Project Candidate (q1_q17_dr25_koi),0.0
st_nspec soltype_Published Confirmed,0.0
st_nspec pl_tsystemref_BJD,0.0
st_nspec pl_tsystemref_BJD-TDB,0.0
st_nspec pl_tsystemref_BJD-UTC,0.0
st_nspec pl_tsystemref_HJD,0.0
st_nspec pl_tsystemref_JD,0.0
pl_nespec^2,0.0
pl_nespec pl_ntranspec,0.0
pl_nespec pl_ndispec,0.0
pl_nespec release_year,0.0
pl_nespec st_nphot,0.0
pl_nespec st_nrvc,0.0
pl_nespec pl_controv_flag,0.0
pl_nespec disc_year,0.0
pl_nespec sy_tmag,0.0
pl_nespec sy_kmag,0.0
pl_nespec sy_jmag,0.0
pl_nespec sy_hmag,0.0
pl_nespec sy_vmag,0.0
pl_nespec sy_pm,0.0
pl_nespec sy_pmdec,-0.0
pl_nespec sy_pmra,-0.0
pl_nespec pl_orbper,0.0
pl_nespec sy_gaiamag,0.0
pl_nespec st_rad,0.0
pl_nespec sy_bmag,0.0
pl_nespec sy_dist,0.0
pl_nespec st_teff,0.0
pl_nespec sy_w2mag,0.0
pl_nespec sy_w1mag,0.0
pl_nespec sy_w3mag,0.0
pl_nespec sy_w4mag,0.0
pl_nespec sy_plx,0.0
pl_nespec st_logg,0.0
pl_nespec st_mass,0.0
pl_nespec soltype_Kepler Project Candidate (q1_q17_dr25_koi),0.0
pl_nespec soltype_Published Confirmed,0.0
pl_nespec pl_tsystemref_BJD,0.0
pl_nespec pl_tsystemref_BJD-TDB,0.0
pl_nespec pl_tsystemref_BJD-UTC,0.0
pl_nespec pl_tsystemref_HJD,0.0
pl_nespec pl_tsystemref_JD,0.0
pl_ntranspec^2,0.0
pl_ntranspec pl_ndispec,0.0
pl_ntranspec release_year,0.0
pl_ntranspec st_nphot,0.0
pl_ntranspec st_nrvc,-0.0
pl_ntranspec pl_controv_flag,0.0
pl_ntranspec disc_year,0.0
pl_ntranspec sy_tmag,0.0
pl_ntranspec sy_kmag,0.0
pl_ntranspec sy_jmag,0.0
pl_ntranspec sy_hmag,0.0
pl_ntranspec sy_vmag,0.0
pl_ntranspec sy_pm,0.0
pl_ntranspec sy_pmdec,0.0
pl_ntranspec sy_pmra,-0.0
pl_ntranspec pl_orbper,0.0
pl_ntranspec sy_gaiamag,0.0
pl_ntranspec st_rad,0.0
pl_ntranspec sy_bmag,0.0
pl_ntranspec sy_dist,0.0
pl_ntranspec st_teff,0.0
pl_ntranspec sy_w2mag,0.0
pl_ntranspec sy_w1mag,0.0
pl_ntranspec sy_w3mag,0.0
pl_ntranspec sy_w4mag,0.0
pl_ntranspec sy_plx,0.0
pl_ntranspec st_logg,0.0
pl_ntranspec st_mass,0.0
pl_ntranspec soltype_Kepler Project Candidate (q1_q17_dr25_koi),0.0
pl_ntranspec soltype_Published Confirmed,0.0
pl_ntranspec pl_tsystemref_BJD,0.0
pl_ntranspec pl_tsystemref_BJD-TDB,0.0
pl_ntranspec pl_tsystemref_BJD-UTC,0.0
pl_ntranspec pl_tsystemref_HJD,0.0
pl_ntranspec pl_tsystemref_JD,0.0
pl_ndispec^2,0.0
pl_ndispec release_year,0.0
pl_ndispec st_nphot,0.0
pl_ndispec st_nrvc,0.0
pl_ndispec pl_controv_flag,0.0
pl_ndispec disc_year,0.0
pl_ndispec sy_tmag,0.0
pl_ndispec sy_kmag,0.0
pl_ndispec sy_jmag,0.0
pl_ndispec sy_hmag,0.0
pl_ndispec sy_vmag,0.0
pl_ndispec sy_pm,0.0
pl_ndispec sy_pmdec,0.0
pl_ndispec sy_pmra,0.0
pl_ndispec pl_orbper,0.0
pl_ndispec sy_gaiamag,0.0
pl_ndispec st_rad,0.0
pl_ndispec sy_bmag,0.0
pl_ndispec sy_dist,0.0
pl_ndispec st_teff,0.0
pl_ndispec sy_w2mag,0.0
pl_ndispec sy_w1mag,0.0
pl_ndispec sy_w3mag,0.0
pl_ndispec sy_w4mag,0.0
pl_ndispec sy_plx,0.0
pl_ndispec st_logg,0.0
pl_ndispec st_mass,0.0
pl_ndispec soltype_Kepler Project Candidate (q1_q17_dr25_koi),0.0
pl_ndispec soltype_Published Confirmed,0.0
pl_ndispec pl_tsystemref_BJD,0.0
pl_ndispec pl_tsystemref_BJD-TDB,0.0
pl_ndispec pl_tsystemref_BJD-UTC,0.0
pl_ndispec pl_tsystemref_HJD,0.0
pl_ndispec pl_tsystemref_JD,0.0
release_year^2,-0.0
release_year st_nphot,0.0
release_year st_nrvc,0.0
release_year pl_controv_flag,-0.0
release_year disc_year,-0.0
release_year sy_tmag,0.0
release_year sy_kmag,0.0
release_year sy_jmag,0.0
release_year sy_hmag,0.0
release_year sy_vmag,0.0
release_year sy_pm,-0.0
release_year sy_pmdec,-0.0
release_year sy_pmra,-0.0
release_year pl_orbper,0.0
release_year sy_gaiamag,0.0
release_year st_rad,0.0
release_year sy_bmag,0.0
release_year sy_dist,0.0
release_year st_teff,0.0
release_year sy_w2mag,0.0
release_year sy_w1mag,0.0
release_year sy_w3mag,0.0
release_year sy_w4mag,-0.0
release_year sy_plx,-0.0
release_year st_logg,-0.0
release_year st_mass,0.0
release_year soltype_Kepler Project Candidate (q1_q17_dr25_koi),-0.0
release_year soltype_Published Confirmed,0.0
release_year pl_tsystemref_BJD,0.0
release_year pl_tsystemref_BJD-TDB,0.0
release_year pl_tsystemref_BJD-UTC,-0.0
release_year pl_tsystemref_HJD,0.0
release_year pl_tsystemref_JD,-0.0
st_nphot^2,0.0
st_nphot st_nrvc,0.0
st_nphot pl_controv_flag,0.0
st_nphot disc_year,0.0
st_nphot sy_tmag,0.0
st_nphot sy_kmag,0.0
st_nphot sy_jmag,0.0
st_nphot sy_hmag,0.0
st_nphot sy_vmag,0.0
st_nphot sy_pm,0.0
st_nphot sy_pmdec,-0.0
st_nphot sy_pmra,-0.0
st_nphot pl_orbper,0.0
st_nphot sy_gaiamag,0.0
st_nphot st_rad,0.0
st_nphot sy_bmag,0.0
st_nphot sy_dist,0.0
st_nphot st_teff,0.0
st_nphot sy_w2mag,0.0
st_nphot sy_w1mag,0.0
st_nphot sy_w3mag,0.0
st_nphot sy_w4mag,0.0
st_nphot sy_plx,0.0
st_nphot st_logg,0.0
st_nphot st_mass,0.0
st_nphot soltype_Kepler Project Candidate (q1_q17_dr25_koi),0.0
st_nphot soltype_Published Confirmed,0.0
st_nphot pl_tsystemref_BJD,0.0
st_nphot pl_tsystemref_BJD-TDB,0.0
st_nphot pl_tsystemref_BJD-UTC,0.0
st_nphot pl_tsystemref_HJD,-0.0
st_nphot pl_tsystemref_JD,0.0
st_nrvc^2,0.0
st_nrvc pl_controv_flag,0.0
st_nrvc disc_year,0.0
st_nrvc sy_tmag,0.0
st_nrvc sy_kmag,0.0
st_nrvc sy_jmag,0.0
st_nrvc sy_hmag,0.0
st_nrvc sy_vmag,0.0
st_nrvc sy_pm,-0.0
st_nrvc sy_pmdec,-0.0
st_nrvc sy_pmra,0.0
st_nrvc pl_orbper,-0.0
st_nrvc sy_gaiamag,0.0
st_nrvc st_rad,0.0
st_nrvc sy_bmag,0.0
st_nrvc sy_dist,0.0
st_nrvc st_teff,0.0
st_nrvc sy_w2mag,0.0
st_nrvc sy_w1mag,0.0
st_nrvc sy_w3mag,0.0
st_nrvc sy_w4mag,0.0
st_nrvc sy_plx,0.0
st_nrvc st_logg,0.0
st_nrvc st_mass,0.0
st_nrvc soltype_Kepler Project Candidate (q1_q17_dr25_koi),0.0
st_nrvc soltype_Published Confirmed,0.0
st_nrvc pl_tsystemref_BJD,0.0
st_nrvc pl_tsystemref_BJD-TDB,0.0
st_nrvc pl_tsystemref_BJD-UTC,0.0
st_nrvc pl_tsystemref_HJD,0.0
st_nrvc pl_tsystemref_JD,0.0
pl_controv_flag^2,-0.0
pl_controv_flag disc_year,-0.0
pl_controv_flag sy_tmag,-0.0
pl_controv_flag sy_kmag,-0.0
pl_controv_flag sy_jmag,-0.0
pl_controv_flag sy_hmag,-0.0
pl_controv_flag sy_vmag,-0.0
pl_controv_flag sy_pm,-0.0
pl_controv_flag sy_pmdec,-0.0
pl_controv_flag sy_pmra,-0.0
pl_controv_flag pl_orbper,-0.0
pl_controv_flag sy_gaiamag,-0.0
pl_controv_flag st_rad,-0.0
pl_controv_flag sy_bmag,-0.0
pl_controv_flag sy_dist,0.0
pl_controv_flag st_teff,-0.0
pl_controv_flag sy_w2mag,-0.0
pl_controv_flag sy_w1mag,-0.0
pl_controv_flag sy_w3mag,-0.0
pl_controv_flag sy_w4mag,-0.0
pl_controv_flag sy_plx,-0.0
pl_controv_flag st_logg,-0.0
pl_controv_flag st_mass,-0.0
pl_controv_flag soltype_Kepler Project Candidate (q1_q17_dr25_koi),0.0
pl_controv_flag soltype_Published Confirmed,-0.0
pl_controv_flag pl_tsystemref_BJD,-0.0
pl_controv_flag pl_tsystemref_BJD-TDB,0.0
pl_controv_flag pl_tsystemref_BJD-UTC,-0.0
pl_controv_flag pl_tsystemref_HJD,0.0
pl_controv_flag pl_tsystemref_JD,0.0
disc_year^2,-0.0
disc_year sy_tmag,0.0
disc_year sy_kmag,0.0
disc_year sy_jmag,0.0
disc_year sy_hmag,0.0
disc_year sy_vmag,0.0
disc_year sy_pm,-0.0
disc_year sy_pmdec,-0.0
disc_year sy_pmra,-0.0
disc_year pl_orbper,0.0
disc_year sy_gaiamag,0.0
disc_year st_rad,0.0
disc_year sy_bmag,0.0
disc_year sy_dist,0.0
disc_year st_teff,0.0
disc_year sy_w2mag,0.0
disc_year sy_w1mag,0.0
disc_year sy_w3mag,0.0
disc_year sy_w4mag,-0.0
disc_year sy_plx,-0.0
disc_year st_logg,-0.0
disc_year st_mass,0.0
disc_year soltype_Kepler Project Candidate (q1_q17_dr25_koi),-0.0
disc_year soltype_Published Confirmed,0.0
disc_year pl_tsystemref_BJD,0.0
disc_year pl_tsystemref_BJD-TDB,0.0
disc_year pl_tsystemref_BJD-UTC,-0.0
disc_year pl_tsystemref_HJD,0.0
disc_year pl_tsystemref_JD,-0.0
sy_tmag^2,0.0
sy_tmag sy_kmag,0.0
sy_tmag sy_jmag,0.0
sy_tmag sy_hmag,0.0
sy_tmag sy_vmag,0.0
sy_tmag sy_pm,-0.0
sy_tmag sy_pmdec,-0.0
sy_tmag sy_pmra,-0.0
sy_tmag pl_orbper,0.0
sy_tmag sy_gaiamag,0.0
sy_tmag st_rad,0.0
sy_tmag sy_bmag,0.0
sy_tmag sy_dist,0.0
sy_tmag st_teff,0.0
sy_tmag sy_w2mag,0.0
sy_tmag sy_w1mag,0.0
sy_tmag sy_w3mag,0.0
sy_tmag sy_w4mag,0.0
sy_tmag sy_plx,-0.0
sy_tmag st_logg,0.0
sy_tmag st_mass,0.0
sy_tmag soltype_Kepler Project Candidate (q1_q17_dr25_koi),-0.0
sy_tmag soltype_Published Confirmed,0.0
sy_tmag pl_tsystemref_BJD,0.0
sy_tmag pl_tsystemref_BJD-TDB,0.0
sy_tmag pl_tsystemref_BJD-UTC,-0.0
sy_tmag pl_tsystemref_HJD,0.0
sy_tmag pl_tsystemref_JD,-0.0
sy_kmag^2,0.0
sy_kmag sy_jmag,0.0
sy_kmag sy_hmag,0.0
sy_kmag sy_vmag,0.0
sy_kmag sy_pm,-0.0
sy_kmag sy_pmdec,-0.0
sy_kmag sy_pmra,-0.0
sy_kmag pl_orbper,0.0
sy_kmag sy_gaiamag,0.0
sy_kmag st_rad,0.0
sy_kmag sy_bmag,0.0
sy_kmag sy_dist,0.0
sy_kmag st_teff,0.0
sy_kmag sy_w2mag,0.0
sy_kmag sy_w1mag,0.0
sy_kmag sy_w3mag,0.0
sy_kmag sy_w4mag,0.0
sy_kmag sy_plx,-0.0
sy_kmag st_logg,0.0
sy_kmag st_mass,0.0
sy_kmag soltype_Kepler Project Candidate (q1_q17_dr25_koi),-0.0
sy_kmag soltype_Published Confirmed,0.0
sy_kmag pl_tsystemref_BJD,0.0
sy_kmag pl_tsystemref_BJD-TDB,0.0
sy_kmag pl_tsystemref_BJD-UTC,-0.0
sy_kmag pl_tsystemref_HJD,0.0
sy_kmag pl_tsystemref_JD,-0.0
sy_jmag^2,0.0
sy_jmag sy_hmag,0.0
sy_jmag sy_vmag,0.0
sy_jmag sy_pm,-0.0
sy_jmag sy_pmdec,-0.0
sy_jmag sy_pmra,-0.0
sy_jmag pl_orbper,0.0
sy_jmag sy_gaiamag,0.0
sy_jmag st_rad,0.0
sy_jmag sy_bmag,0.0
sy_jmag sy_dist,0.0
sy_jmag st_teff,0.0
sy_jmag sy_w2mag,0.0
sy_jmag sy_w1mag,0.0
sy_jmag sy_w3mag,0.0
sy_jmag sy_w4mag,0.0
sy_jmag sy_plx,-0.0
sy_jmag st_logg,0.0
sy_jmag st_mass,0.0
sy_jmag soltype_Kepler Project Candidate (q1_q17_dr25_koi),-0.0
sy_jmag soltype_Published Confirmed,0.0
sy_jmag pl_tsystemref_BJD,0.0
sy_jmag pl_tsystemref_BJD-TDB,0.0
sy_jmag pl_tsystemref_BJD-UTC,-0.0
sy_jmag pl_tsystemref_HJD,0.0
sy_jmag pl_tsystemref_JD,-0.0
sy_hmag^2,0.0
sy_hmag sy_vmag,0.0
sy_hmag sy_pm,-0.0
sy_hmag sy_pmdec,-0.0
sy_hmag sy_pmra,-0.0
sy_hmag pl_orbper,0.0
sy_hmag sy_gaiamag,0.0
sy_hmag st_rad,0.0
sy_hmag sy_bmag,0.0
sy_hmag sy_dist,0.0
sy_hmag st_teff,0.0
sy_hmag sy_w2mag,0.0
sy_hmag sy_w1mag,0.0
sy_hmag sy_w3mag,0.0
sy_hmag sy_w4mag,0.0
sy_hmag sy_plx,-0.0
sy_hmag st_logg,0.0
sy_hmag st_mass,0.0
sy_hmag soltype_Kepler Project Candidate (q1_q17_dr25_koi),-0.0
sy_hmag soltype_Published Confirmed,0.0
sy_hmag pl_tsystemref_BJD,0.0
sy_hmag pl_tsystemref_BJD-TDB,0.0
sy_hmag pl_tsystemref_BJD-UTC,-0.0
sy_hmag pl_tsystemref_HJD,0.0
sy_hmag pl_tsystemref_JD,-0.0
sy_vmag^2,0.0
sy_vmag sy_pm,-0.0
sy_vmag sy_pmdec,-0.0
sy_vmag sy_pmra,-0.0
sy_vmag pl_orbper,0.0
sy_vmag sy_gaiamag,0.0
sy_vmag st_rad,0.0
sy_vmag sy_bmag,0.0
sy_vmag sy_dist,0.0
sy_vmag st_teff,0.0
sy_vmag sy_w2mag,0.0
sy_vmag sy_w1mag,0.0
sy_vmag sy_w3mag,0.0
sy_vmag sy_w4mag,0.0
sy_vmag sy_plx,-0.0
sy_vmag st_logg,0.0
sy_vmag st_mass,0.0
sy_vmag soltype_Kepler Project Candidate (q1_q17_dr25_koi),-0.0
sy_vmag soltype_Published Confirmed,0.0
sy_vmag pl_tsystemref_BJD,0.0
sy_vmag pl_tsystemref_BJD-TDB,0.0
sy_vmag pl_tsystemref_BJD-UTC,-0.0
sy_vmag pl_tsystemref_HJD,0.0
sy_vmag pl_tsystemref_JD,-0.0
sy_pm^2,0.0
sy_pm sy_pmdec,-0.0
sy_pm sy_pmra,0.0
sy_pm pl_orbper,0.0
sy_pm sy_gaiamag,-0.0
sy_pm st_rad,0.0
sy_pm sy_bmag,-0.0
sy_pm sy_dist,-0.0
sy_pm st_teff,0.0
sy_pm sy_w2mag,-0.0
sy_pm sy_w1mag,-0.0
sy_pm sy_w3mag,-0.0
sy_pm sy_w4mag,-0.0
sy_pm sy_plx,-0.0
sy_pm st_logg,-0.0
sy_pm st_mass,0.0
sy_pm soltype_Kepler Project Candidate (q1_q17_dr25_koi),-0.0
sy_pm soltype_Published Confirmed,0.0
sy_pm pl_tsystemref_BJD,0.0
sy_pm pl_tsystemref_BJD-TDB,-0.0
sy_pm pl_tsystemref_BJD-UTC,-0.0
sy_pm pl_tsystemref_HJD,0.0
sy_pm pl_tsystemref_JD,-0.0
sy_pmdec^2,0.0
sy_pmdec sy_pmra,0.0
sy_pmdec pl_orbper,-0.0
sy_pmdec sy_gaiamag,-0.0
sy_pmdec st_rad,-0.0
sy_pmdec sy_bmag,-0.0
sy_pmdec sy_dist,-0.0
sy_pmdec st_teff,-0.0
sy_pmdec sy_w2mag,-0.0
sy_pmdec sy_w1mag,-0.0
sy_pmdec sy_w3mag,-0.0
sy_pmdec sy_w4mag,-0.0
sy_pmdec sy_plx,-0.0
sy_pmdec st_logg,-0.0
sy_pmdec st_mass,-0.0
sy_pmdec soltype_Kepler Project Candidate (q1_q17_dr25_koi),0.0
sy_pmdec soltype_Published Confirmed,-0.0
sy_pmdec pl_tsystemref_BJD,-0.0
sy_pmdec pl_tsystemref_BJD-TDB,0.0
sy_pmdec pl_tsystemref_BJD-UTC,-0.0
sy_pmdec pl_tsystemref_HJD,0.0
sy_pmdec pl_tsystemref_JD,-0.0
sy_pmra^2,0.0
sy_pmra pl_orbper,0.0
sy_pmra sy_gaiamag,-0.0
sy_pmra st_rad,-0.0
sy_pmra sy_bmag,-0.0
sy_pmra sy_dist,-0.0
sy_pmra st_teff,-0.0
sy_pmra sy_w2mag,-0.0
sy_pmra sy_w1mag,-0.0
sy_pmra sy_w3mag,-0.0
sy_pmra sy_w4mag,-0.0
sy_pmra sy_plx,0.0
sy_pmra st_logg,-0.0
sy_pmra st_mass,-0.0
sy_pmra soltype_Kepler Project Candidate (q1_q17_dr25_koi),0.0
sy_pmra soltype_Published Confirmed,-0.0
sy_pmra pl_tsystemref_BJD,0.0
sy_pmra pl_tsystemref_BJD-TDB,-0.0
sy_pmra pl_tsystemref_BJD-UTC,-0.0
sy_pmra pl_tsystemref_HJD,-0.0
sy_pmra pl_tsystemref_JD,-0.0
pl_orbper^2,-0.0
pl_orbper sy_gaiamag,0.0
pl_orbper st_rad,0.0
pl_orbper sy_bmag,0.0
pl_orbper sy_dist,0.0
pl_orbper st_teff,0.0
pl_orbper sy_w2mag,0.0
pl_orbper sy_w1mag,0.0
pl_orbper sy_w3mag,0.0
pl_orbper sy_w4mag,0.0
pl_orbper sy_plx,0.0
pl_orbper st_logg,0.0
pl_orbper st_mass,0.0
pl_orbper soltype_Kepler Project Candidate (q1_q17_dr25_koi),0.0
pl_orbper soltype_Published Confirmed,0.0
pl_orbper pl_tsystemref_BJD,0.0
pl_orbper pl_tsystemref_BJD-TDB,0.0
pl_orbper pl_tsystemref_BJD-UTC,-0.0
pl_orbper pl_tsystemref_HJD,0.0
pl_orbper pl_tsystemref_JD,0.0
sy_gaiamag^2,0.0
sy_gaiamag st_rad,0.0
sy_gaiamag sy_bmag,0.0
sy_gaiamag sy_dist,0.0
sy_gaiamag st_teff,0.0
sy_gaiamag sy_w2mag,0.0
sy_gaiamag sy_w1mag,0.0
sy_gaiamag sy_w3mag,0.0
sy_gaiamag sy_w4mag,0.0
sy_gaiamag sy_plx,-0.0
sy_gaiamag st_logg,0.0
sy_gaiamag st_mass,0.0
sy_gaiamag soltype_Kepler Project Candidate (q1_q17_dr25_koi),-0.0
sy_gaiamag soltype_Published Confirmed,0.0
sy_gaiamag pl_tsystemref_BJD,0.0
sy_gaiamag pl_tsystemref_BJD-TDB,0.0
sy_gaiamag pl_tsystemref_BJD-UTC,-0.0
sy_gaiamag pl_tsystemref_HJD,0.0
sy_gaiamag pl_tsystemref_JD,-0.0
st_rad^2,0.0
st_rad sy_bmag,0.0
st_rad sy_dist,0.0
st_rad st_teff,0.0
st_rad sy_w2mag,0.0
st_rad sy_w1mag,0.0
st_rad sy_w3mag,0.0
st_rad sy_w4mag,0.0
st_rad sy_plx,0.0
st_rad st_logg,0.0
st_rad st_mass,0.0
st_rad soltype_Kepler Project Candidate (q1_q17_dr25_koi),-0.0
st_rad soltype_Published Confirmed,0.0
st_rad pl_tsystemref_BJD,0.0
st_rad pl_tsystemref_BJD-TDB,0.0
st_rad pl_tsystemref_BJD-UTC,0.0
st_rad pl_tsystemref_HJD,0.0
st_rad pl_tsystemref_JD,-0.0
sy_bmag^2,0.0
sy_bmag sy_dist,0.0
sy_bmag st_teff,0.0
sy_bmag sy_w2mag,0.0
sy_bmag sy_w1mag,0.0
sy_bmag sy_w3mag,0.0
sy_bmag sy_w4mag,0.0
sy_bmag sy_plx,-0.0
sy_bmag st_logg,0.0
sy_bmag st_mass,0.0
sy_bmag soltype_Kepler Project Candidate (q1_q17_dr25_koi),-0.0
sy_bmag soltype_Published Confirmed,0.0
sy_bmag pl_tsystemref_BJD,0.0
sy_bmag pl_tsystemref_BJD-TDB,0.0
sy_bmag pl_tsystemref_BJD-UTC,-0.0
sy_bmag pl_tsystemref_HJD,0.0
sy_bmag pl_tsystemref_JD,-0.0
sy_dist^2,0.0
sy_dist st_teff,0.0
sy_dist sy_w2mag,0.0
sy_dist sy_w1mag,0.0
sy_dist sy_w3mag,0.0
sy_dist sy_w4mag,0.0
sy_dist sy_plx,-0.0
sy_dist st_logg,0.0
sy_dist st_mass,0.0
sy_dist soltype_Kepler Project Candidate (q1_q17_dr25_koi),-0.0
sy_dist soltype_Published Confirmed,0.0
sy_dist pl_tsystemref_BJD,0.0
sy_dist pl_tsystemref_BJD-TDB,0.0
sy_dist pl_tsystemref_BJD-UTC,0.0
sy_dist pl_tsystemref_HJD,0.0
sy_dist pl_tsystemref_JD,-0.0
st_teff^2,0.0
st_teff sy_w2mag,0.0
st_teff sy_w1mag,0.0
st_teff sy_w3mag,0.0
st_teff sy_w4mag,-0.0
st_teff sy_plx,-0.0
st_teff st_logg,-0.0
st_teff st_mass,0.0
st_teff soltype_Kepler Project Candidate (q1_q17_dr25_koi),-0.0
st_teff soltype_Published Confirmed,0.0
st_teff pl_tsystemref_BJD,0.0
st_teff pl_tsystemref_BJD-TDB,0.0
st_teff pl_tsystemref_BJD-UTC,0.0
st_teff pl_tsystemref_HJD,0.0
st_teff pl_tsystemref_JD,-0.0
sy_w2mag^2,0.0
sy_w2mag sy_w1mag,0.0
sy_w2mag sy_w3mag,0.0
sy_w2mag sy_w4mag,0.0
sy_w2mag sy_plx,-0.0
sy_w2mag st_logg,0.0
sy_w2mag st_mass,0.0
sy_w2mag soltype_Kepler Project Candidate (q1_q17_dr25_koi),-0.0
sy_w2mag soltype_Published Confirmed,0.0
sy_w2mag pl_tsystemref_BJD,0.0
sy_w2mag pl_tsystemref_BJD-TDB,0.0
sy_w2mag pl_tsystemref_BJD-UTC,-0.0
sy_w2mag pl_tsystemref_HJD,0.0
sy_w2mag pl_tsystemref_JD,-0.0
sy_w1mag^2,0.0
sy_w1mag sy_w3mag,0.0
sy_w1mag sy_w4mag,0.0
sy_w1mag sy_plx,-0.0
sy_w1mag st_logg,0.0
sy_w1mag st_mass,0.0
sy_w1mag soltype_Kepler Project Candidate (q1_q17_dr25_koi),-0.0
sy_w1mag soltype_Published Confirmed,0.0
sy_w1mag pl_tsystemref_BJD,0.0
sy_w1mag pl_tsystemref_BJD-TDB,0.0
sy_w1mag pl_tsystemref_BJD-UTC,-0.0
sy_w1mag pl_tsystemref_HJD,0.0
sy_w1mag pl_tsystemref_JD,-0.0
sy_w3mag^2,0.0
sy_w3mag sy_w4mag,-0.0
sy_w3mag sy_plx,-0.0
sy_w3mag st_logg,-0.0
sy_w3mag st_mass,0.0
sy_w3mag soltype_Kepler Project Candidate (q1_q17_dr25_koi),-0.0
sy_w3mag soltype_Published Confirmed,0.0
sy_w3mag pl_tsystemref_BJD,0.0
sy_w3mag pl_tsystemref_BJD-TDB,0.0
sy_w3mag pl_tsystemref_BJD-UTC,-0.0
sy_w3mag pl_tsystemref_HJD,0.0
sy_w3mag pl_tsystemref_JD,-0.0
sy_w4mag^2,-0.0
sy_w4mag sy_plx,-0.0
sy_w4mag st_logg,-0.0
sy_w4mag st_mass,0.0
sy_w4mag soltype_Kepler Project Candidate (q1_q17_dr25_koi),-0.0
sy_w4mag soltype_Published Confirmed,0.0
sy_w4mag pl_tsystemref_BJD,0.0
sy_w4mag pl_tsystemref_BJD-TDB,0.0
sy_w4mag pl_tsystemref_BJD-UTC,-0.0
sy_w4mag pl_tsystemref_HJD,0.0
sy_w4mag pl_tsystemref_JD,-0.0
sy_plx^2,-0.0
sy_plx st_logg,-0.0
sy_plx st_mass,0.0
sy_plx soltype_Kepler Project Candidate (q1_q17_dr25_koi),-0.0
sy_plx soltype_Published Confirmed,-0.0
sy_plx pl_tsystemref_BJD,-0.0
sy_plx pl_tsystemref_BJD-TDB,-0.0
sy_plx pl_tsystemref_BJD-UTC,-0.0
sy_plx pl_tsystemref_HJD,0.0
sy_plx pl_tsystemref_JD,-0.0
st_logg^2,-0.0
st_logg st_mass,0.0
st_logg soltype_Kepler Project Candidate (q1_q17_dr25_koi),-0.0
st_logg soltype_Published Confirmed,0.0
st_logg pl_tsystemref_BJD,0.0
st_logg pl_tsystemref_BJD-TDB,0.0
st_logg pl_tsystemref_BJD-UTC,-0.0
st_logg pl_tsystemref_HJD,0.0
st_logg pl_tsystemref_JD,-0.0
st_mass^2,0.0
st_mass soltype_Kepler Project Candidate (q1_q17_dr25_koi),-0.0
st_mass soltype_Published Confirmed,0.0
st_mass pl_tsystemref_BJD,0.0
st_mass pl_tsystemref_BJD-TDB,0.0
st_mass pl_tsystemref_BJD-UTC,0.0
st_mass pl_tsystemref_HJD,0.0
st_mass pl_tsystemref_JD,-0.0
soltype_Kepler Project Candidate (q1_q17_dr25_koi)^2,-0.0
soltype_Kepler Project Candidate (q1_q17_dr25_koi) soltype_Published Confirmed,0.0
soltype_Kepler Project Candidate (q1_q17_dr25_koi) pl_tsystemref_BJD,-0.0
soltype_Kepler Project Candidate (q1_q17_dr25_koi) pl_tsystemref_BJD-TDB,0.0
soltype_Kepler Project Candidate (q1_q17_dr25_koi) pl_tsystemref_BJD-UTC,0.0
soltype_Kepler Project Candidate (q1_q17_dr25_koi) pl_tsystemref_HJD,0.0
soltype_Kepler Project Candidate (q1_q17_dr25_koi) pl_tsystemref_JD,0.0
soltype_Published Confirmed^2,0.0
soltype_Published Confirmed pl_tsystemref_BJD,0.0
soltype_Published Confirmed pl_tsystemref_BJD-TDB,0.0
soltype_Published Confirmed pl_tsystemref_BJD-UTC,-0.0
soltype_Published Confirmed pl_tsystemref_HJD,0.0
soltype_Published Confirmed pl_tsystemref_JD,-0.0
pl_tsystemref_BJD^2,0.0
pl_tsystemref_BJD pl_tsystemref_BJD-TDB,0.0
pl_tsystemref_BJD pl_tsystemref_BJD-UTC,0.0
pl_tsystemref_BJD pl_tsystemref_HJD,0.0
pl_tsystemref_BJD pl_tsystemref_JD,0.0
pl_tsystemref_BJD-TDB^2,0.0
pl_tsystemref_BJD-TDB pl_tsystemref_BJD-UTC,0.0
pl_tsystemref_BJD-TDB pl_tsystemref_HJD,0.0
pl_tsystemref_BJD-TDB pl_tsystemref_JD,0.0
pl_tsystemref_BJD-UTC^2,-0.0
pl_tsystemref_BJD-UTC pl_tsystemref_HJD,0.0
pl_tsystemref_BJD-UTC pl_tsystemref_JD,0.0
pl_tsystemref_HJD^2,0.0
pl_tsystemref_HJD pl_tsystemref_JD,0.0
pl_tsystemref_JD^2,-0.0
release_month^3,0.0
release_month^2 sy_snum,0.0
release_month^2 sy_pnum,-0.0
release_month^2 cb_flag,0.0
release_month^2 ttv_flag,0.0
release_month^2 pl_nnotes,0.0
release_month^2 elon,0.0
release_month^2 elat,0.0
release_month^2 glon,0.0
release_month^2 glat,-0.0
release_month^2 dec,0.0
release_month^2 ra,0.0
release_month^2 st_nspec,0.0
release_month^2 pl_nespec,0.0
release_month^2 pl_ntranspec,0.0
release_month^2 pl_ndispec,0.0
release_month^2 release_year,0.0
release_month^2 st_nphot,0.0
release_month^2 st_nrvc,0.0
release_month^2 pl_controv_flag,-0.0
release_month^2 disc_year,0.0
release_month^2 sy_tmag,0.0
release_month^2 sy_kmag,0.0
release_month^2 sy_jmag,0.0
release_month^2 sy_hmag,0.0
release_month^2 sy_vmag,0.0
release_month^2 sy_pm,0.0
release_month^2 sy_pmdec,-0.0
release_month^2 sy_pmra,-0.0
release_month^2 pl_orbper,0.0
release_month^2 sy_gaiamag,0.0
release_month^2 st_rad,0.0
release_month^2 sy_bmag,0.0
release_month^2 sy_dist,0.00516504148179628
release_month^2 st_teff,0.0
release_month^2 sy_w2mag,0.0
release_month^2 sy_w1mag,0.0
release_month^2 sy_w3mag,0.0
release_month^2 sy_w4mag,0.0
release_month^2 sy_plx,-0.0
release_month^2 st_logg,0.0
release_month^2 st_mass,0.013796136721597957
release_month^2 soltype_Kepler Project Candidate (q1_q17_dr25_koi),-0.0
release_month^2 soltype_Published Confirmed,0.0
release_month^2 pl_tsystemref_BJD,0.0
release_month^2 pl_tsystemref_BJD-TDB,0.0
release_month^2 pl_tsystemref_BJD-UTC,0.0
release_month^2 pl_tsystemref_HJD,0.0
release_month^2 pl_tsystemref_JD,-0.0
release_month sy_snum^2,0.0
release_month sy_snum sy_pnum,-0.0
release_month sy_snum cb_flag,0.0
release_month sy_snum ttv_flag,0.0
release_month sy_snum pl_nnotes,0.0
release_month sy_snum elon,0.0
release_month sy_snum elat,-0.0
release_month sy_snum glon,0.0
release_month sy_snum glat,-0.0
release_month sy_snum dec,-0.0
release_month sy_snum ra,0.0
release_month sy_snum st_nspec,0.0
release_month sy_snum pl_nespec,0.0
release_month sy_snum pl_ntranspec,0.0
release_month sy_snum pl_ndispec,0.0
release_month sy_snum release_year,0.0
release_month sy_snum st_nphot,0.0
release_month sy_snum st_nrvc,0.0
release_month sy_snum pl_controv_flag,-0.0
release_month sy_snum disc_year,0.0
release_month sy_snum sy_tmag,0.0
release_month sy_snum sy_kmag,0.0
release_month sy_snum sy_jmag,0.0
release_month sy_snum sy_hmag,0.0
release_month sy_snum sy_vmag,0.0
release_month sy_snum sy_pm,0.0
release_month sy_snum sy_pmdec,-0.0
release_month sy_snum sy_pmra,-0.0
release_month sy_snum pl_orbper,0.0
release_month sy_snum sy_gaiamag,0.0
release_month sy_snum st_rad,0.0
release_month sy_snum sy_bmag,0.0
release_month sy_snum sy_dist,0.0
release_month sy_snum st_teff,0.0
release_month sy_snum sy_w2mag,0.0
release_month sy_snum sy_w1mag,0.0
release_month sy_snum sy_w3mag,0.0
release_month sy_snum sy_w4mag,0.0
release_month sy_snum sy_plx,-0.0
release_month sy_snum st_logg,0.0
release_month sy_snum st_mass,0.0
release_month sy_snum soltype_Kepler Project Candidate (q1_q17_dr25_koi),-0.0
release_month sy_snum soltype_Published Confirmed,0.0
release_month sy_snum pl_tsystemref_BJD,0.0
release_month sy_snum pl_tsystemref_BJD-TDB,0.0
release_month sy_snum pl_tsystemref_BJD-UTC,0.0
release_month sy_snum pl_tsystemref_HJD,0.0
release_month sy_snum pl_tsystemref_JD,-0.0
release_month sy_pnum^2,-0.0
release_month sy_pnum cb_flag,0.0
release_month sy_pnum ttv_flag,0.0
release_month sy_pnum pl_nnotes,-0.0
release_month sy_pnum elon,-0.0
release_month sy_pnum elat,-0.0
release_month sy_pnum glon,-0.0
release_month sy_pnum glat,-0.0
release_month sy_pnum dec,-0.0
release_month sy_pnum ra,-0.0
release_month sy_pnum st_nspec,0.0
release_month sy_pnum pl_nespec,0.0
release_month sy_pnum pl_ntranspec,0.0
release_month sy_pnum pl_ndispec,0.0
release_month sy_pnum release_year,-0.0
release_month sy_pnum st_nphot,0.0
release_month sy_pnum st_nrvc,0.0
release_month sy_pnum pl_controv_flag,-0.0
release_month sy_pnum disc_year,-0.0
release_month sy_pnum sy_tmag,-0.0
release_month sy_pnum sy_kmag,-0.0
release_month sy_pnum sy_jmag,-0.0
release_month sy_pnum sy_hmag,-0.0
release_month sy_pnum sy_vmag,-0.0
release_month sy_pnum sy_pm,-0.0
release_month sy_pnum sy_pmdec,-0.0
release_month sy_pnum sy_pmra,-0.0
release_month sy_pnum pl_orbper,0.0
release_month sy_pnum sy_gaiamag,-0.0
release_month sy_pnum st_rad,-0.0
release_month sy_pnum sy_bmag,-0.0
release_month sy_pnum sy_dist,-0.0
release_month sy_pnum st_teff,-0.0
release_month sy_pnum sy_w2mag,-0.0
release_month sy_pnum sy_w1mag,-0.0
release_month sy_pnum sy_w3mag,-0.0
release_month sy_pnum sy_w4mag,-0.012128668026710442
release_month sy_pnum sy_plx,-0.0
release_month sy_pnum st_logg,-0.0
release_month sy_pnum st_mass,-0.0
release_month sy_pnum soltype_Kepler Project Candidate (q1_q17_dr25_koi),-0.0
release_month sy_pnum soltype_Published Confirmed,-0.0
release_month sy_pnum pl_tsystemref_BJD,-0.0
release_month sy_pnum pl_tsystemref_BJD-TDB,-0.0
release_month sy_pnum pl_tsystemref_BJD-UTC,0.0
release_month sy_pnum pl_tsystemref_HJD,0.0
release_month sy_pnum pl_tsystemref_JD,0.0
release_month cb_flag^2,0.0
release_month cb_flag ttv_flag,0.0
release_month cb_flag pl_nnotes,0.0
release_month cb_flag elon,0.0
release_month cb_flag elat,0.0
release_month cb_flag glon,0.0
release_month cb_flag glat,0.0
release_month cb_flag dec,0.0
release_month cb_flag ra,0.0
release_month cb_flag st_nspec,0.0
release_month cb_flag pl_nespec,0.0
release_month cb_flag pl_ntranspec,0.0
release_month cb_flag pl_ndispec,0.0
release_month cb_flag release_year,0.0
release_month cb_flag st_nphot,0.0
release_month cb_flag st_nrvc,0.0
release_month cb_flag pl_controv_flag,0.0
release_month cb_flag disc_year,0.0
release_month cb_flag sy_tmag,0.0
release_month cb_flag sy_kmag,0.0
release_month cb_flag sy_jmag,0.0
release_month cb_flag sy_hmag,0.0
release_month cb_flag sy_vmag,0.0
release_month cb_flag sy_pm,0.0
release_month cb_flag sy_pmdec,-0.0
release_month cb_flag sy_pmra,0.0
release_month cb_flag pl_orbper,0.0
release_month cb_flag sy_gaiamag,0.0
release_month cb_flag st_rad,0.0
release_month cb_flag sy_bmag,0.0
release_month cb_flag sy_dist,0.0
release_month cb_flag st_teff,0.0
release_month cb_flag sy_w2mag,0.0
release_month cb_flag sy_w1mag,0.0
release_month cb_flag sy_w3mag,0.0
release_month cb_flag sy_w4mag,0.0
release_month cb_flag sy_plx,0.0
release_month cb_flag st_logg,0.0
release_month cb_flag st_mass,0.0
release_month cb_flag soltype_Kepler Project Candidate (q1_q17_dr25_koi),0.0
release_month cb_flag soltype_Published Confirmed,0.0
release_month cb_flag pl_tsystemref_BJD,0.0
release_month cb_flag pl_tsystemref_BJD-TDB,-0.0
release_month cb_flag pl_tsystemref_BJD-UTC,0.0
release_month cb_flag pl_tsystemref_HJD,0.0
release_month cb_flag pl_tsystemref_JD,0.0
release_month ttv_flag^2,0.0
release_month ttv_flag pl_nnotes,0.0
release_month ttv_flag elon,0.0
release_month ttv_flag elat,0.0
release_month ttv_flag glon,0.0
release_month ttv_flag glat,0.0
release_month ttv_flag dec,0.0
release_month ttv_flag ra,0.0
release_month ttv_flag st_nspec,0.0
release_month ttv_flag pl_nespec,0.0
release_month ttv_flag pl_ntranspec,0.0
release_month ttv_flag pl_ndispec,0.0
release_month ttv_flag release_year,0.0
release_month ttv_flag st_nphot,-0.0
release_month ttv_flag st_nrvc,-0.0
release_month ttv_flag pl_controv_flag,-0.0
release_month ttv_flag disc_year,0.0
release_month ttv_flag sy_tmag,0.0
release_month ttv_flag sy_kmag,0.0
release_month ttv_flag sy_jmag,0.0
release_month ttv_flag sy_hmag,0.0
release_month ttv_flag sy_vmag,0.0
release_month ttv_flag sy_pm,0.0
release_month ttv_flag sy_pmdec,-0.0
release_month ttv_flag sy_pmra,-0.0
release_month ttv_flag pl_orbper,0.0
release_month ttv_flag sy_gaiamag,0.0
release_month ttv_flag st_rad,0.0
release_month ttv_flag sy_bmag,0.0
release_month ttv_flag sy_dist,0.0
release_month ttv_flag st_teff,0.0
release_month ttv_flag sy_w2mag,0.0
release_month ttv_flag sy_w1mag,0.0
release_month ttv_flag sy_w3mag,0.0
release_month ttv_flag sy_w4mag,0.0
release_month ttv_flag sy_plx,0.0
release_month ttv_flag st_logg,0.0
release_month ttv_flag st_mass,0.0
release_month ttv_flag soltype_Kepler Project Candidate (q1_q17_dr25_koi),0.0
release_month ttv_flag soltype_Published Confirmed,0.0
release_month ttv_flag pl_tsystemref_BJD,-0.0
release_month ttv_flag pl_tsystemref_BJD-TDB,0.0
release_month ttv_flag pl_tsystemref_BJD-UTC,0.002383243615014389
release_month ttv_flag pl_tsystemref_HJD,0.0
release_month ttv_flag pl_tsystemref_JD,0.0
release_month pl_nnotes^2,0.0
release_month pl_nnotes elon,0.0
release_month pl_nnotes elat,0.0
release_month pl_nnotes glon,0.0
release_month pl_nnotes glat,-0.0
release_month pl_nnotes dec,-0.0
release_month pl_nnotes ra,0.0
release_month pl_nnotes st_nspec,0.0
release_month pl_nnotes pl_nespec,0.0
release_month pl_nnotes pl_ntranspec,0.0
release_month pl_nnotes pl_ndispec,0.0
release_month pl_nnotes release_year,0.0
release_month pl_nnotes st_nphot,0.0
release_month pl_nnotes st_nrvc,0.0
release_month pl_nnotes pl_controv_flag,-0.0
release_month pl_nnotes disc_year,0.0
release_month pl_nnotes sy_tmag,0.0
release_month pl_nnotes sy_kmag,0.0
release_month pl_nnotes sy_jmag,0.0
release_month pl_nnotes sy_hmag,0.0
release_month pl_nnotes sy_vmag,0.0
release_month pl_nnotes sy_pm,0.0
release_month pl_nnotes sy_pmdec,-0.0
release_month pl_nnotes sy_pmra,-0.0
release_month pl_nnotes pl_orbper,0.0
release_month pl_nnotes sy_gaiamag,0.0
release_month pl_nnotes st_rad,0.0
release_month pl_nnotes sy_bmag,0.0
release_month pl_nnotes sy_dist,0.0
release_month pl_nnotes st_teff,0.0
release_month pl_nnotes sy_w2mag,0.0
release_month pl_nnotes sy_w1mag,0.0
release_month pl_nnotes sy_w3mag,0.0
release_month pl_nnotes sy_w4mag,0.0
release_month pl_nnotes sy_plx,-0.0
release_month pl_nnotes st_logg,0.0
release_month pl_nnotes st_mass,0.0
release_month pl_nnotes soltype_Kepler Project Candidate (q1_q17_dr25_koi),0.0
release_month pl_nnotes soltype_Published Confirmed,0.0
release_month pl_nnotes pl_tsystemref_BJD,0.0
release_month pl_nnotes pl_tsystemref_BJD-TDB,-0.0
release_month pl_nnotes pl_tsystemref_BJD-UTC,0.0
release_month pl_nnotes pl_tsystemref_HJD,0.0
release_month pl_nnotes pl_tsystemref_JD,-0.0
release_month elon^2,0.0
release_month elon elat,-0.0
release_month elon glon,-0.0
release_month elon glat,-0.0
release_month elon dec,-0.0
release_month elon ra,0.0
release_month elon st_nspec,0.0
release_month elon pl_nespec,0.0
release_month elon pl_ntranspec,0.0
release_month elon pl_ndispec,0.0
release_month elon release_year,0.0
release_month elon st_nphot,0.0
release_month elon st_nrvc,0.0
release_month elon pl_controv_flag,-0.0
release_month elon disc_year,0.0
release_month elon sy_tmag,0.0
release_month elon sy_kmag,0.0
release_month elon sy_jmag,0.0
release_month elon sy_hmag,0.0
release_month elon sy_vmag,0.0
release_month elon sy_pm,0.0
release_month elon sy_pmdec,-0.0
release_month elon sy_pmra,-0.0
release_month elon pl_orbper,0.0
release_month elon sy_gaiamag,0.0
release_month elon st_rad,0.0
release_month elon sy_bmag,0.0
release_month elon sy_dist,0.0
release_month elon st_teff,0.0
release_month elon sy_w2mag,0.0
release_month elon sy_w1mag,0.0
release_month elon sy_w3mag,0.0
release_month elon sy_w4mag,0.0
release_month elon sy_plx,-0.0
release_month elon st_logg,0.0
release_month elon st_mass,0.0
release_month elon soltype_Kepler Project Candidate (q1_q17_dr25_koi),-0.0
release_month elon soltype_Published Confirmed,0.0
release_month elon pl_tsystemref_BJD,0.0
release_month elon pl_tsystemref_BJD-TDB,0.0
release_month elon pl_tsystemref_BJD-UTC,0.0
release_month elon pl_tsystemref_HJD,0.0
release_month elon pl_tsystemref_JD,-0.0
release_month elat^2,-0.0
release_month elat glon,-0.0
release_month elat glat,-0.0
release_month elat dec,-0.0
release_month elat ra,-0.0
release_month elat st_nspec,0.0
release_month elat pl_nespec,0.0
release_month elat pl_ntranspec,0.0
release_month elat pl_ndispec,0.0
release_month elat release_year,-0.0
release_month elat st_nphot,0.0
release_month elat st_nrvc,0.0
release_month elat pl_controv_flag,-0.0
release_month elat disc_year,-0.0
release_month elat sy_tmag,0.0
release_month elat sy_kmag,0.0
release_month elat sy_jmag,0.0
release_month elat sy_hmag,0.0
release_month elat sy_vmag,0.0
release_month elat sy_pm,-0.0
release_month elat sy_pmdec,-0.0
release_month elat sy_pmra,-0.0
release_month elat pl_orbper,0.003807322019046818
release_month elat sy_gaiamag,0.0
release_month elat st_rad,-0.0
release_month elat sy_bmag,0.0
release_month elat sy_dist,0.0
release_month elat st_teff,-0.0
release_month elat sy_w2mag,0.0
release_month elat sy_w1mag,0.0
release_month elat sy_w3mag,-0.0
release_month elat sy_w4mag,-0.0
release_month elat sy_plx,-0.0
release_month elat st_logg,-0.0
release_month elat st_mass,-0.0
release_month elat soltype_Kepler Project Candidate (q1_q17_dr25_koi),-0.0
release_month elat soltype_Published Confirmed,-0.0
release_month elat pl_tsystemref_BJD,0.0
release_month elat pl_tsystemref_BJD-TDB,-0.0
release_month elat pl_tsystemref_BJD-UTC,0.0
release_month elat pl_tsystemref_HJD,0.0
release_month elat pl_tsystemref_JD,-0.0
release_month glon^2,0.0
release_month glon glat,-0.0
release_month glon dec,0.0
release_month glon ra,-0.0
release_month glon st_nspec,0.0
release_month glon pl_nespec,0.0
release_month glon pl_ntranspec,0.0
release_month glon pl_ndispec,0.0
release_month glon release_year,0.0
release_month glon st_nphot,0.0
release_month glon st_nrvc,0.0
release_month glon pl_controv_flag,-0.0
release_month glon disc_year,0.0
release_month glon sy_tmag,0.0
release_month glon sy_kmag,0.0
release_month glon sy_jmag,0.0
release_month glon sy_hmag,0.0
release_month glon sy_vmag,-0.0
release_month glon sy_pm,-0.0
release_month glon sy_pmdec,-0.0
release_month glon sy_pmra,-0.0
release_month glon pl_orbper,0.0
release_month glon sy_gaiamag,0.0
release_month glon st_rad,0.0
release_month glon sy_bmag,-0.0
release_month glon sy_dist,0.0
release_month glon st_teff,0.0
release_month glon sy_w2mag,0.0
release_month glon sy_w1mag,0.0
release_month glon sy_w3mag,-0.0
release_month glon sy_w4mag,-0.0
release_month glon sy_plx,-0.0
release_month glon st_logg,-0.0
release_month glon st_mass,0.0
release_month glon soltype_Kepler Project Candidate (q1_q17_dr25_koi),-0.0
release_month glon soltype_Published Confirmed,0.0
release_month glon pl_tsystemref_BJD,-0.0
release_month glon pl_tsystemref_BJD-TDB,0.0
release_month glon pl_tsystemref_BJD-UTC,0.0
release_month glon pl_tsystemref_HJD,0.0
release_month glon pl_tsystemref_JD,-0.0
release_month glat^2,-0.0
release_month glat dec,0.0
release_month glat ra,-0.0
release_month glat st_nspec,0.0
release_month glat pl_nespec,0.0
release_month glat pl_ntranspec,0.0
release_month glat pl_ndispec,0.0
release_month glat release_year,-0.0
release_month glat st_nphot,0.0
release_month glat st_nrvc,0.0
release_month glat pl_controv_flag,-0.0
release_month glat disc_year,-0.0
release_month glat sy_tmag,-0.0
release_month glat sy_kmag,-0.0
release_month glat sy_jmag,-0.0
release_month glat sy_hmag,-0.0
release_month glat sy_vmag,-0.0
release_month glat sy_pm,-0.0
release_month glat sy_pmdec,-0.0
release_month glat sy_pmra,-0.0
release_month glat pl_orbper,0.0
release_month glat sy_gaiamag,-0.0
release_month glat st_rad,-0.0
release_month glat sy_bmag,-0.0
release_month glat sy_dist,-0.0
release_month glat st_teff,-0.0
release_month glat sy_w2mag,-0.0
release_month glat sy_w1mag,-0.0
release_month glat sy_w3mag,-0.0
release_month glat sy_w4mag,-0.0
release_month glat sy_plx,-0.0
release_month glat st_logg,-0.0
release_month glat st_mass,-0.0
release_month glat soltype_Kepler Project Candidate (q1_q17_dr25_koi),-0.0
release_month glat soltype_Published Confirmed,-0.0
release_month glat pl_tsystemref_BJD,-0.0
release_month glat pl_tsystemref_BJD-TDB,0.0
release_month glat pl_tsystemref_BJD-UTC,0.0
release_month glat pl_tsystemref_HJD,0.0
release_month glat pl_tsystemref_JD,-0.002392583632106119
release_month dec^2,-0.0
release_month dec ra,-0.0
release_month dec st_nspec,0.0
release_month dec pl_nespec,0.0
release_month dec pl_ntranspec,0.0
release_month dec pl_ndispec,0.0
release_month dec release_year,-0.0
release_month dec st_nphot,0.0
release_month dec st_nrvc,0.0
release_month dec pl_controv_flag,-0.0
release_month dec disc_year,-0.0
release_month dec sy_tmag,0.0
release_month dec sy_kmag,0.0
release_month dec sy_jmag,0.0
release_month dec sy_hmag,0.0
release_month dec sy_vmag,0.0
release_month dec sy_pm,-0.0
release_month dec sy_pmdec,-0.0
release_month dec sy_pmra,-0.0
release_month dec pl_orbper,0.0
release_month dec sy_gaiamag,0.0
release_month dec st_rad,-0.0
release_month dec sy_bmag,0.0
release_month dec sy_dist,0.0
release_month dec st_teff,-0.0
release_month dec sy_w2mag,0.0
release_month dec sy_w1mag,0.0
release_month dec sy_w3mag,-0.0
release_month dec sy_w4mag,-0.0
release_month dec sy_plx,-0.0
release_month dec st_logg,-0.0
release_month dec st_mass,-0.0
release_month dec soltype_Kepler Project Candidate (q1_q17_dr25_koi),-0.0
release_month dec soltype_Published Confirmed,-0.0
release_month dec pl_tsystemref_BJD,0.0
release_month dec pl_tsystemref_BJD-TDB,0.0
release_month dec pl_tsystemref_BJD-UTC,0.0
release_month dec pl_tsystemref_HJD,0.0
release_month dec pl_tsystemref_JD,-0.0
release_month ra^2,0.0
release_month ra st_nspec,0.0
release_month ra pl_nespec,0.0
release_month ra pl_ntranspec,0.0
release_month ra pl_ndispec,0.0
release_month ra release_year,0.0
release_month ra st_nphot,0.0
release_month ra st_nrvc,0.0
release_month ra pl_controv_flag,-0.0
release_month ra disc_year,0.0
release_month ra sy_tmag,0.0
release_month ra sy_kmag,0.0
release_month ra sy_jmag,0.0
release_month ra sy_hmag,0.0
release_month ra sy_vmag,0.0
release_month ra sy_pm,0.0
release_month ra sy_pmdec,-0.0
release_month ra sy_pmra,-0.0
release_month ra pl_orbper,0.0
release_month ra sy_gaiamag,0.0
release_month ra st_rad,0.0
release_month ra sy_bmag,0.0
release_month ra sy_dist,0.0
release_month ra st_teff,0.0
release_month ra sy_w2mag,0.0
release_month ra sy_w1mag,0.0
release_month ra sy_w3mag,0.0
release_month ra sy_w4mag,0.0
release_month ra sy_plx,-0.0
release_month ra st_logg,0.0
release_month ra st_mass,0.0
release_month ra soltype_Kepler Project Candidate (q1_q17_dr25_koi),-0.0
release_month ra soltype_Published Confirmed,0.0
release_month ra pl_tsystemref_BJD,0.0
release_month ra pl_tsystemref_BJD-TDB,0.0
release_month ra pl_tsystemref_BJD-UTC,0.0
release_month ra pl_tsystemref_HJD,0.0
release_month ra pl_tsystemref_JD,-0.0
release_month st_nspec^2,0.0
release_month st_nspec pl_nespec,0.0
release_month st_nspec pl_ntranspec,0.0
release_month st_nspec pl_ndispec,0.0
release_month st_nspec release_year,0.0
release_month st_nspec st_nphot,0.0
release_month st_nspec st_nrvc,0.0
release_month st_nspec pl_controv_flag,0.0
release_month st_nspec disc_year,0.0
release_month st_nspec sy_tmag,0.0
release_month st_nspec sy_kmag,0.0
release_month st_nspec sy_jmag,0.0
release_month st_nspec sy_hmag,0.0
release_month st_nspec sy_vmag,0.0
release_month st_nspec sy_pm,0.0
release_month st_nspec sy_pmdec,-0.0
release_month st_nspec sy_pmra,0.0
release_month st_nspec pl_orbper,0.0
release_month st_nspec sy_gaiamag,0.0
release_month st_nspec st_rad,0.0
release_month st_nspec sy_bmag,0.0
release_month st_nspec sy_dist,0.0
release_month st_nspec st_teff,0.0
release_month st_nspec sy_w2mag,0.0
release_month st_nspec sy_w1mag,0.0
release_month st_nspec sy_w3mag,0.0
release_month st_nspec sy_w4mag,0.0
release_month st_nspec sy_plx,0.0
release_month st_nspec st_logg,0.0
release_month st_nspec st_mass,0.0
release_month st_nspec soltype_Kepler Project Candidate (q1_q17_dr25_koi),0.0
release_month st_nspec soltype_Published Confirmed,0.0
release_month st_nspec pl_tsystemref_BJD,0.0
release_month st_nspec pl_tsystemref_BJD-TDB,0.0
release_month st_nspec pl_tsystemref_BJD-UTC,0.0
release_month st_nspec pl_tsystemref_HJD,0.0
release_month st_nspec pl_tsystemref_JD,0.0
release_month pl_nespec^2,0.0
release_month pl_nespec pl_ntranspec,0.0
release_month pl_nespec pl_ndispec,0.0
release_month pl_nespec release_year,0.0
release_month pl_nespec st_nphot,0.0
release_month pl_nespec st_nrvc,0.0
release_month pl_nespec pl_controv_flag,0.0
release_month pl_nespec disc_year,0.0
release_month pl_nespec sy_tmag,0.0
release_month pl_nespec sy_kmag,0.0
release_month pl_nespec sy_jmag,0.0
release_month pl_nespec sy_hmag,0.0
release_month pl_nespec sy_vmag,0.0
release_month pl_nespec sy_pm,0.0
release_month pl_nespec sy_pmdec,0.0
release_month pl_nespec sy_pmra,0.0
release_month pl_nespec pl_orbper,0.0
release_month pl_nespec sy_gaiamag,0.0
release_month pl_nespec st_rad,0.0
release_month pl_nespec sy_bmag,0.0
release_month pl_nespec sy_dist,0.0
release_month pl_nespec st_teff,0.0
release_month pl_nespec sy_w2mag,0.0
release_month pl_nespec sy_w1mag,0.0
release_month pl_nespec sy_w3mag,0.0
release_month pl_nespec sy_w4mag,0.0
release_month pl_nespec sy_plx,0.0
release_month pl_nespec st_logg,0.0
release_month pl_nespec st_mass,0.0
release_month pl_nespec soltype_Kepler Project Candidate (q1_q17_dr25_koi),0.0
release_month pl_nespec soltype_Published Confirmed,0.0
release_month pl_nespec pl_tsystemref_BJD,0.0
release_month pl_nespec pl_tsystemref_BJD-TDB,0.0
release_month pl_nespec pl_tsystemref_BJD-UTC,0.0
release_month pl_nespec pl_tsystemref_HJD,0.0
release_month pl_nespec pl_tsystemref_JD,0.0
release_month pl_ntranspec^2,0.0
release_month pl_ntranspec pl_ndispec,0.0
release_month pl_ntranspec release_year,0.0
release_month pl_ntranspec st_nphot,0.0
release_month pl_ntranspec st_nrvc,-0.0
release_month pl_ntranspec pl_controv_flag,0.0
release_month pl_ntranspec disc_year,0.0
release_month pl_ntranspec sy_tmag,0.0
release_month pl_ntranspec sy_kmag,0.0
release_month pl_ntranspec sy_jmag,0.0
release_month pl_ntranspec sy_hmag,0.0
release_month pl_ntranspec sy_vmag,0.0
release_month pl_ntranspec sy_pm,0.0
release_month pl_ntranspec sy_pmdec,0.0
release_month pl_ntranspec sy_pmra,-0.0
release_month pl_ntranspec pl_orbper,0.0
release_month pl_ntranspec sy_gaiamag,0.0
release_month pl_ntranspec st_rad,0.0
release_month pl_ntranspec sy_bmag,0.0
release_month pl_ntranspec sy_dist,0.0
release_month pl_ntranspec st_teff,0.0
release_month pl_ntranspec sy_w2mag,0.0
release_month pl_ntranspec sy_w1mag,0.0
release_month pl_ntranspec sy_w3mag,0.0
release_month pl_ntranspec sy_w4mag,0.0
release_month pl_ntranspec sy_plx,0.0
release_month pl_ntranspec st_logg,0.0
release_month pl_ntranspec st_mass,0.0
release_month pl_ntranspec soltype_Kepler Project Candidate (q1_q17_dr25_koi),0.0
release_month pl_ntranspec soltype_Published Confirmed,0.0
release_month pl_ntranspec pl_tsystemref_BJD,0.0
release_month pl_ntranspec pl_tsystemref_BJD-TDB,0.0
release_month pl_ntranspec pl_tsystemref_BJD-UTC,0.0
release_month pl_ntranspec pl_tsystemref_HJD,0.0
release_month pl_ntranspec pl_tsystemref_JD,0.0
release_month pl_ndispec^2,0.0
release_month pl_ndispec release_year,0.0
release_month pl_ndispec st_nphot,0.0
release_month pl_ndispec st_nrvc,0.0
release_month pl_ndispec pl_controv_flag,0.0
release_month pl_ndispec disc_year,0.0
release_month pl_ndispec sy_tmag,0.0
release_month pl_ndispec sy_kmag,0.0
release_month pl_ndispec sy_jmag,0.0
release_month pl_ndispec sy_hmag,0.0
release_month pl_ndispec sy_vmag,0.0
release_month pl_ndispec sy_pm,0.0
release_month pl_ndispec sy_pmdec,0.0
release_month pl_ndispec sy_pmra,0.0
release_month pl_ndispec pl_orbper,0.0
release_month pl_ndispec sy_gaiamag,0.0
release_month pl_ndispec st_rad,0.0
release_month pl_ndispec sy_bmag,0.0
release_month pl_ndispec sy_dist,0.0
release_month pl_ndispec st_teff,0.0
release_month pl_ndispec sy_w2mag,0.0
release_month pl_ndispec sy_w1mag,0.0
release_month pl_ndispec sy_w3mag,0.0
release_month pl_ndispec sy_w4mag,0.0
release_month pl_ndispec sy_plx,0.0
release_month pl_ndispec st_logg,0.0
release_month pl_ndispec st_mass,0.0
release_month pl_ndispec soltype_Kepler Project Candidate (q1_q17_dr25_koi),0.0
release_month pl_ndispec soltype_Published Confirmed,0.0
release_month pl_ndispec pl_tsystemref_BJD,0.0
release_month pl_ndispec pl_tsystemref_BJD-TDB,0.0
release_month pl_ndispec pl_tsystemref_BJD-UTC,0.0
release_month pl_ndispec pl_tsystemref_HJD,0.0
release_month pl_ndispec pl_tsystemref_JD,0.0
release_month release_year^2,0.0
release_month release_year st_nphot,0.0
release_month release_year st_nrvc,0.0
release_month release_year pl_controv_flag,-0.0
release_month release_year disc_year,0.0
release_month release_year sy_tmag,0.0
release_month release_year sy_kmag,0.0
release_month release_year sy_jmag,0.0
release_month release_year sy_hmag,0.0
release_month release_year sy_vmag,0.0
release_month release_year sy_pm,0.0
release_month release_year sy_pmdec,-0.0
release_month release_year sy_pmra,-0.0
release_month release_year pl_orbper,0.0
release_month release_year sy_gaiamag,0.0
release_month release_year st_rad,0.0
release_month release_year sy_bmag,0.0
release_month release_year sy_dist,0.0
release_month release_year st_teff,0.0
release_month release_year sy_w2mag,0.0
release_month release_year sy_w1mag,0.0
release_month release_year sy_w3mag,0.0
release_month release_year sy_w4mag,0.0
release_month release_year sy_plx,-0.0
release_month release_year st_logg,0.0
release_month release_year st_mass,0.0
release_month release_year soltype_Kepler Project Candidate (q1_q17_dr25_koi),-0.0
release_month release_year soltype_Published Confirmed,0.0
release_month release_year pl_tsystemref_BJD,0.0
release_month release_year pl_tsystemref_BJD-TDB,0.0
release_month release_year pl_tsystemref_BJD-UTC,0.0
release_month release_year pl_tsystemref_HJD,0.0
release_month release_year pl_tsystemref_JD,-0.0
release_month st_nphot^2,0.0
release_month st_nphot st_nrvc,0.0
release_month st_nphot pl_controv_flag,0.0
release_month st_nphot disc_year,0.0
release_month st_nphot sy_tmag,0.0
release_month st_nphot sy_kmag,0.0
release_month st_nphot sy_jmag,0.0
release_month st_nphot sy_hmag,0.0
release_month st_nphot sy_vmag,0.0
release_month st_nphot sy_pm,0.0
release_month st_nphot sy_pmdec,-0.0
release_month st_nphot sy_pmra,-0.0
release_month st_nphot pl_orbper,0.0
release_month st_nphot sy_gaiamag,0.0
release_month st_nphot st_rad,0.0
release_month st_nphot sy_bmag,0.0
release_month st_nphot sy_dist,0.0
release_month st_nphot st_teff,0.0
release_month st_nphot sy_w2mag,0.0
release_month st_nphot sy_w1mag,0.0
release_month st_nphot sy_w3mag,0.0
release_month st_nphot sy_w4mag,0.0
release_month st_nphot sy_plx,0.0
release_month st_nphot st_logg,0.0
release_month st_nphot st_mass,0.0
release_month st_nphot soltype_Kepler Project Candidate (q1_q17_dr25_koi),0.0
release_month st_nphot soltype_Published Confirmed,0.0
release_month st_nphot pl_tsystemref_BJD,0.0
release_month st_nphot pl_tsystemref_BJD-TDB,0.0
release_month st_nphot pl_tsystemref_BJD-UTC,0.0
release_month st_nphot pl_tsystemref_HJD,-0.0
release_month st_nphot pl_tsystemref_JD,0.0
release_month st_nrvc^2,0.0
release_month st_nrvc pl_controv_flag,0.0
release_month st_nrvc disc_year,0.0
release_month st_nrvc sy_tmag,0.0
release_month st_nrvc sy_kmag,0.0
release_month st_nrvc sy_jmag,0.0
release_month st_nrvc sy_hmag,0.0
release_month st_nrvc sy_vmag,0.0
release_month st_nrvc sy_pm,-0.0
release_month st_nrvc sy_pmdec,-0.0
release_month st_nrvc sy_pmra,0.0
release_month st_nrvc pl_orbper,-0.0
release_month st_nrvc sy_gaiamag,0.0
release_month st_nrvc st_rad,0.0
release_month st_nrvc sy_bmag,0.0
release_month st_nrvc sy_dist,0.0009209823182510419
release_month st_nrvc st_teff,0.0
release_month st_nrvc sy_w2mag,0.0
release_month st_nrvc sy_w1mag,0.0
release_month st_nrvc sy_w3mag,0.0
release_month st_nrvc sy_w4mag,0.0
release_month st_nrvc sy_plx,-0.0
release_month st_nrvc st_logg,0.0
release_month st_nrvc st_mass,0.0
release_month st_nrvc soltype_Kepler Project Candidate (q1_q17_dr25_koi),0.0
release_month st_nrvc soltype_Published Confirmed,0.0
release_month st_nrvc pl_tsystemref_BJD,0.0
release_month st_nrvc pl_tsystemref_BJD-TDB,-0.0
release_month st_nrvc pl_tsystemref_BJD-UTC,0.0
release_month st_nrvc pl_tsystemref_HJD,0.0
release_month st_nrvc pl_tsystemref_JD,0.0
release_month pl_controv_flag^2,-0.0
release_month pl_controv_flag disc_year,-0.0
release_month pl_controv_flag sy_tmag,-0.0
release_month pl_controv_flag sy_kmag,-0.0
release_month pl_controv_flag sy_jmag,-0.0
release_month pl_controv_flag sy_hmag,-0.0
release_month pl_controv_flag sy_vmag,-0.0
release_month pl_controv_flag sy_pm,-0.0
release_month pl_controv_flag sy_pmdec,-0.0
release_month pl_controv_flag sy_pmra,-0.0
release_month pl_controv_flag pl_orbper,-0.0
release_month pl_controv_flag sy_gaiamag,-0.0
release_month pl_controv_flag st_rad,-0.0
release_month pl_controv_flag sy_bmag,-0.0
release_month pl_controv_flag sy_dist,0.0
release_month pl_controv_flag st_teff,-0.0
release_month pl_controv_flag sy_w2mag,-0.0
release_month pl_controv_flag sy_w1mag,-0.0
release_month pl_controv_flag sy_w3mag,-0.0
release_month pl_controv_flag sy_w4mag,-0.0
release_month pl_controv_flag sy_plx,-0.0
release_month pl_controv_flag st_logg,-0.0
release_month pl_controv_flag st_mass,-0.0
release_month pl_controv_flag soltype_Kepler Project Candidate (q1_q17_dr25_koi),0.0
release_month pl_controv_flag soltype_Published Confirmed,-0.0
release_month pl_controv_flag pl_tsystemref_BJD,-0.0
release_month pl_controv_flag pl_tsystemref_BJD-TDB,0.0
release_month pl_controv_flag pl_tsystemref_BJD-UTC,-0.0
release_month pl_controv_flag pl_tsystemref_HJD,0.0
release_month pl_controv_flag pl_tsystemref_JD,0.0
release_month disc_year^2,0.0
release_month disc_year sy_tmag,0.0
release_month disc_year sy_kmag,0.0
release_month disc_year sy_jmag,0.0
release_month disc_year sy_hmag,0.0
release_month disc_year sy_vmag,0.0
release_month disc_year sy_pm,0.0
release_month disc_year sy_pmdec,-0.0
release_month disc_year sy_pmra,-0.0
release_month disc_year pl_orbper,0.0
release_month disc_year sy_gaiamag,0.0
release_month disc_year st_rad,0.0
release_month disc_year sy_bmag,0.0
release_month disc_year sy_dist,0.0
release_month disc_year st_teff,0.0
release_month disc_year sy_w2mag,0.0
release_month disc_year sy_w1mag,0.0
release_month disc_year sy_w3mag,0.0
release_month disc_year sy_w4mag,0.0
release_month disc_year sy_plx,-0.0
release_month disc_year st_logg,0.0
release_month disc_year st_mass,0.0
release_month disc_year soltype_Kepler Project Candidate (q1_q17_dr25_koi),-0.0
release_month disc_year soltype_Published Confirmed,0.0
release_month disc_year pl_tsystemref_BJD,0.0
release_month disc_year pl_tsystemref_BJD-TDB,0.0
release_month disc_year pl_tsystemref_BJD-UTC,0.0
release_month disc_year pl_tsystemref_HJD,0.0
release_month disc_year pl_tsystemref_JD,-0.0
release_month sy_tmag^2,0.0
release_month sy_tmag sy_kmag,0.0
release_month sy_tmag sy_jmag,0.0
release_month sy_tmag sy_hmag,0.0
release_month sy_tmag sy_vmag,0.0
release_month sy_tmag sy_pm,0.0
release_month sy_tmag sy_pmdec,-0.0
release_month sy_tmag sy_pmra,-0.0
release_month sy_tmag pl_orbper,0.0
release_month sy_tmag sy_gaiamag,0.0
release_month sy_tmag st_rad,0.0
release_month sy_tmag sy_bmag,0.0
release_month sy_tmag sy_dist,0.0
release_month sy_tmag st_teff,0.0
release_month sy_tmag sy_w2mag,0.0
release_month sy_tmag sy_w1mag,0.0
release_month sy_tmag sy_w3mag,0.0
release_month sy_tmag sy_w4mag,0.0
release_month sy_tmag sy_plx,-0.0
release_month sy_tmag st_logg,0.0
release_month sy_tmag st_mass,0.0
release_month sy_tmag soltype_Kepler Project Candidate (q1_q17_dr25_koi),-0.0
release_month sy_tmag soltype_Published Confirmed,0.0
release_month sy_tmag pl_tsystemref_BJD,0.0
release_month sy_tmag pl_tsystemref_BJD-TDB,0.0
release_month sy_tmag pl_tsystemref_BJD-UTC,0.0
release_month sy_tmag pl_tsystemref_HJD,0.0
release_month sy_tmag pl_tsystemref_JD,-0.0
release_month sy_kmag^2,0.0
release_month sy_kmag sy_jmag,0.0
release_month sy_kmag sy_hmag,0.0
release_month sy_kmag sy_vmag,0.0
release_month sy_kmag sy_pm,0.0
release_month sy_kmag sy_pmdec,-0.0
release_month sy_kmag sy_pmra,-0.0
release_month sy_kmag pl_orbper,0.0
release_month sy_kmag sy_gaiamag,0.0
release_month sy_kmag st_rad,0.0
release_month sy_kmag sy_bmag,0.0
release_month sy_kmag sy_dist,0.0
release_month sy_kmag st_teff,0.0
release_month sy_kmag sy_w2mag,0.0
release_month sy_kmag sy_w1mag,0.0
release_month sy_kmag sy_w3mag,0.0
release_month sy_kmag sy_w4mag,0.0
release_month sy_kmag sy_plx,-0.0
release_month sy_kmag st_logg,0.0
release_month sy_kmag st_mass,0.0
release_month sy_kmag soltype_Kepler Project Candidate (q1_q17_dr25_koi),-0.0
release_month sy_kmag soltype_Published Confirmed,0.0
release_month sy_kmag pl_tsystemref_BJD,0.0
release_month sy_kmag pl_tsystemref_BJD-TDB,0.0
release_month sy_kmag pl_tsystemref_BJD-UTC,0.0
release_month sy_kmag pl_tsystemref_HJD,0.0
release_month sy_kmag pl_tsystemref_JD,-0.0
release_month sy_jmag^2,0.0
release_month sy_jmag sy_hmag,0.0
release_month sy_jmag sy_vmag,0.0
release_month sy_jmag sy_pm,0.0
release_month sy_jmag sy_pmdec,-0.0
release_month sy_jmag sy_pmra,-0.0
release_month sy_jmag pl_orbper,0.0
release_month sy_jmag sy_gaiamag,0.0
release_month sy_jmag st_rad,0.0
release_month sy_jmag sy_bmag,0.0
release_month sy_jmag sy_dist,0.0
release_month sy_jmag st_teff,0.0
release_month sy_jmag sy_w2mag,0.0
release_month sy_jmag sy_w1mag,0.0
release_month sy_jmag sy_w3mag,0.0
release_month sy_jmag sy_w4mag,0.0
release_month sy_jmag sy_plx,-0.0
release_month sy_jmag st_logg,0.0
release_month sy_jmag st_mass,0.0
release_month sy_jmag soltype_Kepler Project Candidate (q1_q17_dr25_koi),-0.0
release_month sy_jmag soltype_Published Confirmed,0.0
release_month sy_jmag pl_tsystemref_BJD,0.0
release_month sy_jmag pl_tsystemref_BJD-TDB,0.0
release_month sy_jmag pl_tsystemref_BJD-UTC,0.0
release_month sy_jmag pl_tsystemref_HJD,0.0
release_month sy_jmag pl_tsystemref_JD,-0.0
release_month sy_hmag^2,0.0
release_month sy_hmag sy_vmag,0.0
release_month sy_hmag sy_pm,0.0
release_month sy_hmag sy_pmdec,-0.0
release_month sy_hmag sy_pmra,-0.0
release_month sy_hmag pl_orbper,0.0
release_month sy_hmag sy_gaiamag,0.0
release_month sy_hmag st_rad,0.0
release_month sy_hmag sy_bmag,0.0
release_month sy_hmag sy_dist,0.0
release_month sy_hmag st_teff,0.0
release_month sy_hmag sy_w2mag,0.0
release_month sy_hmag sy_w1mag,0.0
release_month sy_hmag sy_w3mag,0.0
release_month sy_hmag sy_w4mag,0.0
release_month sy_hmag sy_plx,-0.0
release_month sy_hmag st_logg,0.0
release_month sy_hmag st_mass,0.0
release_month sy_hmag soltype_Kepler Project Candidate (q1_q17_dr25_koi),-0.0
release_month sy_hmag soltype_Published Confirmed,0.0
release_month sy_hmag pl_tsystemref_BJD,0.0
release_month sy_hmag pl_tsystemref_BJD-TDB,0.0
release_month sy_hmag pl_tsystemref_BJD-UTC,0.0
release_month sy_hmag pl_tsystemref_HJD,0.0
release_month sy_hmag pl_tsystemref_JD,-0.0
release_month sy_vmag^2,0.0
release_month sy_vmag sy_pm,-0.0
release_month sy_vmag sy_pmdec,-0.0
release_month sy_vmag sy_pmra,-0.0
release_month sy_vmag pl_orbper,0.0
release_month sy_vmag sy_gaiamag,0.0
release_month sy_vmag st_rad,0.0
release_month sy_vmag sy_bmag,0.0
release_month sy_vmag sy_dist,0.0
release_month sy_vmag st_teff,0.0
release_month sy_vmag sy_w2mag,0.0
release_month sy_vmag sy_w1mag,0.0
release_month sy_vmag sy_w3mag,0.0
release_month sy_vmag sy_w4mag,0.0
release_month sy_vmag sy_plx,-0.0
release_month sy_vmag st_logg,0.0
release_month sy_vmag st_mass,0.0
release_month sy_vmag soltype_Kepler Project Candidate (q1_q17_dr25_koi),-0.0
release_month sy_vmag soltype_Published Confirmed,0.0
release_month sy_vmag pl_tsystemref_BJD,0.0
release_month sy_vmag pl_tsystemref_BJD-TDB,0.0
release_month sy_vmag pl_tsystemref_BJD-UTC,0.0
release_month sy_vmag pl_tsystemref_HJD,0.0
release_month sy_vmag pl_tsystemref_JD,-0.0
release_month sy_pm^2,0.0
release_month sy_pm sy_pmdec,-0.0
release_month sy_pm sy_pmra,-0.0
release_month sy_pm pl_orbper,0.0
release_month sy_pm sy_gaiamag,-0.0
release_month sy_pm st_rad,0.0
release_month sy_pm sy_bmag,-0.0
release_month sy_pm sy_dist,0.0
release_month sy_pm st_teff,0.0
release_month sy_pm sy_w2mag,0.0
release_month sy_pm sy_w1mag,0.0
release_month sy_pm sy_w3mag,0.0
release_month sy_pm sy_w4mag,0.0
release_month sy_pm sy_plx,-0.0
release_month sy_pm st_logg,0.0
release_month sy_pm st_mass,0.0
release_month sy_pm soltype_Kepler Project Candidate (q1_q17_dr25_koi),-0.0
release_month sy_pm soltype_Published Confirmed,0.0
release_month sy_pm pl_tsystemref_BJD,0.0
release_month sy_pm pl_tsystemref_BJD-TDB,-0.0
release_month sy_pm pl_tsystemref_BJD-UTC,0.0
release_month sy_pm pl_tsystemref_HJD,0.0
release_month sy_pm pl_tsystemref_JD,-0.0
release_month sy_pmdec^2,0.0
release_month sy_pmdec sy_pmra,0.0
release_month sy_pmdec pl_orbper,-0.0
release_month sy_pmdec sy_gaiamag,-0.0
release_month sy_pmdec st_rad,-0.0
release_month sy_pmdec sy_bmag,-0.0
release_month sy_pmdec sy_dist,-0.0
release_month sy_pmdec st_teff,-0.0
release_month sy_pmdec sy_w2mag,-0.0
release_month sy_pmdec sy_w1mag,-0.0
release_month sy_pmdec sy_w3mag,-0.0
release_month sy_pmdec sy_w4mag,-0.0
release_month sy_pmdec sy_plx,-0.0
release_month sy_pmdec st_logg,-0.0
release_month sy_pmdec st_mass,-0.0
release_month sy_pmdec soltype_Kepler Project Candidate (q1_q17_dr25_koi),0.0
release_month sy_pmdec soltype_Published Confirmed,-0.0
release_month sy_pmdec pl_tsystemref_BJD,-0.0
release_month sy_pmdec pl_tsystemref_BJD-TDB,0.0
release_month sy_pmdec pl_tsystemref_BJD-UTC,-0.0
release_month sy_pmdec pl_tsystemref_HJD,0.0
release_month sy_pmdec pl_tsystemref_JD,-0.0
release_month sy_pmra^2,0.0
release_month sy_pmra pl_orbper,-0.0
release_month sy_pmra sy_gaiamag,-0.0
release_month sy_pmra st_rad,-0.0
release_month sy_pmra sy_bmag,-0.0
release_month sy_pmra sy_dist,-0.0
release_month sy_pmra st_teff,-0.0
release_month sy_pmra sy_w2mag,-0.0
release_month sy_pmra sy_w1mag,-0.0
release_month sy_pmra sy_w3mag,-0.0
release_month sy_pmra sy_w4mag,-0.0
release_month sy_pmra sy_plx,-0.0
release_month sy_pmra st_logg,-0.0
release_month sy_pmra st_mass,-0.0
release_month sy_pmra soltype_Kepler Project Candidate (q1_q17_dr25_koi),0.0
release_month sy_pmra soltype_Published Confirmed,-0.0
release_month sy_pmra pl_tsystemref_BJD,-0.0
release_month sy_pmra pl_tsystemref_BJD-TDB,-0.0
release_month sy_pmra pl_tsystemref_BJD-UTC,-0.0
release_month sy_pmra pl_tsystemref_HJD,-0.0
release_month sy_pmra pl_tsystemref_JD,-0.0
release_month pl_orbper^2,-0.0
release_month pl_orbper sy_gaiamag,0.0
release_month pl_orbper st_rad,0.0
release_month pl_orbper sy_bmag,0.0
release_month pl_orbper sy_dist,0.0
release_month pl_orbper st_teff,0.0
release_month pl_orbper sy_w2mag,0.0
release_month pl_orbper sy_w1mag,0.0
release_month pl_orbper sy_w3mag,0.0
release_month pl_orbper sy_w4mag,0.0
release_month pl_orbper sy_plx,0.0
release_month pl_orbper st_logg,0.0
release_month pl_orbper st_mass,0.0
release_month pl_orbper soltype_Kepler Project Candidate (q1_q17_dr25_koi),0.0
release_month pl_orbper soltype_Published Confirmed,0.0
release_month pl_orbper pl_tsystemref_BJD,0.0
release_month pl_orbper pl_tsystemref_BJD-TDB,0.0
release_month pl_orbper pl_tsystemref_BJD-UTC,-0.0
release_month pl_orbper pl_tsystemref_HJD,0.0
release_month pl_orbper pl_tsystemref_JD,0.0
release_month sy_gaiamag^2,0.0
release_month sy_gaiamag st_rad,0.0
release_month sy_gaiamag sy_bmag,0.0
release_month sy_gaiamag sy_dist,0.0
release_month sy_gaiamag st_teff,0.0
release_month sy_gaiamag sy_w2mag,0.0
release_month sy_gaiamag sy_w1mag,0.0
release_month sy_gaiamag sy_w3mag,0.0
release_month sy_gaiamag sy_w4mag,0.0
release_month sy_gaiamag sy_plx,-0.0
release_month sy_gaiamag st_logg,0.0
release_month sy_gaiamag st_mass,0.0
release_month sy_gaiamag soltype_Kepler Project Candidate (q1_q17_dr25_koi),-0.0
release_month sy_gaiamag soltype_Published Confirmed,0.0
release_month sy_gaiamag pl_tsystemref_BJD,0.0
release_month sy_gaiamag pl_tsystemref_BJD-TDB,0.0
release_month sy_gaiamag pl_tsystemref_BJD-UTC,0.0
release_month sy_gaiamag pl_tsystemref_HJD,0.0
release_month sy_gaiamag pl_tsystemref_JD,-0.0
release_month st_rad^2,0.0
release_month st_rad sy_bmag,0.0
release_month st_rad sy_dist,0.0
release_month st_rad st_teff,0.0
release_month st_rad sy_w2mag,0.0
release_month st_rad sy_w1mag,0.0
release_month st_rad sy_w3mag,0.0
release_month st_rad sy_w4mag,0.0
release_month st_rad sy_plx,0.0
release_month st_rad st_logg,0.0
release_month st_rad st_mass,0.0
release_month st_rad soltype_Kepler Project Candidate (q1_q17_dr25_koi),-0.0
release_month st_rad soltype_Published Confirmed,0.0
release_month st_rad pl_tsystemref_BJD,0.0
release_month st_rad pl_tsystemref_BJD-TDB,0.0
release_month st_rad pl_tsystemref_BJD-UTC,0.0
release_month st_rad pl_tsystemref_HJD,0.0
release_month st_rad pl_tsystemref_JD,-0.0
release_month sy_bmag^2,0.0
release_month sy_bmag sy_dist,0.0
release_month sy_bmag st_teff,0.0
release_month sy_bmag sy_w2mag,0.0
release_month sy_bmag sy_w1mag,0.0
release_month sy_bmag sy_w3mag,0.0
release_month sy_bmag sy_w4mag,0.0
release_month sy_bmag sy_plx,-0.0
release_month sy_bmag st_logg,0.0
release_month sy_bmag st_mass,0.0
release_month sy_bmag soltype_Kepler Project Candidate (q1_q17_dr25_koi),-0.0
release_month sy_bmag soltype_Published Confirmed,0.0
release_month sy_bmag pl_tsystemref_BJD,0.0
release_month sy_bmag pl_tsystemref_BJD-TDB,0.0
release_month sy_bmag pl_tsystemref_BJD-UTC,0.0
release_month sy_bmag pl_tsystemref_HJD,0.0
release_month sy_bmag pl_tsystemref_JD,-0.0
release_month sy_dist^2,0.0
release_month sy_dist st_teff,0.0
release_month sy_dist sy_w2mag,0.0
release_month sy_dist sy_w1mag,0.0
release_month sy_dist sy_w3mag,0.0
release_month sy_dist sy_w4mag,0.0
release_month sy_dist sy_plx,0.0
release_month sy_dist st_logg,0.0
release_month sy_dist st_mass,0.0
release_month sy_dist soltype_Kepler Project Candidate (q1_q17_dr25_koi),-0.0
release_month sy_dist soltype_Published Confirmed,0.0
release_month sy_dist pl_tsystemref_BJD,0.0
release_month sy_dist pl_tsystemref_BJD-TDB,0.0
release_month sy_dist pl_tsystemref_BJD-UTC,0.0
release_month sy_dist pl_tsystemref_HJD,0.0
release_month sy_dist pl_tsystemref_JD,-0.0
release_month st_teff^2,0.0
release_month st_teff sy_w2mag,0.0
release_month st_teff sy_w1mag,0.0
release_month st_teff sy_w3mag,0.0
release_month st_teff sy_w4mag,0.0
release_month st_teff sy_plx,-0.0
release_month st_teff st_logg,0.0
release_month st_teff st_mass,0.0
release_month st_teff soltype_Kepler Project Candidate (q1_q17_dr25_koi),-0.0
release_month st_teff soltype_Published Confirmed,0.0
release_month st_teff pl_tsystemref_BJD,0.0
release_month st_teff pl_tsystemref_BJD-TDB,0.0
release_month st_teff pl_tsystemref_BJD-UTC,0.0
release_month st_teff pl_tsystemref_HJD,0.0
release_month st_teff pl_tsystemref_JD,-0.0
release_month sy_w2mag^2,0.0
release_month sy_w2mag sy_w1mag,0.0
release_month sy_w2mag sy_w3mag,0.0
release_month sy_w2mag sy_w4mag,0.0
release_month sy_w2mag sy_plx,-0.0
release_month sy_w2mag st_logg,0.0
release_month sy_w2mag st_mass,0.0
release_month sy_w2mag soltype_Kepler Project Candidate (q1_q17_dr25_koi),-0.0
release_month sy_w2mag soltype_Published Confirmed,0.0
release_month sy_w2mag pl_tsystemref_BJD,0.0
release_month sy_w2mag pl_tsystemref_BJD-TDB,0.0
release_month sy_w2mag pl_tsystemref_BJD-UTC,0.0
release_month sy_w2mag pl_tsystemref_HJD,0.0
release_month sy_w2mag pl_tsystemref_JD,-0.0
release_month sy_w1mag^2,0.0
release_month sy_w1mag sy_w3mag,0.0
release_month sy_w1mag sy_w4mag,0.0
release_month sy_w1mag sy_plx,-0.0
release_month sy_w1mag st_logg,0.0
release_month sy_w1mag st_mass,0.0
release_month sy_w1mag soltype_Kepler Project Candidate (q1_q17_dr25_koi),-0.0
release_month sy_w1mag soltype_Published Confirmed,0.0
release_month sy_w1mag pl_tsystemref_BJD,0.0
release_month sy_w1mag pl_tsystemref_BJD-TDB,0.0
release_month sy_w1mag pl_tsystemref_BJD-UTC,0.0
release_month sy_w1mag pl_tsystemref_HJD,0.0
release_month sy_w1mag pl_tsystemref_JD,-0.0
release_month sy_w3mag^2,0.0
release_month sy_w3mag sy_w4mag,0.0
release_month sy_w3mag sy_plx,-0.0
release_month sy_w3mag st_logg,0.0
release_month sy_w3mag st_mass,0.0
release_month sy_w3mag soltype_Kepler Project Candidate (q1_q17_dr25_koi),-0.0
release_month sy_w3mag soltype_Published Confirmed,0.0
release_month sy_w3mag pl_tsystemref_BJD,0.0
release_month sy_w3mag pl_tsystemref_BJD-TDB,0.0
release_month sy_w3mag pl_tsystemref_BJD-UTC,0.0
release_month sy_w3mag pl_tsystemref_HJD,0.0
release_month sy_w3mag pl_tsystemref_JD,-0.0
release_month sy_w4mag^2,0.0
release_month sy_w4mag sy_plx,-0.0
release_month sy_w4mag st_logg,0.0
release_month sy_w4mag st_mass,0.0
release_month sy_w4mag soltype_Kepler Project Candidate (q1_q17_dr25_koi),-0.0
release_month sy_w4mag soltype_Published Confirmed,0.0
release_month sy_w4mag pl_tsystemref_BJD,0.0
release_month sy_w4mag pl_tsystemref_BJD-TDB,0.0
release_month sy_w4mag pl_tsystemref_BJD-UTC,0.0
release_month sy_w4mag pl_tsystemref_HJD,0.0
release_month sy_w4mag pl_tsystemref_JD,-0.0
release_month sy_plx^2,-0.0
release_month sy_plx st_logg,-0.0
release_month sy_plx st_mass,0.0
release_month sy_plx soltype_Kepler Project Candidate (q1_q17_dr25_koi),-0.0
release_month sy_plx soltype_Published Confirmed,-0.0
release_month sy_plx pl_tsystemref_BJD,-0.0
release_month sy_plx pl_tsystemref_BJD-TDB,-0.0
release_month sy_plx pl_tsystemref_BJD-UTC,0.0
release_month sy_plx pl_tsystemref_HJD,0.0
release_month sy_plx pl_tsystemref_JD,-0.0
release_month st_logg^2,0.0
release_month st_logg st_mass,0.0
release_month st_logg soltype_Kepler Project Candidate (q1_q17_dr25_koi),-0.0
release_month st_logg soltype_Published Confirmed,0.0
release_month st_logg pl_tsystemref_BJD,0.0
release_month st_logg pl_tsystemref_BJD-TDB,0.0
release_month st_logg pl_tsystemref_BJD-UTC,0.0
release_month st_logg pl_tsystemref_HJD,0.0
release_month st_logg pl_tsystemref_JD,-0.0
release_month st_mass^2,0.0
release_month st_mass soltype_Kepler Project Candidate (q1_q17_dr25_koi),-0.0
release_month st_mass soltype_Published Confirmed,0.0
release_month st_mass pl_tsystemref_BJD,0.0
release_month st_mass pl_tsystemref_BJD-TDB,0.0
release_month st_mass pl_tsystemref_BJD-UTC,0.0
release_month st_mass pl_tsystemref_HJD,0.0
release_month st_mass pl_tsystemref_JD,-0.0
release_month soltype_Kepler Project Candidate (q1_q17_dr25_koi)^2,-0.0
release_month soltype_Kepler Project Candidate (q1_q17_dr25_koi) soltype_Published Confirmed,0.0
release_month soltype_Kepler Project Candidate (q1_q17_dr25_koi) pl_tsystemref_BJD,-0.0
release_month soltype_Kepler Project Candidate (q1_q17_dr25_koi) pl_tsystemref_BJD-TDB,0.0
release_month soltype_Kepler Project Candidate (q1_q17_dr25_koi) pl_tsystemref_BJD-UTC,0.0
release_month soltype_Kepler Project Candidate (q1_q17_dr25_koi) pl_tsystemref_HJD,0.0
release_month soltype_Kepler Project Candidate (q1_q17_dr25_koi) pl_tsystemref_JD,0.0
release_month soltype_Published Confirmed^2,0.0
release_month soltype_Published Confirmed pl_tsystemref_BJD,0.0
release_month soltype_Published Confirmed pl_tsystemref_BJD-TDB,0.0
release_month soltype_Published Confirmed pl_tsystemref_BJD-UTC,0.0
release_month soltype_Published Confirmed pl_tsystemref_HJD,0.0
release_month soltype_Published Confirmed pl_tsystemref_JD,-0.0
release_month pl_tsystemref_BJD^2,0.0
release_month pl_tsystemref_BJD pl_tsystemref_BJD-TDB,0.0
release_month pl_tsystemref_BJD pl_tsystemref_BJD-UTC,0.0
release_month pl_tsystemref_BJD pl_tsystemref_HJD,0.0
release_month pl_tsystemref_BJD pl_tsystemref_JD,0.0
release_month pl_tsystemref_BJD-TDB^2,0.0
release_month pl_tsystemref_BJD-TDB pl_tsystemref_BJD-UTC,0.0
release_month pl_tsystemref_BJD-TDB pl_tsystemref_HJD,0.0
release_month pl_tsystemref_BJD-TDB pl_tsystemref_JD,0.0
release_month pl_tsystemref_BJD-UTC^2,0.0
release_month pl_tsystemref_BJD-UTC pl_tsystemref_HJD,0.0
release_month pl_tsystemref_BJD-UTC pl_tsystemref_JD,0.0
release_month pl_tsystemref_HJD^2,0.0
release_month pl_tsystemref_HJD pl_tsystemref_JD,0.0
release_month pl_tsystemref_JD^2,-0.0
sy_snum^3,0.0
sy_snum^2 sy_pnum,-0.0
sy_snum^2 cb_flag,0.0
sy_snum^2 ttv_flag,0.0
sy_snum^2 pl_nnotes,0.0
sy_snum^2 elon,0.0
sy_snum^2 elat,-0.0
sy_snum^2 glon,0.0
sy_snum^2 glat,0.0
sy_snum^2 dec,-0.0
sy_snum^2 ra,0.0
sy_snum^2 st_nspec,0.0
sy_snum^2 pl_nespec,0.0
sy_snum^2 pl_ntranspec,0.0
sy_snum^2 pl_ndispec,0.0
sy_snum^2 release_year,0.0
sy_snum^2 st_nphot,0.0
sy_snum^2 st_nrvc,0.0
sy_snum^2 pl_controv_flag,-0.0
sy_snum^2 disc_year,0.0
sy_snum^2 sy_tmag,0.0
sy_snum^2 sy_kmag,0.0
sy_snum^2 sy_jmag,0.0
sy_snum^2 sy_hmag,0.0
sy_snum^2 sy_vmag,0.0
sy_snum^2 sy_pm,0.0
sy_snum^2 sy_pmdec,-0.0
sy_snum^2 sy_pmra,-0.0
sy_snum^2 pl_orbper,0.0
sy_snum^2 sy_gaiamag,0.0
sy_snum^2 st_rad,0.0
sy_snum^2 sy_bmag,0.0
sy_snum^2 sy_dist,0.0
sy_snum^2 st_teff,0.0
sy_snum^2 sy_w2mag,0.0
sy_snum^2 sy_w1mag,0.0
sy_snum^2 sy_w3mag,0.0
sy_snum^2 sy_w4mag,0.0
sy_snum^2 sy_plx,-0.0
sy_snum^2 st_logg,0.0
sy_snum^2 st_mass,0.0
sy_snum^2 soltype_Kepler Project Candidate (q1_q17_dr25_koi),-0.0
sy_snum^2 soltype_Published Confirmed,0.0
sy_snum^2 pl_tsystemref_BJD,0.0
sy_snum^2 pl_tsystemref_BJD-TDB,0.0
sy_snum^2 pl_tsystemref_BJD-UTC,-0.0
sy_snum^2 pl_tsystemref_HJD,0.0
sy_snum^2 pl_tsystemref_JD,-0.0
sy_snum sy_pnum^2,-0.0
sy_snum sy_pnum cb_flag,0.0
sy_snum sy_pnum ttv_flag,0.0
sy_snum sy_pnum pl_nnotes,-0.0
sy_snum sy_pnum elon,-0.0
sy_snum sy_pnum elat,-0.0
sy_snum sy_pnum glon,-0.0
sy_snum sy_pnum glat,-0.0
sy_snum sy_pnum dec,-0.0
sy_snum sy_pnum ra,-0.0
sy_snum sy_pnum st_nspec,0.0
sy_snum sy_pnum pl_nespec,0.0
sy_snum sy_pnum pl_ntranspec,0.0
sy_snum sy_pnum pl_ndispec,0.0
sy_snum sy_pnum release_year,-0.0
sy_snum sy_pnum st_nphot,0.0
sy_snum sy_pnum st_nrvc,0.0
sy_snum sy_pnum pl_controv_flag,-0.0
sy_snum sy_pnum disc_year,-0.0
sy_snum sy_pnum sy_tmag,-0.0
sy_snum sy_pnum sy_kmag,-0.0
sy_snum sy_pnum sy_jmag,-0.0
sy_snum sy_pnum sy_hmag,-0.0
sy_snum sy_pnum sy_vmag,-0.0
sy_snum sy_pnum sy_pm,-0.0
sy_snum sy_pnum sy_pmdec,-0.0
sy_snum sy_pnum sy_pmra,-0.0
sy_snum sy_pnum pl_orbper,0.0
sy_snum sy_pnum sy_gaiamag,-0.0
sy_snum sy_pnum st_rad,-0.0
sy_snum sy_pnum sy_bmag,-0.0
sy_snum sy_pnum sy_dist,-0.0
sy_snum sy_pnum st_teff,-0.0
sy_snum sy_pnum sy_w2mag,-0.0
sy_snum sy_pnum sy_w1mag,-0.0
sy_snum sy_pnum sy_w3mag,-0.0
sy_snum sy_pnum sy_w4mag,-0.0
sy_snum sy_pnum sy_plx,-0.0
sy_snum sy_pnum st_logg,-0.0
sy_snum sy_pnum st_mass,-0.0
sy_snum sy_pnum soltype_Kepler Project Candidate (q1_q17_dr25_koi),-0.0
sy_snum sy_pnum soltype_Published Confirmed,-0.0
sy_snum sy_pnum pl_tsystemref_BJD,-0.0
sy_snum sy_pnum pl_tsystemref_BJD-TDB,-0.0
sy_snum sy_pnum pl_tsystemref_BJD-UTC,-0.0
sy_snum sy_pnum pl_tsystemref_HJD,0.0
sy_snum sy_pnum pl_tsystemref_JD,-0.0
sy_snum cb_flag^2,0.0
sy_snum cb_flag ttv_flag,0.0
sy_snum cb_flag pl_nnotes,0.0
sy_snum cb_flag elon,0.0
sy_snum cb_flag elat,0.0
sy_snum cb_flag glon,0.0
sy_snum cb_flag glat,0.0
sy_snum cb_flag dec,0.0
sy_snum cb_flag ra,0.0
sy_snum cb_flag st_nspec,0.0
sy_snum cb_flag pl_nespec,0.0
sy_snum cb_flag pl_ntranspec,0.0
sy_snum cb_flag pl_ndispec,0.0
sy_snum cb_flag release_year,0.0
sy_snum cb_flag st_nphot,0.0
sy_snum cb_flag st_nrvc,0.0
sy_snum cb_flag pl_controv_flag,0.0
sy_snum cb_flag disc_year,0.0
sy_snum cb_flag sy_tmag,0.0
sy_snum cb_flag sy_kmag,0.0
sy_snum cb_flag sy_jmag,0.0
sy_snum cb_flag sy_hmag,0.0
sy_snum cb_flag sy_vmag,0.0
sy_snum cb_flag sy_pm,0.0
sy_snum cb_flag sy_pmdec,-0.0
sy_snum cb_flag sy_pmra,0.0
sy_snum cb_flag pl_orbper,0.0
sy_snum cb_flag sy_gaiamag,0.0
sy_snum cb_flag st_rad,0.0
sy_snum cb_flag sy_bmag,0.0
sy_snum cb_flag sy_dist,0.0
sy_snum cb_flag st_teff,0.0
sy_snum cb_flag sy_w2mag,0.0
sy_snum cb_flag sy_w1mag,0.0
sy_snum cb_flag sy_w3mag,0.0
sy_snum cb_flag sy_w4mag,0.0
sy_snum cb_flag sy_plx,0.0
sy_snum cb_flag st_logg,0.0
sy_snum cb_flag st_mass,0.0
sy_snum cb_flag soltype_Kepler Project Candidate (q1_q17_dr25_koi),0.0
sy_snum cb_flag soltype_Published Confirmed,0.0
sy_snum cb_flag pl_tsystemref_BJD,0.0
sy_snum cb_flag pl_tsystemref_BJD-TDB,-0.0
sy_snum cb_flag pl_tsystemref_BJD-UTC,0.0
sy_snum cb_flag pl_tsystemref_HJD,0.0
sy_snum cb_flag pl_tsystemref_JD,0.0
sy_snum ttv_flag^2,0.0
sy_snum ttv_flag pl_nnotes,0.0
sy_snum ttv_flag elon,0.0
sy_snum ttv_flag elat,0.0
sy_snum ttv_flag glon,0.0
sy_snum ttv_flag glat,0.0
sy_snum ttv_flag dec,0.0
sy_snum ttv_flag ra,0.0
sy_snum ttv_flag st_nspec,0.0
sy_snum ttv_flag pl_nespec,0.0
sy_snum ttv_flag pl_ntranspec,0.0
sy_snum ttv_flag pl_ndispec,0.0
sy_snum ttv_flag release_year,0.0
sy_snum ttv_flag st_nphot,-0.0
sy_snum ttv_flag st_nrvc,-0.0
sy_snum ttv_flag pl_controv_flag,-0.0
sy_snum ttv_flag disc_year,0.0
sy_snum ttv_flag sy_tmag,0.0
sy_snum ttv_flag sy_kmag,0.0
sy_snum ttv_flag sy_jmag,0.0
sy_snum ttv_flag sy_hmag,0.0
sy_snum ttv_flag sy_vmag,0.0
sy_snum ttv_flag sy_pm,0.0
sy_snum ttv_flag sy_pmdec,-0.0
sy_snum ttv_flag sy_pmra,-0.0
sy_snum ttv_flag pl_orbper,0.0
sy_snum ttv_flag sy_gaiamag,0.0
sy_snum ttv_flag st_rad,0.0
sy_snum ttv_flag sy_bmag,0.0
sy_snum ttv_flag sy_dist,0.0
sy_snum ttv_flag st_teff,0.0
sy_snum ttv_flag sy_w2mag,0.005292960714886893
sy_snum ttv_flag sy_w1mag,0.0
sy_snum ttv_flag sy_w3mag,0.0
sy_snum ttv_flag sy_w4mag,0.0
sy_snum ttv_flag sy_plx,0.0
sy_snum ttv_flag st_logg,0.0
sy_snum ttv_flag st_mass,0.0
sy_snum ttv_flag soltype_Kepler Project Candidate (q1_q17_dr25_koi),0.0
sy_snum ttv_flag soltype_Published Confirmed,0.0
sy_snum ttv_flag pl_tsystemref_BJD,0.0
sy_snum ttv_flag pl_tsystemref_BJD-TDB,0.0
sy_snum ttv_flag pl_tsystemref_BJD-UTC,0.0004614853856876561
sy_snum ttv_flag pl_tsystemref_HJD,0.0
sy_snum ttv_flag pl_tsystemref_JD,0.0
sy_snum pl_nnotes^2,-0.0
sy_snum pl_nnotes elon,0.0
sy_snum pl_nnotes elat,-0.0
sy_snum pl_nnotes glon,0.0
sy_snum pl_nnotes glat,-0.0
sy_snum pl_nnotes dec,-0.0
sy_snum pl_nnotes ra,0.0
sy_snum pl_nnotes st_nspec,0.0
sy_snum pl_nnotes pl_nespec,0.0
sy_snum pl_nnotes pl_ntranspec,0.0
sy_snum pl_nnotes pl_ndispec,0.0
sy_snum pl_nnotes release_year,0.0
sy_snum pl_nnotes st_nphot,0.0
sy_snum pl_nnotes st_nrvc,0.0
sy_snum pl_nnotes pl_controv_flag,-0.0
sy_snum pl_nnotes disc_year,0.0
sy_snum pl_nnotes sy_tmag,0.0
sy_snum pl_nnotes sy_kmag,0.0
sy_snum pl_nnotes sy_jmag,0.0
sy_snum pl_nnotes sy_hmag,0.0
sy_snum pl_nnotes sy_vmag,0.0
sy_snum pl_nnotes sy_pm,-0.0
sy_snum pl_nnotes sy_pmdec,-0.0
sy_snum pl_nnotes sy_pmra,-0.0
sy_snum pl_nnotes pl_orbper,0.0
sy_snum pl_nnotes sy_gaiamag,0.0
sy_snum pl_nnotes st_rad,0.0
sy_snum pl_nnotes sy_bmag,0.0
sy_snum pl_nnotes sy_dist,0.0
sy_snum pl_nnotes st_teff,0.0
sy_snum pl_nnotes sy_w2mag,0.0
sy_snum pl_nnotes sy_w1mag,0.0
sy_snum pl_nnotes sy_w3mag,0.0
sy_snum pl_nnotes sy_w4mag,0.0
sy_snum pl_nnotes sy_plx,-0.0
sy_snum pl_nnotes st_logg,0.0
sy_snum pl_nnotes st_mass,0.0
sy_snum pl_nnotes soltype_Kepler Project Candidate (q1_q17_dr25_koi),0.0
sy_snum pl_nnotes soltype_Published Confirmed,0.0
sy_snum pl_nnotes pl_tsystemref_BJD,0.0
sy_snum pl_nnotes pl_tsystemref_BJD-TDB,0.0
sy_snum pl_nnotes pl_tsystemref_BJD-UTC,-0.0
sy_snum pl_nnotes pl_tsystemref_HJD,0.0
sy_snum pl_nnotes pl_tsystemref_JD,-0.0
sy_snum elon^2,-0.0
sy_snum elon elat,-0.0
sy_snum elon glon,0.0
sy_snum elon glat,-0.0
sy_snum elon dec,-0.0
sy_snum elon ra,-0.0
sy_snum elon st_nspec,0.0
sy_snum elon pl_nespec,0.0
sy_snum elon pl_ntranspec,0.0
sy_snum elon pl_ndispec,0.0
sy_snum elon release_year,-0.0
sy_snum elon st_nphot,0.0
sy_snum elon st_nrvc,0.0
sy_snum elon pl_controv_flag,-0.0
sy_snum elon disc_year,-0.0
sy_snum elon sy_tmag,0.0
sy_snum elon sy_kmag,0.0
sy_snum elon sy_jmag,0.0
sy_snum elon sy_hmag,0.0
sy_snum elon sy_vmag,0.0
sy_snum elon sy_pm,0.0
sy_snum elon sy_pmdec,-0.0
sy_snum elon sy_pmra,-0.0
sy_snum elon pl_orbper,0.0
sy_snum elon sy_gaiamag,0.0
sy_snum elon st_rad,0.0
sy_snum elon sy_bmag,0.0
sy_snum elon sy_dist,0.0
sy_snum elon st_teff,-0.0
sy_snum elon sy_w2mag,0.0
sy_snum elon sy_w1mag,0.0
sy_snum elon sy_w3mag,-0.0
sy_snum elon sy_w4mag,-0.0
sy_snum elon sy_plx,-0.0
sy_snum elon st_logg,-0.0
sy_snum elon st_mass,0.0
sy_snum elon soltype_Kepler Project Candidate (q1_q17_dr25_koi),-0.0
sy_snum elon soltype_Published Confirmed,0.0
sy_snum elon pl_tsystemref_BJD,0.0
sy_snum elon pl_tsystemref_BJD-TDB,0.0
sy_snum elon pl_tsystemref_BJD-UTC,-0.0
sy_snum elon pl_tsystemref_HJD,0.0
sy_snum elon pl_tsystemref_JD,-0.0
sy_snum elat^2,-0.0
sy_snum elat glon,-0.0
sy_snum elat glat,-0.0
sy_snum elat dec,-0.0
sy_snum elat ra,-0.0
sy_snum elat st_nspec,0.0
sy_snum elat pl_nespec,0.0
sy_snum elat pl_ntranspec,0.0
sy_snum elat pl_ndispec,0.0
sy_snum elat release_year,-0.0
sy_snum elat st_nphot,0.0
sy_snum elat st_nrvc,0.0
sy_snum elat pl_controv_flag,-0.0
sy_snum elat disc_year,-0.0
sy_snum elat sy_tmag,-0.0
sy_snum elat sy_kmag,-0.0
sy_snum elat sy_jmag,-0.0
sy_snum elat sy_hmag,-0.0
sy_snum elat sy_vmag,-0.0
sy_snum elat sy_pm,-0.0
sy_snum elat sy_pmdec,-0.0
sy_snum elat sy_pmra,-0.0
sy_snum elat pl_orbper,0.0
sy_snum elat sy_gaiamag,-0.0
sy_snum elat st_rad,-0.0
sy_snum elat sy_bmag,-0.0
sy_snum elat sy_dist,0.0
sy_snum elat st_teff,-0.0
sy_snum elat sy_w2mag,-0.0
sy_snum elat sy_w1mag,-0.0
sy_snum elat sy_w3mag,-0.0
sy_snum elat sy_w4mag,-0.0
sy_snum elat sy_plx,-0.0
sy_snum elat st_logg,-0.0
sy_snum elat st_mass,-0.0
sy_snum elat soltype_Kepler Project Candidate (q1_q17_dr25_koi),-0.0
sy_snum elat soltype_Published Confirmed,-0.0
sy_snum elat pl_tsystemref_BJD,0.0
sy_snum elat pl_tsystemref_BJD-TDB,0.0
sy_snum elat pl_tsystemref_BJD-UTC,-0.0
sy_snum elat pl_tsystemref_HJD,0.0
sy_snum elat pl_tsystemref_JD,-0.0
sy_snum glon^2,0.0
sy_snum glon glat,-0.0
sy_snum glon dec,-0.0
sy_snum glon ra,0.0
sy_snum glon st_nspec,0.0
sy_snum glon pl_nespec,0.0
sy_snum glon pl_ntranspec,0.0
sy_snum glon pl_ndispec,0.0
sy_snum glon release_year,0.0
sy_snum glon st_nphot,0.0
sy_snum glon st_nrvc,0.0
sy_snum glon pl_controv_flag,-0.0
sy_snum glon disc_year,0.0
sy_snum glon sy_tmag,0.0
sy_snum glon sy_kmag,0.0
sy_snum glon sy_jmag,0.0
sy_snum glon sy_hmag,0.0
sy_snum glon sy_vmag,0.0
sy_snum glon sy_pm,0.0
sy_snum glon sy_pmdec,-0.0
sy_snum glon sy_pmra,-0.0
sy_snum glon pl_orbper,0.0
sy_snum glon sy_gaiamag,0.0
sy_snum glon st_rad,0.013982717879504055
sy_snum glon sy_bmag,0.0
sy_snum glon sy_dist,0.0
sy_snum glon st_teff,0.0
sy_snum glon sy_w2mag,0.0
sy_snum glon sy_w1mag,0.0
sy_snum glon sy_w3mag,0.0
sy_snum glon sy_w4mag,0.0
sy_snum glon sy_plx,-0.0
sy_snum glon st_logg,0.0
sy_snum glon st_mass,0.0
sy_snum glon soltype_Kepler Project Candidate (q1_q17_dr25_koi),-0.0
sy_snum glon soltype_Published Confirmed,0.0
sy_snum glon pl_tsystemref_BJD,0.0
sy_snum glon pl_tsystemref_BJD-TDB,0.0
sy_snum glon pl_tsystemref_BJD-UTC,-0.0
sy_snum glon pl_tsystemref_HJD,0.0
sy_snum glon pl_tsystemref_JD,-0.0
sy_snum glat^2,-0.0
sy_snum glat dec,-0.0
sy_snum glat ra,-0.0
sy_snum glat st_nspec,0.0
sy_snum glat pl_nespec,0.0
sy_snum glat pl_ntranspec,0.0
sy_snum glat pl_ndispec,0.0
sy_snum glat release_year,-0.0
sy_snum glat st_nphot,0.0
sy_snum glat st_nrvc,0.0
sy_snum glat pl_controv_flag,-0.0
sy_snum glat disc_year,-0.0
sy_snum glat sy_tmag,-0.0
sy_snum glat sy_kmag,-0.0
sy_snum glat sy_jmag,-0.0
sy_snum glat sy_hmag,-0.0
sy_snum glat sy_vmag,-0.0
sy_snum glat sy_pm,-0.0
sy_snum glat sy_pmdec,-0.0
sy_snum glat sy_pmra,-0.0
sy_snum glat pl_orbper,0.0
sy_snum glat sy_gaiamag,-0.0
sy_snum glat st_rad,-0.0
sy_snum glat sy_bmag,-0.0
sy_snum glat sy_dist,0.0
sy_snum glat st_teff,-0.0
sy_snum glat sy_w2mag,-0.0
sy_snum glat sy_w1mag,-0.0
sy_snum glat sy_w3mag,-0.0
sy_snum glat sy_w4mag,-0.0
sy_snum glat sy_plx,-0.0
sy_snum glat st_logg,-0.0
sy_snum glat st_mass,-0.0
sy_snum glat soltype_Kepler Project Candidate (q1_q17_dr25_koi),-0.0
sy_snum glat soltype_Published Confirmed,-0.0
sy_snum glat pl_tsystemref_BJD,-0.0
sy_snum glat pl_tsystemref_BJD-TDB,0.0
sy_snum glat pl_tsystemref_BJD-UTC,-0.0
sy_snum glat pl_tsystemref_HJD,0.0
sy_snum glat pl_tsystemref_JD,-0.0
sy_snum dec^2,-0.0
sy_snum dec ra,-0.0
sy_snum dec st_nspec,0.0
sy_snum dec pl_nespec,0.0
sy_snum dec pl_ntranspec,0.0
sy_snum dec pl_ndispec,0.0
sy_snum dec release_year,-0.0
sy_snum dec st_nphot,0.0
sy_snum dec st_nrvc,0.0
sy_snum dec pl_controv_flag,-0.0
sy_snum dec disc_year,-0.0
sy_snum dec sy_tmag,-0.0
sy_snum dec sy_kmag,-0.0
sy_snum dec sy_jmag,-0.0
sy_snum dec sy_hmag,-0.0
sy_snum dec sy_vmag,-0.0
sy_snum dec sy_pm,-0.0
sy_snum dec sy_pmdec,0.0
sy_snum dec sy_pmra,-0.0
sy_snum dec pl_orbper,0.0
sy_snum dec sy_gaiamag,-0.0
sy_snum dec st_rad,-0.0
sy_snum dec sy_bmag,-0.0
sy_snum dec sy_dist,0.0
sy_snum dec st_teff,-0.0
sy_snum dec sy_w2mag,-0.0
sy_snum dec sy_w1mag,-0.0
sy_snum dec sy_w3mag,-0.0
sy_snum dec sy_w4mag,-0.0
sy_snum dec sy_plx,-0.0
sy_snum dec st_logg,-0.0
sy_snum dec st_mass,-0.0
sy_snum dec soltype_Kepler Project Candidate (q1_q17_dr25_koi),-0.0
sy_snum dec soltype_Published Confirmed,-0.0
sy_snum dec pl_tsystemref_BJD,-0.0
sy_snum dec pl_tsystemref_BJD-TDB,0.0
sy_snum dec pl_tsystemref_BJD-UTC,-0.0
sy_snum dec pl_tsystemref_HJD,0.0
sy_snum dec pl_tsystemref_JD,-0.0
sy_snum ra^2,-0.0
sy_snum ra st_nspec,0.0
sy_snum ra pl_nespec,0.0
sy_snum ra pl_ntranspec,0.0
sy_snum ra pl_ndispec,0.0
sy_snum ra release_year,-0.0
sy_snum ra st_nphot,0.0
sy_snum ra st_nrvc,0.0
sy_snum ra pl_controv_flag,-0.0
sy_snum ra disc_year,-0.0
sy_snum ra sy_tmag,0.0
sy_snum ra sy_kmag,0.0
sy_snum ra sy_jmag,0.0
sy_snum ra sy_hmag,0.0
sy_snum ra sy_vmag,0.0
sy_snum ra sy_pm,0.0
sy_snum ra sy_pmdec,-0.0
sy_snum ra sy_pmra,-0.0
sy_snum ra pl_orbper,0.0
sy_snum ra sy_gaiamag,0.0
sy_snum ra st_rad,0.0
sy_snum ra sy_bmag,0.0
sy_snum ra sy_dist,0.0
sy_snum ra st_teff,-0.0
sy_snum ra sy_w2mag,0.0
sy_snum ra sy_w1mag,0.0
sy_snum ra sy_w3mag,-0.0
sy_snum ra sy_w4mag,-0.0
sy_snum ra sy_plx,-0.0
sy_snum ra st_logg,-0.0
sy_snum ra st_mass,0.0
sy_snum ra soltype_Kepler Project Candidate (q1_q17_dr25_koi),-0.0
sy_snum ra soltype_Published Confirmed,0.0
sy_snum ra pl_tsystemref_BJD,0.0
sy_snum ra pl_tsystemref_BJD-TDB,0.0
sy_snum ra pl_tsystemref_BJD-UTC,-0.0
sy_snum ra pl_tsystemref_HJD,0.0
sy_snum ra pl_tsystemref_JD,-0.0
sy_snum st_nspec^2,0.0
sy_snum st_nspec pl_nespec,0.0
sy_snum st_nspec pl_ntranspec,0.0
sy_snum st_nspec pl_ndispec,0.0
sy_snum st_nspec release_year,0.0
sy_snum st_nspec st_nphot,0.0
sy_snum st_nspec st_nrvc,0.0
sy_snum st_nspec pl_controv_flag,0.0
sy_snum st_nspec disc_year,0.0
sy_snum st_nspec sy_tmag,0.0
sy_snum st_nspec sy_kmag,0.0
sy_snum st_nspec sy_jmag,0.0
sy_snum st_nspec sy_hmag,0.0
sy_snum st_nspec sy_vmag,0.0
sy_snum st_nspec sy_pm,0.0
sy_snum st_nspec sy_pmdec,-0.0
sy_snum st_nspec sy_pmra,0.0
sy_snum st_nspec pl_orbper,0.0
sy_snum st_nspec sy_gaiamag,0.0
sy_snum st_nspec st_rad,0.0
sy_snum st_nspec sy_bmag,0.0
sy_snum st_nspec sy_dist,0.0
sy_snum st_nspec st_teff,0.0
sy_snum st_nspec sy_w2mag,0.0
sy_snum st_nspec sy_w1mag,0.0
sy_snum st_nspec sy_w3mag,0.0
sy_snum st_nspec sy_w4mag,0.0
sy_snum st_nspec sy_plx,0.0
sy_snum st_nspec st_logg,0.0
sy_snum st_nspec st_mass,0.0
sy_snum st_nspec soltype_Kepler Project Candidate (q1_q17_dr25_koi),0.0
sy_snum st_nspec soltype_Published Confirmed,0.0
sy_snum st_nspec pl_tsystemref_BJD,0.0
sy_snum st_nspec pl_tsystemref_BJD-TDB,0.0
sy_snum st_nspec pl_tsystemref_BJD-UTC,0.0
sy_snum st_nspec pl_tsystemref_HJD,0.0
sy_snum st_nspec pl_tsystemref_JD,0.0
sy_snum pl_nespec^2,0.0
sy_snum pl_nespec pl_ntranspec,0.0
sy_snum pl_nespec pl_ndispec,0.0
sy_snum pl_nespec release_year,0.0
sy_snum pl_nespec st_nphot,0.0
sy_snum pl_nespec st_nrvc,0.0
sy_snum pl_nespec pl_controv_flag,0.0
sy_snum pl_nespec disc_year,0.0
sy_snum pl_nespec sy_tmag,0.0
sy_snum pl_nespec sy_kmag,0.0
sy_snum pl_nespec sy_jmag,0.0
sy_snum pl_nespec sy_hmag,0.0
sy_snum pl_nespec sy_vmag,0.0
sy_snum pl_nespec sy_pm,0.0
sy_snum pl_nespec sy_pmdec,-0.0
sy_snum pl_nespec sy_pmra,-0.0
sy_snum pl_nespec pl_orbper,0.0
sy_snum pl_nespec sy_gaiamag,0.0
sy_snum pl_nespec st_rad,0.0
sy_snum pl_nespec sy_bmag,0.0
sy_snum pl_nespec sy_dist,0.0
sy_snum pl_nespec st_teff,0.0
sy_snum pl_nespec sy_w2mag,0.0
sy_snum pl_nespec sy_w1mag,0.0
sy_snum pl_nespec sy_w3mag,0.0
sy_snum pl_nespec sy_w4mag,0.0
sy_snum pl_nespec sy_plx,0.0
sy_snum pl_nespec st_logg,0.0
sy_snum pl_nespec st_mass,0.0
sy_snum pl_nespec soltype_Kepler Project Candidate (q1_q17_dr25_koi),0.0
sy_snum pl_nespec soltype_Published Confirmed,0.0
sy_snum pl_nespec pl_tsystemref_BJD,0.0
sy_snum pl_nespec pl_tsystemref_BJD-TDB,0.0
sy_snum pl_nespec pl_tsystemref_BJD-UTC,0.0
sy_snum pl_nespec pl_tsystemref_HJD,0.0
sy_snum pl_nespec pl_tsystemref_JD,0.0
sy_snum pl_ntranspec^2,0.0
sy_snum pl_ntranspec pl_ndispec,0.0
sy_snum pl_ntranspec release_year,0.0
sy_snum pl_ntranspec st_nphot,0.0
sy_snum pl_ntranspec st_nrvc,-0.0
sy_snum pl_ntranspec pl_controv_flag,0.0
sy_snum pl_ntranspec disc_year,0.0
sy_snum pl_ntranspec sy_tmag,0.0
sy_snum pl_ntranspec sy_kmag,0.0
sy_snum pl_ntranspec sy_jmag,0.0
sy_snum pl_ntranspec sy_hmag,0.0
sy_snum pl_ntranspec sy_vmag,0.0
sy_snum pl_ntranspec sy_pm,0.0
sy_snum pl_ntranspec sy_pmdec,0.0
sy_snum pl_ntranspec sy_pmra,-0.0
sy_snum pl_ntranspec pl_orbper,0.0
sy_snum pl_ntranspec sy_gaiamag,0.0
sy_snum pl_ntranspec st_rad,0.0
sy_snum pl_ntranspec sy_bmag,0.0
sy_snum pl_ntranspec sy_dist,0.0
sy_snum pl_ntranspec st_teff,0.0
sy_snum pl_ntranspec sy_w2mag,0.0
sy_snum pl_ntranspec sy_w1mag,0.0
sy_snum pl_ntranspec sy_w3mag,0.0
sy_snum pl_ntranspec sy_w4mag,0.0
sy_snum pl_ntranspec sy_plx,0.0
sy_snum pl_ntranspec st_logg,0.0
sy_snum pl_ntranspec st_mass,0.0
sy_snum pl_ntranspec soltype_Kepler Project Candidate (q1_q17_dr25_koi),0.0
sy_snum pl_ntranspec soltype_Published Confirmed,0.0
sy_snum pl_ntranspec pl_tsystemref_BJD,0.0
sy_snum pl_ntranspec pl_tsystemref_BJD-TDB,0.0
sy_snum pl_ntranspec pl_tsystemref_BJD-UTC,0.0
sy_snum pl_ntranspec pl_tsystemref_HJD,0.0
sy_snum pl_ntranspec pl_tsystemref_JD,0.0
sy_snum pl_ndispec^2,0.0
sy_snum pl_ndispec release_year,0.0
sy_snum pl_ndispec st_nphot,0.0
sy_snum pl_ndispec st_nrvc,0.0
sy_snum pl_ndispec pl_controv_flag,0.0
sy_snum pl_ndispec disc_year,0.0
sy_snum pl_ndispec sy_tmag,0.0
sy_snum pl_ndispec sy_kmag,0.0
sy_snum pl_ndispec sy_jmag,0.0
sy_snum pl_ndispec sy_hmag,0.0
sy_snum pl_ndispec sy_vmag,0.0
sy_snum pl_ndispec sy_pm,0.0
sy_snum pl_ndispec sy_pmdec,0.0
sy_snum pl_ndispec sy_pmra,0.0
sy_snum pl_ndispec pl_orbper,0.0
sy_snum pl_ndispec sy_gaiamag,0.0
sy_snum pl_ndispec st_rad,0.0
sy_snum pl_ndispec sy_bmag,0.0
sy_snum pl_ndispec sy_dist,0.0
sy_snum pl_ndispec st_teff,0.0
sy_snum pl_ndispec sy_w2mag,0.0
sy_snum pl_ndispec sy_w1mag,0.0
sy_snum pl_ndispec sy_w3mag,0.0
sy_snum pl_ndispec sy_w4mag,0.0
sy_snum pl_ndispec sy_plx,0.0
sy_snum pl_ndispec st_logg,0.0
sy_snum pl_ndispec st_mass,0.0
sy_snum pl_ndispec soltype_Kepler Project Candidate (q1_q17_dr25_koi),0.0
sy_snum pl_ndispec soltype_Published Confirmed,0.0
sy_snum pl_ndispec pl_tsystemref_BJD,0.0
sy_snum pl_ndispec pl_tsystemref_BJD-TDB,0.0
sy_snum pl_ndispec pl_tsystemref_BJD-UTC,0.0
sy_snum pl_ndispec pl_tsystemref_HJD,0.0
sy_snum pl_ndispec pl_tsystemref_JD,0.0
sy_snum release_year^2,0.0
sy_snum release_year st_nphot,0.0
sy_snum release_year st_nrvc,0.0
sy_snum release_year pl_controv_flag,-0.0
sy_snum release_year disc_year,0.0
sy_snum release_year sy_tmag,0.0
sy_snum release_year sy_kmag,0.0
sy_snum release_year sy_jmag,0.0
sy_snum release_year sy_hmag,0.0
sy_snum release_year sy_vmag,0.0
sy_snum release_year sy_pm,0.0
sy_snum release_year sy_pmdec,-0.0
sy_snum release_year sy_pmra,-0.0
sy_snum release_year pl_orbper,0.0
sy_snum release_year sy_gaiamag,0.0
sy_snum release_year st_rad,0.0
sy_snum release_year sy_bmag,0.0
sy_snum release_year sy_dist,0.0
sy_snum release_year st_teff,0.0
sy_snum release_year sy_w2mag,0.0
sy_snum release_year sy_w1mag,0.0
sy_snum release_year sy_w3mag,0.0
sy_snum release_year sy_w4mag,0.0
sy_snum release_year sy_plx,-0.0
sy_snum release_year st_logg,0.0
sy_snum release_year st_mass,0.0
sy_snum release_year soltype_Kepler Project Candidate (q1_q17_dr25_koi),-0.0
sy_snum release_year soltype_Published Confirmed,0.0
sy_snum release_year pl_tsystemref_BJD,0.0
sy_snum release_year pl_tsystemref_BJD-TDB,0.0
sy_snum release_year pl_tsystemref_BJD-UTC,-0.0
sy_snum release_year pl_tsystemref_HJD,0.0
sy_snum release_year pl_tsystemref_JD,-0.0
sy_snum st_nphot^2,0.0
sy_snum st_nphot st_nrvc,0.0
sy_snum st_nphot pl_controv_flag,0.0
sy_snum st_nphot disc_year,0.0
sy_snum st_nphot sy_tmag,0.0
sy_snum st_nphot sy_kmag,0.0
sy_snum st_nphot sy_jmag,0.0
sy_snum st_nphot sy_hmag,0.0
sy_snum st_nphot sy_vmag,0.0
sy_snum st_nphot sy_pm,0.0
sy_snum st_nphot sy_pmdec,-0.0
sy_snum st_nphot sy_pmra,-0.0
sy_snum st_nphot pl_orbper,0.0
sy_snum st_nphot sy_gaiamag,0.0
sy_snum st_nphot st_rad,0.0
sy_snum st_nphot sy_bmag,0.0
sy_snum st_nphot sy_dist,0.0
sy_snum st_nphot st_teff,0.0
sy_snum st_nphot sy_w2mag,0.0
sy_snum st_nphot sy_w1mag,0.0
sy_snum st_nphot sy_w3mag,0.0
sy_snum st_nphot sy_w4mag,0.0
sy_snum st_nphot sy_plx,0.0
sy_snum st_nphot st_logg,0.0
sy_snum st_nphot st_mass,0.0
sy_snum st_nphot soltype_Kepler Project Candidate (q1_q17_dr25_koi),0.0
sy_snum st_nphot soltype_Published Confirmed,0.0
sy_snum st_nphot pl_tsystemref_BJD,0.0
sy_snum st_nphot pl_tsystemref_BJD-TDB,0.0
sy_snum st_nphot pl_tsystemref_BJD-UTC,0.0
sy_snum st_nphot pl_tsystemref_HJD,-0.0
sy_snum st_nphot pl_tsystemref_JD,0.0
sy_snum st_nrvc^2,0.0
sy_snum st_nrvc pl_controv_flag,0.0
sy_snum st_nrvc disc_year,0.0
sy_snum st_nrvc sy_tmag,0.0
sy_snum st_nrvc sy_kmag,0.0
sy_snum st_nrvc sy_jmag,0.0
sy_snum st_nrvc sy_hmag,0.0
sy_snum st_nrvc sy_vmag,0.0
sy_snum st_nrvc sy_pm,-0.0
sy_snum st_nrvc sy_pmdec,-0.0
sy_snum st_nrvc sy_pmra,0.0
sy_snum st_nrvc pl_orbper,-0.0
sy_snum st_nrvc sy_gaiamag,0.0
sy_snum st_nrvc st_rad,0.0
sy_snum st_nrvc sy_bmag,0.0
sy_snum st_nrvc sy_dist,0.0
sy_snum st_nrvc st_teff,0.0
sy_snum st_nrvc sy_w2mag,0.0
sy_snum st_nrvc sy_w1mag,0.0
sy_snum st_nrvc sy_w3mag,0.0
sy_snum st_nrvc sy_w4mag,0.0
sy_snum st_nrvc sy_plx,0.0
sy_snum st_nrvc st_logg,0.0
sy_snum st_nrvc st_mass,0.0
sy_snum st_nrvc soltype_Kepler Project Candidate (q1_q17_dr25_koi),0.0
sy_snum st_nrvc soltype_Published Confirmed,0.0
sy_snum st_nrvc pl_tsystemref_BJD,0.0
sy_snum st_nrvc pl_tsystemref_BJD-TDB,0.0
sy_snum st_nrvc pl_tsystemref_BJD-UTC,0.0
sy_snum st_nrvc pl_tsystemref_HJD,0.0
sy_snum st_nrvc pl_tsystemref_JD,0.0
sy_snum pl_controv_flag^2,-0.0
sy_snum pl_controv_flag disc_year,-0.0
sy_snum pl_controv_flag sy_tmag,-0.0
sy_snum pl_controv_flag sy_kmag,-0.0
sy_snum pl_controv_flag sy_jmag,-0.0
sy_snum pl_controv_flag sy_hmag,-0.0
sy_snum pl_controv_flag sy_vmag,-0.0
sy_snum pl_controv_flag sy_pm,-0.0
sy_snum pl_controv_flag sy_pmdec,-0.0
sy_snum pl_controv_flag sy_pmra,-0.0
sy_snum pl_controv_flag pl_orbper,-0.0
sy_snum pl_controv_flag sy_gaiamag,-0.0
sy_snum pl_controv_flag st_rad,-0.0
sy_snum pl_controv_flag sy_bmag,-0.0
sy_snum pl_controv_flag sy_dist,0.0
sy_snum pl_controv_flag st_teff,-0.0
sy_snum pl_controv_flag sy_w2mag,-0.0
sy_snum pl_controv_flag sy_w1mag,-0.0
sy_snum pl_controv_flag sy_w3mag,-0.0
sy_snum pl_controv_flag sy_w4mag,-0.0
sy_snum pl_controv_flag sy_plx,-0.0
sy_snum pl_controv_flag st_logg,-0.0
sy_snum pl_controv_flag st_mass,-0.0
sy_snum pl_controv_flag soltype_Kepler Project Candidate (q1_q17_dr25_koi),0.0
sy_snum pl_controv_flag soltype_Published Confirmed,-0.0
sy_snum pl_controv_flag pl_tsystemref_BJD,-0.0
sy_snum pl_controv_flag pl_tsystemref_BJD-TDB,0.0
sy_snum pl_controv_flag pl_tsystemref_BJD-UTC,-0.0
sy_snum pl_controv_flag pl_tsystemref_HJD,0.0
sy_snum pl_controv_flag pl_tsystemref_JD,0.0
sy_snum disc_year^2,0.0
sy_snum disc_year sy_tmag,0.0
sy_snum disc_year sy_kmag,0.0
sy_snum disc_year sy_jmag,0.0
sy_snum disc_year sy_hmag,0.0
sy_snum disc_year sy_vmag,0.0
sy_snum disc_year sy_pm,0.0
sy_snum disc_year sy_pmdec,-0.0
sy_snum disc_year sy_pmra,-0.0
sy_snum disc_year pl_orbper,0.0
sy_snum disc_year sy_gaiamag,0.0
sy_snum disc_year st_rad,0.0
sy_snum disc_year sy_bmag,0.0
sy_snum disc_year sy_dist,0.0
sy_snum disc_year st_teff,0.0
sy_snum disc_year sy_w2mag,0.0
sy_snum disc_year sy_w1mag,0.0
sy_snum disc_year sy_w3mag,0.0
sy_snum disc_year sy_w4mag,0.0
sy_snum disc_year sy_plx,-0.0
sy_snum disc_year st_logg,0.0
sy_snum disc_year st_mass,0.0
sy_snum disc_year soltype_Kepler Project Candidate (q1_q17_dr25_koi),-0.0
sy_snum disc_year soltype_Published Confirmed,0.0
sy_snum disc_year pl_tsystemref_BJD,0.0
sy_snum disc_year pl_tsystemref_BJD-TDB,0.0
sy_snum disc_year pl_tsystemref_BJD-UTC,-0.0
sy_snum disc_year pl_tsystemref_HJD,0.0
sy_snum disc_year pl_tsystemref_JD,-0.0
sy_snum sy_tmag^2,0.0
sy_snum sy_tmag sy_kmag,0.0
sy_snum sy_tmag sy_jmag,0.0
sy_snum sy_tmag sy_hmag,0.0
sy_snum sy_tmag sy_vmag,0.0
sy_snum sy_tmag sy_pm,0.0
sy_snum sy_tmag sy_pmdec,-0.0
sy_snum sy_tmag sy_pmra,-0.0
sy_snum sy_tmag pl_orbper,0.0
sy_snum sy_tmag sy_gaiamag,0.0
sy_snum sy_tmag st_rad,0.0
sy_snum sy_tmag sy_bmag,0.0
sy_snum sy_tmag sy_dist,0.0
sy_snum sy_tmag st_teff,0.0
sy_snum sy_tmag sy_w2mag,0.0
sy_snum sy_tmag sy_w1mag,0.0
sy_snum sy_tmag sy_w3mag,0.0
sy_snum sy_tmag sy_w4mag,0.0
sy_snum sy_tmag sy_plx,-0.0
sy_snum sy_tmag st_logg,0.0
sy_snum sy_tmag st_mass,0.0
sy_snum sy_tmag soltype_Kepler Project Candidate (q1_q17_dr25_koi),-0.0
sy_snum sy_tmag soltype_Published Confirmed,0.0
sy_snum sy_tmag pl_tsystemref_BJD,0.0
sy_snum sy_tmag pl_tsystemref_BJD-TDB,0.0
sy_snum sy_tmag pl_tsystemref_BJD-UTC,-0.0
sy_snum sy_tmag pl_tsystemref_HJD,0.0
sy_snum sy_tmag pl_tsystemref_JD,-0.0
sy_snum sy_kmag^2,0.0
sy_snum sy_kmag sy_jmag,0.0
sy_snum sy_kmag sy_hmag,0.0
sy_snum sy_kmag sy_vmag,0.0
sy_snum sy_kmag sy_pm,0.0
sy_snum sy_kmag sy_pmdec,-0.0
sy_snum sy_kmag sy_pmra,-0.0
sy_snum sy_kmag pl_orbper,0.0
sy_snum sy_kmag sy_gaiamag,0.0
sy_snum sy_kmag st_rad,0.0
sy_snum sy_kmag sy_bmag,0.0
sy_snum sy_kmag sy_dist,0.0
sy_snum sy_kmag st_teff,0.0
sy_snum sy_kmag sy_w2mag,0.0
sy_snum sy_kmag sy_w1mag,0.0
sy_snum sy_kmag sy_w3mag,0.0
sy_snum sy_kmag sy_w4mag,0.0
sy_snum sy_kmag sy_plx,-0.0
sy_snum sy_kmag st_logg,0.0
sy_snum sy_kmag st_mass,0.0
sy_snum sy_kmag soltype_Kepler Project Candidate (q1_q17_dr25_koi),-0.0
sy_snum sy_kmag soltype_Published Confirmed,0.0
sy_snum sy_kmag pl_tsystemref_BJD,0.0
sy_snum sy_kmag pl_tsystemref_BJD-TDB,0.0
sy_snum sy_kmag pl_tsystemref_BJD-UTC,-0.0
sy_snum sy_kmag pl_tsystemref_HJD,0.0
sy_snum sy_kmag pl_tsystemref_JD,-0.0
sy_snum sy_jmag^2,0.0
sy_snum sy_jmag sy_hmag,0.0
sy_snum sy_jmag sy_vmag,0.0
sy_snum sy_jmag sy_pm,0.0
sy_snum sy_jmag sy_pmdec,-0.0
sy_snum sy_jmag sy_pmra,-0.0
sy_snum sy_jmag pl_orbper,0.0
sy_snum sy_jmag sy_gaiamag,0.0
sy_snum sy_jmag st_rad,0.0
sy_snum sy_jmag sy_bmag,0.0
sy_snum sy_jmag sy_dist,0.0
sy_snum sy_jmag st_teff,0.0
sy_snum sy_jmag sy_w2mag,0.0
sy_snum sy_jmag sy_w1mag,0.0
sy_snum sy_jmag sy_w3mag,0.0
sy_snum sy_jmag sy_w4mag,0.0
sy_snum sy_jmag sy_plx,-0.0
sy_snum sy_jmag st_logg,0.0
sy_snum sy_jmag st_mass,0.0
sy_snum sy_jmag soltype_Kepler Project Candidate (q1_q17_dr25_koi),-0.0
sy_snum sy_jmag soltype_Published Confirmed,0.0
sy_snum sy_jmag pl_tsystemref_BJD,0.0
sy_snum sy_jmag pl_tsystemref_BJD-TDB,0.0
sy_snum sy_jmag pl_tsystemref_BJD-UTC,-0.0
sy_snum sy_jmag pl_tsystemref_HJD,0.0
sy_snum sy_jmag pl_tsystemref_JD,-0.0
sy_snum sy_hmag^2,0.005965759371287072
sy_snum sy_hmag sy_vmag,0.0
sy_snum sy_hmag sy_pm,0.0
sy_snum sy_hmag sy_pmdec,-0.0
sy_snum sy_hmag sy_pmra,-0.0
sy_snum sy_hmag pl_orbper,0.0
sy_snum sy_hmag sy_gaiamag,0.0
sy_snum sy_hmag st_rad,0.0
sy_snum sy_hmag sy_bmag,0.0
sy_snum sy_hmag sy_dist,0.0
sy_snum sy_hmag st_teff,0.0
sy_snum sy_hmag sy_w2mag,0.0
sy_snum sy_hmag sy_w1mag,0.0
sy_snum sy_hmag sy_w3mag,0.0
sy_snum sy_hmag sy_w4mag,0.0
sy_snum sy_hmag sy_plx,-0.0
sy_snum sy_hmag st_logg,0.0
sy_snum sy_hmag st_mass,0.0
sy_snum sy_hmag soltype_Kepler Project Candidate (q1_q17_dr25_koi),-0.0
sy_snum sy_hmag soltype_Published Confirmed,0.0
sy_snum sy_hmag pl_tsystemref_BJD,0.0
sy_snum sy_hmag pl_tsystemref_BJD-TDB,0.0
sy_snum sy_hmag pl_tsystemref_BJD-UTC,-0.0
sy_snum sy_hmag pl_tsystemref_HJD,0.0
sy_snum sy_hmag pl_tsystemref_JD,-0.0
sy_snum sy_vmag^2,0.0
sy_snum sy_vmag sy_pm,0.0
sy_snum sy_vmag sy_pmdec,-0.0
sy_snum sy_vmag sy_pmra,-0.0
sy_snum sy_vmag pl_orbper,0.0
sy_snum sy_vmag sy_gaiamag,0.0
sy_snum sy_vmag st_rad,0.0
sy_snum sy_vmag sy_bmag,0.0
sy_snum sy_vmag sy_dist,0.0
sy_snum sy_vmag st_teff,0.0
sy_snum sy_vmag sy_w2mag,0.0
sy_snum sy_vmag sy_w1mag,0.0
sy_snum sy_vmag sy_w3mag,0.0
sy_snum sy_vmag sy_w4mag,0.0
sy_snum sy_vmag sy_plx,-0.0
sy_snum sy_vmag st_logg,0.0
sy_snum sy_vmag st_mass,0.0
sy_snum sy_vmag soltype_Kepler Project Candidate (q1_q17_dr25_koi),-0.0
sy_snum sy_vmag soltype_Published Confirmed,0.0
sy_snum sy_vmag pl_tsystemref_BJD,0.0
sy_snum sy_vmag pl_tsystemref_BJD-TDB,0.0
sy_snum sy_vmag pl_tsystemref_BJD-UTC,-0.0
sy_snum sy_vmag pl_tsystemref_HJD,0.0
sy_snum sy_vmag pl_tsystemref_JD,-0.0
sy_snum sy_pm^2,0.0
sy_snum sy_pm sy_pmdec,-0.0
sy_snum sy_pm sy_pmra,-0.0
sy_snum sy_pm pl_orbper,0.0
sy_snum sy_pm sy_gaiamag,0.0
sy_snum sy_pm st_rad,0.0
sy_snum sy_pm sy_bmag,0.0
sy_snum sy_pm sy_dist,0.0
sy_snum sy_pm st_teff,0.0
sy_snum sy_pm sy_w2mag,0.0
sy_snum sy_pm sy_w1mag,0.0
sy_snum sy_pm sy_w3mag,0.0
sy_snum sy_pm sy_w4mag,0.0
sy_snum sy_pm sy_plx,-0.0
sy_snum sy_pm st_logg,0.0
sy_snum sy_pm st_mass,0.0
sy_snum sy_pm soltype_Kepler Project Candidate (q1_q17_dr25_koi),-0.0
sy_snum sy_pm soltype_Published Confirmed,0.0
sy_snum sy_pm pl_tsystemref_BJD,0.0
sy_snum sy_pm pl_tsystemref_BJD-TDB,-0.0
sy_snum sy_pm pl_tsystemref_BJD-UTC,-0.0
sy_snum sy_pm pl_tsystemref_HJD,0.0
sy_snum sy_pm pl_tsystemref_JD,-0.0
sy_snum sy_pmdec^2,0.0
sy_snum sy_pmdec sy_pmra,0.0
sy_snum sy_pmdec pl_orbper,-0.0
sy_snum sy_pmdec sy_gaiamag,-0.0
sy_snum sy_pmdec st_rad,-0.0
sy_snum sy_pmdec sy_bmag,-0.0
sy_snum sy_pmdec sy_dist,-0.0
sy_snum sy_pmdec st_teff,-0.0
sy_snum sy_pmdec sy_w2mag,-0.0
sy_snum sy_pmdec sy_w1mag,-0.0
sy_snum sy_pmdec sy_w3mag,-0.0
sy_snum sy_pmdec sy_w4mag,-0.0
sy_snum sy_pmdec sy_plx,-0.0
sy_snum sy_pmdec st_logg,-0.0
sy_snum sy_pmdec st_mass,-0.0
sy_snum sy_pmdec soltype_Kepler Project Candidate (q1_q17_dr25_koi),0.0
sy_snum sy_pmdec soltype_Published Confirmed,-0.0
sy_snum sy_pmdec pl_tsystemref_BJD,-0.0017607977387543658
sy_snum sy_pmdec pl_tsystemref_BJD-TDB,0.0
sy_snum sy_pmdec pl_tsystemref_BJD-UTC,-0.0
sy_snum sy_pmdec pl_tsystemref_HJD,0.0
sy_snum sy_pmdec pl_tsystemref_JD,-0.0
sy_snum sy_pmra^2,0.0
sy_snum sy_pmra pl_orbper,0.0
sy_snum sy_pmra sy_gaiamag,-0.0
sy_snum sy_pmra st_rad,-0.0
sy_snum sy_pmra sy_bmag,-0.0
sy_snum sy_pmra sy_dist,-0.0
sy_snum sy_pmra st_teff,-0.0
sy_snum sy_pmra sy_w2mag,-0.0
sy_snum sy_pmra sy_w1mag,-0.0
sy_snum sy_pmra sy_w3mag,-0.0
sy_snum sy_pmra sy_w4mag,-0.0
sy_snum sy_pmra sy_plx,-0.0
sy_snum sy_pmra st_logg,-0.0
sy_snum sy_pmra st_mass,-0.0
sy_snum sy_pmra soltype_Kepler Project Candidate (q1_q17_dr25_koi),0.0
sy_snum sy_pmra soltype_Published Confirmed,-0.0
sy_snum sy_pmra pl_tsystemref_BJD,0.0
sy_snum sy_pmra pl_tsystemref_BJD-TDB,-0.0
sy_snum sy_pmra pl_tsystemref_BJD-UTC,-0.0
sy_snum sy_pmra pl_tsystemref_HJD,-0.0
sy_snum sy_pmra pl_tsystemref_JD,-0.0
sy_snum pl_orbper^2,-0.0
sy_snum pl_orbper sy_gaiamag,0.0
sy_snum pl_orbper st_rad,0.0
sy_snum pl_orbper sy_bmag,0.0
sy_snum pl_orbper sy_dist,0.0
sy_snum pl_orbper st_teff,0.0
sy_snum pl_orbper sy_w2mag,0.0
sy_snum pl_orbper sy_w1mag,0.0
sy_snum pl_orbper sy_w3mag,0.0
sy_snum pl_orbper sy_w4mag,0.0
sy_snum pl_orbper sy_plx,0.0
sy_snum pl_orbper st_logg,0.0
sy_snum pl_orbper st_mass,0.0
sy_snum pl_orbper soltype_Kepler Project Candidate (q1_q17_dr25_koi),0.0
sy_snum pl_orbper soltype_Published Confirmed,0.0
sy_snum pl_orbper pl_tsystemref_BJD,0.0
sy_snum pl_orbper pl_tsystemref_BJD-TDB,0.0
sy_snum pl_orbper pl_tsystemref_BJD-UTC,-0.0
sy_snum pl_orbper pl_tsystemref_HJD,0.0
sy_snum pl_orbper pl_tsystemref_JD,0.0
sy_snum sy_gaiamag^2,0.0
sy_snum sy_gaiamag st_rad,0.0
sy_snum sy_gaiamag sy_bmag,0.0
sy_snum sy_gaiamag sy_dist,0.0
sy_snum sy_gaiamag st_teff,0.0
sy_snum sy_gaiamag sy_w2mag,0.0
sy_snum sy_gaiamag sy_w1mag,0.0
sy_snum sy_gaiamag sy_w3mag,0.0
sy_snum sy_gaiamag sy_w4mag,0.0
sy_snum sy_gaiamag sy_plx,-0.0
sy_snum sy_gaiamag st_logg,0.0
sy_snum sy_gaiamag st_mass,0.0
sy_snum sy_gaiamag soltype_Kepler Project Candidate (q1_q17_dr25_koi),-0.0
sy_snum sy_gaiamag soltype_Published Confirmed,0.0
sy_snum sy_gaiamag pl_tsystemref_BJD,0.0
sy_snum sy_gaiamag pl_tsystemref_BJD-TDB,0.0
sy_snum sy_gaiamag pl_tsystemref_BJD-UTC,-0.0
sy_snum sy_gaiamag pl_tsystemref_HJD,0.0
sy_snum sy_gaiamag pl_tsystemref_JD,-0.0
sy_snum st_rad^2,0.0
sy_snum st_rad sy_bmag,0.0
sy_snum st_rad sy_dist,0.0
sy_snum st_rad st_teff,0.0
sy_snum st_rad sy_w2mag,0.0
sy_snum st_rad sy_w1mag,0.0
sy_snum st_rad sy_w3mag,0.0
sy_snum st_rad sy_w4mag,0.0
sy_snum st_rad sy_plx,0.0
sy_snum st_rad st_logg,0.0
sy_snum st_rad st_mass,0.0
sy_snum st_rad soltype_Kepler Project Candidate (q1_q17_dr25_koi),-0.0
sy_snum st_rad soltype_Published Confirmed,0.0
sy_snum st_rad pl_tsystemref_BJD,0.0
sy_snum st_rad pl_tsystemref_BJD-TDB,0.0
sy_snum st_rad pl_tsystemref_BJD-UTC,0.0
sy_snum st_rad pl_tsystemref_HJD,0.0
sy_snum st_rad pl_tsystemref_JD,-0.0
sy_snum sy_bmag^2,0.0
sy_snum sy_bmag sy_dist,0.0
sy_snum sy_bmag st_teff,0.0
sy_snum sy_bmag sy_w2mag,0.0
sy_snum sy_bmag sy_w1mag,0.0
sy_snum sy_bmag sy_w3mag,0.0
sy_snum sy_bmag sy_w4mag,0.0
sy_snum sy_bmag sy_plx,-0.0
sy_snum sy_bmag st_logg,0.0
sy_snum sy_bmag st_mass,0.0
sy_snum sy_bmag soltype_Kepler Project Candidate (q1_q17_dr25_koi),-0.0
sy_snum sy_bmag soltype_Published Confirmed,0.0
sy_snum sy_bmag pl_tsystemref_BJD,0.0
sy_snum sy_bmag pl_tsystemref_BJD-TDB,0.0
sy_snum sy_bmag pl_tsystemref_BJD-UTC,-0.0
sy_snum sy_bmag pl_tsystemref_HJD,0.0
sy_snum sy_bmag pl_tsystemref_JD,-0.0
sy_snum sy_dist^2,0.0
sy_snum sy_dist st_teff,0.0
sy_snum sy_dist sy_w2mag,0.0
sy_snum sy_dist sy_w1mag,0.0
sy_snum sy_dist sy_w3mag,0.0
sy_snum sy_dist sy_w4mag,0.0
sy_snum sy_dist sy_plx,0.0
sy_snum sy_dist st_logg,0.0
sy_snum sy_dist st_mass,0.0
sy_snum sy_dist soltype_Kepler Project Candidate (q1_q17_dr25_koi),-0.0
sy_snum sy_dist soltype_Published Confirmed,0.0
sy_snum sy_dist pl_tsystemref_BJD,0.0
sy_snum sy_dist pl_tsystemref_BJD-TDB,0.0
sy_snum sy_dist pl_tsystemref_BJD-UTC,0.0
sy_snum sy_dist pl_tsystemref_HJD,0.0
sy_snum sy_dist pl_tsystemref_JD,-0.0
sy_snum st_teff^2,0.0
sy_snum st_teff sy_w2mag,0.0
sy_snum st_teff sy_w1mag,0.0
sy_snum st_teff sy_w3mag,0.0
sy_snum st_teff sy_w4mag,0.0
sy_snum st_teff sy_plx,-0.0
sy_snum st_teff st_logg,0.0
sy_snum st_teff st_mass,0.0
sy_snum st_teff soltype_Kepler Project Candidate (q1_q17_dr25_koi),-0.0
sy_snum st_teff soltype_Published Confirmed,0.0
sy_snum st_teff pl_tsystemref_BJD,0.0
sy_snum st_teff pl_tsystemref_BJD-TDB,0.0
sy_snum st_teff pl_tsystemref_BJD-UTC,0.0
sy_snum st_teff pl_tsystemref_HJD,0.0
sy_snum st_teff pl_tsystemref_JD,-0.0
sy_snum sy_w2mag^2,0.0
sy_snum sy_w2mag sy_w1mag,0.0
sy_snum sy_w2mag sy_w3mag,0.0
sy_snum sy_w2mag sy_w4mag,0.0
sy_snum sy_w2mag sy_plx,-0.0
sy_snum sy_w2mag st_logg,0.0
sy_snum sy_w2mag st_mass,0.0
sy_snum sy_w2mag soltype_Kepler Project Candidate (q1_q17_dr25_koi),-0.0
sy_snum sy_w2mag soltype_Published Confirmed,0.0
sy_snum sy_w2mag pl_tsystemref_BJD,0.0
sy_snum sy_w2mag pl_tsystemref_BJD-TDB,0.0
sy_snum sy_w2mag pl_tsystemref_BJD-UTC,-0.0
sy_snum sy_w2mag pl_tsystemref_HJD,0.0
sy_snum sy_w2mag pl_tsystemref_JD,-0.0
sy_snum sy_w1mag^2,0.0
sy_snum sy_w1mag sy_w3mag,0.0
sy_snum sy_w1mag sy_w4mag,0.0
sy_snum sy_w1mag sy_plx,-0.0
sy_snum sy_w1mag st_logg,0.0
sy_snum sy_w1mag st_mass,0.0
sy_snum sy_w1mag soltype_Kepler Project Candidate (q1_q17_dr25_koi),-0.0
sy_snum sy_w1mag soltype_Published Confirmed,0.0
sy_snum sy_w1mag pl_tsystemref_BJD,0.0
sy_snum sy_w1mag pl_tsystemref_BJD-TDB,0.0
sy_snum sy_w1mag pl_tsystemref_BJD-UTC,-0.0
sy_snum sy_w1mag pl_tsystemref_HJD,0.0
sy_snum sy_w1mag pl_tsystemref_JD,-0.0
sy_snum sy_w3mag^2,0.0
sy_snum sy_w3mag sy_w4mag,0.0
sy_snum sy_w3mag sy_plx,-0.0
sy_snum sy_w3mag st_logg,0.0
sy_snum sy_w3mag st_mass,0.0
sy_snum sy_w3mag soltype_Kepler Project Candidate (q1_q17_dr25_koi),-0.0
sy_snum sy_w3mag soltype_Published Confirmed,0.0
sy_snum sy_w3mag pl_tsystemref_BJD,0.0
sy_snum sy_w3mag pl_tsystemref_BJD-TDB,0.0
sy_snum sy_w3mag pl_tsystemref_BJD-UTC,-0.0
sy_snum sy_w3mag pl_tsystemref_HJD,0.0
sy_snum sy_w3mag pl_tsystemref_JD,-0.0
sy_snum sy_w4mag^2,0.0
sy_snum sy_w4mag sy_plx,-0.0
sy_snum sy_w4mag st_logg,0.0
sy_snum sy_w4mag st_mass,0.0
sy_snum sy_w4mag soltype_Kepler Project Candidate (q1_q17_dr25_koi),-0.0
sy_snum sy_w4mag soltype_Published Confirmed,0.0
sy_snum sy_w4mag pl_tsystemref_BJD,0.0
sy_snum sy_w4mag pl_tsystemref_BJD-TDB,0.0
sy_snum sy_w4mag pl_tsystemref_BJD-UTC,-0.0
sy_snum sy_w4mag pl_tsystemref_HJD,0.0
sy_snum sy_w4mag pl_tsystemref_JD,-0.0
sy_snum sy_plx^2,-0.0
sy_snum sy_plx st_logg,-0.0
sy_snum sy_plx st_mass,0.0
sy_snum sy_plx soltype_Kepler Project Candidate (q1_q17_dr25_koi),-0.0
sy_snum sy_plx soltype_Published Confirmed,-0.0
sy_snum sy_plx pl_tsystemref_BJD,-0.0
sy_snum sy_plx pl_tsystemref_BJD-TDB,-0.0
sy_snum sy_plx pl_tsystemref_BJD-UTC,-0.0
sy_snum sy_plx pl_tsystemref_HJD,0.0
sy_snum sy_plx pl_tsystemref_JD,-0.0
sy_snum st_logg^2,0.0
sy_snum st_logg st_mass,0.0
sy_snum st_logg soltype_Kepler Project Candidate (q1_q17_dr25_koi),-0.0
sy_snum st_logg soltype_Published Confirmed,0.0
sy_snum st_logg pl_tsystemref_BJD,0.0
sy_snum st_logg pl_tsystemref_BJD-TDB,0.0
sy_snum st_logg pl_tsystemref_BJD-UTC,-0.0
sy_snum st_logg pl_tsystemref_HJD,0.0
sy_snum st_logg pl_tsystemref_JD,-0.0
sy_snum st_mass^2,0.0
sy_snum st_mass soltype_Kepler Project Candidate (q1_q17_dr25_koi),-0.0
sy_snum st_mass soltype_Published Confirmed,0.0
sy_snum st_mass pl_tsystemref_BJD,0.0
sy_snum st_mass pl_tsystemref_BJD-TDB,0.0
sy_snum st_mass pl_tsystemref_BJD-UTC,0.0
sy_snum st_mass pl_tsystemref_HJD,0.0
sy_snum st_mass pl_tsystemref_JD,-0.0
sy_snum soltype_Kepler Project Candidate (q1_q17_dr25_koi)^2,-0.0
sy_snum soltype_Kepler Project Candidate (q1_q17_dr25_koi) soltype_Published Confirmed,0.0
sy_snum soltype_Kepler Project Candidate (q1_q17_dr25_koi) pl_tsystemref_BJD,-0.0
sy_snum soltype_Kepler Project Candidate (q1_q17_dr25_koi) pl_tsystemref_BJD-TDB,0.0
sy_snum soltype_Kepler Project Candidate (q1_q17_dr25_koi) pl_tsystemref_BJD-UTC,0.0
sy_snum soltype_Kepler Project Candidate (q1_q17_dr25_koi) pl_tsystemref_HJD,0.0
sy_snum soltype_Kepler Project Candidate (q1_q17_dr25_koi) pl_tsystemref_JD,0.0
sy_snum soltype_Published Confirmed^2,0.0
sy_snum soltype_Published Confirmed pl_tsystemref_BJD,0.0
sy_snum soltype_Published Confirmed pl_tsystemref_BJD-TDB,0.0
sy_snum soltype_Published Confirmed pl_tsystemref_BJD-UTC,-0.0
sy_snum soltype_Published Confirmed pl_tsystemref_HJD,0.0
sy_snum soltype_Published Confirmed pl_tsystemref_JD,-0.0
sy_snum pl_tsystemref_BJD^2,0.0
sy_snum pl_tsystemref_BJD pl_tsystemref_BJD-TDB,0.0
sy_snum pl_tsystemref_BJD pl_tsystemref_BJD-UTC,0.0
sy_snum pl_tsystemref_BJD pl_tsystemref_HJD,0.0
sy_snum pl_tsystemref_BJD pl_tsystemref_JD,0.0
sy_snum pl_tsystemref_BJD-TDB^2,0.0
sy_snum pl_tsystemref_BJD-TDB pl_tsystemref_BJD-UTC,0.0
sy_snum pl_tsystemref_BJD-TDB pl_tsystemref_HJD,0.0
sy_snum pl_tsystemref_BJD-TDB pl_tsystemref_JD,0.0
sy_snum pl_tsystemref_BJD-UTC^2,-0.0
sy_snum pl_tsystemref_BJD-UTC pl_tsystemref_HJD,0.0
sy_snum pl_tsystemref_BJD-UTC pl_tsystemref_JD,0.0
sy_snum pl_tsystemref_HJD^2,0.0
sy_snum pl_tsystemref_HJD pl_tsystemref_JD,0.0
sy_snum pl_tsystemref_JD^2,-0.0
sy_pnum^3,-0.0
sy_pnum^2 cb_flag,0.0
sy_pnum^2 ttv_flag,0.0
sy_pnum^2 pl_nnotes,-0.0
sy_pnum^2 elon,-0.0
sy_pnum^2 elat,-0.0
sy_pnum^2 glon,-0.0
sy_pnum^2 glat,-0.0
sy_pnum^2 dec,-0.0
sy_pnum^2 ra,-0.0
sy_pnum^2 st_nspec,0.0
sy_pnum^2 pl_nespec,0.0
sy_pnum^2 pl_ntranspec,0.0
sy_pnum^2 pl_ndispec,0.0
sy_pnum^2 release_year,-0.0
sy_pnum^2 st_nphot,0.0
sy_pnum^2 st_nrvc,-0.0
sy_pnum^2 pl_controv_flag,-0.0
sy_pnum^2 disc_year,-0.0
sy_pnum^2 sy_tmag,-0.0
sy_pnum^2 sy_kmag,-0.0
sy_pnum^2 sy_jmag,-0.0
sy_pnum^2 sy_hmag,-0.0
sy_pnum^2 sy_vmag,-0.0
sy_pnum^2 sy_pm,-0.0
sy_pnum^2 sy_pmdec,-0.0
sy_pnum^2 sy_pmra,-0.0
sy_pnum^2 pl_orbper,0.0
sy_pnum^2 sy_gaiamag,-0.0
sy_pnum^2 st_rad,-0.0
sy_pnum^2 sy_bmag,-0.0
sy_pnum^2 sy_dist,-0.0
sy_pnum^2 st_teff,-0.0
sy_pnum^2 sy_w2mag,-0.0
sy_pnum^2 sy_w1mag,-0.0
sy_pnum^2 sy_w3mag,-0.0
sy_pnum^2 sy_w4mag,-0.0
sy_pnum^2 sy_plx,-0.0
sy_pnum^2 st_logg,-0.0
sy_pnum^2 st_mass,-0.0
sy_pnum^2 soltype_Kepler Project Candidate (q1_q17_dr25_koi),-0.0
sy_pnum^2 soltype_Published Confirmed,-0.0
sy_pnum^2 pl_tsystemref_BJD,-0.0
sy_pnum^2 pl_tsystemref_BJD-TDB,-0.0
sy_pnum^2 pl_tsystemref_BJD-UTC,-0.0
sy_pnum^2 pl_tsystemref_HJD,0.0
sy_pnum^2 pl_tsystemref_JD,0.0
sy_pnum cb_flag^2,0.0
sy_pnum cb_flag ttv_flag,0.0
sy_pnum cb_flag pl_nnotes,0.0
sy_pnum cb_flag elon,0.0
sy_pnum cb_flag elat,0.0
sy_pnum cb_flag glon,0.0
sy_pnum cb_flag glat,0.0
sy_pnum cb_flag dec,0.0
sy_pnum cb_flag ra,0.0
sy_pnum cb_flag st_nspec,0.0
sy_pnum cb_flag pl_nespec,0.0
sy_pnum cb_flag pl_ntranspec,0.0
sy_pnum cb_flag pl_ndispec,0.0
sy_pnum cb_flag release_year,0.0
sy_pnum cb_flag st_nphot,0.0
sy_pnum cb_flag st_nrvc,0.0
sy_pnum cb_flag pl_controv_flag,0.0
sy_pnum cb_flag disc_year,0.0
sy_pnum cb_flag sy_tmag,0.0
sy_pnum cb_flag sy_kmag,0.0
sy_pnum cb_flag sy_jmag,0.0
sy_pnum cb_flag sy_hmag,0.0
sy_pnum cb_flag sy_vmag,0.0
sy_pnum cb_flag sy_pm,0.0
sy_pnum cb_flag sy_pmdec,-0.0
sy_pnum cb_flag sy_pmra,0.0
sy_pnum cb_flag pl_orbper,0.0
sy_pnum cb_flag sy_gaiamag,0.0
sy_pnum cb_flag st_rad,0.0
sy_pnum cb_flag sy_bmag,0.0
sy_pnum cb_flag sy_dist,0.0
sy_pnum cb_flag st_teff,0.0
sy_pnum cb_flag sy_w2mag,0.0
sy_pnum cb_flag sy_w1mag,0.0
sy_pnum cb_flag sy_w3mag,0.0
sy_pnum cb_flag sy_w4mag,0.0
sy_pnum cb_flag sy_plx,0.0
sy_pnum cb_flag st_logg,0.0
sy_pnum cb_flag st_mass,0.0
sy_pnum cb_flag soltype_Kepler Project Candidate (q1_q17_dr25_koi),0.0
sy_pnum cb_flag soltype_Published Confirmed,0.0
sy_pnum cb_flag pl_tsystemref_BJD,0.0
sy_pnum cb_flag pl_tsystemref_BJD-TDB,-0.0
sy_pnum cb_flag pl_tsystemref_BJD-UTC,0.0
sy_pnum cb_flag pl_tsystemref_HJD,0.0
sy_pnum cb_flag pl_tsystemref_JD,0.0
sy_pnum ttv_flag^2,0.0
sy_pnum ttv_flag pl_nnotes,0.0
sy_pnum ttv_flag elon,0.0
sy_pnum ttv_flag elat,0.0
sy_pnum ttv_flag glon,0.0
sy_pnum ttv_flag glat,0.0
sy_pnum ttv_flag dec,0.0
sy_pnum ttv_flag ra,0.0
sy_pnum ttv_flag st_nspec,0.0
sy_pnum ttv_flag pl_nespec,0.0
sy_pnum ttv_flag pl_ntranspec,0.0
sy_pnum ttv_flag pl_ndispec,0.0
sy_pnum ttv_flag release_year,0.0
sy_pnum ttv_flag st_nphot,-0.0
sy_pnum ttv_flag st_nrvc,-0.0
sy_pnum ttv_flag pl_controv_flag,-0.0
sy_pnum ttv_flag disc_year,0.0
sy_pnum ttv_flag sy_tmag,0.0
sy_pnum ttv_flag sy_kmag,0.0
sy_pnum ttv_flag sy_jmag,0.0
sy_pnum ttv_flag sy_hmag,0.0
sy_pnum ttv_flag sy_vmag,0.0
sy_pnum ttv_flag sy_pm,0.0
sy_pnum ttv_flag sy_pmdec,-0.0
sy_pnum ttv_flag sy_pmra,0.0
sy_pnum ttv_flag pl_orbper,0.011185901095796843
sy_pnum ttv_flag sy_gaiamag,0.0
sy_pnum ttv_flag st_rad,0.0
sy_pnum ttv_flag sy_bmag,0.0
sy_pnum ttv_flag sy_dist,0.0
sy_pnum ttv_flag st_teff,0.0
sy_pnum ttv_flag sy_w2mag,0.0
sy_pnum ttv_flag sy_w1mag,0.0
sy_pnum ttv_flag sy_w3mag,0.0
sy_pnum ttv_flag sy_w4mag,0.0
sy_pnum ttv_flag sy_plx,0.0
sy_pnum ttv_flag st_logg,0.0
sy_pnum ttv_flag st_mass,0.0
sy_pnum ttv_flag soltype_Kepler Project Candidate (q1_q17_dr25_koi),0.0
sy_pnum ttv_flag soltype_Published Confirmed,0.0
sy_pnum ttv_flag pl_tsystemref_BJD,-0.0
sy_pnum ttv_flag pl_tsystemref_BJD-TDB,0.0
sy_pnum ttv_flag pl_tsystemref_BJD-UTC,0.0
sy_pnum ttv_flag pl_tsystemref_HJD,0.0
sy_pnum ttv_flag pl_tsystemref_JD,0.0
sy_pnum pl_nnotes^2,-0.0
sy_pnum pl_nnotes elon,-0.0
sy_pnum pl_nnotes elat,-0.0
sy_pnum pl_nnotes glon,-0.0
sy_pnum pl_nnotes glat,-0.0
sy_pnum pl_nnotes dec,-0.0
sy_pnum pl_nnotes ra,-0.0
sy_pnum pl_nnotes st_nspec,0.0
sy_pnum pl_nnotes pl_nespec,0.0
sy_pnum pl_nnotes pl_ntranspec,0.0
sy_pnum pl_nnotes pl_ndispec,0.0
sy_pnum pl_nnotes release_year,-0.0
sy_pnum pl_nnotes st_nphot,0.0
sy_pnum pl_nnotes st_nrvc,-0.0
sy_pnum pl_nnotes pl_controv_flag,-0.0
sy_pnum pl_nnotes disc_year,-0.0
sy_pnum pl_nnotes sy_tmag,-0.0
sy_pnum pl_nnotes sy_kmag,-0.0
sy_pnum pl_nnotes sy_jmag,-0.0
sy_pnum pl_nnotes sy_hmag,-0.0
sy_pnum pl_nnotes sy_vmag,-0.0
sy_pnum pl_nnotes sy_pm,-0.0
sy_pnum pl_nnotes sy_pmdec,-0.0
sy_pnum pl_nnotes sy_pmra,-0.0
sy_pnum pl_nnotes pl_orbper,0.0
sy_pnum pl_nnotes sy_gaiamag,-0.0
sy_pnum pl_nnotes st_rad,-0.0
sy_pnum pl_nnotes sy_bmag,-0.0
sy_pnum pl_nnotes sy_dist,0.0
sy_pnum pl_nnotes st_teff,-0.0
sy_pnum pl_nnotes sy_w2mag,-0.0
sy_pnum pl_nnotes sy_w1mag,-0.0
sy_pnum pl_nnotes sy_w3mag,-0.0
sy_pnum pl_nnotes sy_w4mag,-0.0
sy_pnum pl_nnotes sy_plx,-0.0
sy_pnum pl_nnotes st_logg,-0.0
sy_pnum pl_nnotes st_mass,-0.0
sy_pnum pl_nnotes soltype_Kepler Project Candidate (q1_q17_dr25_koi),0.0
sy_pnum pl_nnotes soltype_Published Confirmed,-0.0
sy_pnum pl_nnotes pl_tsystemref_BJD,-0.0
sy_pnum pl_nnotes pl_tsystemref_BJD-TDB,-0.0
sy_pnum pl_nnotes pl_tsystemref_BJD-UTC,-0.0
sy_pnum pl_nnotes pl_tsystemref_HJD,0.0
sy_pnum pl_nnotes pl_tsystemref_JD,-0.0
sy_pnum elon^2,-0.0
sy_pnum elon elat,-0.0
sy_pnum elon glon,-0.0
sy_pnum elon glat,-0.0
sy_pnum elon dec,-0.0
sy_pnum elon ra,-0.0
sy_pnum elon st_nspec,0.0
sy_pnum elon pl_nespec,0.0
sy_pnum elon pl_ntranspec,0.0
sy_pnum elon pl_ndispec,0.0
sy_pnum elon release_year,-0.0
sy_pnum elon st_nphot,0.0
sy_pnum elon st_nrvc,0.0
sy_pnum elon pl_controv_flag,-0.0
sy_pnum elon disc_year,-0.0
sy_pnum elon sy_tmag,-0.0
sy_pnum elon sy_kmag,-0.0
sy_pnum elon sy_jmag,-0.0
sy_pnum elon sy_hmag,-0.0
sy_pnum elon sy_vmag,-0.0
sy_pnum elon sy_pm,-0.0
sy_pnum elon sy_pmdec,-0.0
sy_pnum elon sy_pmra,0.0
sy_pnum elon pl_orbper,0.0
sy_pnum elon sy_gaiamag,-0.0
sy_pnum elon st_rad,-0.0
sy_pnum elon sy_bmag,-0.0
sy_pnum elon sy_dist,-0.0
sy_pnum elon st_teff,-0.0
sy_pnum elon sy_w2mag,-0.0
sy_pnum elon sy_w1mag,-0.0
sy_pnum elon sy_w3mag,-0.0
sy_pnum elon sy_w4mag,-0.0
sy_pnum elon sy_plx,-0.0
sy_pnum elon st_logg,-0.0
sy_pnum elon st_mass,-0.0
sy_pnum elon soltype_Kepler Project Candidate (q1_q17_dr25_koi),-0.0
sy_pnum elon soltype_Published Confirmed,-0.0
sy_pnum elon pl_tsystemref_BJD,-0.0
sy_pnum elon pl_tsystemref_BJD-TDB,-0.0
sy_pnum elon pl_tsystemref_BJD-UTC,-0.0
sy_pnum elon pl_tsystemref_HJD,0.0
sy_pnum elon pl_tsystemref_JD,-0.0
sy_pnum elat^2,-0.0
sy_pnum elat glon,-0.0
sy_pnum elat glat,-0.0
sy_pnum elat dec,-0.0
sy_pnum elat ra,-0.0
sy_pnum elat st_nspec,0.0
sy_pnum elat pl_nespec,0.0
sy_pnum elat pl_ntranspec,0.0
sy_pnum elat pl_ndispec,0.0
sy_pnum elat release_year,-0.0
sy_pnum elat st_nphot,0.0
sy_pnum elat st_nrvc,0.0
sy_pnum elat pl_controv_flag,-0.0
sy_pnum elat disc_year,-0.0
sy_pnum elat sy_tmag,-0.0
sy_pnum elat sy_kmag,-0.0
sy_pnum elat sy_jmag,-0.0
sy_pnum elat sy_hmag,-0.0
sy_pnum elat sy_vmag,-0.0
sy_pnum elat sy_pm,-0.0
sy_pnum elat sy_pmdec,-0.0
sy_pnum elat sy_pmra,0.0
sy_pnum elat pl_orbper,0.0
sy_pnum elat sy_gaiamag,-0.0
sy_pnum elat st_rad,-0.003625743801805052
sy_pnum elat sy_bmag,-0.0
sy_pnum elat sy_dist,-0.0
sy_pnum elat st_teff,-0.0
sy_pnum elat sy_w2mag,-0.0
sy_pnum elat sy_w1mag,-0.0
sy_pnum elat sy_w3mag,-0.0
sy_pnum elat sy_w4mag,-0.0
sy_pnum elat sy_plx,-0.007804707600961285
sy_pnum elat st_logg,-0.0
sy_pnum elat st_mass,-0.0
sy_pnum elat soltype_Kepler Project Candidate (q1_q17_dr25_koi),-0.0
sy_pnum elat soltype_Published Confirmed,-0.0
sy_pnum elat pl_tsystemref_BJD,-0.0
sy_pnum elat pl_tsystemref_BJD-TDB,-0.0
sy_pnum elat pl_tsystemref_BJD-UTC,-0.0
sy_pnum elat pl_tsystemref_HJD,0.0
sy_pnum elat pl_tsystemref_JD,-0.0
sy_pnum glon^2,-0.0
sy_pnum glon glat,-0.0
sy_pnum glon dec,-0.0
sy_pnum glon ra,-0.0
sy_pnum glon st_nspec,0.0
sy_pnum glon pl_nespec,0.0
sy_pnum glon pl_ntranspec,0.0
sy_pnum glon pl_ndispec,0.0
sy_pnum glon release_year,-0.0
sy_pnum glon st_nphot,0.0
sy_pnum glon st_nrvc,0.0
sy_pnum glon pl_controv_flag,-0.0
sy_pnum glon disc_year,-0.0
sy_pnum glon sy_tmag,-0.0
sy_pnum glon sy_kmag,-0.0
sy_pnum glon sy_jmag,-0.0
sy_pnum glon sy_hmag,-0.0
sy_pnum glon sy_vmag,-0.0
sy_pnum glon sy_pm,-0.0
sy_pnum glon sy_pmdec,0.0
sy_pnum glon sy_pmra,-0.0
sy_pnum glon pl_orbper,0.0
sy_pnum glon sy_gaiamag,-0.0
sy_pnum glon st_rad,-0.0
sy_pnum glon sy_bmag,-0.004146654268328767
sy_pnum glon sy_dist,-0.0
sy_pnum glon st_teff,-0.0
sy_pnum glon sy_w2mag,-0.0
sy_pnum glon sy_w1mag,-0.0
sy_pnum glon sy_w3mag,-0.0
sy_pnum glon sy_w4mag,-0.0
sy_pnum glon sy_plx,-0.0
sy_pnum glon st_logg,-0.0
sy_pnum glon st_mass,-0.0
sy_pnum glon soltype_Kepler Project Candidate (q1_q17_dr25_koi),-0.0
sy_pnum glon soltype_Published Confirmed,-0.0
sy_pnum glon pl_tsystemref_BJD,-0.0
sy_pnum glon pl_tsystemref_BJD-TDB,-0.0
sy_pnum glon pl_tsystemref_BJD-UTC,-0.0
sy_pnum glon pl_tsystemref_HJD,0.0
sy_pnum glon pl_tsystemref_JD,-0.0
sy_pnum glat^2,-0.0
sy_pnum glat dec,-0.0
sy_pnum glat ra,-0.0
sy_pnum glat st_nspec,0.0
sy_pnum glat pl_nespec,0.0
sy_pnum glat pl_ntranspec,0.0
sy_pnum glat pl_ndispec,0.0
sy_pnum glat release_year,-0.0
sy_pnum glat st_nphot,0.0
sy_pnum glat st_nrvc,0.0
sy_pnum glat pl_controv_flag,-0.0
sy_pnum glat disc_year,-0.0
sy_pnum glat sy_tmag,-0.0
sy_pnum glat sy_kmag,-0.0
sy_pnum glat sy_jmag,-0.0
sy_pnum glat sy_hmag,-0.0
sy_pnum glat sy_vmag,-0.0
sy_pnum glat sy_pm,-0.0
sy_pnum glat sy_pmdec,0.0
sy_pnum glat sy_pmra,-0.0
sy_pnum glat pl_orbper,0.0
sy_pnum glat sy_gaiamag,-0.0
sy_pnum glat st_rad,-0.0
sy_pnum glat sy_bmag,-0.0
sy_pnum glat sy_dist,-0.0
sy_pnum glat st_teff,-0.0
sy_pnum glat sy_w2mag,-0.0
sy_pnum glat sy_w1mag,-0.0
sy_pnum glat sy_w3mag,-0.0
sy_pnum glat sy_w4mag,-0.0
sy_pnum glat sy_plx,-0.0
sy_pnum glat st_logg,-0.0
sy_pnum glat st_mass,-0.0
sy_pnum glat soltype_Kepler Project Candidate (q1_q17_dr25_koi),-0.0
sy_pnum glat soltype_Published Confirmed,-0.0
sy_pnum glat pl_tsystemref_BJD,-0.0
sy_pnum glat pl_tsystemref_BJD-TDB,-0.0
sy_pnum glat pl_tsystemref_BJD-UTC,-0.0
sy_pnum glat pl_tsystemref_HJD,0.0
sy_pnum glat pl_tsystemref_JD,-0.0
sy_pnum dec^2,-0.0
sy_pnum dec ra,-0.0
sy_pnum dec st_nspec,0.0
sy_pnum dec pl_nespec,0.0
sy_pnum dec pl_ntranspec,0.0
sy_pnum dec pl_ndispec,0.0
sy_pnum dec release_year,-0.0
sy_pnum dec st_nphot,0.0
sy_pnum dec st_nrvc,0.0
sy_pnum dec pl_controv_flag,-0.0
sy_pnum dec disc_year,-0.0
sy_pnum dec sy_tmag,-0.0
sy_pnum dec sy_kmag,-0.0
sy_pnum dec sy_jmag,-0.0
sy_pnum dec sy_hmag,-0.0
sy_pnum dec sy_vmag,-0.0
sy_pnum dec sy_pm,-0.0
sy_pnum dec sy_pmdec,0.0
sy_pnum dec sy_pmra,-0.0
sy_pnum dec pl_orbper,0.0
sy_pnum dec sy_gaiamag,-0.0
sy_pnum dec st_rad,-0.0
sy_pnum dec sy_bmag,-0.0
sy_pnum dec sy_dist,-0.0
sy_pnum dec st_teff,-0.0
sy_pnum dec sy_w2mag,-0.0
sy_pnum dec sy_w1mag,-0.0
sy_pnum dec sy_w3mag,-0.0
sy_pnum dec sy_w4mag,-0.0
sy_pnum dec sy_plx,-0.0
sy_pnum dec st_logg,-0.0
sy_pnum dec st_mass,-0.0
sy_pnum dec soltype_Kepler Project Candidate (q1_q17_dr25_koi),-0.0
sy_pnum dec soltype_Published Confirmed,-0.0
sy_pnum dec pl_tsystemref_BJD,-0.0
sy_pnum dec pl_tsystemref_BJD-TDB,-0.0
sy_pnum dec pl_tsystemref_BJD-UTC,-0.0
sy_pnum dec pl_tsystemref_HJD,0.0
sy_pnum dec pl_tsystemref_JD,-0.0
sy_pnum ra^2,-0.0
sy_pnum ra st_nspec,0.0
sy_pnum ra pl_nespec,0.0
sy_pnum ra pl_ntranspec,0.0
sy_pnum ra pl_ndispec,0.0
sy_pnum ra release_year,-0.0
sy_pnum ra st_nphot,0.0
sy_pnum ra st_nrvc,0.0
sy_pnum ra pl_controv_flag,-0.0
sy_pnum ra disc_year,-0.0
sy_pnum ra sy_tmag,-0.0
sy_pnum ra sy_kmag,-0.0
sy_pnum ra sy_jmag,-0.0
sy_pnum ra sy_hmag,-0.0
sy_pnum ra sy_vmag,-0.0
sy_pnum ra sy_pm,-0.0
sy_pnum ra sy_pmdec,-0.0
sy_pnum ra sy_pmra,0.0
sy_pnum ra pl_orbper,0.0
sy_pnum ra sy_gaiamag,-0.0
sy_pnum ra st_rad,-0.0
sy_pnum ra sy_bmag,-0.0
sy_pnum ra sy_dist,-0.0
sy_pnum ra st_teff,-0.0
sy_pnum ra sy_w2mag,-0.0
sy_pnum ra sy_w1mag,-0.0
sy_pnum ra sy_w3mag,-0.0
sy_pnum ra sy_w4mag,-0.0
sy_pnum ra sy_plx,-0.0
sy_pnum ra st_logg,-0.0
sy_pnum ra st_mass,-0.0
sy_pnum ra soltype_Kepler Project Candidate (q1_q17_dr25_koi),-0.0
sy_pnum ra soltype_Published Confirmed,-0.0
sy_pnum ra pl_tsystemref_BJD,-0.0
sy_pnum ra pl_tsystemref_BJD-TDB,-0.0
sy_pnum ra pl_tsystemref_BJD-UTC,-0.0
sy_pnum ra pl_tsystemref_HJD,0.0
sy_pnum ra pl_tsystemref_JD,-0.0
sy_pnum st_nspec^2,0.0
sy_pnum st_nspec pl_nespec,0.0
sy_pnum st_nspec pl_ntranspec,0.0
sy_pnum st_nspec pl_ndispec,0.0
sy_pnum st_nspec release_year,0.0
sy_pnum st_nspec st_nphot,0.0
sy_pnum st_nspec st_nrvc,0.0
sy_pnum st_nspec pl_controv_flag,0.0
sy_pnum st_nspec disc_year,0.0
sy_pnum st_nspec sy_tmag,0.0
sy_pnum st_nspec sy_kmag,0.0
sy_pnum st_nspec sy_jmag,0.0
sy_pnum st_nspec sy_hmag,0.0
sy_pnum st_nspec sy_vmag,0.0
sy_pnum st_nspec sy_pm,0.0
sy_pnum st_nspec sy_pmdec,-0.0
sy_pnum st_nspec sy_pmra,0.0
sy_pnum st_nspec pl_orbper,0.0
sy_pnum st_nspec sy_gaiamag,0.0
sy_pnum st_nspec st_rad,0.0
sy_pnum st_nspec sy_bmag,0.0
sy_pnum st_nspec sy_dist,0.0
sy_pnum st_nspec st_teff,0.0
sy_pnum st_nspec sy_w2mag,0.0
sy_pnum st_nspec sy_w1mag,0.0
sy_pnum st_nspec sy_w3mag,0.0
sy_pnum st_nspec sy_w4mag,0.0
sy_pnum st_nspec sy_plx,0.0
sy_pnum st_nspec st_logg,0.0
sy_pnum st_nspec st_mass,0.0
sy_pnum st_nspec soltype_Kepler Project Candidate (q1_q17_dr25_koi),0.0
sy_pnum st_nspec soltype_Published Confirmed,0.0
sy_pnum st_nspec pl_tsystemref_BJD,0.0
sy_pnum st_nspec pl_tsystemref_BJD-TDB,0.0
sy_pnum st_nspec pl_tsystemref_BJD-UTC,0.0
sy_pnum st_nspec pl_tsystemref_HJD,0.0
sy_pnum st_nspec pl_tsystemref_JD,0.0
sy_pnum pl_nespec^2,0.0
sy_pnum pl_nespec pl_ntranspec,0.0
sy_pnum pl_nespec pl_ndispec,0.0
sy_pnum pl_nespec release_year,0.0
sy_pnum pl_nespec st_nphot,0.0
sy_pnum pl_nespec st_nrvc,0.0
sy_pnum pl_nespec pl_controv_flag,0.0
sy_pnum pl_nespec disc_year,0.0
sy_pnum pl_nespec sy_tmag,0.0
sy_pnum pl_nespec sy_kmag,0.0
sy_pnum pl_nespec sy_jmag,0.0
sy_pnum pl_nespec sy_hmag,0.0
sy_pnum pl_nespec sy_vmag,0.0
sy_pnum pl_nespec sy_pm,0.0
sy_pnum pl_nespec sy_pmdec,-0.0
sy_pnum pl_nespec sy_pmra,-0.0
sy_pnum pl_nespec pl_orbper,0.0
sy_pnum pl_nespec sy_gaiamag,0.0
sy_pnum pl_nespec st_rad,0.0
sy_pnum pl_nespec sy_bmag,0.0
sy_pnum pl_nespec sy_dist,0.0
sy_pnum pl_nespec st_teff,0.0
sy_pnum pl_nespec sy_w2mag,0.0
sy_pnum pl_nespec sy_w1mag,0.0
sy_pnum pl_nespec sy_w3mag,0.0
sy_pnum pl_nespec sy_w4mag,0.0
sy_pnum pl_nespec sy_plx,0.0
sy_pnum pl_nespec st_logg,0.0
sy_pnum pl_nespec st_mass,0.0
sy_pnum pl_nespec soltype_Kepler Project Candidate (q1_q17_dr25_koi),0.0
sy_pnum pl_nespec soltype_Published Confirmed,0.0
sy_pnum pl_nespec pl_tsystemref_BJD,0.0
sy_pnum pl_nespec pl_tsystemref_BJD-TDB,0.0
sy_pnum pl_nespec pl_tsystemref_BJD-UTC,0.0
sy_pnum pl_nespec pl_tsystemref_HJD,0.0
sy_pnum pl_nespec pl_tsystemref_JD,0.0
sy_pnum pl_ntranspec^2,0.0
sy_pnum pl_ntranspec pl_ndispec,0.0
sy_pnum pl_ntranspec release_year,0.0
sy_pnum pl_ntranspec st_nphot,0.0
sy_pnum pl_ntranspec st_nrvc,-0.0
sy_pnum pl_ntranspec pl_controv_flag,0.0
sy_pnum pl_ntranspec disc_year,0.0
sy_pnum pl_ntranspec sy_tmag,0.0
sy_pnum pl_ntranspec sy_kmag,0.0
sy_pnum pl_ntranspec sy_jmag,0.0
sy_pnum pl_ntranspec sy_hmag,0.0
sy_pnum pl_ntranspec sy_vmag,0.0
sy_pnum pl_ntranspec sy_pm,0.0
sy_pnum pl_ntranspec sy_pmdec,0.0
sy_pnum pl_ntranspec sy_pmra,-0.0
sy_pnum pl_ntranspec pl_orbper,0.0
sy_pnum pl_ntranspec sy_gaiamag,0.0
sy_pnum pl_ntranspec st_rad,0.0
sy_pnum pl_ntranspec sy_bmag,0.0
sy_pnum pl_ntranspec sy_dist,0.0
sy_pnum pl_ntranspec st_teff,0.0
sy_pnum pl_ntranspec sy_w2mag,0.0
sy_pnum pl_ntranspec sy_w1mag,0.0
sy_pnum pl_ntranspec sy_w3mag,0.0
sy_pnum pl_ntranspec sy_w4mag,0.0
sy_pnum pl_ntranspec sy_plx,0.0
sy_pnum pl_ntranspec st_logg,0.0
sy_pnum pl_ntranspec st_mass,0.0
sy_pnum pl_ntranspec soltype_Kepler Project Candidate (q1_q17_dr25_koi),0.0
sy_pnum pl_ntranspec soltype_Published Confirmed,0.0
sy_pnum pl_ntranspec pl_tsystemref_BJD,0.0
sy_pnum pl_ntranspec pl_tsystemref_BJD-TDB,0.0
sy_pnum pl_ntranspec pl_tsystemref_BJD-UTC,0.0
sy_pnum pl_ntranspec pl_tsystemref_HJD,0.0
sy_pnum pl_ntranspec pl_tsystemref_JD,0.0
sy_pnum pl_ndispec^2,0.0
sy_pnum pl_ndispec release_year,0.0
sy_pnum pl_ndispec st_nphot,0.0
sy_pnum pl_ndispec st_nrvc,0.0
sy_pnum pl_ndispec pl_controv_flag,0.0
sy_pnum pl_ndispec disc_year,0.0
sy_pnum pl_ndispec sy_tmag,0.0
sy_pnum pl_ndispec sy_kmag,0.0
sy_pnum pl_ndispec sy_jmag,0.0
sy_pnum pl_ndispec sy_hmag,0.0
sy_pnum pl_ndispec sy_vmag,0.0
sy_pnum pl_ndispec sy_pm,0.0
sy_pnum pl_ndispec sy_pmdec,0.0
sy_pnum pl_ndispec sy_pmra,0.0
sy_pnum pl_ndispec pl_orbper,0.0
sy_pnum pl_ndispec sy_gaiamag,0.0
sy_pnum pl_ndispec st_rad,0.0
sy_pnum pl_ndispec sy_bmag,0.0
sy_pnum pl_ndispec sy_dist,0.0
sy_pnum pl_ndispec st_teff,0.0
sy_pnum pl_ndispec sy_w2mag,0.0
sy_pnum pl_ndispec sy_w1mag,0.0
sy_pnum pl_ndispec sy_w3mag,0.0
sy_pnum pl_ndispec sy_w4mag,0.0
sy_pnum pl_ndispec sy_plx,0.0
sy_pnum pl_ndispec st_logg,0.0
sy_pnum pl_ndispec st_mass,0.0
sy_pnum pl_ndispec soltype_Kepler Project Candidate (q1_q17_dr25_koi),0.0
sy_pnum pl_ndispec soltype_Published Confirmed,0.0
sy_pnum pl_ndispec pl_tsystemref_BJD,0.0
sy_pnum pl_ndispec pl_tsystemref_BJD-TDB,0.0
sy_pnum pl_ndispec pl_tsystemref_BJD-UTC,0.0
sy_pnum pl_ndispec pl_tsystemref_HJD,0.0
sy_pnum pl_ndispec pl_tsystemref_JD,0.0
sy_pnum release_year^2,-0.0
sy_pnum release_year st_nphot,0.0
sy_pnum release_year st_nrvc,0.0
sy_pnum release_year pl_controv_flag,-0.0
sy_pnum release_year disc_year,-0.0
sy_pnum release_year sy_tmag,-0.0
sy_pnum release_year sy_kmag,-0.0
sy_pnum release_year sy_jmag,-0.0
sy_pnum release_year sy_hmag,-0.0
sy_pnum release_year sy_vmag,-0.0
sy_pnum release_year sy_pm,-0.0
sy_pnum release_year sy_pmdec,-0.0
sy_pnum release_year sy_pmra,-0.0
sy_pnum release_year pl_orbper,0.0
sy_pnum release_year sy_gaiamag,-0.0
sy_pnum release_year st_rad,-0.0
sy_pnum release_year sy_bmag,-0.0
sy_pnum release_year sy_dist,-0.0
sy_pnum release_year st_teff,-0.0
sy_pnum release_year sy_w2mag,-0.0
sy_pnum release_year sy_w1mag,-0.0
sy_pnum release_year sy_w3mag,-0.0
sy_pnum release_year sy_w4mag,-0.0
sy_pnum release_year sy_plx,-0.0
sy_pnum release_year st_logg,-0.0
sy_pnum release_year st_mass,-0.0
sy_pnum release_year soltype_Kepler Project Candidate (q1_q17_dr25_koi),-0.0
sy_pnum release_year soltype_Published Confirmed,-0.0
sy_pnum release_year pl_tsystemref_BJD,-0.0
sy_pnum release_year pl_tsystemref_BJD-TDB,-0.0
sy_pnum release_year pl_tsystemref_BJD-UTC,-0.0
sy_pnum release_year pl_tsystemref_HJD,0.0
sy_pnum release_year pl_tsystemref_JD,-0.0
sy_pnum st_nphot^2,0.0
sy_pnum st_nphot st_nrvc,0.0
sy_pnum st_nphot pl_controv_flag,0.0
sy_pnum st_nphot disc_year,0.0
sy_pnum st_nphot sy_tmag,0.0
sy_pnum st_nphot sy_kmag,0.0
sy_pnum st_nphot sy_jmag,0.0
sy_pnum st_nphot sy_hmag,0.0
sy_pnum st_nphot sy_vmag,0.0
sy_pnum st_nphot sy_pm,0.0
sy_pnum st_nphot sy_pmdec,-0.0
sy_pnum st_nphot sy_pmra,-0.0
sy_pnum st_nphot pl_orbper,0.0
sy_pnum st_nphot sy_gaiamag,0.0
sy_pnum st_nphot st_rad,0.0
sy_pnum st_nphot sy_bmag,0.0
sy_pnum st_nphot sy_dist,0.0
sy_pnum st_nphot st_teff,0.0
sy_pnum st_nphot sy_w2mag,0.0
sy_pnum st_nphot sy_w1mag,0.0
sy_pnum st_nphot sy_w3mag,0.0
sy_pnum st_nphot sy_w4mag,0.0
sy_pnum st_nphot sy_plx,0.0
sy_pnum st_nphot st_logg,0.0
sy_pnum st_nphot st_mass,0.0
sy_pnum st_nphot soltype_Kepler Project Candidate (q1_q17_dr25_koi),0.0
sy_pnum st_nphot soltype_Published Confirmed,0.0
sy_pnum st_nphot pl_tsystemref_BJD,0.0
sy_pnum st_nphot pl_tsystemref_BJD-TDB,0.0
sy_pnum st_nphot pl_tsystemref_BJD-UTC,0.0
sy_pnum st_nphot pl_tsystemref_HJD,-0.0
sy_pnum st_nphot pl_tsystemref_JD,0.0
sy_pnum st_nrvc^2,0.0
sy_pnum st_nrvc pl_controv_flag,0.0
sy_pnum st_nrvc disc_year,0.0
sy_pnum st_nrvc sy_tmag,0.0
sy_pnum st_nrvc sy_kmag,0.0
sy_pnum st_nrvc sy_jmag,0.0
sy_pnum st_nrvc sy_hmag,0.0
sy_pnum st_nrvc sy_vmag,0.0
sy_pnum st_nrvc sy_pm,-0.0
sy_pnum st_nrvc sy_pmdec,-0.0
sy_pnum st_nrvc sy_pmra,0.0
sy_pnum st_nrvc pl_orbper,-0.0
sy_pnum st_nrvc sy_gaiamag,0.0
sy_pnum st_nrvc st_rad,0.0
sy_pnum st_nrvc sy_bmag,0.0
sy_pnum st_nrvc sy_dist,0.0
sy_pnum st_nrvc st_teff,0.0
sy_pnum st_nrvc sy_w2mag,0.0
sy_pnum st_nrvc sy_w1mag,0.0
sy_pnum st_nrvc sy_w3mag,0.0
sy_pnum st_nrvc sy_w4mag,0.0
sy_pnum st_nrvc sy_plx,-0.0
sy_pnum st_nrvc st_logg,0.0
sy_pnum st_nrvc st_mass,0.0
sy_pnum st_nrvc soltype_Kepler Project Candidate (q1_q17_dr25_koi),0.0
sy_pnum st_nrvc soltype_Published Confirmed,0.0
sy_pnum st_nrvc pl_tsystemref_BJD,0.0
sy_pnum st_nrvc pl_tsystemref_BJD-TDB,-0.0
sy_pnum st_nrvc pl_tsystemref_BJD-UTC,0.0
sy_pnum st_nrvc pl_tsystemref_HJD,0.0
sy_pnum st_nrvc pl_tsystemref_JD,0.0
sy_pnum pl_controv_flag^2,-0.0
sy_pnum pl_controv_flag disc_year,-0.0
sy_pnum pl_controv_flag sy_tmag,-0.0
sy_pnum pl_controv_flag sy_kmag,-0.0
sy_pnum pl_controv_flag sy_jmag,-0.0
sy_pnum pl_controv_flag sy_hmag,-0.0
sy_pnum pl_controv_flag sy_vmag,-0.0
sy_pnum pl_controv_flag sy_pm,-0.0
sy_pnum pl_controv_flag sy_pmdec,0.0
sy_pnum pl_controv_flag sy_pmra,-0.0
sy_pnum pl_controv_flag pl_orbper,-0.0
sy_pnum pl_controv_flag sy_gaiamag,-0.0
sy_pnum pl_controv_flag st_rad,-0.0
sy_pnum pl_controv_flag sy_bmag,-0.0
sy_pnum pl_controv_flag sy_dist,0.0
sy_pnum pl_controv_flag st_teff,-0.0
sy_pnum pl_controv_flag sy_w2mag,-0.0
sy_pnum pl_controv_flag sy_w1mag,-0.0
sy_pnum pl_controv_flag sy_w3mag,-0.0
sy_pnum pl_controv_flag sy_w4mag,-0.0
sy_pnum pl_controv_flag sy_plx,-0.0
sy_pnum pl_controv_flag st_logg,-0.0
sy_pnum pl_controv_flag st_mass,-0.0
sy_pnum pl_controv_flag soltype_Kepler Project Candidate (q1_q17_dr25_koi),0.0
sy_pnum pl_controv_flag soltype_Published Confirmed,-0.0
sy_pnum pl_controv_flag pl_tsystemref_BJD,-0.0
sy_pnum pl_controv_flag pl_tsystemref_BJD-TDB,0.0
sy_pnum pl_controv_flag pl_tsystemref_BJD-UTC,-0.0
sy_pnum pl_controv_flag pl_tsystemref_HJD,0.0
sy_pnum pl_controv_flag pl_tsystemref_JD,0.0
sy_pnum disc_year^2,-0.0
sy_pnum disc_year sy_tmag,-0.0
sy_pnum disc_year sy_kmag,-0.0
sy_pnum disc_year sy_jmag,-0.0
sy_pnum disc_year sy_hmag,-0.0
sy_pnum disc_year sy_vmag,-0.0
sy_pnum disc_year sy_pm,-0.0
sy_pnum disc_year sy_pmdec,-0.0
sy_pnum disc_year sy_pmra,-0.0
sy_pnum disc_year pl_orbper,0.0
sy_pnum disc_year sy_gaiamag,-0.0
sy_pnum disc_year st_rad,-0.0
sy_pnum disc_year sy_bmag,-0.0
sy_pnum disc_year sy_dist,-0.0
sy_pnum disc_year st_teff,-0.0
sy_pnum disc_year sy_w2mag,-0.0
sy_pnum disc_year sy_w1mag,-0.0
sy_pnum disc_year sy_w3mag,-0.0
sy_pnum disc_year sy_w4mag,-0.0
sy_pnum disc_year sy_plx,-0.0
sy_pnum disc_year st_logg,-0.0
sy_pnum disc_year st_mass,-0.0
sy_pnum disc_year soltype_Kepler Project Candidate (q1_q17_dr25_koi),-0.0
sy_pnum disc_year soltype_Published Confirmed,-0.0
sy_pnum disc_year pl_tsystemref_BJD,-0.0
sy_pnum disc_year pl_tsystemref_BJD-TDB,-0.0
sy_pnum disc_year pl_tsystemref_BJD-UTC,-0.0
sy_pnum disc_year pl_tsystemref_HJD,0.0
sy_pnum disc_year pl_tsystemref_JD,-0.0
sy_pnum sy_tmag^2,-0.0
sy_pnum sy_tmag sy_kmag,-0.0
sy_pnum sy_tmag sy_jmag,-0.0
sy_pnum sy_tmag sy_hmag,-0.0
sy_pnum sy_tmag sy_vmag,-0.0
sy_pnum sy_tmag sy_pm,-0.0
sy_pnum sy_tmag sy_pmdec,-0.0
sy_pnum sy_tmag sy_pmra,0.0
sy_pnum sy_tmag pl_orbper,0.0
sy_pnum sy_tmag sy_gaiamag,-0.0
sy_pnum sy_tmag st_rad,-0.0
sy_pnum sy_tmag sy_bmag,-0.0
sy_pnum sy_tmag sy_dist,-0.0
sy_pnum sy_tmag st_teff,-0.0
sy_pnum sy_tmag sy_w2mag,-0.0
sy_pnum sy_tmag sy_w1mag,-0.0
sy_pnum sy_tmag sy_w3mag,-0.0
sy_pnum sy_tmag sy_w4mag,-0.0
sy_pnum sy_tmag sy_plx,-0.0
sy_pnum sy_tmag st_logg,-0.0
sy_pnum sy_tmag st_mass,-0.0
sy_pnum sy_tmag soltype_Kepler Project Candidate (q1_q17_dr25_koi),-0.0
sy_pnum sy_tmag soltype_Published Confirmed,-0.0
sy_pnum sy_tmag pl_tsystemref_BJD,-0.0
sy_pnum sy_tmag pl_tsystemref_BJD-TDB,-0.0
sy_pnum sy_tmag pl_tsystemref_BJD-UTC,-0.0
sy_pnum sy_tmag pl_tsystemref_HJD,0.0
sy_pnum sy_tmag pl_tsystemref_JD,0.0
sy_pnum sy_kmag^2,-0.0
sy_pnum sy_kmag sy_jmag,-0.0
sy_pnum sy_kmag sy_hmag,-0.0
sy_pnum sy_kmag sy_vmag,-0.0
sy_pnum sy_kmag sy_pm,-0.0
sy_pnum sy_kmag sy_pmdec,-0.0
sy_pnum sy_kmag sy_pmra,-0.0
sy_pnum sy_kmag pl_orbper,0.0
sy_pnum sy_kmag sy_gaiamag,-0.0
sy_pnum sy_kmag st_rad,-0.0
sy_pnum sy_kmag sy_bmag,-0.0
sy_pnum sy_kmag sy_dist,-0.0
sy_pnum sy_kmag st_teff,-0.0
sy_pnum sy_kmag sy_w2mag,-0.0
sy_pnum sy_kmag sy_w1mag,-0.0
sy_pnum sy_kmag sy_w3mag,-0.0
sy_pnum sy_kmag sy_w4mag,-0.0
sy_pnum sy_kmag sy_plx,-0.0
sy_pnum sy_kmag st_logg,-0.0
sy_pnum sy_kmag st_mass,-0.0
sy_pnum sy_kmag soltype_Kepler Project Candidate (q1_q17_dr25_koi),-0.0
sy_pnum sy_kmag soltype_Published Confirmed,-0.0
sy_pnum sy_kmag pl_tsystemref_BJD,-0.0
sy_pnum sy_kmag pl_tsystemref_BJD-TDB,-0.0
sy_pnum sy_kmag pl_tsystemref_BJD-UTC,-0.0
sy_pnum sy_kmag pl_tsystemref_HJD,0.0
sy_pnum sy_kmag pl_tsystemref_JD,0.0
sy_pnum sy_jmag^2,-0.0
sy_pnum sy_jmag sy_hmag,-0.0
sy_pnum sy_jmag sy_vmag,-0.0
sy_pnum sy_jmag sy_pm,-0.0
sy_pnum sy_jmag sy_pmdec,-0.0
sy_pnum sy_jmag sy_pmra,0.0
sy_pnum sy_jmag pl_orbper,0.0
sy_pnum sy_jmag sy_gaiamag,-0.0
sy_pnum sy_jmag st_rad,-0.0
sy_pnum sy_jmag sy_bmag,-0.0
sy_pnum sy_jmag sy_dist,-0.0
sy_pnum sy_jmag st_teff,-0.0
sy_pnum sy_jmag sy_w2mag,-0.0
sy_pnum sy_jmag sy_w1mag,-0.0
sy_pnum sy_jmag sy_w3mag,-0.0
sy_pnum sy_jmag sy_w4mag,-0.0
sy_pnum sy_jmag sy_plx,-0.0
sy_pnum sy_jmag st_logg,-0.0
sy_pnum sy_jmag st_mass,-0.0
sy_pnum sy_jmag soltype_Kepler Project Candidate (q1_q17_dr25_koi),-0.0
sy_pnum sy_jmag soltype_Published Confirmed,-0.0
sy_pnum sy_jmag pl_tsystemref_BJD,-0.0
sy_pnum sy_jmag pl_tsystemref_BJD-TDB,-0.0
sy_pnum sy_jmag pl_tsystemref_BJD-UTC,-0.0
sy_pnum sy_jmag pl_tsystemref_HJD,0.0
sy_pnum sy_jmag pl_tsystemref_JD,0.0
sy_pnum sy_hmag^2,-0.0
sy_pnum sy_hmag sy_vmag,-0.0
sy_pnum sy_hmag sy_pm,-0.0
sy_pnum sy_hmag sy_pmdec,-0.0
sy_pnum sy_hmag sy_pmra,-0.0
sy_pnum sy_hmag pl_orbper,0.0
sy_pnum sy_hmag sy_gaiamag,-0.0
sy_pnum sy_hmag st_rad,-0.0
sy_pnum sy_hmag sy_bmag,-0.0
sy_pnum sy_hmag sy_dist,-0.0
sy_pnum sy_hmag st_teff,-0.0
sy_pnum sy_hmag sy_w2mag,-0.0
sy_pnum sy_hmag sy_w1mag,-0.0
sy_pnum sy_hmag sy_w3mag,-0.0
sy_pnum sy_hmag sy_w4mag,-0.0
sy_pnum sy_hmag sy_plx,-0.0
sy_pnum sy_hmag st_logg,-0.0
sy_pnum sy_hmag st_mass,-0.0
sy_pnum sy_hmag soltype_Kepler Project Candidate (q1_q17_dr25_koi),-0.0
sy_pnum sy_hmag soltype_Published Confirmed,-0.0
sy_pnum sy_hmag pl_tsystemref_BJD,-0.0
sy_pnum sy_hmag pl_tsystemref_BJD-TDB,-0.0
sy_pnum sy_hmag pl_tsystemref_BJD-UTC,-0.0
sy_pnum sy_hmag pl_tsystemref_HJD,0.0
sy_pnum sy_hmag pl_tsystemref_JD,0.0
sy_pnum sy_vmag^2,-0.0
sy_pnum sy_vmag sy_pm,-0.0
sy_pnum sy_vmag sy_pmdec,-0.0
sy_pnum sy_vmag sy_pmra,0.0
sy_pnum sy_vmag pl_orbper,0.0
sy_pnum sy_vmag sy_gaiamag,-0.0
sy_pnum sy_vmag st_rad,-0.0
sy_pnum sy_vmag sy_bmag,-0.0
sy_pnum sy_vmag sy_dist,-0.0
sy_pnum sy_vmag st_teff,-0.0
sy_pnum sy_vmag sy_w2mag,-0.0
sy_pnum sy_vmag sy_w1mag,-0.0
sy_pnum sy_vmag sy_w3mag,-0.0
sy_pnum sy_vmag sy_w4mag,-0.0
sy_pnum sy_vmag sy_plx,-0.0
sy_pnum sy_vmag st_logg,-0.0
sy_pnum sy_vmag st_mass,-0.0
sy_pnum sy_vmag soltype_Kepler Project Candidate (q1_q17_dr25_koi),-0.0
sy_pnum sy_vmag soltype_Published Confirmed,-0.0
sy_pnum sy_vmag pl_tsystemref_BJD,-0.0
sy_pnum sy_vmag pl_tsystemref_BJD-TDB,-0.0
sy_pnum sy_vmag pl_tsystemref_BJD-UTC,-0.0
sy_pnum sy_vmag pl_tsystemref_HJD,0.0
sy_pnum sy_vmag pl_tsystemref_JD,0.0
sy_pnum sy_pm^2,0.0
sy_pnum sy_pm sy_pmdec,-0.0
sy_pnum sy_pm sy_pmra,-0.0
sy_pnum sy_pm pl_orbper,0.0
sy_pnum sy_pm sy_gaiamag,-0.0
sy_pnum sy_pm st_rad,-0.0
sy_pnum sy_pm sy_bmag,-0.0
sy_pnum sy_pm sy_dist,-0.011927027084244044
sy_pnum sy_pm st_teff,-0.0
sy_pnum sy_pm sy_w2mag,-0.0
sy_pnum sy_pm sy_w1mag,-0.0
sy_pnum sy_pm sy_w3mag,-0.0
sy_pnum sy_pm sy_w4mag,-0.0
sy_pnum sy_pm sy_plx,-0.0
sy_pnum sy_pm st_logg,-0.0
sy_pnum sy_pm st_mass,-0.0
sy_pnum sy_pm soltype_Kepler Project Candidate (q1_q17_dr25_koi),-0.0
sy_pnum sy_pm soltype_Published Confirmed,-0.0
sy_pnum sy_pm pl_tsystemref_BJD,-0.0
sy_pnum sy_pm pl_tsystemref_BJD-TDB,-0.0
sy_pnum sy_pm pl_tsystemref_BJD-UTC,-0.0
sy_pnum sy_pm pl_tsystemref_HJD,0.0
sy_pnum sy_pm pl_tsystemref_JD,-0.0
sy_pnum sy_pmdec^2,0.0
sy_pnum sy_pmdec sy_pmra,0.0
sy_pnum sy_pmdec pl_orbper,0.0
sy_pnum sy_pmdec sy_gaiamag,-0.0
sy_pnum sy_pmdec st_rad,-0.0
sy_pnum sy_pmdec sy_bmag,-0.0
sy_pnum sy_pmdec sy_dist,-0.0
sy_pnum sy_pmdec st_teff,-0.0
sy_pnum sy_pmdec sy_w2mag,-0.0
sy_pnum sy_pmdec sy_w1mag,-0.0
sy_pnum sy_pmdec sy_w3mag,-0.0
sy_pnum sy_pmdec sy_w4mag,-0.0
sy_pnum sy_pmdec sy_plx,-0.0
sy_pnum sy_pmdec st_logg,-0.0
sy_pnum sy_pmdec st_mass,-0.0
sy_pnum sy_pmdec soltype_Kepler Project Candidate (q1_q17_dr25_koi),0.0
sy_pnum sy_pmdec soltype_Published Confirmed,-0.0
sy_pnum sy_pmdec pl_tsystemref_BJD,-0.0
sy_pnum sy_pmdec pl_tsystemref_BJD-TDB,0.0
sy_pnum sy_pmdec pl_tsystemref_BJD-UTC,-0.0
sy_pnum sy_pmdec pl_tsystemref_HJD,-0.0
sy_pnum sy_pmdec pl_tsystemref_JD,-0.0
sy_pnum sy_pmra^2,-0.0
sy_pnum sy_pmra pl_orbper,-0.0
sy_pnum sy_pmra sy_gaiamag,0.0
sy_pnum sy_pmra st_rad,-0.0
sy_pnum sy_pmra sy_bmag,0.0
sy_pnum sy_pmra sy_dist,-0.0
sy_pnum sy_pmra st_teff,-0.0
sy_pnum sy_pmra sy_w2mag,-0.0
sy_pnum sy_pmra sy_w1mag,-0.0
sy_pnum sy_pmra sy_w3mag,0.0
sy_pnum sy_pmra sy_w4mag,-0.0
sy_pnum sy_pmra sy_plx,-0.0
sy_pnum sy_pmra st_logg,-0.0
sy_pnum sy_pmra st_mass,-0.0
sy_pnum sy_pmra soltype_Kepler Project Candidate (q1_q17_dr25_koi),0.0
sy_pnum sy_pmra soltype_Published Confirmed,-0.0
sy_pnum sy_pmra pl_tsystemref_BJD,0.0
sy_pnum sy_pmra pl_tsystemref_BJD-TDB,-0.0
sy_pnum sy_pmra pl_tsystemref_BJD-UTC,-0.0
sy_pnum sy_pmra pl_tsystemref_HJD,-0.0
sy_pnum sy_pmra pl_tsystemref_JD,-0.0
sy_pnum pl_orbper^2,0.0
sy_pnum pl_orbper sy_gaiamag,0.0
sy_pnum pl_orbper st_rad,0.0
sy_pnum pl_orbper sy_bmag,0.0
sy_pnum pl_orbper sy_dist,0.0
sy_pnum pl_orbper st_teff,0.0
sy_pnum pl_orbper sy_w2mag,0.0
sy_pnum pl_orbper sy_w1mag,0.0
sy_pnum pl_orbper sy_w3mag,0.0
sy_pnum pl_orbper sy_w4mag,0.0
sy_pnum pl_orbper sy_plx,0.0
sy_pnum pl_orbper st_logg,0.0
sy_pnum pl_orbper st_mass,0.006723948217192341
sy_pnum pl_orbper soltype_Kepler Project Candidate (q1_q17_dr25_koi),0.0
sy_pnum pl_orbper soltype_Published Confirmed,0.0
sy_pnum pl_orbper pl_tsystemref_BJD,0.0
sy_pnum pl_orbper pl_tsystemref_BJD-TDB,0.0
sy_pnum pl_orbper pl_tsystemref_BJD-UTC,-0.0
sy_pnum pl_orbper pl_tsystemref_HJD,0.0
sy_pnum pl_orbper pl_tsystemref_JD,0.01348036782721953
sy_pnum sy_gaiamag^2,-0.0
sy_pnum sy_gaiamag st_rad,-0.0
sy_pnum sy_gaiamag sy_bmag,-0.0
sy_pnum sy_gaiamag sy_dist,-0.0
sy_pnum sy_gaiamag st_teff,-0.0
sy_pnum sy_gaiamag sy_w2mag,-0.0
sy_pnum sy_gaiamag sy_w1mag,-0.0
sy_pnum sy_gaiamag sy_w3mag,-0.0
sy_pnum sy_gaiamag sy_w4mag,-0.0
sy_pnum sy_gaiamag sy_plx,-0.0
sy_pnum sy_gaiamag st_logg,-0.0
sy_pnum sy_gaiamag st_mass,-0.0
sy_pnum sy_gaiamag soltype_Kepler Project Candidate (q1_q17_dr25_koi),-0.0
sy_pnum sy_gaiamag soltype_Published Confirmed,-0.0
sy_pnum sy_gaiamag pl_tsystemref_BJD,-0.0
sy_pnum sy_gaiamag pl_tsystemref_BJD-TDB,-0.0
sy_pnum sy_gaiamag pl_tsystemref_BJD-UTC,-0.0
sy_pnum sy_gaiamag pl_tsystemref_HJD,0.0
sy_pnum sy_gaiamag pl_tsystemref_JD,0.0
sy_pnum st_rad^2,-0.0
sy_pnum st_rad sy_bmag,-0.0
sy_pnum st_rad sy_dist,-0.0
sy_pnum st_rad st_teff,-0.0
sy_pnum st_rad sy_w2mag,-0.0
sy_pnum st_rad sy_w1mag,-0.0
sy_pnum st_rad sy_w3mag,-0.0
sy_pnum st_rad sy_w4mag,-0.0
sy_pnum st_rad sy_plx,-0.0
sy_pnum st_rad st_logg,-0.0
sy_pnum st_rad st_mass,-0.0
sy_pnum st_rad soltype_Kepler Project Candidate (q1_q17_dr25_koi),-0.0
sy_pnum st_rad soltype_Published Confirmed,-0.0
sy_pnum st_rad pl_tsystemref_BJD,-0.0
sy_pnum st_rad pl_tsystemref_BJD-TDB,-0.0
sy_pnum st_rad pl_tsystemref_BJD-UTC,0.0
sy_pnum st_rad pl_tsystemref_HJD,0.0
sy_pnum st_rad pl_tsystemref_JD,-0.0
sy_pnum sy_bmag^2,-0.0
sy_pnum sy_bmag sy_dist,-0.0
sy_pnum sy_bmag st_teff,-0.0
sy_pnum sy_bmag sy_w2mag,-0.0
sy_pnum sy_bmag sy_w1mag,-0.0
sy_pnum sy_bmag sy_w3mag,-0.0
sy_pnum sy_bmag sy_w4mag,-0.0
sy_pnum sy_bmag sy_plx,-0.002092026277435618
sy_pnum sy_bmag st_logg,-0.0
sy_pnum sy_bmag st_mass,-0.0
sy_pnum sy_bmag soltype_Kepler Project Candidate (q1_q17_dr25_koi),-0.0
sy_pnum sy_bmag soltype_Published Confirmed,-0.0
sy_pnum sy_bmag pl_tsystemref_BJD,-0.0
sy_pnum sy_bmag pl_tsystemref_BJD-TDB,-0.0
sy_pnum sy_bmag pl_tsystemref_BJD-UTC,-0.0
sy_pnum sy_bmag pl_tsystemref_HJD,0.0
sy_pnum sy_bmag pl_tsystemref_JD,0.0
sy_pnum sy_dist^2,-0.0
sy_pnum sy_dist st_teff,-0.0
sy_pnum sy_dist sy_w2mag,-0.0
sy_pnum sy_dist sy_w1mag,-0.0
sy_pnum sy_dist sy_w3mag,-0.0
sy_pnum sy_dist sy_w4mag,-0.0
sy_pnum sy_dist sy_plx,-0.0
sy_pnum sy_dist st_logg,-0.0
sy_pnum sy_dist st_mass,-0.0
sy_pnum sy_dist soltype_Kepler Project Candidate (q1_q17_dr25_koi),-0.0
sy_pnum sy_dist soltype_Published Confirmed,-0.0
sy_pnum sy_dist pl_tsystemref_BJD,-0.0
sy_pnum sy_dist pl_tsystemref_BJD-TDB,-0.0
sy_pnum sy_dist pl_tsystemref_BJD-UTC,0.0
sy_pnum sy_dist pl_tsystemref_HJD,0.0
sy_pnum sy_dist pl_tsystemref_JD,0.0
sy_pnum st_teff^2,-0.0
sy_pnum st_teff sy_w2mag,-0.0
sy_pnum st_teff sy_w1mag,-0.0
sy_pnum st_teff sy_w3mag,-0.0
sy_pnum st_teff sy_w4mag,-0.0
sy_pnum st_teff sy_plx,-0.0
sy_pnum st_teff st_logg,-0.0
sy_pnum st_teff st_mass,-0.0
sy_pnum st_teff soltype_Kepler Project Candidate (q1_q17_dr25_koi),-0.0
sy_pnum st_teff soltype_Published Confirmed,-0.0
sy_pnum st_teff pl_tsystemref_BJD,-0.0
sy_pnum st_teff pl_tsystemref_BJD-TDB,-0.0
sy_pnum st_teff pl_tsystemref_BJD-UTC,0.0
sy_pnum st_teff pl_tsystemref_HJD,0.0
sy_pnum st_teff pl_tsystemref_JD,-0.0
sy_pnum sy_w2mag^2,-0.0
sy_pnum sy_w2mag sy_w1mag,-0.0
sy_pnum sy_w2mag sy_w3mag,-0.0
sy_pnum sy_w2mag sy_w4mag,-0.0
sy_pnum sy_w2mag sy_plx,-0.0
sy_pnum sy_w2mag st_logg,-0.0
sy_pnum sy_w2mag st_mass,-0.0
sy_pnum sy_w2mag soltype_Kepler Project Candidate (q1_q17_dr25_koi),-0.0
sy_pnum sy_w2mag soltype_Published Confirmed,-0.0
sy_pnum sy_w2mag pl_tsystemref_BJD,-0.0
sy_pnum sy_w2mag pl_tsystemref_BJD-TDB,-0.0
sy_pnum sy_w2mag pl_tsystemref_BJD-UTC,-0.0
sy_pnum sy_w2mag pl_tsystemref_HJD,0.0
sy_pnum sy_w2mag pl_tsystemref_JD,0.0
sy_pnum sy_w1mag^2,-0.0
sy_pnum sy_w1mag sy_w3mag,-0.0
sy_pnum sy_w1mag sy_w4mag,-0.0
sy_pnum sy_w1mag sy_plx,-0.0
sy_pnum sy_w1mag st_logg,-0.0
sy_pnum sy_w1mag st_mass,-0.0
sy_pnum sy_w1mag soltype_Kepler Project Candidate (q1_q17_dr25_koi),-0.0
sy_pnum sy_w1mag soltype_Published Confirmed,-0.0
sy_pnum sy_w1mag pl_tsystemref_BJD,-0.0
sy_pnum sy_w1mag pl_tsystemref_BJD-TDB,-0.0
sy_pnum sy_w1mag pl_tsystemref_BJD-UTC,-0.0
sy_pnum sy_w1mag pl_tsystemref_HJD,0.0
sy_pnum sy_w1mag pl_tsystemref_JD,-0.0
sy_pnum sy_w3mag^2,-0.0
sy_pnum sy_w3mag sy_w4mag,-0.0
sy_pnum sy_w3mag sy_plx,-0.0
sy_pnum sy_w3mag st_logg,-0.0
sy_pnum sy_w3mag st_mass,-0.0
sy_pnum sy_w3mag soltype_Kepler Project Candidate (q1_q17_dr25_koi),-0.0
sy_pnum sy_w3mag soltype_Published Confirmed,-0.0
sy_pnum sy_w3mag pl_tsystemref_BJD,-0.0
sy_pnum sy_w3mag pl_tsystemref_BJD-TDB,-0.0
sy_pnum sy_w3mag pl_tsystemref_BJD-UTC,-0.0
sy_pnum sy_w3mag pl_tsystemref_HJD,0.0
sy_pnum sy_w3mag pl_tsystemref_JD,-0.0
sy_pnum sy_w4mag^2,-0.00995526306759901
sy_pnum sy_w4mag sy_plx,-0.0
sy_pnum sy_w4mag st_logg,-0.0
sy_pnum sy_w4mag st_mass,-0.0
sy_pnum sy_w4mag soltype_Kepler Project Candidate (q1_q17_dr25_koi),-0.0
sy_pnum sy_w4mag soltype_Published Confirmed,-0.0
sy_pnum sy_w4mag pl_tsystemref_BJD,-0.0
sy_pnum sy_w4mag pl_tsystemref_BJD-TDB,-0.0
sy_pnum sy_w4mag pl_tsystemref_BJD-UTC,-0.0
sy_pnum sy_w4mag pl_tsystemref_HJD,0.0
sy_pnum sy_w4mag pl_tsystemref_JD,-0.0
sy_pnum sy_plx^2,-0.0
sy_pnum sy_plx st_logg,-0.0
sy_pnum sy_plx st_mass,-0.0
sy_pnum sy_plx soltype_Kepler Project Candidate (q1_q17_dr25_koi),-0.0
sy_pnum sy_plx soltype_Published Confirmed,-0.0
sy_pnum sy_plx pl_tsystemref_BJD,-0.0
sy_pnum sy_plx pl_tsystemref_BJD-TDB,-0.0
sy_pnum sy_plx pl_tsystemref_BJD-UTC,-0.0
sy_pnum sy_plx pl_tsystemref_HJD,0.0
sy_pnum sy_plx pl_tsystemref_JD,-0.0
sy_pnum st_logg^2,-0.0
sy_pnum st_logg st_mass,-0.0
sy_pnum st_logg soltype_Kepler Project Candidate (q1_q17_dr25_koi),-0.0
sy_pnum st_logg soltype_Published Confirmed,-0.0
sy_pnum st_logg pl_tsystemref_BJD,-0.0
sy_pnum st_logg pl_tsystemref_BJD-TDB,-0.0
sy_pnum st_logg pl_tsystemref_BJD-UTC,-0.0
sy_pnum st_logg pl_tsystemref_HJD,0.0
sy_pnum st_logg pl_tsystemref_JD,-0.0
sy_pnum st_mass^2,-0.0
sy_pnum st_mass soltype_Kepler Project Candidate (q1_q17_dr25_koi),-0.0
sy_pnum st_mass soltype_Published Confirmed,-0.0
sy_pnum st_mass pl_tsystemref_BJD,-0.0
sy_pnum st_mass pl_tsystemref_BJD-TDB,-0.0
sy_pnum st_mass pl_tsystemref_BJD-UTC,0.0
sy_pnum st_mass pl_tsystemref_HJD,0.0
sy_pnum st_mass pl_tsystemref_JD,-0.0
sy_pnum soltype_Kepler Project Candidate (q1_q17_dr25_koi)^2,-0.0
sy_pnum soltype_Kepler Project Candidate (q1_q17_dr25_koi) soltype_Published Confirmed,0.0
sy_pnum soltype_Kepler Project Candidate (q1_q17_dr25_koi) pl_tsystemref_BJD,-0.0
sy_pnum soltype_Kepler Project Candidate (q1_q17_dr25_koi) pl_tsystemref_BJD-TDB,0.0
sy_pnum soltype_Kepler Project Candidate (q1_q17_dr25_koi) pl_tsystemref_BJD-UTC,0.0
sy_pnum soltype_Kepler Project Candidate (q1_q17_dr25_koi) pl_tsystemref_HJD,0.0
sy_pnum soltype_Kepler Project Candidate (q1_q17_dr25_koi) pl_tsystemref_JD,0.0
sy_pnum soltype_Published Confirmed^2,-0.0
sy_pnum soltype_Published Confirmed pl_tsystemref_BJD,-0.0
sy_pnum soltype_Published Confirmed pl_tsystemref_BJD-TDB,-0.0
sy_pnum soltype_Published Confirmed pl_tsystemref_BJD-UTC,-0.0
sy_pnum soltype_Published Confirmed pl_tsystemref_HJD,0.0
sy_pnum soltype_Published Confirmed pl_tsystemref_JD,-0.0
sy_pnum pl_tsystemref_BJD^2,-0.0
sy_pnum pl_tsystemref_BJD pl_tsystemref_BJD-TDB,0.0
sy_pnum pl_tsystemref_BJD pl_tsystemref_BJD-UTC,0.0
sy_pnum pl_tsystemref_BJD pl_tsystemref_HJD,0.0
sy_pnum pl_tsystemref_BJD pl_tsystemref_JD,0.0
sy_pnum pl_tsystemref_BJD-TDB^2,-0.0
sy_pnum pl_tsystemref_BJD-TDB pl_tsystemref_BJD-UTC,0.0
sy_pnum pl_tsystemref_BJD-TDB pl_tsystemref_HJD,0.0
sy_pnum pl_tsystemref_BJD-TDB pl_tsystemref_JD,0.0
sy_pnum pl_tsystemref_BJD-UTC^2,-0.0
sy_pnum pl_tsystemref_BJD-UTC pl_tsystemref_HJD,0.0
sy_pnum pl_tsystemref_BJD-UTC pl_tsystemref_JD,0.0
sy_pnum pl_tsystemref_HJD^2,0.0
sy_pnum pl_tsystemref_HJD pl_tsystemref_JD,0.0
sy_pnum pl_tsystemref_JD^2,-0.0
cb_flag^3,0.0
cb_flag^2 ttv_flag,0.0
cb_flag^2 pl_nnotes,0.0
cb_flag^2 elon,0.0
cb_flag^2 elat,0.0
cb_flag^2 glon,0.0
cb_flag^2 glat,0.0
cb_flag^2 dec,0.0
cb_flag^2 ra,0.0
cb_flag^2 st_nspec,0.0
cb_flag^2 pl_nespec,0.0
cb_flag^2 pl_ntranspec,0.0
cb_flag^2 pl_ndispec,0.0
cb_flag^2 release_year,0.0
cb_flag^2 st_nphot,0.0
cb_flag^2 st_nrvc,0.0
cb_flag^2 pl_controv_flag,0.0
cb_flag^2 disc_year,0.0
cb_flag^2 sy_tmag,0.0
cb_flag^2 sy_kmag,0.0
cb_flag^2 sy_jmag,0.0
cb_flag^2 sy_hmag,0.0
cb_flag^2 sy_vmag,0.0
cb_flag^2 sy_pm,0.0
cb_flag^2 sy_pmdec,-0.0
cb_flag^2 sy_pmra,0.0
cb_flag^2 pl_orbper,0.0
cb_flag^2 sy_gaiamag,0.0
cb_flag^2 st_rad,0.0
cb_flag^2 sy_bmag,0.0
cb_flag^2 sy_dist,0.0
cb_flag^2 st_teff,0.0
cb_flag^2 sy_w2mag,0.0
cb_flag^2 sy_w1mag,0.0
cb_flag^2 sy_w3mag,0.0
cb_flag^2 sy_w4mag,0.0
cb_flag^2 sy_plx,0.0
cb_flag^2 st_logg,0.0
cb_flag^2 st_mass,0.0
cb_flag^2 soltype_Kepler Project Candidate (q1_q17_dr25_koi),0.0
cb_flag^2 soltype_Published Confirmed,0.0
cb_flag^2 pl_tsystemref_BJD,0.0
cb_flag^2 pl_tsystemref_BJD-TDB,-0.0
cb_flag^2 pl_tsystemref_BJD-UTC,0.0
cb_flag^2 pl_tsystemref_HJD,0.0
cb_flag^2 pl_tsystemref_JD,0.0
cb_flag ttv_flag^2,0.0
cb_flag ttv_flag pl_nnotes,0.0
cb_flag ttv_flag elon,0.0
cb_flag ttv_flag elat,0.0
cb_flag ttv_flag glon,0.0
cb_flag ttv_flag glat,0.0
cb_flag ttv_flag dec,0.0
cb_flag ttv_flag ra,0.0
cb_flag ttv_flag st_nspec,0.0
cb_flag ttv_flag pl_nespec,0.0
cb_flag ttv_flag pl_ntranspec,0.0
cb_flag ttv_flag pl_ndispec,0.0
cb_flag ttv_flag release_year,0.0
cb_flag ttv_flag st_nphot,0.0
cb_flag ttv_flag st_nrvc,0.0
cb_flag ttv_flag pl_controv_flag,0.0
cb_flag ttv_flag disc_year,0.0
cb_flag ttv_flag sy_tmag,0.0
cb_flag ttv_flag sy_kmag,0.0
cb_flag ttv_flag sy_jmag,0.0
cb_flag ttv_flag sy_hmag,0.0
cb_flag ttv_flag sy_vmag,0.0
cb_flag ttv_flag sy_pm,0.0
cb_flag ttv_flag sy_pmdec,-0.0
cb_flag ttv_flag sy_pmra,0.0
cb_flag ttv_flag pl_orbper,0.0
cb_flag ttv_flag sy_gaiamag,0.0
cb_flag ttv_flag st_rad,0.0
cb_flag ttv_flag sy_bmag,0.0
cb_flag ttv_flag sy_dist,0.0
cb_flag ttv_flag st_teff,0.0
cb_flag ttv_flag sy_w2mag,0.0
cb_flag ttv_flag sy_w1mag,0.0
cb_flag ttv_flag sy_w3mag,0.0
cb_flag ttv_flag sy_w4mag,0.0
cb_flag ttv_flag sy_plx,0.0
cb_flag ttv_flag st_logg,0.0
cb_flag ttv_flag st_mass,0.0
cb_flag ttv_flag soltype_Kepler Project Candidate (q1_q17_dr25_koi),0.0
cb_flag ttv_flag soltype_Published Confirmed,0.0
cb_flag ttv_flag pl_tsystemref_BJD,0.0
cb_flag ttv_flag pl_tsystemref_BJD-TDB,0.0
cb_flag ttv_flag pl_tsystemref_BJD-UTC,0.0
cb_flag ttv_flag pl_tsystemref_HJD,0.0
cb_flag ttv_flag pl_tsystemref_JD,0.0
cb_flag pl_nnotes^2,0.0
cb_flag pl_nnotes elon,0.0
cb_flag pl_nnotes elat,0.0
cb_flag pl_nnotes glon,0.0
cb_flag pl_nnotes glat,0.0
cb_flag pl_nnotes dec,0.0
cb_flag pl_nnotes ra,0.0
cb_flag pl_nnotes st_nspec,0.0
cb_flag pl_nnotes pl_nespec,0.0
cb_flag pl_nnotes pl_ntranspec,0.0
cb_flag pl_nnotes pl_ndispec,0.0
cb_flag pl_nnotes release_year,0.0
cb_flag pl_nnotes st_nphot,0.0
cb_flag pl_nnotes st_nrvc,0.0
cb_flag pl_nnotes pl_controv_flag,0.0
cb_flag pl_nnotes disc_year,0.0
cb_flag pl_nnotes sy_tmag,0.0
cb_flag pl_nnotes sy_kmag,0.0
cb_flag pl_nnotes sy_jmag,0.0
cb_flag pl_nnotes sy_hmag,0.0
cb_flag pl_nnotes sy_vmag,0.0
cb_flag pl_nnotes sy_pm,0.0
cb_flag pl_nnotes sy_pmdec,-0.0
cb_flag pl_nnotes sy_pmra,0.0
cb_flag pl_nnotes pl_orbper,0.0
cb_flag pl_nnotes sy_gaiamag,0.0
cb_flag pl_nnotes st_rad,0.0
cb_flag pl_nnotes sy_bmag,0.0
cb_flag pl_nnotes sy_dist,0.0
cb_flag pl_nnotes st_teff,0.0
cb_flag pl_nnotes sy_w2mag,0.0
cb_flag pl_nnotes sy_w1mag,0.0
cb_flag pl_nnotes sy_w3mag,0.0
cb_flag pl_nnotes sy_w4mag,0.0
cb_flag pl_nnotes sy_plx,0.0
cb_flag pl_nnotes st_logg,0.0
cb_flag pl_nnotes st_mass,0.0
cb_flag pl_nnotes soltype_Kepler Project Candidate (q1_q17_dr25_koi),0.0
cb_flag pl_nnotes soltype_Published Confirmed,0.0
cb_flag pl_nnotes pl_tsystemref_BJD,0.0
cb_flag pl_nnotes pl_tsystemref_BJD-TDB,-0.0
cb_flag pl_nnotes pl_tsystemref_BJD-UTC,0.0
cb_flag pl_nnotes pl_tsystemref_HJD,0.0
cb_flag pl_nnotes pl_tsystemref_JD,0.0
cb_flag elon^2,0.0
cb_flag elon elat,0.0
cb_flag elon glon,0.0
cb_flag elon glat,0.0
cb_flag elon dec,0.0
cb_flag elon ra,0.0
cb_flag elon st_nspec,0.0
cb_flag elon pl_nespec,0.0
cb_flag elon pl_ntranspec,0.0
cb_flag elon pl_ndispec,0.0
cb_flag elon release_year,0.0
cb_flag elon st_nphot,0.0
cb_flag elon st_nrvc,0.0
cb_flag elon pl_controv_flag,0.0
cb_flag elon disc_year,0.0
cb_flag elon sy_tmag,0.0
cb_flag elon sy_kmag,0.0
cb_flag elon sy_jmag,0.0
cb_flag elon sy_hmag,0.0
cb_flag elon sy_vmag,0.0
cb_flag elon sy_pm,0.0
cb_flag elon sy_pmdec,-0.0
cb_flag elon sy_pmra,0.0
cb_flag elon pl_orbper,0.0
cb_flag elon sy_gaiamag,0.0
cb_flag elon st_rad,0.0
cb_flag elon sy_bmag,0.0
cb_flag elon sy_dist,0.0
cb_flag elon st_teff,0.0
cb_flag elon sy_w2mag,0.0
cb_flag elon sy_w1mag,0.0
cb_flag elon sy_w3mag,0.0
cb_flag elon sy_w4mag,0.0
cb_flag elon sy_plx,0.0
cb_flag elon st_logg,0.0
cb_flag elon st_mass,0.0
cb_flag elon soltype_Kepler Project Candidate (q1_q17_dr25_koi),0.0
cb_flag elon soltype_Published Confirmed,0.0
cb_flag elon pl_tsystemref_BJD,0.0
cb_flag elon pl_tsystemref_BJD-TDB,-0.0
cb_flag elon pl_tsystemref_BJD-UTC,0.0
cb_flag elon pl_tsystemref_HJD,0.0
cb_flag elon pl_tsystemref_JD,0.0
cb_flag elat^2,0.0
cb_flag elat glon,0.0
cb_flag elat glat,0.0
cb_flag elat dec,0.0
cb_flag elat ra,0.0
cb_flag elat st_nspec,0.0
cb_flag elat pl_nespec,0.0
cb_flag elat pl_ntranspec,0.0
cb_flag elat pl_ndispec,0.0
cb_flag elat release_year,0.0
cb_flag elat st_nphot,0.0
cb_flag elat st_nrvc,0.0
cb_flag elat pl_controv_flag,0.0
cb_flag elat disc_year,0.0
cb_flag elat sy_tmag,0.0
cb_flag elat sy_kmag,0.0
cb_flag elat sy_jmag,0.0
cb_flag elat sy_hmag,0.0
cb_flag elat sy_vmag,0.0
cb_flag elat sy_pm,0.0
cb_flag elat sy_pmdec,-0.0
cb_flag elat sy_pmra,0.0
cb_flag elat pl_orbper,0.0
cb_flag elat sy_gaiamag,0.0
cb_flag elat st_rad,0.0
cb_flag elat sy_bmag,0.0
cb_flag elat sy_dist,0.0
cb_flag elat st_teff,0.0
cb_flag elat sy_w2mag,0.0
cb_flag elat sy_w1mag,0.0
cb_flag elat sy_w3mag,0.0
cb_flag elat sy_w4mag,0.0
cb_flag elat sy_plx,0.0
cb_flag elat st_logg,0.0
cb_flag elat st_mass,0.0
cb_flag elat soltype_Kepler Project Candidate (q1_q17_dr25_koi),0.0
cb_flag elat soltype_Published Confirmed,0.0
cb_flag elat pl_tsystemref_BJD,0.0
cb_flag elat pl_tsystemref_BJD-TDB,-0.0
cb_flag elat pl_tsystemref_BJD-UTC,0.0
cb_flag elat pl_tsystemref_HJD,0.0
cb_flag elat pl_tsystemref_JD,0.0
cb_flag glon^2,0.0
cb_flag glon glat,0.0
cb_flag glon dec,0.0
cb_flag glon ra,0.0
cb_flag glon st_nspec,0.0
cb_flag glon pl_nespec,0.0
cb_flag glon pl_ntranspec,0.0
cb_flag glon pl_ndispec,0.0
cb_flag glon release_year,0.0
cb_flag glon st_nphot,0.0
cb_flag glon st_nrvc,0.0
cb_flag glon pl_controv_flag,0.0
cb_flag glon disc_year,0.0
cb_flag glon sy_tmag,0.0
cb_flag glon sy_kmag,0.0
cb_flag glon sy_jmag,0.0
cb_flag glon sy_hmag,0.0
cb_flag glon sy_vmag,0.0
cb_flag glon sy_pm,0.0
cb_flag glon sy_pmdec,-0.0
cb_flag glon sy_pmra,0.0
cb_flag glon pl_orbper,0.0
cb_flag glon sy_gaiamag,0.0
cb_flag glon st_rad,0.0
cb_flag glon sy_bmag,0.0
cb_flag glon sy_dist,0.0
cb_flag glon st_teff,0.0
cb_flag glon sy_w2mag,0.0
cb_flag glon sy_w1mag,0.0
cb_flag glon sy_w3mag,0.0
cb_flag glon sy_w4mag,0.0
cb_flag glon sy_plx,0.0
cb_flag glon st_logg,0.0
cb_flag glon st_mass,0.0
cb_flag glon soltype_Kepler Project Candidate (q1_q17_dr25_koi),0.0
cb_flag glon soltype_Published Confirmed,0.0
cb_flag glon pl_tsystemref_BJD,0.0
cb_flag glon pl_tsystemref_BJD-TDB,-0.0
cb_flag glon pl_tsystemref_BJD-UTC,0.0
cb_flag glon pl_tsystemref_HJD,0.0
cb_flag glon pl_tsystemref_JD,0.0
cb_flag glat^2,0.0
cb_flag glat dec,0.0
cb_flag glat ra,0.0
cb_flag glat st_nspec,0.0
cb_flag glat pl_nespec,0.0
cb_flag glat pl_ntranspec,0.0
cb_flag glat pl_ndispec,0.0
cb_flag glat release_year,0.0
cb_flag glat st_nphot,0.0
cb_flag glat st_nrvc,0.0
cb_flag glat pl_controv_flag,0.0
cb_flag glat disc_year,0.0
cb_flag glat sy_tmag,0.0
cb_flag glat sy_kmag,0.0
cb_flag glat sy_jmag,0.0
cb_flag glat sy_hmag,0.0
cb_flag glat sy_vmag,0.0
cb_flag glat sy_pm,0.0
cb_flag glat sy_pmdec,-0.0
cb_flag glat sy_pmra,0.0
cb_flag glat pl_orbper,0.0
cb_flag glat sy_gaiamag,0.0
cb_flag glat st_rad,0.0
cb_flag glat sy_bmag,0.0
cb_flag glat sy_dist,-0.0
cb_flag glat st_teff,0.0
cb_flag glat sy_w2mag,0.0
cb_flag glat sy_w1mag,0.0
cb_flag glat sy_w3mag,0.0
cb_flag glat sy_w4mag,0.0
cb_flag glat sy_plx,0.0
cb_flag glat st_logg,0.0
cb_flag glat st_mass,0.0
cb_flag glat soltype_Kepler Project Candidate (q1_q17_dr25_koi),0.0
cb_flag glat soltype_Published Confirmed,0.0
cb_flag glat pl_tsystemref_BJD,0.0
cb_flag glat pl_tsystemref_BJD-TDB,-0.0
cb_flag glat pl_tsystemref_BJD-UTC,0.0
cb_flag glat pl_tsystemref_HJD,0.0
cb_flag glat pl_tsystemref_JD,0.0
cb_flag dec^2,0.0
cb_flag dec ra,0.0
cb_flag dec st_nspec,0.0
cb_flag dec pl_nespec,0.0
cb_flag dec pl_ntranspec,0.0
cb_flag dec pl_ndispec,0.0
cb_flag dec release_year,0.0
cb_flag dec st_nphot,0.0
cb_flag dec st_nrvc,0.0
cb_flag dec pl_controv_flag,0.0
cb_flag dec disc_year,0.0
cb_flag dec sy_tmag,0.0
cb_flag dec sy_kmag,0.0
cb_flag dec sy_jmag,0.0
cb_flag dec sy_hmag,0.0
cb_flag dec sy_vmag,0.0
cb_flag dec sy_pm,0.0
cb_flag dec sy_pmdec,-0.0
cb_flag dec sy_pmra,0.0
cb_flag dec pl_orbper,0.0
cb_flag dec sy_gaiamag,0.0
cb_flag dec st_rad,0.0
cb_flag dec sy_bmag,0.0
cb_flag dec sy_dist,0.0
cb_flag dec st_teff,0.0
cb_flag dec sy_w2mag,0.0
cb_flag dec sy_w1mag,0.0
cb_flag dec sy_w3mag,0.0
cb_flag dec sy_w4mag,0.0
cb_flag dec sy_plx,0.0
cb_flag dec st_logg,0.0
cb_flag dec st_mass,0.0
cb_flag dec soltype_Kepler Project Candidate (q1_q17_dr25_koi),0.0
cb_flag dec soltype_Published Confirmed,0.0
cb_flag dec pl_tsystemref_BJD,0.0
cb_flag dec pl_tsystemref_BJD-TDB,-0.0
cb_flag dec pl_tsystemref_BJD-UTC,0.0
cb_flag dec pl_tsystemref_HJD,0.0
cb_flag dec pl_tsystemref_JD,0.0
cb_flag ra^2,0.0
cb_flag ra st_nspec,0.0
cb_flag ra pl_nespec,0.0
cb_flag ra pl_ntranspec,0.0
cb_flag ra pl_ndispec,0.0
cb_flag ra release_year,0.0
cb_flag ra st_nphot,0.0
cb_flag ra st_nrvc,0.0
cb_flag ra pl_controv_flag,0.0
cb_flag ra disc_year,0.0
cb_flag ra sy_tmag,0.0
cb_flag ra sy_kmag,0.0
cb_flag ra sy_jmag,0.0
cb_flag ra sy_hmag,0.0
cb_flag ra sy_vmag,0.0
cb_flag ra sy_pm,0.0
cb_flag ra sy_pmdec,-0.0
cb_flag ra sy_pmra,0.0
cb_flag ra pl_orbper,0.0
cb_flag ra sy_gaiamag,0.0
cb_flag ra st_rad,0.0
cb_flag ra sy_bmag,0.0
cb_flag ra sy_dist,0.0
cb_flag ra st_teff,0.0
cb_flag ra sy_w2mag,0.0
cb_flag ra sy_w1mag,0.0
cb_flag ra sy_w3mag,0.0
cb_flag ra sy_w4mag,0.0
cb_flag ra sy_plx,0.0
cb_flag ra st_logg,0.0
cb_flag ra st_mass,0.0
cb_flag ra soltype_Kepler Project Candidate (q1_q17_dr25_koi),0.0
cb_flag ra soltype_Published Confirmed,0.0
cb_flag ra pl_tsystemref_BJD,0.0
cb_flag ra pl_tsystemref_BJD-TDB,-0.0
cb_flag ra pl_tsystemref_BJD-UTC,0.0
cb_flag ra pl_tsystemref_HJD,0.0
cb_flag ra pl_tsystemref_JD,0.0
cb_flag st_nspec^2,0.0
cb_flag st_nspec pl_nespec,0.0
cb_flag st_nspec pl_ntranspec,0.0
cb_flag st_nspec pl_ndispec,0.0
cb_flag st_nspec release_year,0.0
cb_flag st_nspec st_nphot,0.0
cb_flag st_nspec st_nrvc,0.0
cb_flag st_nspec pl_controv_flag,0.0
cb_flag st_nspec disc_year,0.0
cb_flag st_nspec sy_tmag,0.0
cb_flag st_nspec sy_kmag,0.0
cb_flag st_nspec sy_jmag,0.0
cb_flag st_nspec sy_hmag,0.0
cb_flag st_nspec sy_vmag,0.0
cb_flag st_nspec sy_pm,0.0
cb_flag st_nspec sy_pmdec,-0.0
cb_flag st_nspec sy_pmra,0.0
cb_flag st_nspec pl_orbper,0.0
cb_flag st_nspec sy_gaiamag,0.0
cb_flag st_nspec st_rad,0.0
cb_flag st_nspec sy_bmag,0.0
cb_flag st_nspec sy_dist,0.0
cb_flag st_nspec st_teff,0.0
cb_flag st_nspec sy_w2mag,0.0
cb_flag st_nspec sy_w1mag,0.0
cb_flag st_nspec sy_w3mag,0.0
cb_flag st_nspec sy_w4mag,0.0
cb_flag st_nspec sy_plx,0.0
cb_flag st_nspec st_logg,0.0
cb_flag st_nspec st_mass,0.0
cb_flag st_nspec soltype_Kepler Project Candidate (q1_q17_dr25_koi),0.0
cb_flag st_nspec soltype_Published Confirmed,0.0
cb_flag st_nspec pl_tsystemref_BJD,0.0
cb_flag st_nspec pl_tsystemref_BJD-TDB,0.0
cb_flag st_nspec pl_tsystemref_BJD-UTC,0.0
cb_flag st_nspec pl_tsystemref_HJD,0.0
cb_flag st_nspec pl_tsystemref_JD,0.0
cb_flag pl_nespec^2,0.0
cb_flag pl_nespec pl_ntranspec,0.0
cb_flag pl_nespec pl_ndispec,0.0
cb_flag pl_nespec release_year,0.0
cb_flag pl_nespec st_nphot,0.0
cb_flag pl_nespec st_nrvc,0.0
cb_flag pl_nespec pl_controv_flag,0.0
cb_flag pl_nespec disc_year,0.0
cb_flag pl_nespec sy_tmag,0.0
cb_flag pl_nespec sy_kmag,0.0
cb_flag pl_nespec sy_jmag,0.0
cb_flag pl_nespec sy_hmag,0.0
cb_flag pl_nespec sy_vmag,0.0
cb_flag pl_nespec sy_pm,0.0
cb_flag pl_nespec sy_pmdec,0.0
cb_flag pl_nespec sy_pmra,0.0
cb_flag pl_nespec pl_orbper,0.0
cb_flag pl_nespec sy_gaiamag,0.0
cb_flag pl_nespec st_rad,0.0
cb_flag pl_nespec sy_bmag,0.0
cb_flag pl_nespec sy_dist,0.0
cb_flag pl_nespec st_teff,0.0
cb_flag pl_nespec sy_w2mag,0.0
cb_flag pl_nespec sy_w1mag,0.0
cb_flag pl_nespec sy_w3mag,0.0
cb_flag pl_nespec sy_w4mag,0.0
cb_flag pl_nespec sy_plx,0.0
cb_flag pl_nespec st_logg,0.0
cb_flag pl_nespec st_mass,0.0
cb_flag pl_nespec soltype_Kepler Project Candidate (q1_q17_dr25_koi),0.0
cb_flag pl_nespec soltype_Published Confirmed,0.0
cb_flag pl_nespec pl_tsystemref_BJD,0.0
cb_flag pl_nespec pl_tsystemref_BJD-TDB,0.0
cb_flag pl_nespec pl_tsystemref_BJD-UTC,0.0
cb_flag pl_nespec pl_tsystemref_HJD,0.0
cb_flag pl_nespec pl_tsystemref_JD,0.0
cb_flag pl_ntranspec^2,0.0
cb_flag pl_ntranspec pl_ndispec,0.0
cb_flag pl_ntranspec release_year,0.0
cb_flag pl_ntranspec st_nphot,0.0
cb_flag pl_ntranspec st_nrvc,0.0
cb_flag pl_ntranspec pl_controv_flag,0.0
cb_flag pl_ntranspec disc_year,0.0
cb_flag pl_ntranspec sy_tmag,0.0
cb_flag pl_ntranspec sy_kmag,0.0
cb_flag pl_ntranspec sy_jmag,0.0
cb_flag pl_ntranspec sy_hmag,0.0
cb_flag pl_ntranspec sy_vmag,0.0
cb_flag pl_ntranspec sy_pm,0.0
cb_flag pl_ntranspec sy_pmdec,0.0
cb_flag pl_ntranspec sy_pmra,0.0
cb_flag pl_ntranspec pl_orbper,0.0
cb_flag pl_ntranspec sy_gaiamag,0.0
cb_flag pl_ntranspec st_rad,0.0
cb_flag pl_ntranspec sy_bmag,0.0
cb_flag pl_ntranspec sy_dist,0.0
cb_flag pl_ntranspec st_teff,0.0
cb_flag pl_ntranspec sy_w2mag,0.0
cb_flag pl_ntranspec sy_w1mag,0.0
cb_flag pl_ntranspec sy_w3mag,0.0
cb_flag pl_ntranspec sy_w4mag,0.0
cb_flag pl_ntranspec sy_plx,0.0
cb_flag pl_ntranspec st_logg,0.0
cb_flag pl_ntranspec st_mass,0.0
cb_flag pl_ntranspec soltype_Kepler Project Candidate (q1_q17_dr25_koi),0.0
cb_flag pl_ntranspec soltype_Published Confirmed,0.0
cb_flag pl_ntranspec pl_tsystemref_BJD,0.0
cb_flag pl_ntranspec pl_tsystemref_BJD-TDB,0.0
cb_flag pl_ntranspec pl_tsystemref_BJD-UTC,0.0
cb_flag pl_ntranspec pl_tsystemref_HJD,0.0
cb_flag pl_ntranspec pl_tsystemref_JD,0.0
cb_flag pl_ndispec^2,0.0
cb_flag pl_ndispec release_year,0.0
cb_flag pl_ndispec st_nphot,0.0
cb_flag pl_ndispec st_nrvc,0.0
cb_flag pl_ndispec pl_controv_flag,0.0
cb_flag pl_ndispec disc_year,0.0
cb_flag pl_ndispec sy_tmag,0.0
cb_flag pl_ndispec sy_kmag,0.0
cb_flag pl_ndispec sy_jmag,0.0
cb_flag pl_ndispec sy_hmag,0.0
cb_flag pl_ndispec sy_vmag,0.0
cb_flag pl_ndispec sy_pm,0.0
cb_flag pl_ndispec sy_pmdec,0.0
cb_flag pl_ndispec sy_pmra,0.0
cb_flag pl_ndispec pl_orbper,0.0
cb_flag pl_ndispec sy_gaiamag,0.0
cb_flag pl_ndispec st_rad,0.0
cb_flag pl_ndispec sy_bmag,0.0
cb_flag pl_ndispec sy_dist,0.0
cb_flag pl_ndispec st_teff,0.0
cb_flag pl_ndispec sy_w2mag,0.0
cb_flag pl_ndispec sy_w1mag,0.0
cb_flag pl_ndispec sy_w3mag,0.0
cb_flag pl_ndispec sy_w4mag,0.0
cb_flag pl_ndispec sy_plx,0.0
cb_flag pl_ndispec st_logg,0.0
cb_flag pl_ndispec st_mass,0.0
cb_flag pl_ndispec soltype_Kepler Project Candidate (q1_q17_dr25_koi),0.0
cb_flag pl_ndispec soltype_Published Confirmed,0.0
cb_flag pl_ndispec pl_tsystemref_BJD,0.0
cb_flag pl_ndispec pl_tsystemref_BJD-TDB,0.0
cb_flag pl_ndispec pl_tsystemref_BJD-UTC,0.0
cb_flag pl_ndispec pl_tsystemref_HJD,0.0
cb_flag pl_ndispec pl_tsystemref_JD,0.0
cb_flag release_year^2,0.0
cb_flag release_year st_nphot,0.0
cb_flag release_year st_nrvc,0.0
cb_flag release_year pl_controv_flag,0.0
cb_flag release_year disc_year,0.0
cb_flag release_year sy_tmag,0.0
cb_flag release_year sy_kmag,0.0
cb_flag release_year sy_jmag,0.0
cb_flag release_year sy_hmag,0.0
cb_flag release_year sy_vmag,0.0
cb_flag release_year sy_pm,0.0
cb_flag release_year sy_pmdec,-0.0
cb_flag release_year sy_pmra,0.0
cb_flag release_year pl_orbper,0.0
cb_flag release_year sy_gaiamag,0.0
cb_flag release_year st_rad,0.0
cb_flag release_year sy_bmag,0.0
cb_flag release_year sy_dist,0.0
cb_flag release_year st_teff,0.0
cb_flag release_year sy_w2mag,0.0
cb_flag release_year sy_w1mag,0.0
cb_flag release_year sy_w3mag,0.0
cb_flag release_year sy_w4mag,0.0
cb_flag release_year sy_plx,0.0
cb_flag release_year st_logg,0.0
cb_flag release_year st_mass,0.0
cb_flag release_year soltype_Kepler Project Candidate (q1_q17_dr25_koi),0.0
cb_flag release_year soltype_Published Confirmed,0.0
cb_flag release_year pl_tsystemref_BJD,0.0
cb_flag release_year pl_tsystemref_BJD-TDB,-0.0
cb_flag release_year pl_tsystemref_BJD-UTC,0.0
cb_flag release_year pl_tsystemref_HJD,0.0
cb_flag release_year pl_tsystemref_JD,0.0
cb_flag st_nphot^2,0.0
cb_flag st_nphot st_nrvc,0.0
cb_flag st_nphot pl_controv_flag,0.0
cb_flag st_nphot disc_year,0.0
cb_flag st_nphot sy_tmag,0.0
cb_flag st_nphot sy_kmag,0.0
cb_flag st_nphot sy_jmag,0.0
cb_flag st_nphot sy_hmag,0.0
cb_flag st_nphot sy_vmag,0.0
cb_flag st_nphot sy_pm,0.0
cb_flag st_nphot sy_pmdec,0.0
cb_flag st_nphot sy_pmra,0.0
cb_flag st_nphot pl_orbper,0.0
cb_flag st_nphot sy_gaiamag,0.0
cb_flag st_nphot st_rad,0.0
cb_flag st_nphot sy_bmag,0.0
cb_flag st_nphot sy_dist,0.0
cb_flag st_nphot st_teff,0.0
cb_flag st_nphot sy_w2mag,0.0
cb_flag st_nphot sy_w1mag,0.0
cb_flag st_nphot sy_w3mag,0.0
cb_flag st_nphot sy_w4mag,0.0
cb_flag st_nphot sy_plx,0.0
cb_flag st_nphot st_logg,0.0
cb_flag st_nphot st_mass,0.0
cb_flag st_nphot soltype_Kepler Project Candidate (q1_q17_dr25_koi),0.0
cb_flag st_nphot soltype_Published Confirmed,0.0
cb_flag st_nphot pl_tsystemref_BJD,0.0
cb_flag st_nphot pl_tsystemref_BJD-TDB,0.0
cb_flag st_nphot pl_tsystemref_BJD-UTC,0.0
cb_flag st_nphot pl_tsystemref_HJD,0.0
cb_flag st_nphot pl_tsystemref_JD,0.0
cb_flag st_nrvc^2,0.0
cb_flag st_nrvc pl_controv_flag,0.0
cb_flag st_nrvc disc_year,0.0
cb_flag st_nrvc sy_tmag,0.0
cb_flag st_nrvc sy_kmag,0.0
cb_flag st_nrvc sy_jmag,0.0
cb_flag st_nrvc sy_hmag,0.0
cb_flag st_nrvc sy_vmag,0.0
cb_flag st_nrvc sy_pm,0.0
cb_flag st_nrvc sy_pmdec,0.0
cb_flag st_nrvc sy_pmra,0.0
cb_flag st_nrvc pl_orbper,0.0
cb_flag st_nrvc sy_gaiamag,0.0
cb_flag st_nrvc st_rad,0.0
cb_flag st_nrvc sy_bmag,0.0
cb_flag st_nrvc sy_dist,0.0
cb_flag st_nrvc st_teff,0.0
cb_flag st_nrvc sy_w2mag,0.0
cb_flag st_nrvc sy_w1mag,0.0
cb_flag st_nrvc sy_w3mag,0.0
cb_flag st_nrvc sy_w4mag,0.0
cb_flag st_nrvc sy_plx,0.0
cb_flag st_nrvc st_logg,0.0
cb_flag st_nrvc st_mass,0.0
cb_flag st_nrvc soltype_Kepler Project Candidate (q1_q17_dr25_koi),0.0
cb_flag st_nrvc soltype_Published Confirmed,0.0
cb_flag st_nrvc pl_tsystemref_BJD,0.0
cb_flag st_nrvc pl_tsystemref_BJD-TDB,0.0
cb_flag st_nrvc pl_tsystemref_BJD-UTC,0.0
cb_flag st_nrvc pl_tsystemref_HJD,0.0
cb_flag st_nrvc pl_tsystemref_JD,0.0
cb_flag pl_controv_flag^2,0.0
cb_flag pl_controv_flag disc_year,0.0
cb_flag pl_controv_flag sy_tmag,0.0
cb_flag pl_controv_flag sy_kmag,0.0
cb_flag pl_controv_flag sy_jmag,0.0
cb_flag pl_controv_flag sy_hmag,0.0
cb_flag pl_controv_flag sy_vmag,0.0
cb_flag pl_controv_flag sy_pm,0.0
cb_flag pl_controv_flag sy_pmdec,0.0
cb_flag pl_controv_flag sy_pmra,0.0
cb_flag pl_controv_flag pl_orbper,0.0
cb_flag pl_controv_flag sy_gaiamag,0.0
cb_flag pl_controv_flag st_rad,0.0
cb_flag pl_controv_flag sy_bmag,0.0
cb_flag pl_controv_flag sy_dist,0.0
cb_flag pl_controv_flag st_teff,0.0
cb_flag pl_controv_flag sy_w2mag,0.0
cb_flag pl_controv_flag sy_w1mag,0.0
cb_flag pl_controv_flag sy_w3mag,0.0
cb_flag pl_controv_flag sy_w4mag,0.0
cb_flag pl_controv_flag sy_plx,0.0
cb_flag pl_controv_flag st_logg,0.0
cb_flag pl_controv_flag st_mass,0.0
cb_flag pl_controv_flag soltype_Kepler Project Candidate (q1_q17_dr25_koi),0.0
cb_flag pl_controv_flag soltype_Published Confirmed,0.0
cb_flag pl_controv_flag pl_tsystemref_BJD,0.0
cb_flag pl_controv_flag pl_tsystemref_BJD-TDB,0.0
cb_flag pl_controv_flag pl_tsystemref_BJD-UTC,0.0
cb_flag pl_controv_flag pl_tsystemref_HJD,0.0
cb_flag pl_controv_flag pl_tsystemref_JD,0.0
cb_flag disc_year^2,0.0
cb_flag disc_year sy_tmag,0.0
cb_flag disc_year sy_kmag,0.0
cb_flag disc_year sy_jmag,0.0
cb_flag disc_year sy_hmag,0.0
cb_flag disc_year sy_vmag,0.0
cb_flag disc_year sy_pm,0.0
cb_flag disc_year sy_pmdec,-0.0
cb_flag disc_year sy_pmra,0.0
cb_flag disc_year pl_orbper,0.0
cb_flag disc_year sy_gaiamag,0.0
cb_flag disc_year st_rad,0.0
cb_flag disc_year sy_bmag,0.0
cb_flag disc_year sy_dist,0.0
cb_flag disc_year st_teff,0.0
cb_flag disc_year sy_w2mag,0.0
cb_flag disc_year sy_w1mag,0.0
cb_flag disc_year sy_w3mag,0.0
cb_flag disc_year sy_w4mag,0.0
cb_flag disc_year sy_plx,0.0
cb_flag disc_year st_logg,0.0
cb_flag disc_year st_mass,0.0
cb_flag disc_year soltype_Kepler Project Candidate (q1_q17_dr25_koi),0.0
cb_flag disc_year soltype_Published Confirmed,0.0
cb_flag disc_year pl_tsystemref_BJD,0.0
cb_flag disc_year pl_tsystemref_BJD-TDB,-0.0
cb_flag disc_year pl_tsystemref_BJD-UTC,0.0
cb_flag disc_year pl_tsystemref_HJD,0.0
cb_flag disc_year pl_tsystemref_JD,0.0
cb_flag sy_tmag^2,0.0
cb_flag sy_tmag sy_kmag,0.0
cb_flag sy_tmag sy_jmag,0.0
cb_flag sy_tmag sy_hmag,0.0
cb_flag sy_tmag sy_vmag,0.0
cb_flag sy_tmag sy_pm,0.0
cb_flag sy_tmag sy_pmdec,-0.0
cb_flag sy_tmag sy_pmra,0.0
cb_flag sy_tmag pl_orbper,0.0
cb_flag sy_tmag sy_gaiamag,0.0
cb_flag sy_tmag st_rad,0.0
cb_flag sy_tmag sy_bmag,0.0
cb_flag sy_tmag sy_dist,0.0
cb_flag sy_tmag st_teff,0.0
cb_flag sy_tmag sy_w2mag,0.0
cb_flag sy_tmag sy_w1mag,0.0
cb_flag sy_tmag sy_w3mag,0.0
cb_flag sy_tmag sy_w4mag,0.0
cb_flag sy_tmag sy_plx,0.0
cb_flag sy_tmag st_logg,0.0
cb_flag sy_tmag st_mass,0.0
cb_flag sy_tmag soltype_Kepler Project Candidate (q1_q17_dr25_koi),0.0
cb_flag sy_tmag soltype_Published Confirmed,0.0
cb_flag sy_tmag pl_tsystemref_BJD,0.0
cb_flag sy_tmag pl_tsystemref_BJD-TDB,-0.0
cb_flag sy_tmag pl_tsystemref_BJD-UTC,0.0
cb_flag sy_tmag pl_tsystemref_HJD,0.0
cb_flag sy_tmag pl_tsystemref_JD,0.0
cb_flag sy_kmag^2,0.0
cb_flag sy_kmag sy_jmag,0.0
cb_flag sy_kmag sy_hmag,0.0
cb_flag sy_kmag sy_vmag,0.0
cb_flag sy_kmag sy_pm,0.0
cb_flag sy_kmag sy_pmdec,-0.0
cb_flag sy_kmag sy_pmra,0.0
cb_flag sy_kmag pl_orbper,0.0
cb_flag sy_kmag sy_gaiamag,0.0
cb_flag sy_kmag st_rad,0.0
cb_flag sy_kmag sy_bmag,0.0
cb_flag sy_kmag sy_dist,0.0
cb_flag sy_kmag st_teff,0.0
cb_flag sy_kmag sy_w2mag,0.0
cb_flag sy_kmag sy_w1mag,0.0
cb_flag sy_kmag sy_w3mag,0.0
cb_flag sy_kmag sy_w4mag,0.0
cb_flag sy_kmag sy_plx,0.0
cb_flag sy_kmag st_logg,0.0
cb_flag sy_kmag st_mass,0.0
cb_flag sy_kmag soltype_Kepler Project Candidate (q1_q17_dr25_koi),0.0
cb_flag sy_kmag soltype_Published Confirmed,0.0
cb_flag sy_kmag pl_tsystemref_BJD,0.0
cb_flag sy_kmag pl_tsystemref_BJD-TDB,-0.0
cb_flag sy_kmag pl_tsystemref_BJD-UTC,0.0
cb_flag sy_kmag pl_tsystemref_HJD,0.0
cb_flag sy_kmag pl_tsystemref_JD,0.0
cb_flag sy_jmag^2,0.0
cb_flag sy_jmag sy_hmag,0.0
cb_flag sy_jmag sy_vmag,0.0
cb_flag sy_jmag sy_pm,0.0
cb_flag sy_jmag sy_pmdec,-0.0
cb_flag sy_jmag sy_pmra,0.0
cb_flag sy_jmag pl_orbper,0.0
cb_flag sy_jmag sy_gaiamag,0.0
cb_flag sy_jmag st_rad,0.0
cb_flag sy_jmag sy_bmag,0.0
cb_flag sy_jmag sy_dist,0.0
cb_flag sy_jmag st_teff,0.0
cb_flag sy_jmag sy_w2mag,0.0
cb_flag sy_jmag sy_w1mag,0.0
cb_flag sy_jmag sy_w3mag,0.0
cb_flag sy_jmag sy_w4mag,0.0
cb_flag sy_jmag sy_plx,0.0
cb_flag sy_jmag st_logg,0.0
cb_flag sy_jmag st_mass,0.0
cb_flag sy_jmag soltype_Kepler Project Candidate (q1_q17_dr25_koi),0.0
cb_flag sy_jmag soltype_Published Confirmed,0.0
cb_flag sy_jmag pl_tsystemref_BJD,0.0
cb_flag sy_jmag pl_tsystemref_BJD-TDB,-0.0
cb_flag sy_jmag pl_tsystemref_BJD-UTC,0.0
cb_flag sy_jmag pl_tsystemref_HJD,0.0
cb_flag sy_jmag pl_tsystemref_JD,0.0
cb_flag sy_hmag^2,0.0
cb_flag sy_hmag sy_vmag,0.0
cb_flag sy_hmag sy_pm,0.0
cb_flag sy_hmag sy_pmdec,-0.0
cb_flag sy_hmag sy_pmra,0.0
cb_flag sy_hmag pl_orbper,0.0
cb_flag sy_hmag sy_gaiamag,0.0
cb_flag sy_hmag st_rad,0.0
cb_flag sy_hmag sy_bmag,0.0
cb_flag sy_hmag sy_dist,0.0
cb_flag sy_hmag st_teff,0.0
cb_flag sy_hmag sy_w2mag,0.0
cb_flag sy_hmag sy_w1mag,0.0
cb_flag sy_hmag sy_w3mag,0.0
cb_flag sy_hmag sy_w4mag,0.0
cb_flag sy_hmag sy_plx,0.0
cb_flag sy_hmag st_logg,0.0
cb_flag sy_hmag st_mass,0.0
cb_flag sy_hmag soltype_Kepler Project Candidate (q1_q17_dr25_koi),0.0
cb_flag sy_hmag soltype_Published Confirmed,0.0
cb_flag sy_hmag pl_tsystemref_BJD,0.0
cb_flag sy_hmag pl_tsystemref_BJD-TDB,-0.0
cb_flag sy_hmag pl_tsystemref_BJD-UTC,0.0
cb_flag sy_hmag pl_tsystemref_HJD,0.0
cb_flag sy_hmag pl_tsystemref_JD,0.0
cb_flag sy_vmag^2,0.0
cb_flag sy_vmag sy_pm,0.0
cb_flag sy_vmag sy_pmdec,-0.0
cb_flag sy_vmag sy_pmra,0.0
cb_flag sy_vmag pl_orbper,0.0
cb_flag sy_vmag sy_gaiamag,0.0
cb_flag sy_vmag st_rad,0.0
cb_flag sy_vmag sy_bmag,0.0
cb_flag sy_vmag sy_dist,0.0
cb_flag sy_vmag st_teff,0.0
cb_flag sy_vmag sy_w2mag,0.0
cb_flag sy_vmag sy_w1mag,0.0
cb_flag sy_vmag sy_w3mag,0.0
cb_flag sy_vmag sy_w4mag,0.0
cb_flag sy_vmag sy_plx,0.0
cb_flag sy_vmag st_logg,0.0
cb_flag sy_vmag st_mass,0.0
cb_flag sy_vmag soltype_Kepler Project Candidate (q1_q17_dr25_koi),0.0
cb_flag sy_vmag soltype_Published Confirmed,0.0
cb_flag sy_vmag pl_tsystemref_BJD,0.0
cb_flag sy_vmag pl_tsystemref_BJD-TDB,-0.0
cb_flag sy_vmag pl_tsystemref_BJD-UTC,0.0
cb_flag sy_vmag pl_tsystemref_HJD,0.0
cb_flag sy_vmag pl_tsystemref_JD,0.0
cb_flag sy_pm^2,0.0
cb_flag sy_pm sy_pmdec,-0.0
cb_flag sy_pm sy_pmra,0.0
cb_flag sy_pm pl_orbper,0.0
cb_flag sy_pm sy_gaiamag,0.0
cb_flag sy_pm st_rad,0.0
cb_flag sy_pm sy_bmag,0.0
cb_flag sy_pm sy_dist,0.0
cb_flag sy_pm st_teff,0.0
cb_flag sy_pm sy_w2mag,0.0
cb_flag sy_pm sy_w1mag,0.0
cb_flag sy_pm sy_w3mag,0.0
cb_flag sy_pm sy_w4mag,0.0
cb_flag sy_pm sy_plx,0.0
cb_flag sy_pm st_logg,0.0
cb_flag sy_pm st_mass,0.0
cb_flag sy_pm soltype_Kepler Project Candidate (q1_q17_dr25_koi),0.0
cb_flag sy_pm soltype_Published Confirmed,0.0
cb_flag sy_pm pl_tsystemref_BJD,0.0
cb_flag sy_pm pl_tsystemref_BJD-TDB,-0.0
cb_flag sy_pm pl_tsystemref_BJD-UTC,0.0
cb_flag sy_pm pl_tsystemref_HJD,0.0
cb_flag sy_pm pl_tsystemref_JD,0.0
cb_flag sy_pmdec^2,0.0
cb_flag sy_pmdec sy_pmra,-0.0
cb_flag sy_pmdec pl_orbper,-0.0
cb_flag sy_pmdec sy_gaiamag,-0.0
cb_flag sy_pmdec st_rad,-0.0
cb_flag sy_pmdec sy_bmag,-0.0
cb_flag sy_pmdec sy_dist,-0.0
cb_flag sy_pmdec st_teff,-0.0
cb_flag sy_pmdec sy_w2mag,-0.0
cb_flag sy_pmdec sy_w1mag,-0.0
cb_flag sy_pmdec sy_w3mag,-0.0
cb_flag sy_pmdec sy_w4mag,-0.0
cb_flag sy_pmdec sy_plx,-0.0
cb_flag sy_pmdec st_logg,-0.0
cb_flag sy_pmdec st_mass,-0.0
cb_flag sy_pmdec soltype_Kepler Project Candidate (q1_q17_dr25_koi),0.0
cb_flag sy_pmdec soltype_Published Confirmed,-0.0
cb_flag sy_pmdec pl_tsystemref_BJD,-0.0
cb_flag sy_pmdec pl_tsystemref_BJD-TDB,0.0
cb_flag sy_pmdec pl_tsystemref_BJD-UTC,0.0
cb_flag sy_pmdec pl_tsystemref_HJD,0.0
cb_flag sy_pmdec pl_tsystemref_JD,0.0
cb_flag sy_pmra^2,0.0
cb_flag sy_pmra pl_orbper,0.0
cb_flag sy_pmra sy_gaiamag,0.0
cb_flag sy_pmra st_rad,0.0
cb_flag sy_pmra sy_bmag,0.0
cb_flag sy_pmra sy_dist,0.0
cb_flag sy_pmra st_teff,0.0
cb_flag sy_pmra sy_w2mag,0.0
cb_flag sy_pmra sy_w1mag,0.0
cb_flag sy_pmra sy_w3mag,0.0
cb_flag sy_pmra sy_w4mag,0.0
cb_flag sy_pmra sy_plx,0.0
cb_flag sy_pmra st_logg,0.0
cb_flag sy_pmra st_mass,0.0
cb_flag sy_pmra soltype_Kepler Project Candidate (q1_q17_dr25_koi),0.0
cb_flag sy_pmra soltype_Published Confirmed,0.0
cb_flag sy_pmra pl_tsystemref_BJD,0.0
cb_flag sy_pmra pl_tsystemref_BJD-TDB,0.0
cb_flag sy_pmra pl_tsystemref_BJD-UTC,0.0
cb_flag sy_pmra pl_tsystemref_HJD,0.0
cb_flag sy_pmra pl_tsystemref_JD,0.0
cb_flag pl_orbper^2,0.0
cb_flag pl_orbper sy_gaiamag,0.0
cb_flag pl_orbper st_rad,0.0
cb_flag pl_orbper sy_bmag,0.0
cb_flag pl_orbper sy_dist,0.0
cb_flag pl_orbper st_teff,0.0
cb_flag pl_orbper sy_w2mag,0.0
cb_flag pl_orbper sy_w1mag,0.0
cb_flag pl_orbper sy_w3mag,0.0
cb_flag pl_orbper sy_w4mag,0.0
cb_flag pl_orbper sy_plx,0.0
cb_flag pl_orbper st_logg,0.0
cb_flag pl_orbper st_mass,0.0
cb_flag pl_orbper soltype_Kepler Project Candidate (q1_q17_dr25_koi),0.0
cb_flag pl_orbper soltype_Published Confirmed,0.0
cb_flag pl_orbper pl_tsystemref_BJD,0.0
cb_flag pl_orbper pl_tsystemref_BJD-TDB,-0.0
cb_flag pl_orbper pl_tsystemref_BJD-UTC,0.0
cb_flag pl_orbper pl_tsystemref_HJD,0.0
cb_flag pl_orbper pl_tsystemref_JD,0.0
cb_flag sy_gaiamag^2,0.0
cb_flag sy_gaiamag st_rad,0.0
cb_flag sy_gaiamag sy_bmag,0.0
cb_flag sy_gaiamag sy_dist,0.0
cb_flag sy_gaiamag st_teff,0.0
cb_flag sy_gaiamag sy_w2mag,0.0
cb_flag sy_gaiamag sy_w1mag,0.0
cb_flag sy_gaiamag sy_w3mag,0.0
cb_flag sy_gaiamag sy_w4mag,0.0
cb_flag sy_gaiamag sy_plx,0.0
cb_flag sy_gaiamag st_logg,0.0
cb_flag sy_gaiamag st_mass,0.0
cb_flag sy_gaiamag soltype_Kepler Project Candidate (q1_q17_dr25_koi),0.0
cb_flag sy_gaiamag soltype_Published Confirmed,0.0
cb_flag sy_gaiamag pl_tsystemref_BJD,0.0
cb_flag sy_gaiamag pl_tsystemref_BJD-TDB,-0.0
cb_flag sy_gaiamag pl_tsystemref_BJD-UTC,0.0
cb_flag sy_gaiamag pl_tsystemref_HJD,0.0
cb_flag sy_gaiamag pl_tsystemref_JD,0.0
cb_flag st_rad^2,-0.0
cb_flag st_rad sy_bmag,0.0
cb_flag st_rad sy_dist,-0.0
cb_flag st_rad st_teff,0.0
cb_flag st_rad sy_w2mag,0.0
cb_flag st_rad sy_w1mag,0.0
cb_flag st_rad sy_w3mag,0.0
cb_flag st_rad sy_w4mag,0.0
cb_flag st_rad sy_plx,0.0
cb_flag st_rad st_logg,0.0
cb_flag st_rad st_mass,0.0
cb_flag st_rad soltype_Kepler Project Candidate (q1_q17_dr25_koi),0.0
cb_flag st_rad soltype_Published Confirmed,0.0
cb_flag st_rad pl_tsystemref_BJD,0.0
cb_flag st_rad pl_tsystemref_BJD-TDB,-0.0
cb_flag st_rad pl_tsystemref_BJD-UTC,0.0
cb_flag st_rad pl_tsystemref_HJD,0.0
cb_flag st_rad pl_tsystemref_JD,0.0
cb_flag sy_bmag^2,0.0
cb_flag sy_bmag sy_dist,0.0
cb_flag sy_bmag st_teff,0.0
cb_flag sy_bmag sy_w2mag,0.0
cb_flag sy_bmag sy_w1mag,0.0
cb_flag sy_bmag sy_w3mag,0.0
cb_flag sy_bmag sy_w4mag,0.0
cb_flag sy_bmag sy_plx,0.0
cb_flag sy_bmag st_logg,0.0
cb_flag sy_bmag st_mass,0.0
cb_flag sy_bmag soltype_Kepler Project Candidate (q1_q17_dr25_koi),0.0
cb_flag sy_bmag soltype_Published Confirmed,0.0
cb_flag sy_bmag pl_tsystemref_BJD,0.0
cb_flag sy_bmag pl_tsystemref_BJD-TDB,-0.0
cb_flag sy_bmag pl_tsystemref_BJD-UTC,0.0
cb_flag sy_bmag pl_tsystemref_HJD,0.0
cb_flag sy_bmag pl_tsystemref_JD,0.0
cb_flag sy_dist^2,0.0
cb_flag sy_dist st_teff,0.0
cb_flag sy_dist sy_w2mag,0.0
cb_flag sy_dist sy_w1mag,0.0
cb_flag sy_dist sy_w3mag,0.0
cb_flag sy_dist sy_w4mag,-0.0
cb_flag sy_dist sy_plx,0.0
cb_flag sy_dist st_logg,0.0
cb_flag sy_dist st_mass,0.0
cb_flag sy_dist soltype_Kepler Project Candidate (q1_q17_dr25_koi),0.0
cb_flag sy_dist soltype_Published Confirmed,0.0
cb_flag sy_dist pl_tsystemref_BJD,0.0
cb_flag sy_dist pl_tsystemref_BJD-TDB,-0.0
cb_flag sy_dist pl_tsystemref_BJD-UTC,0.0
cb_flag sy_dist pl_tsystemref_HJD,0.0
cb_flag sy_dist pl_tsystemref_JD,0.0
cb_flag st_teff^2,0.0
cb_flag st_teff sy_w2mag,0.0
cb_flag st_teff sy_w1mag,0.0
cb_flag st_teff sy_w3mag,0.0
cb_flag st_teff sy_w4mag,0.0
cb_flag st_teff sy_plx,0.0
cb_flag st_teff st_logg,0.0
cb_flag st_teff st_mass,0.0
cb_flag st_teff soltype_Kepler Project Candidate (q1_q17_dr25_koi),0.0
cb_flag st_teff soltype_Published Confirmed,0.0
cb_flag st_teff pl_tsystemref_BJD,0.0
cb_flag st_teff pl_tsystemref_BJD-TDB,-0.0
cb_flag st_teff pl_tsystemref_BJD-UTC,0.0
cb_flag st_teff pl_tsystemref_HJD,0.0
cb_flag st_teff pl_tsystemref_JD,0.0
cb_flag sy_w2mag^2,0.0
cb_flag sy_w2mag sy_w1mag,0.0
cb_flag sy_w2mag sy_w3mag,0.0
cb_flag sy_w2mag sy_w4mag,0.0
cb_flag sy_w2mag sy_plx,0.0
cb_flag sy_w2mag st_logg,0.0
cb_flag sy_w2mag st_mass,0.0
cb_flag sy_w2mag soltype_Kepler Project Candidate (q1_q17_dr25_koi),0.0
cb_flag sy_w2mag soltype_Published Confirmed,0.0
cb_flag sy_w2mag pl_tsystemref_BJD,0.0
cb_flag sy_w2mag pl_tsystemref_BJD-TDB,-0.0
cb_flag sy_w2mag pl_tsystemref_BJD-UTC,0.0
cb_flag sy_w2mag pl_tsystemref_HJD,0.0
cb_flag sy_w2mag pl_tsystemref_JD,0.0
cb_flag sy_w1mag^2,0.0
cb_flag sy_w1mag sy_w3mag,0.0
cb_flag sy_w1mag sy_w4mag,0.0
cb_flag sy_w1mag sy_plx,0.0
cb_flag sy_w1mag st_logg,0.0
cb_flag sy_w1mag st_mass,0.0
cb_flag sy_w1mag soltype_Kepler Project Candidate (q1_q17_dr25_koi),0.0
cb_flag sy_w1mag soltype_Published Confirmed,0.0
cb_flag sy_w1mag pl_tsystemref_BJD,0.0
cb_flag sy_w1mag pl_tsystemref_BJD-TDB,-0.0
cb_flag sy_w1mag pl_tsystemref_BJD-UTC,0.0
cb_flag sy_w1mag pl_tsystemref_HJD,0.0
cb_flag sy_w1mag pl_tsystemref_JD,0.0
cb_flag sy_w3mag^2,0.0
cb_flag sy_w3mag sy_w4mag,0.0
cb_flag sy_w3mag sy_plx,0.0
cb_flag sy_w3mag st_logg,0.0
cb_flag sy_w3mag st_mass,0.0
cb_flag sy_w3mag soltype_Kepler Project Candidate (q1_q17_dr25_koi),0.0
cb_flag sy_w3mag soltype_Published Confirmed,0.0
cb_flag sy_w3mag pl_tsystemref_BJD,0.0
cb_flag sy_w3mag pl_tsystemref_BJD-TDB,-0.0
cb_flag sy_w3mag pl_tsystemref_BJD-UTC,0.0
cb_flag sy_w3mag pl_tsystemref_HJD,0.0
cb_flag sy_w3mag pl_tsystemref_JD,0.0
cb_flag sy_w4mag^2,0.0
cb_flag sy_w4mag sy_plx,0.0
cb_flag sy_w4mag st_logg,0.0
cb_flag sy_w4mag st_mass,0.0
cb_flag sy_w4mag soltype_Kepler Project Candidate (q1_q17_dr25_koi),0.0
cb_flag sy_w4mag soltype_Published Confirmed,0.0
cb_flag sy_w4mag pl_tsystemref_BJD,0.0
cb_flag sy_w4mag pl_tsystemref_BJD-TDB,-0.0
cb_flag sy_w4mag pl_tsystemref_BJD-UTC,0.0
cb_flag sy_w4mag pl_tsystemref_HJD,0.0
cb_flag sy_w4mag pl_tsystemref_JD,0.0
cb_flag sy_plx^2,0.0
cb_flag sy_plx st_logg,0.0
cb_flag sy_plx st_mass,0.0
cb_flag sy_plx soltype_Kepler Project Candidate (q1_q17_dr25_koi),0.0
cb_flag sy_plx soltype_Published Confirmed,0.0
cb_flag sy_plx pl_tsystemref_BJD,0.0
cb_flag sy_plx pl_tsystemref_BJD-TDB,-0.0
cb_flag sy_plx pl_tsystemref_BJD-UTC,0.0
cb_flag sy_plx pl_tsystemref_HJD,0.0
cb_flag sy_plx pl_tsystemref_JD,0.0
cb_flag st_logg^2,0.0
cb_flag st_logg st_mass,0.0
cb_flag st_logg soltype_Kepler Project Candidate (q1_q17_dr25_koi),0.0
cb_flag st_logg soltype_Published Confirmed,0.0
cb_flag st_logg pl_tsystemref_BJD,0.0
cb_flag st_logg pl_tsystemref_BJD-TDB,-0.0
cb_flag st_logg pl_tsystemref_BJD-UTC,0.0
cb_flag st_logg pl_tsystemref_HJD,0.0
cb_flag st_logg pl_tsystemref_JD,0.0
cb_flag st_mass^2,0.0
cb_flag st_mass soltype_Kepler Project Candidate (q1_q17_dr25_koi),0.0
cb_flag st_mass soltype_Published Confirmed,0.0
cb_flag st_mass pl_tsystemref_BJD,0.0
cb_flag st_mass pl_tsystemref_BJD-TDB,-0.0
cb_flag st_mass pl_tsystemref_BJD-UTC,0.0
cb_flag st_mass pl_tsystemref_HJD,0.0
cb_flag st_mass pl_tsystemref_JD,0.0
cb_flag soltype_Kepler Project Candidate (q1_q17_dr25_koi)^2,0.0
cb_flag soltype_Kepler Project Candidate (q1_q17_dr25_koi) soltype_Published Confirmed,0.0
cb_flag soltype_Kepler Project Candidate (q1_q17_dr25_koi) pl_tsystemref_BJD,0.0
cb_flag soltype_Kepler Project Candidate (q1_q17_dr25_koi) pl_tsystemref_BJD-TDB,0.0
cb_flag soltype_Kepler Project Candidate (q1_q17_dr25_koi) pl_tsystemref_BJD-UTC,0.0
cb_flag soltype_Kepler Project Candidate (q1_q17_dr25_koi) pl_tsystemref_HJD,0.0
cb_flag soltype_Kepler Project Candidate (q1_q17_dr25_koi) pl_tsystemref_JD,0.0
cb_flag soltype_Published Confirmed^2,0.0
cb_flag soltype_Published Confirmed pl_tsystemref_BJD,0.0
cb_flag soltype_Published Confirmed pl_tsystemref_BJD-TDB,-0.0
cb_flag soltype_Published Confirmed pl_tsystemref_BJD-UTC,0.0
cb_flag soltype_Published Confirmed pl_tsystemref_HJD,0.0
cb_flag soltype_Published Confirmed pl_tsystemref_JD,0.0
cb_flag pl_tsystemref_BJD^2,0.0
cb_flag pl_tsystemref_BJD pl_tsystemref_BJD-TDB,0.0
cb_flag pl_tsystemref_BJD pl_tsystemref_BJD-UTC,0.0
cb_flag pl_tsystemref_BJD pl_tsystemref_HJD,0.0
cb_flag pl_tsystemref_BJD pl_tsystemref_JD,0.0
cb_flag pl_tsystemref_BJD-TDB^2,-0.0
cb_flag pl_tsystemref_BJD-TDB pl_tsystemref_BJD-UTC,0.0
cb_flag pl_tsystemref_BJD-TDB pl_tsystemref_HJD,0.0
cb_flag pl_tsystemref_BJD-TDB pl_tsystemref_JD,0.0
cb_flag pl_tsystemref_BJD-UTC^2,0.0
cb_flag pl_tsystemref_BJD-UTC pl_tsystemref_HJD,0.0
cb_flag pl_tsystemref_BJD-UTC pl_tsystemref_JD,0.0
cb_flag pl_tsystemref_HJD^2,0.0
cb_flag pl_tsystemref_HJD pl_tsystemref_JD,0.0
cb_flag pl_tsystemref_JD^2,0.0
ttv_flag^3,0.0
ttv_flag^2 pl_nnotes,0.0
ttv_flag^2 elon,0.0
ttv_flag^2 elat,0.0
ttv_flag^2 glon,0.0
ttv_flag^2 glat,0.0
ttv_flag^2 dec,0.0
ttv_flag^2 ra,0.0
ttv_flag^2 st_nspec,0.0
ttv_flag^2 pl_nespec,0.0
ttv_flag^2 pl_ntranspec,0.0
ttv_flag^2 pl_ndispec,0.0
ttv_flag^2 release_year,0.0
ttv_flag^2 st_nphot,-0.0
ttv_flag^2 st_nrvc,-0.0
ttv_flag^2 pl_controv_flag,-0.0
ttv_flag^2 disc_year,0.0
ttv_flag^2 sy_tmag,0.0
ttv_flag^2 sy_kmag,0.0
ttv_flag^2 sy_jmag,0.0
ttv_flag^2 sy_hmag,0.0
ttv_flag^2 sy_vmag,0.0
ttv_flag^2 sy_pm,0.0
ttv_flag^2 sy_pmdec,-0.0
ttv_flag^2 sy_pmra,-0.0
ttv_flag^2 pl_orbper,0.0
ttv_flag^2 sy_gaiamag,0.0
ttv_flag^2 st_rad,0.0
ttv_flag^2 sy_bmag,0.0
ttv_flag^2 sy_dist,0.0
ttv_flag^2 st_teff,0.0
ttv_flag^2 sy_w2mag,0.0
ttv_flag^2 sy_w1mag,0.0
ttv_flag^2 sy_w3mag,0.0
ttv_flag^2 sy_w4mag,0.0
ttv_flag^2 sy_plx,0.0
ttv_flag^2 st_logg,0.0
ttv_flag^2 st_mass,0.0
ttv_flag^2 soltype_Kepler Project Candidate (q1_q17_dr25_koi),0.0
ttv_flag^2 soltype_Published Confirmed,0.0
ttv_flag^2 pl_tsystemref_BJD,-0.0
ttv_flag^2 pl_tsystemref_BJD-TDB,0.0
ttv_flag^2 pl_tsystemref_BJD-UTC,0.0005947404711271906
ttv_flag^2 pl_tsystemref_HJD,0.0
ttv_flag^2 pl_tsystemref_JD,0.0
ttv_flag pl_nnotes^2,0.0
ttv_flag pl_nnotes elon,0.0
ttv_flag pl_nnotes elat,0.0
ttv_flag pl_nnotes glon,0.005278539387171494
ttv_flag pl_nnotes glat,0.0
ttv_flag pl_nnotes dec,0.0
ttv_flag pl_nnotes ra,0.0
ttv_flag pl_nnotes st_nspec,0.0
ttv_flag pl_nnotes pl_nespec,0.0
ttv_flag pl_nnotes pl_ntranspec,0.0
ttv_flag pl_nnotes pl_ndispec,0.0
ttv_flag pl_nnotes release_year,0.0
ttv_flag pl_nnotes st_nphot,0.0
ttv_flag pl_nnotes st_nrvc,-0.0
ttv_flag pl_nnotes pl_controv_flag,-0.0
ttv_flag pl_nnotes disc_year,0.0
ttv_flag pl_nnotes sy_tmag,0.0
ttv_flag pl_nnotes sy_kmag,0.0
ttv_flag pl_nnotes sy_jmag,0.0
ttv_flag pl_nnotes sy_hmag,0.0
ttv_flag pl_nnotes sy_vmag,0.0
ttv_flag pl_nnotes sy_pm,0.0
ttv_flag pl_nnotes sy_pmdec,-0.0
ttv_flag pl_nnotes sy_pmra,-0.0
ttv_flag pl_nnotes pl_orbper,0.0
ttv_flag pl_nnotes sy_gaiamag,0.0
ttv_flag pl_nnotes st_rad,0.0
ttv_flag pl_nnotes sy_bmag,0.0
ttv_flag pl_nnotes sy_dist,0.0
ttv_flag pl_nnotes st_teff,0.002757361891180025
ttv_flag pl_nnotes sy_w2mag,0.0
ttv_flag pl_nnotes sy_w1mag,0.0
ttv_flag pl_nnotes sy_w3mag,0.0
ttv_flag pl_nnotes sy_w4mag,0.0
ttv_flag pl_nnotes sy_plx,0.0
ttv_flag pl_nnotes st_logg,0.0
ttv_flag pl_nnotes st_mass,0.0
ttv_flag pl_nnotes soltype_Kepler Project Candidate (q1_q17_dr25_koi),0.0
ttv_flag pl_nnotes soltype_Published Confirmed,0.0
ttv_flag pl_nnotes pl_tsystemref_BJD,0.0
ttv_flag pl_nnotes pl_tsystemref_BJD-TDB,0.0
ttv_flag pl_nnotes pl_tsystemref_BJD-UTC,8.339655941403243e-05
ttv_flag pl_nnotes pl_tsystemref_HJD,0.0
ttv_flag pl_nnotes pl_tsystemref_JD,0.0
ttv_flag elon^2,0.0
ttv_flag elon elat,0.0
ttv_flag elon glon,0.010126816875875848
ttv_flag elon glat,0.0
ttv_flag elon dec,0.0
ttv_flag elon ra,0.0
ttv_flag elon st_nspec,0.0
ttv_flag elon pl_nespec,0.0
ttv_flag elon pl_ntranspec,0.0
ttv_flag elon pl_ndispec,0.0
ttv_flag elon release_year,0.0
ttv_flag elon st_nphot,-0.0
ttv_flag elon st_nrvc,-0.0
ttv_flag elon pl_controv_flag,-0.0
ttv_flag elon disc_year,0.0
ttv_flag elon sy_tmag,0.0
ttv_flag elon sy_kmag,0.0
ttv_flag elon sy_jmag,0.0
ttv_flag elon sy_hmag,0.0
ttv_flag elon sy_vmag,0.0
ttv_flag elon sy_pm,0.0
ttv_flag elon sy_pmdec,-0.0
ttv_flag elon sy_pmra,0.0
ttv_flag elon pl_orbper,0.0
ttv_flag elon sy_gaiamag,0.0
ttv_flag elon st_rad,0.0
ttv_flag elon sy_bmag,0.0
ttv_flag elon sy_dist,0.0
ttv_flag elon st_teff,0.0
ttv_flag elon sy_w2mag,0.0
ttv_flag elon sy_w1mag,0.0
ttv_flag elon sy_w3mag,0.0
ttv_flag elon sy_w4mag,0.0
ttv_flag elon sy_plx,0.0
ttv_flag elon st_logg,0.0
ttv_flag elon st_mass,0.0
ttv_flag elon soltype_Kepler Project Candidate (q1_q17_dr25_koi),0.0
ttv_flag elon soltype_Published Confirmed,0.0
ttv_flag elon pl_tsystemref_BJD,-0.0
ttv_flag elon pl_tsystemref_BJD-TDB,0.0
ttv_flag elon pl_tsystemref_BJD-UTC,0.0
ttv_flag elon pl_tsystemref_HJD,0.0
ttv_flag elon pl_tsystemref_JD,0.0
ttv_flag elat^2,0.0
ttv_flag elat glon,0.0
ttv_flag elat glat,0.0
ttv_flag elat dec,0.0
ttv_flag elat ra,0.0
ttv_flag elat st_nspec,0.0
ttv_flag elat pl_nespec,0.0
ttv_flag elat pl_ntranspec,0.0
ttv_flag elat pl_ndispec,0.0
ttv_flag elat release_year,0.0
ttv_flag elat st_nphot,0.0
ttv_flag elat st_nrvc,-0.0
ttv_flag elat pl_controv_flag,-0.0
ttv_flag elat disc_year,0.0
ttv_flag elat sy_tmag,0.0
ttv_flag elat sy_kmag,0.0
ttv_flag elat sy_jmag,0.0
ttv_flag elat sy_hmag,0.0
ttv_flag elat sy_vmag,0.0
ttv_flag elat sy_pm,0.0
ttv_flag elat sy_pmdec,-0.0
ttv_flag elat sy_pmra,0.0
ttv_flag elat pl_orbper,0.0
ttv_flag elat sy_gaiamag,0.0
ttv_flag elat st_rad,0.0
ttv_flag elat sy_bmag,0.0
ttv_flag elat sy_dist,0.0
ttv_flag elat st_teff,0.0
ttv_flag elat sy_w2mag,0.0
ttv_flag elat sy_w1mag,0.0
ttv_flag elat sy_w3mag,0.0
ttv_flag elat sy_w4mag,0.0
ttv_flag elat sy_plx,0.0
ttv_flag elat st_logg,0.0
ttv_flag elat st_mass,0.0
ttv_flag elat soltype_Kepler Project Candidate (q1_q17_dr25_koi),0.0
ttv_flag elat soltype_Published Confirmed,0.0
ttv_flag elat pl_tsystemref_BJD,-0.0
ttv_flag elat pl_tsystemref_BJD-TDB,0.0
ttv_flag elat pl_tsystemref_BJD-UTC,0.0
ttv_flag elat pl_tsystemref_HJD,0.0
ttv_flag elat pl_tsystemref_JD,0.0
ttv_flag glon^2,0.0
ttv_flag glon glat,0.0
ttv_flag glon dec,0.0
ttv_flag glon ra,0.0
ttv_flag glon st_nspec,0.0
ttv_flag glon pl_nespec,0.0
ttv_flag glon pl_ntranspec,0.0
ttv_flag glon pl_ndispec,0.0
ttv_flag glon release_year,0.0
ttv_flag glon st_nphot,-0.0
ttv_flag glon st_nrvc,-0.0
ttv_flag glon pl_controv_flag,-0.0
ttv_flag glon disc_year,0.0
ttv_flag glon sy_tmag,0.0
ttv_flag glon sy_kmag,0.0
ttv_flag glon sy_jmag,0.0
ttv_flag glon sy_hmag,0.0
ttv_flag glon sy_vmag,0.0
ttv_flag glon sy_pm,0.0
ttv_flag glon sy_pmdec,-0.0
ttv_flag glon sy_pmra,-0.0
ttv_flag glon pl_orbper,0.0
ttv_flag glon sy_gaiamag,0.0
ttv_flag glon st_rad,0.0
ttv_flag glon sy_bmag,0.0
ttv_flag glon sy_dist,0.0
ttv_flag glon st_teff,0.0
ttv_flag glon sy_w2mag,0.0
ttv_flag glon sy_w1mag,0.0
ttv_flag glon sy_w3mag,0.0
ttv_flag glon sy_w4mag,0.0
ttv_flag glon sy_plx,0.0
ttv_flag glon st_logg,0.0
ttv_flag glon st_mass,0.0
ttv_flag glon soltype_Kepler Project Candidate (q1_q17_dr25_koi),0.0
ttv_flag glon soltype_Published Confirmed,0.0
ttv_flag glon pl_tsystemref_BJD,0.0
ttv_flag glon pl_tsystemref_BJD-TDB,0.0
ttv_flag glon pl_tsystemref_BJD-UTC,0.0
ttv_flag glon pl_tsystemref_HJD,0.0
ttv_flag glon pl_tsystemref_JD,0.0
ttv_flag glat^2,0.0
ttv_flag glat dec,0.0
ttv_flag glat ra,0.0
ttv_flag glat st_nspec,0.0
ttv_flag glat pl_nespec,0.0
ttv_flag glat pl_ntranspec,0.0
ttv_flag glat pl_ndispec,0.0
ttv_flag glat release_year,0.0
ttv_flag glat st_nphot,-0.0
ttv_flag glat st_nrvc,-0.0
ttv_flag glat pl_controv_flag,-0.0
ttv_flag glat disc_year,0.0
ttv_flag glat sy_tmag,0.0
ttv_flag glat sy_kmag,0.0
ttv_flag glat sy_jmag,0.0
ttv_flag glat sy_hmag,0.0
ttv_flag glat sy_vmag,0.0
ttv_flag glat sy_pm,0.0
ttv_flag glat sy_pmdec,-0.0
ttv_flag glat sy_pmra,-0.0
ttv_flag glat pl_orbper,0.0
ttv_flag glat sy_gaiamag,0.0
ttv_flag glat st_rad,0.0
ttv_flag glat sy_bmag,0.0
ttv_flag glat sy_dist,0.0
ttv_flag glat st_teff,0.0
ttv_flag glat sy_w2mag,0.0
ttv_flag glat sy_w1mag,0.0
ttv_flag glat sy_w3mag,0.0
ttv_flag glat sy_w4mag,0.0
ttv_flag glat sy_plx,0.0
ttv_flag glat st_logg,0.0
ttv_flag glat st_mass,0.0
ttv_flag glat soltype_Kepler Project Candidate (q1_q17_dr25_koi),0.0
ttv_flag glat soltype_Published Confirmed,0.0
ttv_flag glat pl_tsystemref_BJD,0.0
ttv_flag glat pl_tsystemref_BJD-TDB,0.0
ttv_flag glat pl_tsystemref_BJD-UTC,0.0
ttv_flag glat pl_tsystemref_HJD,0.0
ttv_flag glat pl_tsystemref_JD,0.0
ttv_flag dec^2,0.0
ttv_flag dec ra,0.0
ttv_flag dec st_nspec,0.0
ttv_flag dec pl_nespec,0.0
ttv_flag dec pl_ntranspec,0.0
ttv_flag dec pl_ndispec,0.0
ttv_flag dec release_year,0.0
ttv_flag dec st_nphot,-0.0
ttv_flag dec st_nrvc,-0.0
ttv_flag dec pl_controv_flag,-0.0
ttv_flag dec disc_year,0.0
ttv_flag dec sy_tmag,0.0
ttv_flag dec sy_kmag,0.0
ttv_flag dec sy_jmag,0.0
ttv_flag dec sy_hmag,0.0
ttv_flag dec sy_vmag,0.0
ttv_flag dec sy_pm,-0.0
ttv_flag dec sy_pmdec,0.0
ttv_flag dec sy_pmra,0.0
ttv_flag dec pl_orbper,0.0
ttv_flag dec sy_gaiamag,0.0
ttv_flag dec st_rad,0.0
ttv_flag dec sy_bmag,0.0
ttv_flag dec sy_dist,0.0
ttv_flag dec st_teff,0.0
ttv_flag dec sy_w2mag,0.0
ttv_flag dec sy_w1mag,0.0
ttv_flag dec sy_w3mag,0.0
ttv_flag dec sy_w4mag,0.0
ttv_flag dec sy_plx,0.0
ttv_flag dec st_logg,0.0
ttv_flag dec st_mass,0.0
ttv_flag dec soltype_Kepler Project Candidate (q1_q17_dr25_koi),0.0
ttv_flag dec soltype_Published Confirmed,0.0
ttv_flag dec pl_tsystemref_BJD,-0.0
ttv_flag dec pl_tsystemref_BJD-TDB,0.0
ttv_flag dec pl_tsystemref_BJD-UTC,0.0
ttv_flag dec pl_tsystemref_HJD,0.0
ttv_flag dec pl_tsystemref_JD,0.0
ttv_flag ra^2,0.0
ttv_flag ra st_nspec,0.0
ttv_flag ra pl_nespec,0.0
ttv_flag ra pl_ntranspec,0.0
ttv_flag ra pl_ndispec,0.0
ttv_flag ra release_year,0.0
ttv_flag ra st_nphot,-0.0
ttv_flag ra st_nrvc,-0.0
ttv_flag ra pl_controv_flag,-0.0
ttv_flag ra disc_year,0.0
ttv_flag ra sy_tmag,0.0
ttv_flag ra sy_kmag,0.0
ttv_flag ra sy_jmag,0.0
ttv_flag ra sy_hmag,0.0
ttv_flag ra sy_vmag,0.0
ttv_flag ra sy_pm,0.0
ttv_flag ra sy_pmdec,-0.0
ttv_flag ra sy_pmra,0.0
ttv_flag ra pl_orbper,0.0
ttv_flag ra sy_gaiamag,0.0
ttv_flag ra st_rad,0.0
ttv_flag ra sy_bmag,0.0
ttv_flag ra sy_dist,0.0
ttv_flag ra st_teff,0.0
ttv_flag ra sy_w2mag,0.0
ttv_flag ra sy_w1mag,0.0
ttv_flag ra sy_w3mag,0.0
ttv_flag ra sy_w4mag,0.0
ttv_flag ra sy_plx,0.0
ttv_flag ra st_logg,0.0
ttv_flag ra st_mass,0.0
ttv_flag ra soltype_Kepler Project Candidate (q1_q17_dr25_koi),0.0
ttv_flag ra soltype_Published Confirmed,0.0
ttv_flag ra pl_tsystemref_BJD,-0.0
ttv_flag ra pl_tsystemref_BJD-TDB,0.0
ttv_flag ra pl_tsystemref_BJD-UTC,0.0
ttv_flag ra pl_tsystemref_HJD,0.0
ttv_flag ra pl_tsystemref_JD,0.0
ttv_flag st_nspec^2,0.0
ttv_flag st_nspec pl_nespec,0.0
ttv_flag st_nspec pl_ntranspec,0.0
ttv_flag st_nspec pl_ndispec,0.0
ttv_flag st_nspec release_year,0.0
ttv_flag st_nspec st_nphot,0.0
ttv_flag st_nspec st_nrvc,0.0
ttv_flag st_nspec pl_controv_flag,0.0
ttv_flag st_nspec disc_year,0.0
ttv_flag st_nspec sy_tmag,0.0
ttv_flag st_nspec sy_kmag,0.0
ttv_flag st_nspec sy_jmag,0.0
ttv_flag st_nspec sy_hmag,0.0
ttv_flag st_nspec sy_vmag,0.0
ttv_flag st_nspec sy_pm,0.0
ttv_flag st_nspec sy_pmdec,-0.0
ttv_flag st_nspec sy_pmra,0.0
ttv_flag st_nspec pl_orbper,0.0
ttv_flag st_nspec sy_gaiamag,0.0
ttv_flag st_nspec st_rad,0.0
ttv_flag st_nspec sy_bmag,0.0
ttv_flag st_nspec sy_dist,0.0
ttv_flag st_nspec st_teff,0.0
ttv_flag st_nspec sy_w2mag,0.0
ttv_flag st_nspec sy_w1mag,0.0
ttv_flag st_nspec sy_w3mag,0.0
ttv_flag st_nspec sy_w4mag,0.0
ttv_flag st_nspec sy_plx,0.0
ttv_flag st_nspec st_logg,0.0
ttv_flag st_nspec st_mass,0.0
ttv_flag st_nspec soltype_Kepler Project Candidate (q1_q17_dr25_koi),0.0
ttv_flag st_nspec soltype_Published Confirmed,0.0
ttv_flag st_nspec pl_tsystemref_BJD,0.0
ttv_flag st_nspec pl_tsystemref_BJD-TDB,0.0
ttv_flag st_nspec pl_tsystemref_BJD-UTC,0.0
ttv_flag st_nspec pl_tsystemref_HJD,0.0
ttv_flag st_nspec pl_tsystemref_JD,0.0
ttv_flag pl_nespec^2,0.0
ttv_flag pl_nespec pl_ntranspec,0.0
ttv_flag pl_nespec pl_ndispec,0.0
ttv_flag pl_nespec release_year,0.0
ttv_flag pl_nespec st_nphot,0.0
ttv_flag pl_nespec st_nrvc,0.0
ttv_flag pl_nespec pl_controv_flag,0.0
ttv_flag pl_nespec disc_year,0.0
ttv_flag pl_nespec sy_tmag,0.0
ttv_flag pl_nespec sy_kmag,0.0
ttv_flag pl_nespec sy_jmag,0.0
ttv_flag pl_nespec sy_hmag,0.0
ttv_flag pl_nespec sy_vmag,0.0
ttv_flag pl_nespec sy_pm,0.0
ttv_flag pl_nespec sy_pmdec,-0.0
ttv_flag pl_nespec sy_pmra,-0.0
ttv_flag pl_nespec pl_orbper,0.0
ttv_flag pl_nespec sy_gaiamag,0.0
ttv_flag pl_nespec st_rad,0.0
ttv_flag pl_nespec sy_bmag,0.0
ttv_flag pl_nespec sy_dist,0.0
ttv_flag pl_nespec st_teff,0.0
ttv_flag pl_nespec sy_w2mag,0.0
ttv_flag pl_nespec sy_w1mag,0.0
ttv_flag pl_nespec sy_w3mag,0.0
ttv_flag pl_nespec sy_w4mag,0.0
ttv_flag pl_nespec sy_plx,0.0
ttv_flag pl_nespec st_logg,0.0
ttv_flag pl_nespec st_mass,0.0
ttv_flag pl_nespec soltype_Kepler Project Candidate (q1_q17_dr25_koi),0.0
ttv_flag pl_nespec soltype_Published Confirmed,0.0
ttv_flag pl_nespec pl_tsystemref_BJD,0.0
ttv_flag pl_nespec pl_tsystemref_BJD-TDB,0.0
ttv_flag pl_nespec pl_tsystemref_BJD-UTC,0.0
ttv_flag pl_nespec pl_tsystemref_HJD,0.0
ttv_flag pl_nespec pl_tsystemref_JD,0.0
ttv_flag pl_ntranspec^2,0.0
ttv_flag pl_ntranspec pl_ndispec,0.0
ttv_flag pl_ntranspec release_year,0.0
ttv_flag pl_ntranspec st_nphot,0.0
ttv_flag pl_ntranspec st_nrvc,-0.0
ttv_flag pl_ntranspec pl_controv_flag,0.0
ttv_flag pl_ntranspec disc_year,0.0
ttv_flag pl_ntranspec sy_tmag,0.0
ttv_flag pl_ntranspec sy_kmag,0.0
ttv_flag pl_ntranspec sy_jmag,0.0
ttv_flag pl_ntranspec sy_hmag,0.0
ttv_flag pl_ntranspec sy_vmag,0.0
ttv_flag pl_ntranspec sy_pm,0.0
ttv_flag pl_ntranspec sy_pmdec,-0.0
ttv_flag pl_ntranspec sy_pmra,-0.0
ttv_flag pl_ntranspec pl_orbper,0.0
ttv_flag pl_ntranspec sy_gaiamag,0.0
ttv_flag pl_ntranspec st_rad,0.0
ttv_flag pl_ntranspec sy_bmag,0.0
ttv_flag pl_ntranspec sy_dist,0.0
ttv_flag pl_ntranspec st_teff,0.0
ttv_flag pl_ntranspec sy_w2mag,0.0
ttv_flag pl_ntranspec sy_w1mag,0.0
ttv_flag pl_ntranspec sy_w3mag,0.0
ttv_flag pl_ntranspec sy_w4mag,0.0
ttv_flag pl_ntranspec sy_plx,0.0
ttv_flag pl_ntranspec st_logg,0.0
ttv_flag pl_ntranspec st_mass,0.0
ttv_flag pl_ntranspec soltype_Kepler Project Candidate (q1_q17_dr25_koi),0.0
ttv_flag pl_ntranspec soltype_Published Confirmed,0.0
ttv_flag pl_ntranspec pl_tsystemref_BJD,0.0
ttv_flag pl_ntranspec pl_tsystemref_BJD-TDB,0.0
ttv_flag pl_ntranspec pl_tsystemref_BJD-UTC,0.0
ttv_flag pl_ntranspec pl_tsystemref_HJD,0.0
ttv_flag pl_ntranspec pl_tsystemref_JD,0.0
ttv_flag pl_ndispec^2,0.0
ttv_flag pl_ndispec release_year,0.0
ttv_flag pl_ndispec st_nphot,0.0
ttv_flag pl_ndispec st_nrvc,0.0
ttv_flag pl_ndispec pl_controv_flag,0.0
ttv_flag pl_ndispec disc_year,0.0
ttv_flag pl_ndispec sy_tmag,0.0
ttv_flag pl_ndispec sy_kmag,0.0
ttv_flag pl_ndispec sy_jmag,0.0
ttv_flag pl_ndispec sy_hmag,0.0
ttv_flag pl_ndispec sy_vmag,0.0
ttv_flag pl_ndispec sy_pm,0.0
ttv_flag pl_ndispec sy_pmdec,0.0
ttv_flag pl_ndispec sy_pmra,0.0
ttv_flag pl_ndispec pl_orbper,0.0
ttv_flag pl_ndispec sy_gaiamag,0.0
ttv_flag pl_ndispec st_rad,0.0
ttv_flag pl_ndispec sy_bmag,0.0
ttv_flag pl_ndispec sy_dist,0.0
ttv_flag pl_ndispec st_teff,0.0
ttv_flag pl_ndispec sy_w2mag,0.0
ttv_flag pl_ndispec sy_w1mag,0.0
ttv_flag pl_ndispec sy_w3mag,0.0
ttv_flag pl_ndispec sy_w4mag,0.0
ttv_flag pl_ndispec sy_plx,0.0
ttv_flag pl_ndispec st_logg,0.0
ttv_flag pl_ndispec st_mass,0.0
ttv_flag pl_ndispec soltype_Kepler Project Candidate (q1_q17_dr25_koi),0.0
ttv_flag pl_ndispec soltype_Published Confirmed,0.0
ttv_flag pl_ndispec pl_tsystemref_BJD,0.0
ttv_flag pl_ndispec pl_tsystemref_BJD-TDB,0.0
ttv_flag pl_ndispec pl_tsystemref_BJD-UTC,0.0
ttv_flag pl_ndispec pl_tsystemref_HJD,0.0
ttv_flag pl_ndispec pl_tsystemref_JD,0.0
ttv_flag release_year^2,0.0
ttv_flag release_year st_nphot,-0.0
ttv_flag release_year st_nrvc,-0.0
ttv_flag release_year pl_controv_flag,-0.0
ttv_flag release_year disc_year,0.0
ttv_flag release_year sy_tmag,0.0
ttv_flag release_year sy_kmag,0.0
ttv_flag release_year sy_jmag,0.0
ttv_flag release_year sy_hmag,0.0
ttv_flag release_year sy_vmag,0.0
ttv_flag release_year sy_pm,0.0
ttv_flag release_year sy_pmdec,-0.0
ttv_flag release_year sy_pmra,-0.0
ttv_flag release_year pl_orbper,0.0
ttv_flag release_year sy_gaiamag,0.0
ttv_flag release_year st_rad,0.0
ttv_flag release_year sy_bmag,0.0
ttv_flag release_year sy_dist,0.0
ttv_flag release_year st_teff,0.0
ttv_flag release_year sy_w2mag,0.0
ttv_flag release_year sy_w1mag,0.0
ttv_flag release_year sy_w3mag,0.0
ttv_flag release_year sy_w4mag,0.0
ttv_flag release_year sy_plx,0.0
ttv_flag release_year st_logg,0.0
ttv_flag release_year st_mass,0.0
ttv_flag release_year soltype_Kepler Project Candidate (q1_q17_dr25_koi),0.0
ttv_flag release_year soltype_Published Confirmed,0.0
ttv_flag release_year pl_tsystemref_BJD,-0.0
ttv_flag release_year pl_tsystemref_BJD-TDB,0.0
ttv_flag release_year pl_tsystemref_BJD-UTC,7.17384958033145e-05
ttv_flag release_year pl_tsystemref_HJD,0.0
ttv_flag release_year pl_tsystemref_JD,0.0
ttv_flag st_nphot^2,-0.0
ttv_flag st_nphot st_nrvc,0.0
ttv_flag st_nphot pl_controv_flag,0.0
ttv_flag st_nphot disc_year,-0.0
ttv_flag st_nphot sy_tmag,-0.0
ttv_flag st_nphot sy_kmag,-0.0
ttv_flag st_nphot sy_jmag,-0.0
ttv_flag st_nphot sy_hmag,-0.0
ttv_flag st_nphot sy_vmag,-0.0
ttv_flag st_nphot sy_pm,-0.0
ttv_flag st_nphot sy_pmdec,-0.0
ttv_flag st_nphot sy_pmra,0.0
ttv_flag st_nphot pl_orbper,-0.0
ttv_flag st_nphot sy_gaiamag,-0.0
ttv_flag st_nphot st_rad,-0.0
ttv_flag st_nphot sy_bmag,-0.0
ttv_flag st_nphot sy_dist,-0.0
ttv_flag st_nphot st_teff,-0.0
ttv_flag st_nphot sy_w2mag,-0.0
ttv_flag st_nphot sy_w1mag,-0.0
ttv_flag st_nphot sy_w3mag,-0.0
ttv_flag st_nphot sy_w4mag,-0.0
ttv_flag st_nphot sy_plx,-0.0
ttv_flag st_nphot st_logg,-0.0
ttv_flag st_nphot st_mass,-0.0
ttv_flag st_nphot soltype_Kepler Project Candidate (q1_q17_dr25_koi),0.0
ttv_flag st_nphot soltype_Published Confirmed,-0.0
ttv_flag st_nphot pl_tsystemref_BJD,-0.0
ttv_flag st_nphot pl_tsystemref_BJD-TDB,0.0
ttv_flag st_nphot pl_tsystemref_BJD-UTC,0.0
ttv_flag st_nphot pl_tsystemref_HJD,0.0
ttv_flag st_nphot pl_tsystemref_JD,0.0
ttv_flag st_nrvc^2,-0.0
ttv_flag st_nrvc pl_controv_flag,0.0
ttv_flag st_nrvc disc_year,-0.0
ttv_flag st_nrvc sy_tmag,-0.0
ttv_flag st_nrvc sy_kmag,-0.0
ttv_flag st_nrvc sy_jmag,-0.0
ttv_flag st_nrvc sy_hmag,-0.0
ttv_flag st_nrvc sy_vmag,-0.0
ttv_flag st_nrvc sy_pm,-0.0
ttv_flag st_nrvc sy_pmdec,-0.0
ttv_flag st_nrvc sy_pmra,0.0
ttv_flag st_nrvc pl_orbper,-0.0
ttv_flag st_nrvc sy_gaiamag,-0.0
ttv_flag st_nrvc st_rad,-0.0
ttv_flag st_nrvc sy_bmag,-0.0
ttv_flag st_nrvc sy_dist,-0.0
ttv_flag st_nrvc st_teff,-0.0
ttv_flag st_nrvc sy_w2mag,-0.0
ttv_flag st_nrvc sy_w1mag,-0.0
ttv_flag st_nrvc sy_w3mag,-0.0
ttv_flag st_nrvc sy_w4mag,-0.0
ttv_flag st_nrvc sy_plx,-0.0
ttv_flag st_nrvc st_logg,-0.0
ttv_flag st_nrvc st_mass,-0.0
ttv_flag st_nrvc soltype_Kepler Project Candidate (q1_q17_dr25_koi),0.0
ttv_flag st_nrvc soltype_Published Confirmed,-0.0
ttv_flag st_nrvc pl_tsystemref_BJD,0.0
ttv_flag st_nrvc pl_tsystemref_BJD-TDB,-0.0
ttv_flag st_nrvc pl_tsystemref_BJD-UTC,0.0
ttv_flag st_nrvc pl_tsystemref_HJD,0.0
ttv_flag st_nrvc pl_tsystemref_JD,0.0
ttv_flag pl_controv_flag^2,-0.0
ttv_flag pl_controv_flag disc_year,-0.0
ttv_flag pl_controv_flag sy_tmag,-0.0
ttv_flag pl_controv_flag sy_kmag,-0.0
ttv_flag pl_controv_flag sy_jmag,-0.0
ttv_flag pl_controv_flag sy_hmag,-0.0
ttv_flag pl_controv_flag sy_vmag,-0.0
ttv_flag pl_controv_flag sy_pm,-0.0
ttv_flag pl_controv_flag sy_pmdec,0.0
ttv_flag pl_controv_flag sy_pmra,-0.0
ttv_flag pl_controv_flag pl_orbper,-0.0
ttv_flag pl_controv_flag sy_gaiamag,-0.0
ttv_flag pl_controv_flag st_rad,-0.0
ttv_flag pl_controv_flag sy_bmag,-0.0
ttv_flag pl_controv_flag sy_dist,-0.0
ttv_flag pl_controv_flag st_teff,-0.0
ttv_flag pl_controv_flag sy_w2mag,-0.0
ttv_flag pl_controv_flag sy_w1mag,-0.0
ttv_flag pl_controv_flag sy_w3mag,-0.0
ttv_flag pl_controv_flag sy_w4mag,-0.0
ttv_flag pl_controv_flag sy_plx,-0.0
ttv_flag pl_controv_flag st_logg,-0.0
ttv_flag pl_controv_flag st_mass,-0.0
ttv_flag pl_controv_flag soltype_Kepler Project Candidate (q1_q17_dr25_koi),0.0
ttv_flag pl_controv_flag soltype_Published Confirmed,-0.0
ttv_flag pl_controv_flag pl_tsystemref_BJD,-0.0
ttv_flag pl_controv_flag pl_tsystemref_BJD-TDB,0.0
ttv_flag pl_controv_flag pl_tsystemref_BJD-UTC,0.0
ttv_flag pl_controv_flag pl_tsystemref_HJD,0.0
ttv_flag pl_controv_flag pl_tsystemref_JD,0.0
ttv_flag disc_year^2,0.0
ttv_flag disc_year sy_tmag,0.0
ttv_flag disc_year sy_kmag,0.0
ttv_flag disc_year sy_jmag,0.0
ttv_flag disc_year sy_hmag,0.0
ttv_flag disc_year sy_vmag,0.0
ttv_flag disc_year sy_pm,0.0
ttv_flag disc_year sy_pmdec,-0.0
ttv_flag disc_year sy_pmra,-0.0
ttv_flag disc_year pl_orbper,0.0
ttv_flag disc_year sy_gaiamag,0.0
ttv_flag disc_year st_rad,0.0
ttv_flag disc_year sy_bmag,0.0
ttv_flag disc_year sy_dist,0.0
ttv_flag disc_year st_teff,0.0
ttv_flag disc_year sy_w2mag,0.0
ttv_flag disc_year sy_w1mag,0.0
ttv_flag disc_year sy_w3mag,0.0
ttv_flag disc_year sy_w4mag,0.0
ttv_flag disc_year sy_plx,0.0
ttv_flag disc_year st_logg,0.0
ttv_flag disc_year st_mass,0.0
ttv_flag disc_year soltype_Kepler Project Candidate (q1_q17_dr25_koi),0.0
ttv_flag disc_year soltype_Published Confirmed,0.0
ttv_flag disc_year pl_tsystemref_BJD,-0.0
ttv_flag disc_year pl_tsystemref_BJD-TDB,0.0
ttv_flag disc_year pl_tsystemref_BJD-UTC,2.672797813905176e-05
ttv_flag disc_year pl_tsystemref_HJD,0.0
ttv_flag disc_year pl_tsystemref_JD,0.0
ttv_flag sy_tmag^2,0.0
ttv_flag sy_tmag sy_kmag,0.0
ttv_flag sy_tmag sy_jmag,0.0
ttv_flag sy_tmag sy_hmag,0.0
ttv_flag sy_tmag sy_vmag,0.0
ttv_flag sy_tmag sy_pm,0.0
ttv_flag sy_tmag sy_pmdec,-0.0
ttv_flag sy_tmag sy_pmra,-0.0
ttv_flag sy_tmag pl_orbper,0.0
ttv_flag sy_tmag sy_gaiamag,0.0
ttv_flag sy_tmag st_rad,0.0
ttv_flag sy_tmag sy_bmag,0.0
ttv_flag sy_tmag sy_dist,0.0
ttv_flag sy_tmag st_teff,0.0
ttv_flag sy_tmag sy_w2mag,0.0
ttv_flag sy_tmag sy_w1mag,0.0
ttv_flag sy_tmag sy_w3mag,0.0
ttv_flag sy_tmag sy_w4mag,0.0
ttv_flag sy_tmag sy_plx,0.0
ttv_flag sy_tmag st_logg,0.0
ttv_flag sy_tmag st_mass,0.0
ttv_flag sy_tmag soltype_Kepler Project Candidate (q1_q17_dr25_koi),0.0
ttv_flag sy_tmag soltype_Published Confirmed,0.0
ttv_flag sy_tmag pl_tsystemref_BJD,0.0
ttv_flag sy_tmag pl_tsystemref_BJD-TDB,0.0
ttv_flag sy_tmag pl_tsystemref_BJD-UTC,0.00013809160630111396
ttv_flag sy_tmag pl_tsystemref_HJD,0.0
ttv_flag sy_tmag pl_tsystemref_JD,0.0
ttv_flag sy_kmag^2,0.0
ttv_flag sy_kmag sy_jmag,0.0
ttv_flag sy_kmag sy_hmag,0.0
ttv_flag sy_kmag sy_vmag,0.0
ttv_flag sy_kmag sy_pm,0.0
ttv_flag sy_kmag sy_pmdec,-0.0
ttv_flag sy_kmag sy_pmra,-0.0
ttv_flag sy_kmag pl_orbper,0.0
ttv_flag sy_kmag sy_gaiamag,0.0
ttv_flag sy_kmag st_rad,0.0
ttv_flag sy_kmag sy_bmag,0.0
ttv_flag sy_kmag sy_dist,0.0
ttv_flag sy_kmag st_teff,0.0
ttv_flag sy_kmag sy_w2mag,0.0
ttv_flag sy_kmag sy_w1mag,0.0
ttv_flag sy_kmag sy_w3mag,0.0
ttv_flag sy_kmag sy_w4mag,0.0
ttv_flag sy_kmag sy_plx,0.0
ttv_flag sy_kmag st_logg,0.0
ttv_flag sy_kmag st_mass,0.0
ttv_flag sy_kmag soltype_Kepler Project Candidate (q1_q17_dr25_koi),0.0
ttv_flag sy_kmag soltype_Published Confirmed,0.0
ttv_flag sy_kmag pl_tsystemref_BJD,0.0
ttv_flag sy_kmag pl_tsystemref_BJD-TDB,0.0
ttv_flag sy_kmag pl_tsystemref_BJD-UTC,0.0007148980499698239
ttv_flag sy_kmag pl_tsystemref_HJD,0.0
ttv_flag sy_kmag pl_tsystemref_JD,0.0
ttv_flag sy_jmag^2,0.0
ttv_flag sy_jmag sy_hmag,0.0
ttv_flag sy_jmag sy_vmag,0.0
ttv_flag sy_jmag sy_pm,0.0
ttv_flag sy_jmag sy_pmdec,-0.0
ttv_flag sy_jmag sy_pmra,-0.0
ttv_flag sy_jmag pl_orbper,0.0
ttv_flag sy_jmag sy_gaiamag,0.0
ttv_flag sy_jmag st_rad,0.0
ttv_flag sy_jmag sy_bmag,0.0
ttv_flag sy_jmag sy_dist,0.0
ttv_flag sy_jmag st_teff,0.0
ttv_flag sy_jmag sy_w2mag,0.0
ttv_flag sy_jmag sy_w1mag,0.0
ttv_flag sy_jmag sy_w3mag,0.0
ttv_flag sy_jmag sy_w4mag,0.0
ttv_flag sy_jmag sy_plx,0.0
ttv_flag sy_jmag st_logg,0.0
ttv_flag sy_jmag st_mass,0.0
ttv_flag sy_jmag soltype_Kepler Project Candidate (q1_q17_dr25_koi),0.0
ttv_flag sy_jmag soltype_Published Confirmed,0.0
ttv_flag sy_jmag pl_tsystemref_BJD,0.0
ttv_flag sy_jmag pl_tsystemref_BJD-TDB,0.0
ttv_flag sy_jmag pl_tsystemref_BJD-UTC,0.0
ttv_flag sy_jmag pl_tsystemref_HJD,0.0
ttv_flag sy_jmag pl_tsystemref_JD,0.0
ttv_flag sy_hmag^2,0.0
ttv_flag sy_hmag sy_vmag,0.0
ttv_flag sy_hmag sy_pm,0.0
ttv_flag sy_hmag sy_pmdec,-0.0
ttv_flag sy_hmag sy_pmra,-0.0
ttv_flag sy_hmag pl_orbper,0.0
ttv_flag sy_hmag sy_gaiamag,0.0
ttv_flag sy_hmag st_rad,0.0
ttv_flag sy_hmag sy_bmag,0.0
ttv_flag sy_hmag sy_dist,0.0
ttv_flag sy_hmag st_teff,0.0
ttv_flag sy_hmag sy_w2mag,0.0
ttv_flag sy_hmag sy_w1mag,0.0
ttv_flag sy_hmag sy_w3mag,0.0
ttv_flag sy_hmag sy_w4mag,0.0
ttv_flag sy_hmag sy_plx,0.0
ttv_flag sy_hmag st_logg,0.0
ttv_flag sy_hmag st_mass,0.0
ttv_flag sy_hmag soltype_Kepler Project Candidate (q1_q17_dr25_koi),0.0
ttv_flag sy_hmag soltype_Published Confirmed,0.0
ttv_flag sy_hmag pl_tsystemref_BJD,0.0
ttv_flag sy_hmag pl_tsystemref_BJD-TDB,0.0
ttv_flag sy_hmag pl_tsystemref_BJD-UTC,2.1240373708424767e-05
ttv_flag sy_hmag pl_tsystemref_HJD,0.0
ttv_flag sy_hmag pl_tsystemref_JD,0.0
ttv_flag sy_vmag^2,0.0
ttv_flag sy_vmag sy_pm,0.0
ttv_flag sy_vmag sy_pmdec,-0.0
ttv_flag sy_vmag sy_pmra,-0.0
ttv_flag sy_vmag pl_orbper,0.0
ttv_flag sy_vmag sy_gaiamag,0.0
ttv_flag sy_vmag st_rad,0.0
ttv_flag sy_vmag sy_bmag,0.0
ttv_flag sy_vmag sy_dist,0.0
ttv_flag sy_vmag st_teff,0.0
ttv_flag sy_vmag sy_w2mag,0.0
ttv_flag sy_vmag sy_w1mag,0.0
ttv_flag sy_vmag sy_w3mag,0.0
ttv_flag sy_vmag sy_w4mag,0.0
ttv_flag sy_vmag sy_plx,0.0
ttv_flag sy_vmag st_logg,0.0
ttv_flag sy_vmag st_mass,0.0
ttv_flag sy_vmag soltype_Kepler Project Candidate (q1_q17_dr25_koi),0.0
ttv_flag sy_vmag soltype_Published Confirmed,0.0
ttv_flag sy_vmag pl_tsystemref_BJD,0.0
ttv_flag sy_vmag pl_tsystemref_BJD-TDB,0.0
ttv_flag sy_vmag pl_tsystemref_BJD-UTC,0.0
ttv_flag sy_vmag pl_tsystemref_HJD,0.0
ttv_flag sy_vmag pl_tsystemref_JD,0.0
ttv_flag sy_pm^2,0.0
ttv_flag sy_pm sy_pmdec,-0.0
ttv_flag sy_pm sy_pmra,-0.0
ttv_flag sy_pm pl_orbper,0.0
ttv_flag sy_pm sy_gaiamag,0.0
ttv_flag sy_pm st_rad,0.0
ttv_flag sy_pm sy_bmag,0.0
ttv_flag sy_pm sy_dist,0.0
ttv_flag sy_pm st_teff,0.0
ttv_flag sy_pm sy_w2mag,0.0
ttv_flag sy_pm sy_w1mag,0.0
ttv_flag sy_pm sy_w3mag,0.0
ttv_flag sy_pm sy_w4mag,0.0
ttv_flag sy_pm sy_plx,0.0
ttv_flag sy_pm st_logg,0.0
ttv_flag sy_pm st_mass,0.0
ttv_flag sy_pm soltype_Kepler Project Candidate (q1_q17_dr25_koi),0.0
ttv_flag sy_pm soltype_Published Confirmed,0.0
ttv_flag sy_pm pl_tsystemref_BJD,-0.0
ttv_flag sy_pm pl_tsystemref_BJD-TDB,0.0
ttv_flag sy_pm pl_tsystemref_BJD-UTC,0.0
ttv_flag sy_pm pl_tsystemref_HJD,0.0
ttv_flag sy_pm pl_tsystemref_JD,0.0
ttv_flag sy_pmdec^2,0.0
ttv_flag sy_pmdec sy_pmra,0.0
ttv_flag sy_pmdec pl_orbper,-0.0
ttv_flag sy_pmdec sy_gaiamag,-0.0
ttv_flag sy_pmdec st_rad,-0.0
ttv_flag sy_pmdec sy_bmag,-0.0
ttv_flag sy_pmdec sy_dist,-0.0
ttv_flag sy_pmdec st_teff,-0.0
ttv_flag sy_pmdec sy_w2mag,-0.0
ttv_flag sy_pmdec sy_w1mag,-0.0
ttv_flag sy_pmdec sy_w3mag,-0.0
ttv_flag sy_pmdec sy_w4mag,-0.0
ttv_flag sy_pmdec sy_plx,-0.0
ttv_flag sy_pmdec st_logg,-0.0
ttv_flag sy_pmdec st_mass,-0.0
ttv_flag sy_pmdec soltype_Kepler Project Candidate (q1_q17_dr25_koi),-0.0
ttv_flag sy_pmdec soltype_Published Confirmed,-0.0
ttv_flag sy_pmdec pl_tsystemref_BJD,-0.0
ttv_flag sy_pmdec pl_tsystemref_BJD-TDB,-0.0
ttv_flag sy_pmdec pl_tsystemref_BJD-UTC,-0.0
ttv_flag sy_pmdec pl_tsystemref_HJD,0.0
ttv_flag sy_pmdec pl_tsystemref_JD,0.0
ttv_flag sy_pmra^2,-0.0
ttv_flag sy_pmra pl_orbper,0.0
ttv_flag sy_pmra sy_gaiamag,-0.0
ttv_flag sy_pmra st_rad,-0.0
ttv_flag sy_pmra sy_bmag,-0.0
ttv_flag sy_pmra sy_dist,0.0
ttv_flag sy_pmra st_teff,-0.0
ttv_flag sy_pmra sy_w2mag,-0.0
ttv_flag sy_pmra sy_w1mag,-0.0
ttv_flag sy_pmra sy_w3mag,-0.0
ttv_flag sy_pmra sy_w4mag,-0.0
ttv_flag sy_pmra sy_plx,-0.0
ttv_flag sy_pmra st_logg,-0.0
ttv_flag sy_pmra st_mass,-0.0
ttv_flag sy_pmra soltype_Kepler Project Candidate (q1_q17_dr25_koi),0.0
ttv_flag sy_pmra soltype_Published Confirmed,-0.0
ttv_flag sy_pmra pl_tsystemref_BJD,-0.0
ttv_flag sy_pmra pl_tsystemref_BJD-TDB,0.0
ttv_flag sy_pmra pl_tsystemref_BJD-UTC,-0.0
ttv_flag sy_pmra pl_tsystemref_HJD,0.0
ttv_flag sy_pmra pl_tsystemref_JD,-0.0
ttv_flag pl_orbper^2,0.0
ttv_flag pl_orbper sy_gaiamag,0.0
ttv_flag pl_orbper st_rad,0.0
ttv_flag pl_orbper sy_bmag,0.0
ttv_flag pl_orbper sy_dist,0.0
ttv_flag pl_orbper st_teff,0.0
ttv_flag pl_orbper sy_w2mag,0.0
ttv_flag pl_orbper sy_w1mag,0.0
ttv_flag pl_orbper sy_w3mag,0.0
ttv_flag pl_orbper sy_w4mag,0.0
ttv_flag pl_orbper sy_plx,0.0
ttv_flag pl_orbper st_logg,0.0
ttv_flag pl_orbper st_mass,0.0
ttv_flag pl_orbper soltype_Kepler Project Candidate (q1_q17_dr25_koi),0.007472543359562318
ttv_flag pl_orbper soltype_Published Confirmed,0.0
ttv_flag pl_orbper pl_tsystemref_BJD,0.001624957688989618
ttv_flag pl_orbper pl_tsystemref_BJD-TDB,0.0
ttv_flag pl_orbper pl_tsystemref_BJD-UTC,0.0
ttv_flag pl_orbper pl_tsystemref_HJD,0.0
ttv_flag pl_orbper pl_tsystemref_JD,0.0
ttv_flag sy_gaiamag^2,0.0
ttv_flag sy_gaiamag st_rad,0.0
ttv_flag sy_gaiamag sy_bmag,0.0
ttv_flag sy_gaiamag sy_dist,0.0
ttv_flag sy_gaiamag st_teff,0.0
ttv_flag sy_gaiamag sy_w2mag,0.0
ttv_flag sy_gaiamag sy_w1mag,0.0
ttv_flag sy_gaiamag sy_w3mag,0.0
ttv_flag sy_gaiamag sy_w4mag,0.0
ttv_flag sy_gaiamag sy_plx,0.0
ttv_flag sy_gaiamag st_logg,0.0
ttv_flag sy_gaiamag st_mass,0.0
ttv_flag sy_gaiamag soltype_Kepler Project Candidate (q1_q17_dr25_koi),0.0
ttv_flag sy_gaiamag soltype_Published Confirmed,0.0
ttv_flag sy_gaiamag pl_tsystemref_BJD,0.0
ttv_flag sy_gaiamag pl_tsystemref_BJD-TDB,0.0
ttv_flag sy_gaiamag pl_tsystemref_BJD-UTC,0.0
ttv_flag sy_gaiamag pl_tsystemref_HJD,0.0
ttv_flag sy_gaiamag pl_tsystemref_JD,0.0
ttv_flag st_rad^2,-0.0
ttv_flag st_rad sy_bmag,0.0
ttv_flag st_rad sy_dist,0.0
ttv_flag st_rad st_teff,0.0
ttv_flag st_rad sy_w2mag,0.0
ttv_flag st_rad sy_w1mag,0.0
ttv_flag st_rad sy_w3mag,0.0
ttv_flag st_rad sy_w4mag,0.0
ttv_flag st_rad sy_plx,0.0
ttv_flag st_rad st_logg,0.0
ttv_flag st_rad st_mass,0.0
ttv_flag st_rad soltype_Kepler Project Candidate (q1_q17_dr25_koi),0.0
ttv_flag st_rad soltype_Published Confirmed,0.0
ttv_flag st_rad pl_tsystemref_BJD,-0.0
ttv_flag st_rad pl_tsystemref_BJD-TDB,0.0
ttv_flag st_rad pl_tsystemref_BJD-UTC,0.0
ttv_flag st_rad pl_tsystemref_HJD,0.0
ttv_flag st_rad pl_tsystemref_JD,0.0042322375198798915
ttv_flag sy_bmag^2,0.0
ttv_flag sy_bmag sy_dist,0.0
ttv_flag sy_bmag st_teff,0.0
ttv_flag sy_bmag sy_w2mag,0.0
ttv_flag sy_bmag sy_w1mag,0.0
ttv_flag sy_bmag sy_w3mag,0.0
ttv_flag sy_bmag sy_w4mag,0.0
ttv_flag sy_bmag sy_plx,0.0
ttv_flag sy_bmag st_logg,0.0
ttv_flag sy_bmag st_mass,0.0
ttv_flag sy_bmag soltype_Kepler Project Candidate (q1_q17_dr25_koi),0.01292013992840015
ttv_flag sy_bmag soltype_Published Confirmed,0.0
ttv_flag sy_bmag pl_tsystemref_BJD,0.0
ttv_flag sy_bmag pl_tsystemref_BJD-TDB,0.0
ttv_flag sy_bmag pl_tsystemref_BJD-UTC,0.0
ttv_flag sy_bmag pl_tsystemref_HJD,0.0
ttv_flag sy_bmag pl_tsystemref_JD,0.0
ttv_flag sy_dist^2,0.0
ttv_flag sy_dist st_teff,0.0
ttv_flag sy_dist sy_w2mag,0.0
ttv_flag sy_dist sy_w1mag,0.0
ttv_flag sy_dist sy_w3mag,0.0
ttv_flag sy_dist sy_w4mag,0.0
ttv_flag sy_dist sy_plx,0.0
ttv_flag sy_dist st_logg,0.0
ttv_flag sy_dist st_mass,0.0
ttv_flag sy_dist soltype_Kepler Project Candidate (q1_q17_dr25_koi),0.0
ttv_flag sy_dist soltype_Published Confirmed,0.0
ttv_flag sy_dist pl_tsystemref_BJD,-0.0
ttv_flag sy_dist pl_tsystemref_BJD-TDB,0.0
ttv_flag sy_dist pl_tsystemref_BJD-UTC,0.0
ttv_flag sy_dist pl_tsystemref_HJD,0.0
ttv_flag sy_dist pl_tsystemref_JD,0.0
ttv_flag st_teff^2,0.0
ttv_flag st_teff sy_w2mag,0.0
ttv_flag st_teff sy_w1mag,0.0
ttv_flag st_teff sy_w3mag,0.0
ttv_flag st_teff sy_w4mag,0.0
ttv_flag st_teff sy_plx,0.0
ttv_flag st_teff st_logg,0.0
ttv_flag st_teff st_mass,0.0
ttv_flag st_teff soltype_Kepler Project Candidate (q1_q17_dr25_koi),0.0
ttv_flag st_teff soltype_Published Confirmed,0.0
ttv_flag st_teff pl_tsystemref_BJD,-0.0
ttv_flag st_teff pl_tsystemref_BJD-TDB,0.0
ttv_flag st_teff pl_tsystemref_BJD-UTC,0.0
ttv_flag st_teff pl_tsystemref_HJD,0.0
ttv_flag st_teff pl_tsystemref_JD,0.0
ttv_flag sy_w2mag^2,0.0
ttv_flag sy_w2mag sy_w1mag,0.0
ttv_flag sy_w2mag sy_w3mag,0.0
ttv_flag sy_w2mag sy_w4mag,0.0
ttv_flag sy_w2mag sy_plx,0.0
ttv_flag sy_w2mag st_logg,0.0
ttv_flag sy_w2mag st_mass,0.0
ttv_flag sy_w2mag soltype_Kepler Project Candidate (q1_q17_dr25_koi),0.0
ttv_flag sy_w2mag soltype_Published Confirmed,0.0
ttv_flag sy_w2mag pl_tsystemref_BJD,0.0
ttv_flag sy_w2mag pl_tsystemref_BJD-TDB,0.0
ttv_flag sy_w2mag pl_tsystemref_BJD-UTC,0.0
ttv_flag sy_w2mag pl_tsystemref_HJD,0.0
ttv_flag sy_w2mag pl_tsystemref_JD,0.0
ttv_flag sy_w1mag^2,0.0
ttv_flag sy_w1mag sy_w3mag,0.0
ttv_flag sy_w1mag sy_w4mag,0.0
ttv_flag sy_w1mag sy_plx,0.0
ttv_flag sy_w1mag st_logg,0.0
ttv_flag sy_w1mag st_mass,0.0
ttv_flag sy_w1mag soltype_Kepler Project Candidate (q1_q17_dr25_koi),0.0
ttv_flag sy_w1mag soltype_Published Confirmed,0.0
ttv_flag sy_w1mag pl_tsystemref_BJD,0.0
ttv_flag sy_w1mag pl_tsystemref_BJD-TDB,0.0
ttv_flag sy_w1mag pl_tsystemref_BJD-UTC,0.0
ttv_flag sy_w1mag pl_tsystemref_HJD,0.0
ttv_flag sy_w1mag pl_tsystemref_JD,0.0
ttv_flag sy_w3mag^2,0.0
ttv_flag sy_w3mag sy_w4mag,0.0
ttv_flag sy_w3mag sy_plx,0.0
ttv_flag sy_w3mag st_logg,0.0
ttv_flag sy_w3mag st_mass,0.0
ttv_flag sy_w3mag soltype_Kepler Project Candidate (q1_q17_dr25_koi),0.0
ttv_flag sy_w3mag soltype_Published Confirmed,0.0
ttv_flag sy_w3mag pl_tsystemref_BJD,0.0
ttv_flag sy_w3mag pl_tsystemref_BJD-TDB,0.0
ttv_flag sy_w3mag pl_tsystemref_BJD-UTC,0.00011964349966520008
ttv_flag sy_w3mag pl_tsystemref_HJD,0.0
ttv_flag sy_w3mag pl_tsystemref_JD,0.0
ttv_flag sy_w4mag^2,0.0
ttv_flag sy_w4mag sy_plx,0.0
ttv_flag sy_w4mag st_logg,0.0
ttv_flag sy_w4mag st_mass,0.0
ttv_flag sy_w4mag soltype_Kepler Project Candidate (q1_q17_dr25_koi),0.0
ttv_flag sy_w4mag soltype_Published Confirmed,0.0
ttv_flag sy_w4mag pl_tsystemref_BJD,-0.0
ttv_flag sy_w4mag pl_tsystemref_BJD-TDB,0.0
ttv_flag sy_w4mag pl_tsystemref_BJD-UTC,0.0
ttv_flag sy_w4mag pl_tsystemref_HJD,0.0
ttv_flag sy_w4mag pl_tsystemref_JD,0.0
ttv_flag sy_plx^2,-0.0
ttv_flag sy_plx st_logg,0.0
ttv_flag sy_plx st_mass,0.0
ttv_flag sy_plx soltype_Kepler Project Candidate (q1_q17_dr25_koi),0.0
ttv_flag sy_plx soltype_Published Confirmed,0.0
ttv_flag sy_plx pl_tsystemref_BJD,-0.0
ttv_flag sy_plx pl_tsystemref_BJD-TDB,0.0
ttv_flag sy_plx pl_tsystemref_BJD-UTC,0.0
ttv_flag sy_plx pl_tsystemref_HJD,0.0
ttv_flag sy_plx pl_tsystemref_JD,0.0
ttv_flag st_logg^2,0.0
ttv_flag st_logg st_mass,0.0
ttv_flag st_logg soltype_Kepler Project Candidate (q1_q17_dr25_koi),0.0
ttv_flag st_logg soltype_Published Confirmed,0.0
ttv_flag st_logg pl_tsystemref_BJD,0.0
ttv_flag st_logg pl_tsystemref_BJD-TDB,0.0
ttv_flag st_logg pl_tsystemref_BJD-UTC,0.0
ttv_flag st_logg pl_tsystemref_HJD,0.0
ttv_flag st_logg pl_tsystemref_JD,0.0
ttv_flag st_mass^2,0.0
ttv_flag st_mass soltype_Kepler Project Candidate (q1_q17_dr25_koi),0.0
ttv_flag st_mass soltype_Published Confirmed,0.0
ttv_flag st_mass pl_tsystemref_BJD,-0.0
ttv_flag st_mass pl_tsystemref_BJD-TDB,0.0
ttv_flag st_mass pl_tsystemref_BJD-UTC,0.0
ttv_flag st_mass pl_tsystemref_HJD,0.0
ttv_flag st_mass pl_tsystemref_JD,0.0
ttv_flag soltype_Kepler Project Candidate (q1_q17_dr25_koi)^2,0.0
ttv_flag soltype_Kepler Project Candidate (q1_q17_dr25_koi) soltype_Published Confirmed,0.0
ttv_flag soltype_Kepler Project Candidate (q1_q17_dr25_koi) pl_tsystemref_BJD,0.0
ttv_flag soltype_Kepler Project Candidate (q1_q17_dr25_koi) pl_tsystemref_BJD-TDB,0.0
ttv_flag soltype_Kepler Project Candidate (q1_q17_dr25_koi) pl_tsystemref_BJD-UTC,0.0
ttv_flag soltype_Kepler Project Candidate (q1_q17_dr25_koi) pl_tsystemref_HJD,0.0
ttv_flag soltype_Kepler Project Candidate (q1_q17_dr25_koi) pl_tsystemref_JD,0.0
ttv_flag soltype_Published Confirmed^2,0.0
ttv_flag soltype_Published Confirmed pl_tsystemref_BJD,-0.0
ttv_flag soltype_Published Confirmed pl_tsystemref_BJD-TDB,0.0
ttv_flag soltype_Published Confirmed pl_tsystemref_BJD-UTC,0.0
ttv_flag soltype_Published Confirmed pl_tsystemref_HJD,0.0
ttv_flag soltype_Published Confirmed pl_tsystemref_JD,0.0
ttv_flag pl_tsystemref_BJD^2,-0.0
ttv_flag pl_tsystemref_BJD pl_tsystemref_BJD-TDB,0.0
ttv_flag pl_tsystemref_BJD pl_tsystemref_BJD-UTC,0.0
ttv_flag pl_tsystemref_BJD pl_tsystemref_HJD,0.0
ttv_flag pl_tsystemref_BJD pl_tsystemref_JD,0.0
ttv_flag pl_tsystemref_BJD-TDB^2,0.0
ttv_flag pl_tsystemref_BJD-TDB pl_tsystemref_BJD-UTC,0.0
ttv_flag pl_tsystemref_BJD-TDB pl_tsystemref_HJD,0.0
ttv_flag pl_tsystemref_BJD-TDB pl_tsystemref_JD,0.0
ttv_flag pl_tsystemref_BJD-UTC^2,0.0
ttv_flag pl_tsystemref_BJD-UTC pl_tsystemref_HJD,0.0
ttv_flag pl_tsystemref_BJD-UTC pl_tsystemref_JD,0.0
ttv_flag pl_tsystemref_HJD^2,0.0
ttv_flag pl_tsystemref_HJD pl_tsystemref_JD,0.0
ttv_flag pl_tsystemref_JD^2,0.0
pl_nnotes^3,-0.0
pl_nnotes^2 elon,0.0
pl_nnotes^2 elat,-0.0
pl_nnotes^2 glon,-0.0
pl_nnotes^2 glat,-0.0
pl_nnotes^2 dec,-0.0
pl_nnotes^2 ra,0.0
pl_nnotes^2 st_nspec,0.0
pl_nnotes^2 pl_nespec,0.0
pl_nnotes^2 pl_ntranspec,0.0
pl_nnotes^2 pl_ndispec,0.0
pl_nnotes^2 release_year,-0.0
pl_nnotes^2 st_nphot,0.0
pl_nnotes^2 st_nrvc,0.0
pl_nnotes^2 pl_controv_flag,-0.0
pl_nnotes^2 disc_year,-0.0
pl_nnotes^2 sy_tmag,-0.0
pl_nnotes^2 sy_kmag,0.0
pl_nnotes^2 sy_jmag,-0.0
pl_nnotes^2 sy_hmag,0.0
pl_nnotes^2 sy_vmag,-0.0
pl_nnotes^2 sy_pm,-0.0
pl_nnotes^2 sy_pmdec,-0.0
pl_nnotes^2 sy_pmra,-0.0
pl_nnotes^2 pl_orbper,0.0
pl_nnotes^2 sy_gaiamag,-0.0
pl_nnotes^2 st_rad,0.0
pl_nnotes^2 sy_bmag,-0.0
pl_nnotes^2 sy_dist,0.002492764525057145
pl_nnotes^2 st_teff,0.0
pl_nnotes^2 sy_w2mag,0.0
pl_nnotes^2 sy_w1mag,0.0
pl_nnotes^2 sy_w3mag,-0.0
pl_nnotes^2 sy_w4mag,-0.0
pl_nnotes^2 sy_plx,-0.0
pl_nnotes^2 st_logg,-0.0
pl_nnotes^2 st_mass,0.0
pl_nnotes^2 soltype_Kepler Project Candidate (q1_q17_dr25_koi),0.0
pl_nnotes^2 soltype_Published Confirmed,-0.0
pl_nnotes^2 pl_tsystemref_BJD,-0.0
pl_nnotes^2 pl_tsystemref_BJD-TDB,0.0
pl_nnotes^2 pl_tsystemref_BJD-UTC,-0.0
pl_nnotes^2 pl_tsystemref_HJD,0.0
pl_nnotes^2 pl_tsystemref_JD,-0.0
pl_nnotes elon^2,0.0
pl_nnotes elon elat,-0.0
pl_nnotes elon glon,0.0
pl_nnotes elon glat,-0.0
pl_nnotes elon dec,-0.0
pl_nnotes elon ra,0.0
pl_nnotes elon st_nspec,0.0
pl_nnotes elon pl_nespec,0.0
pl_nnotes elon pl_ntranspec,0.0
pl_nnotes elon pl_ndispec,0.0
pl_nnotes elon release_year,0.0
pl_nnotes elon st_nphot,0.0
pl_nnotes elon st_nrvc,0.0
pl_nnotes elon pl_controv_flag,-0.0
pl_nnotes elon disc_year,0.0
pl_nnotes elon sy_tmag,0.0
pl_nnotes elon sy_kmag,0.0
pl_nnotes elon sy_jmag,0.0
pl_nnotes elon sy_hmag,0.0
pl_nnotes elon sy_vmag,0.0
pl_nnotes elon sy_pm,0.0
pl_nnotes elon sy_pmdec,-0.0
pl_nnotes elon sy_pmra,-0.0
pl_nnotes elon pl_orbper,0.0
pl_nnotes elon sy_gaiamag,0.0
pl_nnotes elon st_rad,0.0
pl_nnotes elon sy_bmag,0.0
pl_nnotes elon sy_dist,0.0
pl_nnotes elon st_teff,0.0
pl_nnotes elon sy_w2mag,0.0
pl_nnotes elon sy_w1mag,0.0
pl_nnotes elon sy_w3mag,0.0
pl_nnotes elon sy_w4mag,0.0
pl_nnotes elon sy_plx,-0.0
pl_nnotes elon st_logg,0.0
pl_nnotes elon st_mass,0.0
pl_nnotes elon soltype_Kepler Project Candidate (q1_q17_dr25_koi),0.0
pl_nnotes elon soltype_Published Confirmed,0.0
pl_nnotes elon pl_tsystemref_BJD,0.0
pl_nnotes elon pl_tsystemref_BJD-TDB,0.0
pl_nnotes elon pl_tsystemref_BJD-UTC,-0.0
pl_nnotes elon pl_tsystemref_HJD,0.0
pl_nnotes elon pl_tsystemref_JD,-0.0
pl_nnotes elat^2,-0.0
pl_nnotes elat glon,-0.0
pl_nnotes elat glat,-0.0
pl_nnotes elat dec,-0.0
pl_nnotes elat ra,-0.0
pl_nnotes elat st_nspec,0.0
pl_nnotes elat pl_nespec,0.0
pl_nnotes elat pl_ntranspec,0.0
pl_nnotes elat pl_ndispec,0.0
pl_nnotes elat release_year,-0.0
pl_nnotes elat st_nphot,0.0
pl_nnotes elat st_nrvc,0.0
pl_nnotes elat pl_controv_flag,-0.0
pl_nnotes elat disc_year,-0.0
pl_nnotes elat sy_tmag,0.0
pl_nnotes elat sy_kmag,0.0
pl_nnotes elat sy_jmag,0.0
pl_nnotes elat sy_hmag,0.0
pl_nnotes elat sy_vmag,0.0
pl_nnotes elat sy_pm,-0.0
pl_nnotes elat sy_pmdec,-0.0
pl_nnotes elat sy_pmra,-0.0
pl_nnotes elat pl_orbper,0.0
pl_nnotes elat sy_gaiamag,0.0
pl_nnotes elat st_rad,-0.0
pl_nnotes elat sy_bmag,0.0
pl_nnotes elat sy_dist,0.0
pl_nnotes elat st_teff,-0.0
pl_nnotes elat sy_w2mag,0.0
pl_nnotes elat sy_w1mag,0.0
pl_nnotes elat sy_w3mag,-0.0
pl_nnotes elat sy_w4mag,-0.0
pl_nnotes elat sy_plx,-0.0
pl_nnotes elat st_logg,-0.0
pl_nnotes elat st_mass,-0.0
pl_nnotes elat soltype_Kepler Project Candidate (q1_q17_dr25_koi),0.0
pl_nnotes elat soltype_Published Confirmed,-0.0
pl_nnotes elat pl_tsystemref_BJD,0.0
pl_nnotes elat pl_tsystemref_BJD-TDB,0.0
pl_nnotes elat pl_tsystemref_BJD-UTC,-0.0
pl_nnotes elat pl_tsystemref_HJD,0.0
pl_nnotes elat pl_tsystemref_JD,-0.0
pl_nnotes glon^2,0.0
pl_nnotes glon glat,-0.0
pl_nnotes glon dec,-0.0
pl_nnotes glon ra,0.0
pl_nnotes glon st_nspec,0.0
pl_nnotes glon pl_nespec,0.0
pl_nnotes glon pl_ntranspec,-0.0
pl_nnotes glon pl_ndispec,0.0
pl_nnotes glon release_year,0.0
pl_nnotes glon st_nphot,0.0
pl_nnotes glon st_nrvc,0.0
pl_nnotes glon pl_controv_flag,-0.0
pl_nnotes glon disc_year,0.0
pl_nnotes glon sy_tmag,0.0
pl_nnotes glon sy_kmag,0.0
pl_nnotes glon sy_jmag,0.0
pl_nnotes glon sy_hmag,0.0
pl_nnotes glon sy_vmag,0.0
pl_nnotes glon sy_pm,-0.0
pl_nnotes glon sy_pmdec,-0.0
pl_nnotes glon sy_pmra,-0.0
pl_nnotes glon pl_orbper,0.0
pl_nnotes glon sy_gaiamag,0.0
pl_nnotes glon st_rad,0.0
pl_nnotes glon sy_bmag,0.0
pl_nnotes glon sy_dist,0.0
pl_nnotes glon st_teff,0.0
pl_nnotes glon sy_w2mag,0.0
pl_nnotes glon sy_w1mag,0.0
pl_nnotes glon sy_w3mag,0.0
pl_nnotes glon sy_w4mag,0.0
pl_nnotes glon sy_plx,-0.0
pl_nnotes glon st_logg,0.0
pl_nnotes glon st_mass,0.0
pl_nnotes glon soltype_Kepler Project Candidate (q1_q17_dr25_koi),0.0
pl_nnotes glon soltype_Published Confirmed,0.0
pl_nnotes glon pl_tsystemref_BJD,0.0
pl_nnotes glon pl_tsystemref_BJD-TDB,0.0
pl_nnotes glon pl_tsystemref_BJD-UTC,-0.0
pl_nnotes glon pl_tsystemref_HJD,0.0
pl_nnotes glon pl_tsystemref_JD,-0.0
pl_nnotes glat^2,-0.0
pl_nnotes glat dec,-0.0
pl_nnotes glat ra,-0.0
pl_nnotes glat st_nspec,0.0
pl_nnotes glat pl_nespec,0.0
pl_nnotes glat pl_ntranspec,-0.0
pl_nnotes glat pl_ndispec,0.0
pl_nnotes glat release_year,-0.0
pl_nnotes glat st_nphot,0.0
pl_nnotes glat st_nrvc,0.0
pl_nnotes glat pl_controv_flag,-0.0
pl_nnotes glat disc_year,-0.0
pl_nnotes glat sy_tmag,-0.0
pl_nnotes glat sy_kmag,-0.0
pl_nnotes glat sy_jmag,-0.0
pl_nnotes glat sy_hmag,-0.0
pl_nnotes glat sy_vmag,-0.0
pl_nnotes glat sy_pm,-0.0
pl_nnotes glat sy_pmdec,0.0
pl_nnotes glat sy_pmra,-0.0
pl_nnotes glat pl_orbper,0.0
pl_nnotes glat sy_gaiamag,-0.0
pl_nnotes glat st_rad,-0.0
pl_nnotes glat sy_bmag,-0.0
pl_nnotes glat sy_dist,-0.0
pl_nnotes glat st_teff,-0.0
pl_nnotes glat sy_w2mag,-0.0
pl_nnotes glat sy_w1mag,-0.0
pl_nnotes glat sy_w3mag,-0.0
pl_nnotes glat sy_w4mag,-0.0
pl_nnotes glat sy_plx,-0.0
pl_nnotes glat st_logg,-0.0
pl_nnotes glat st_mass,-0.0
pl_nnotes glat soltype_Kepler Project Candidate (q1_q17_dr25_koi),0.0
pl_nnotes glat soltype_Published Confirmed,-0.0
pl_nnotes glat pl_tsystemref_BJD,-0.0
pl_nnotes glat pl_tsystemref_BJD-TDB,-0.0
pl_nnotes glat pl_tsystemref_BJD-UTC,-0.0
pl_nnotes glat pl_tsystemref_HJD,0.0
pl_nnotes glat pl_tsystemref_JD,-0.0
pl_nnotes dec^2,0.0
pl_nnotes dec ra,-0.0
pl_nnotes dec st_nspec,0.0
pl_nnotes dec pl_nespec,0.0
pl_nnotes dec pl_ntranspec,0.0
pl_nnotes dec pl_ndispec,0.0
pl_nnotes dec release_year,-0.0
pl_nnotes dec st_nphot,0.0
pl_nnotes dec st_nrvc,0.0
pl_nnotes dec pl_controv_flag,-0.0
pl_nnotes dec disc_year,-0.0
pl_nnotes dec sy_tmag,-0.0
pl_nnotes dec sy_kmag,0.0
pl_nnotes dec sy_jmag,-0.0
pl_nnotes dec sy_hmag,0.0
pl_nnotes dec sy_vmag,-0.0
pl_nnotes dec sy_pm,-0.0
pl_nnotes dec sy_pmdec,-0.0
pl_nnotes dec sy_pmra,-0.0
pl_nnotes dec pl_orbper,0.0
pl_nnotes dec sy_gaiamag,-0.0
pl_nnotes dec st_rad,-0.0
pl_nnotes dec sy_bmag,-0.0
pl_nnotes dec sy_dist,0.0
pl_nnotes dec st_teff,-0.0
pl_nnotes dec sy_w2mag,0.0
pl_nnotes dec sy_w1mag,-0.0
pl_nnotes dec sy_w3mag,-0.0
pl_nnotes dec sy_w4mag,-0.0
pl_nnotes dec sy_plx,-0.0
pl_nnotes dec st_logg,-0.0
pl_nnotes dec st_mass,-0.0
pl_nnotes dec soltype_Kepler Project Candidate (q1_q17_dr25_koi),0.0
pl_nnotes dec soltype_Published Confirmed,-0.0
pl_nnotes dec pl_tsystemref_BJD,0.0
pl_nnotes dec pl_tsystemref_BJD-TDB,0.0
pl_nnotes dec pl_tsystemref_BJD-UTC,-0.0
pl_nnotes dec pl_tsystemref_HJD,0.0
pl_nnotes dec pl_tsystemref_JD,-0.0
pl_nnotes ra^2,0.0
pl_nnotes ra st_nspec,0.0
pl_nnotes ra pl_nespec,0.0
pl_nnotes ra pl_ntranspec,0.0
pl_nnotes ra pl_ndispec,0.0
pl_nnotes ra release_year,0.0
pl_nnotes ra st_nphot,0.0
pl_nnotes ra st_nrvc,0.0
pl_nnotes ra pl_controv_flag,-0.0
pl_nnotes ra disc_year,0.0
pl_nnotes ra sy_tmag,0.0
pl_nnotes ra sy_kmag,0.0
pl_nnotes ra sy_jmag,0.0
pl_nnotes ra sy_hmag,0.0
pl_nnotes ra sy_vmag,0.0
pl_nnotes ra sy_pm,0.0
pl_nnotes ra sy_pmdec,-0.0
pl_nnotes ra sy_pmra,-0.0
pl_nnotes ra pl_orbper,0.0
pl_nnotes ra sy_gaiamag,0.0
pl_nnotes ra st_rad,0.0
pl_nnotes ra sy_bmag,0.0
pl_nnotes ra sy_dist,0.0
pl_nnotes ra st_teff,0.0
pl_nnotes ra sy_w2mag,0.0
pl_nnotes ra sy_w1mag,0.0
pl_nnotes ra sy_w3mag,0.0
pl_nnotes ra sy_w4mag,0.0
pl_nnotes ra sy_plx,-0.0
pl_nnotes ra st_logg,0.0
pl_nnotes ra st_mass,0.0
pl_nnotes ra soltype_Kepler Project Candidate (q1_q17_dr25_koi),0.0
pl_nnotes ra soltype_Published Confirmed,0.0
pl_nnotes ra pl_tsystemref_BJD,0.003941940471223847
pl_nnotes ra pl_tsystemref_BJD-TDB,0.0
pl_nnotes ra pl_tsystemref_BJD-UTC,-0.0
pl_nnotes ra pl_tsystemref_HJD,0.0
pl_nnotes ra pl_tsystemref_JD,-0.0
pl_nnotes st_nspec^2,0.0
pl_nnotes st_nspec pl_nespec,0.0
pl_nnotes st_nspec pl_ntranspec,0.0
pl_nnotes st_nspec pl_ndispec,0.0
pl_nnotes st_nspec release_year,0.0
pl_nnotes st_nspec st_nphot,0.0
pl_nnotes st_nspec st_nrvc,0.0
pl_nnotes st_nspec pl_controv_flag,0.0
pl_nnotes st_nspec disc_year,0.0
pl_nnotes st_nspec sy_tmag,0.0
pl_nnotes st_nspec sy_kmag,0.0
pl_nnotes st_nspec sy_jmag,0.0
pl_nnotes st_nspec sy_hmag,0.0
pl_nnotes st_nspec sy_vmag,0.0
pl_nnotes st_nspec sy_pm,0.0
pl_nnotes st_nspec sy_pmdec,-0.0
pl_nnotes st_nspec sy_pmra,0.0
pl_nnotes st_nspec pl_orbper,0.0
pl_nnotes st_nspec sy_gaiamag,0.0
pl_nnotes st_nspec st_rad,0.0
pl_nnotes st_nspec sy_bmag,0.0
pl_nnotes st_nspec sy_dist,0.0
pl_nnotes st_nspec st_teff,0.0
pl_nnotes st_nspec sy_w2mag,0.0
pl_nnotes st_nspec sy_w1mag,0.0
pl_nnotes st_nspec sy_w3mag,0.0
pl_nnotes st_nspec sy_w4mag,0.0
pl_nnotes st_nspec sy_plx,0.0
pl_nnotes st_nspec st_logg,0.0
pl_nnotes st_nspec st_mass,0.0
pl_nnotes st_nspec soltype_Kepler Project Candidate (q1_q17_dr25_koi),0.0
pl_nnotes st_nspec soltype_Published Confirmed,0.0
pl_nnotes st_nspec pl_tsystemref_BJD,0.0
pl_nnotes st_nspec pl_tsystemref_BJD-TDB,0.0
pl_nnotes st_nspec pl_tsystemref_BJD-UTC,0.0
pl_nnotes st_nspec pl_tsystemref_HJD,0.0
pl_nnotes st_nspec pl_tsystemref_JD,0.0
pl_nnotes pl_nespec^2,0.0
pl_nnotes pl_nespec pl_ntranspec,0.0
pl_nnotes pl_nespec pl_ndispec,0.0
pl_nnotes pl_nespec release_year,0.0
pl_nnotes pl_nespec st_nphot,0.0
pl_nnotes pl_nespec st_nrvc,0.0
pl_nnotes pl_nespec pl_controv_flag,0.0
pl_nnotes pl_nespec disc_year,0.0
pl_nnotes pl_nespec sy_tmag,0.0
pl_nnotes pl_nespec sy_kmag,0.0
pl_nnotes pl_nespec sy_jmag,0.0
pl_nnotes pl_nespec sy_hmag,0.0
pl_nnotes pl_nespec sy_vmag,0.0
pl_nnotes pl_nespec sy_pm,0.0
pl_nnotes pl_nespec sy_pmdec,-0.0
pl_nnotes pl_nespec sy_pmra,-0.0
pl_nnotes pl_nespec pl_orbper,0.0
pl_nnotes pl_nespec sy_gaiamag,0.0
pl_nnotes pl_nespec st_rad,0.0
pl_nnotes pl_nespec sy_bmag,0.0
pl_nnotes pl_nespec sy_dist,0.0
pl_nnotes pl_nespec st_teff,0.0
pl_nnotes pl_nespec sy_w2mag,0.0
pl_nnotes pl_nespec sy_w1mag,0.0
pl_nnotes pl_nespec sy_w3mag,0.0
pl_nnotes pl_nespec sy_w4mag,0.0
pl_nnotes pl_nespec sy_plx,0.0
pl_nnotes pl_nespec st_logg,0.0
pl_nnotes pl_nespec st_mass,0.0
pl_nnotes pl_nespec soltype_Kepler Project Candidate (q1_q17_dr25_koi),0.0
pl_nnotes pl_nespec soltype_Published Confirmed,0.0
pl_nnotes pl_nespec pl_tsystemref_BJD,0.0
pl_nnotes pl_nespec pl_tsystemref_BJD-TDB,0.0
pl_nnotes pl_nespec pl_tsystemref_BJD-UTC,0.0
pl_nnotes pl_nespec pl_tsystemref_HJD,0.0
pl_nnotes pl_nespec pl_tsystemref_JD,0.0
pl_nnotes pl_ntranspec^2,0.0
pl_nnotes pl_ntranspec pl_ndispec,0.0
pl_nnotes pl_ntranspec release_year,0.0
pl_nnotes pl_ntranspec st_nphot,0.0
pl_nnotes pl_ntranspec st_nrvc,-0.0
pl_nnotes pl_ntranspec pl_controv_flag,0.0
pl_nnotes pl_ntranspec disc_year,0.0
pl_nnotes pl_ntranspec sy_tmag,0.0
pl_nnotes pl_ntranspec sy_kmag,0.0
pl_nnotes pl_ntranspec sy_jmag,0.0
pl_nnotes pl_ntranspec sy_hmag,0.0
pl_nnotes pl_ntranspec sy_vmag,0.0
pl_nnotes pl_ntranspec sy_pm,-0.0
pl_nnotes pl_ntranspec sy_pmdec,0.0
pl_nnotes pl_ntranspec sy_pmra,-0.0
pl_nnotes pl_ntranspec pl_orbper,-0.0
pl_nnotes pl_ntranspec sy_gaiamag,0.0
pl_nnotes pl_ntranspec st_rad,0.0
pl_nnotes pl_ntranspec sy_bmag,0.0
pl_nnotes pl_ntranspec sy_dist,0.0
pl_nnotes pl_ntranspec st_teff,0.0
pl_nnotes pl_ntranspec sy_w2mag,0.0
pl_nnotes pl_ntranspec sy_w1mag,0.0
pl_nnotes pl_ntranspec sy_w3mag,0.0
pl_nnotes pl_ntranspec sy_w4mag,0.0
pl_nnotes pl_ntranspec sy_plx,-0.0
pl_nnotes pl_ntranspec st_logg,0.0
pl_nnotes pl_ntranspec st_mass,0.0
pl_nnotes pl_ntranspec soltype_Kepler Project Candidate (q1_q17_dr25_koi),0.0
pl_nnotes pl_ntranspec soltype_Published Confirmed,0.0
pl_nnotes pl_ntranspec pl_tsystemref_BJD,0.0
pl_nnotes pl_ntranspec pl_tsystemref_BJD-TDB,-0.0
pl_nnotes pl_ntranspec pl_tsystemref_BJD-UTC,0.0
pl_nnotes pl_ntranspec pl_tsystemref_HJD,0.0
pl_nnotes pl_ntranspec pl_tsystemref_JD,0.0
pl_nnotes pl_ndispec^2,0.0
pl_nnotes pl_ndispec release_year,0.0
pl_nnotes pl_ndispec st_nphot,0.0
pl_nnotes pl_ndispec st_nrvc,0.0
pl_nnotes pl_ndispec pl_controv_flag,0.0
pl_nnotes pl_ndispec disc_year,0.0
pl_nnotes pl_ndispec sy_tmag,0.0
pl_nnotes pl_ndispec sy_kmag,0.0
pl_nnotes pl_ndispec sy_jmag,0.0
pl_nnotes pl_ndispec sy_hmag,0.0
pl_nnotes pl_ndispec sy_vmag,0.0
pl_nnotes pl_ndispec sy_pm,0.0
pl_nnotes pl_ndispec sy_pmdec,0.0
pl_nnotes pl_ndispec sy_pmra,0.0
pl_nnotes pl_ndispec pl_orbper,0.0
pl_nnotes pl_ndispec sy_gaiamag,0.0
pl_nnotes pl_ndispec st_rad,0.0
pl_nnotes pl_ndispec sy_bmag,0.0
pl_nnotes pl_ndispec sy_dist,0.0
pl_nnotes pl_ndispec st_teff,0.0
pl_nnotes pl_ndispec sy_w2mag,0.0
pl_nnotes pl_ndispec sy_w1mag,0.0
pl_nnotes pl_ndispec sy_w3mag,0.0
pl_nnotes pl_ndispec sy_w4mag,0.0
pl_nnotes pl_ndispec sy_plx,0.0
pl_nnotes pl_ndispec st_logg,0.0
pl_nnotes pl_ndispec st_mass,0.0
pl_nnotes pl_ndispec soltype_Kepler Project Candidate (q1_q17_dr25_koi),0.0
pl_nnotes pl_ndispec soltype_Published Confirmed,0.0
pl_nnotes pl_ndispec pl_tsystemref_BJD,0.0
pl_nnotes pl_ndispec pl_tsystemref_BJD-TDB,0.0
pl_nnotes pl_ndispec pl_tsystemref_BJD-UTC,0.0
pl_nnotes pl_ndispec pl_tsystemref_HJD,0.0
pl_nnotes pl_ndispec pl_tsystemref_JD,0.0
pl_nnotes release_year^2,0.0
pl_nnotes release_year st_nphot,0.0
pl_nnotes release_year st_nrvc,0.0
pl_nnotes release_year pl_controv_flag,-0.0
pl_nnotes release_year disc_year,0.0
pl_nnotes release_year sy_tmag,0.0
pl_nnotes release_year sy_kmag,0.0
pl_nnotes release_year sy_jmag,0.0
pl_nnotes release_year sy_hmag,0.0
pl_nnotes release_year sy_vmag,0.0
pl_nnotes release_year sy_pm,-0.0
pl_nnotes release_year sy_pmdec,-0.0
pl_nnotes release_year sy_pmra,-0.0
pl_nnotes release_year pl_orbper,0.0
pl_nnotes release_year sy_gaiamag,0.0
pl_nnotes release_year st_rad,0.0
pl_nnotes release_year sy_bmag,0.0
pl_nnotes release_year sy_dist,0.0
pl_nnotes release_year st_teff,0.0
pl_nnotes release_year sy_w2mag,0.0
pl_nnotes release_year sy_w1mag,0.0
pl_nnotes release_year sy_w3mag,0.0
pl_nnotes release_year sy_w4mag,0.0
pl_nnotes release_year sy_plx,-0.0
pl_nnotes release_year st_logg,0.0
pl_nnotes release_year st_mass,0.0
pl_nnotes release_year soltype_Kepler Project Candidate (q1_q17_dr25_koi),0.0
pl_nnotes release_year soltype_Published Confirmed,0.0
pl_nnotes release_year pl_tsystemref_BJD,0.0
pl_nnotes release_year pl_tsystemref_BJD-TDB,0.0
pl_nnotes release_year pl_tsystemref_BJD-UTC,-0.0
pl_nnotes release_year pl_tsystemref_HJD,0.0
pl_nnotes release_year pl_tsystemref_JD,-0.0
pl_nnotes st_nphot^2,0.0
pl_nnotes st_nphot st_nrvc,0.0
pl_nnotes st_nphot pl_controv_flag,0.0
pl_nnotes st_nphot disc_year,0.0
pl_nnotes st_nphot sy_tmag,0.0
pl_nnotes st_nphot sy_kmag,0.0
pl_nnotes st_nphot sy_jmag,0.0
pl_nnotes st_nphot sy_hmag,0.0
pl_nnotes st_nphot sy_vmag,0.0
pl_nnotes st_nphot sy_pm,0.0
pl_nnotes st_nphot sy_pmdec,-0.0
pl_nnotes st_nphot sy_pmra,-0.0
pl_nnotes st_nphot pl_orbper,0.0
pl_nnotes st_nphot sy_gaiamag,0.0
pl_nnotes st_nphot st_rad,0.0
pl_nnotes st_nphot sy_bmag,0.0
pl_nnotes st_nphot sy_dist,0.0
pl_nnotes st_nphot st_teff,0.0
pl_nnotes st_nphot sy_w2mag,0.0
pl_nnotes st_nphot sy_w1mag,0.0
pl_nnotes st_nphot sy_w3mag,0.0
pl_nnotes st_nphot sy_w4mag,0.0
pl_nnotes st_nphot sy_plx,0.0
pl_nnotes st_nphot st_logg,0.0
pl_nnotes st_nphot st_mass,0.0
pl_nnotes st_nphot soltype_Kepler Project Candidate (q1_q17_dr25_koi),0.0
pl_nnotes st_nphot soltype_Published Confirmed,0.0
pl_nnotes st_nphot pl_tsystemref_BJD,0.0
pl_nnotes st_nphot pl_tsystemref_BJD-TDB,0.0
pl_nnotes st_nphot pl_tsystemref_BJD-UTC,0.0
pl_nnotes st_nphot pl_tsystemref_HJD,-0.0
pl_nnotes st_nphot pl_tsystemref_JD,0.0
pl_nnotes st_nrvc^2,0.0
pl_nnotes st_nrvc pl_controv_flag,0.0
pl_nnotes st_nrvc disc_year,0.0
pl_nnotes st_nrvc sy_tmag,0.0
pl_nnotes st_nrvc sy_kmag,0.0
pl_nnotes st_nrvc sy_jmag,0.0
pl_nnotes st_nrvc sy_hmag,0.0
pl_nnotes st_nrvc sy_vmag,0.0
pl_nnotes st_nrvc sy_pm,-0.0
pl_nnotes st_nrvc sy_pmdec,-0.0
pl_nnotes st_nrvc sy_pmra,0.0
pl_nnotes st_nrvc pl_orbper,-0.0
pl_nnotes st_nrvc sy_gaiamag,0.0
pl_nnotes st_nrvc st_rad,0.0
pl_nnotes st_nrvc sy_bmag,0.0
pl_nnotes st_nrvc sy_dist,0.0
pl_nnotes st_nrvc st_teff,0.0
pl_nnotes st_nrvc sy_w2mag,0.0
pl_nnotes st_nrvc sy_w1mag,0.0
pl_nnotes st_nrvc sy_w3mag,0.0
pl_nnotes st_nrvc sy_w4mag,0.0
pl_nnotes st_nrvc sy_plx,-0.0
pl_nnotes st_nrvc st_logg,0.0
pl_nnotes st_nrvc st_mass,0.0
pl_nnotes st_nrvc soltype_Kepler Project Candidate (q1_q17_dr25_koi),0.0
pl_nnotes st_nrvc soltype_Published Confirmed,0.0
pl_nnotes st_nrvc pl_tsystemref_BJD,0.0
pl_nnotes st_nrvc pl_tsystemref_BJD-TDB,0.0
pl_nnotes st_nrvc pl_tsystemref_BJD-UTC,0.0
pl_nnotes st_nrvc pl_tsystemref_HJD,0.0
pl_nnotes st_nrvc pl_tsystemref_JD,0.0
pl_nnotes pl_controv_flag^2,-0.0
pl_nnotes pl_controv_flag disc_year,-0.0
pl_nnotes pl_controv_flag sy_tmag,-0.0
pl_nnotes pl_controv_flag sy_kmag,-0.0
pl_nnotes pl_controv_flag sy_jmag,-0.0
pl_nnotes pl_controv_flag sy_hmag,-0.0
pl_nnotes pl_controv_flag sy_vmag,-0.0
pl_nnotes pl_controv_flag sy_pm,-0.0
pl_nnotes pl_controv_flag sy_pmdec,-0.0
pl_nnotes pl_controv_flag sy_pmra,-0.0
pl_nnotes pl_controv_flag pl_orbper,-0.0
pl_nnotes pl_controv_flag sy_gaiamag,-0.0
pl_nnotes pl_controv_flag st_rad,-0.0
pl_nnotes pl_controv_flag sy_bmag,-0.0
pl_nnotes pl_controv_flag sy_dist,0.0
pl_nnotes pl_controv_flag st_teff,-0.0
pl_nnotes pl_controv_flag sy_w2mag,-0.0
pl_nnotes pl_controv_flag sy_w1mag,-0.0
pl_nnotes pl_controv_flag sy_w3mag,-0.0
pl_nnotes pl_controv_flag sy_w4mag,-0.0
pl_nnotes pl_controv_flag sy_plx,-0.0
pl_nnotes pl_controv_flag st_logg,-0.0
pl_nnotes pl_controv_flag st_mass,-0.0
pl_nnotes pl_controv_flag soltype_Kepler Project Candidate (q1_q17_dr25_koi),0.0
pl_nnotes pl_controv_flag soltype_Published Confirmed,-0.0
pl_nnotes pl_controv_flag pl_tsystemref_BJD,-0.0
pl_nnotes pl_controv_flag pl_tsystemref_BJD-TDB,0.0
pl_nnotes pl_controv_flag pl_tsystemref_BJD-UTC,-0.0
pl_nnotes pl_controv_flag pl_tsystemref_HJD,0.0
pl_nnotes pl_controv_flag pl_tsystemref_JD,0.0
pl_nnotes disc_year^2,0.0
pl_nnotes disc_year sy_tmag,0.0
pl_nnotes disc_year sy_kmag,0.0
pl_nnotes disc_year sy_jmag,0.0
pl_nnotes disc_year sy_hmag,0.0
pl_nnotes disc_year sy_vmag,0.0
pl_nnotes disc_year sy_pm,-0.0
pl_nnotes disc_year sy_pmdec,-0.0
pl_nnotes disc_year sy_pmra,-0.0
pl_nnotes disc_year pl_orbper,0.0
pl_nnotes disc_year sy_gaiamag,0.0
pl_nnotes disc_year st_rad,0.0
pl_nnotes disc_year sy_bmag,0.0
pl_nnotes disc_year sy_dist,0.0
pl_nnotes disc_year st_teff,0.0
pl_nnotes disc_year sy_w2mag,0.0
pl_nnotes disc_year sy_w1mag,0.0
pl_nnotes disc_year sy_w3mag,0.0
pl_nnotes disc_year sy_w4mag,0.0
pl_nnotes disc_year sy_plx,-0.0
pl_nnotes disc_year st_logg,0.0
pl_nnotes disc_year st_mass,0.0
pl_nnotes disc_year soltype_Kepler Project Candidate (q1_q17_dr25_koi),0.0
pl_nnotes disc_year soltype_Published Confirmed,0.0
pl_nnotes disc_year pl_tsystemref_BJD,0.0
pl_nnotes disc_year pl_tsystemref_BJD-TDB,0.0
pl_nnotes disc_year pl_tsystemref_BJD-UTC,-0.0
pl_nnotes disc_year pl_tsystemref_HJD,0.0
pl_nnotes disc_year pl_tsystemref_JD,-0.0
pl_nnotes sy_tmag^2,0.0
pl_nnotes sy_tmag sy_kmag,0.0
pl_nnotes sy_tmag sy_jmag,0.0
pl_nnotes sy_tmag sy_hmag,0.0
pl_nnotes sy_tmag sy_vmag,0.0
pl_nnotes sy_tmag sy_pm,-0.0
pl_nnotes sy_tmag sy_pmdec,-0.0
pl_nnotes sy_tmag sy_pmra,-0.0
pl_nnotes sy_tmag pl_orbper,0.0
pl_nnotes sy_tmag sy_gaiamag,0.0
pl_nnotes sy_tmag st_rad,0.0
pl_nnotes sy_tmag sy_bmag,0.0
pl_nnotes sy_tmag sy_dist,0.0
pl_nnotes sy_tmag st_teff,0.0
pl_nnotes sy_tmag sy_w2mag,0.0
pl_nnotes sy_tmag sy_w1mag,0.0
pl_nnotes sy_tmag sy_w3mag,0.0
pl_nnotes sy_tmag sy_w4mag,0.0
pl_nnotes sy_tmag sy_plx,-0.0
pl_nnotes sy_tmag st_logg,0.0
pl_nnotes sy_tmag st_mass,0.0
pl_nnotes sy_tmag soltype_Kepler Project Candidate (q1_q17_dr25_koi),0.0
pl_nnotes sy_tmag soltype_Published Confirmed,0.0
pl_nnotes sy_tmag pl_tsystemref_BJD,0.0
pl_nnotes sy_tmag pl_tsystemref_BJD-TDB,0.0
pl_nnotes sy_tmag pl_tsystemref_BJD-UTC,-0.0
pl_nnotes sy_tmag pl_tsystemref_HJD,0.0
pl_nnotes sy_tmag pl_tsystemref_JD,-0.0
pl_nnotes sy_kmag^2,0.0
pl_nnotes sy_kmag sy_jmag,0.0
pl_nnotes sy_kmag sy_hmag,0.0
pl_nnotes sy_kmag sy_vmag,0.0
pl_nnotes sy_kmag sy_pm,-0.0
pl_nnotes sy_kmag sy_pmdec,-0.0
pl_nnotes sy_kmag sy_pmra,-0.0
pl_nnotes sy_kmag pl_orbper,0.0
pl_nnotes sy_kmag sy_gaiamag,0.0
pl_nnotes sy_kmag st_rad,0.0
pl_nnotes sy_kmag sy_bmag,0.0
pl_nnotes sy_kmag sy_dist,0.0
pl_nnotes sy_kmag st_teff,0.0
pl_nnotes sy_kmag sy_w2mag,0.0
pl_nnotes sy_kmag sy_w1mag,0.0
pl_nnotes sy_kmag sy_w3mag,0.0
pl_nnotes sy_kmag sy_w4mag,0.0
pl_nnotes sy_kmag sy_plx,-0.0
pl_nnotes sy_kmag st_logg,0.0
pl_nnotes sy_kmag st_mass,0.0
pl_nnotes sy_kmag soltype_Kepler Project Candidate (q1_q17_dr25_koi),0.0
pl_nnotes sy_kmag soltype_Published Confirmed,0.0
pl_nnotes sy_kmag pl_tsystemref_BJD,0.0
pl_nnotes sy_kmag pl_tsystemref_BJD-TDB,0.0
pl_nnotes sy_kmag pl_tsystemref_BJD-UTC,-0.0
pl_nnotes sy_kmag pl_tsystemref_HJD,0.0
pl_nnotes sy_kmag pl_tsystemref_JD,-0.0
pl_nnotes sy_jmag^2,0.0
pl_nnotes sy_jmag sy_hmag,0.0
pl_nnotes sy_jmag sy_vmag,0.0
pl_nnotes sy_jmag sy_pm,-0.0
pl_nnotes sy_jmag sy_pmdec,-0.0
pl_nnotes sy_jmag sy_pmra,-0.0
pl_nnotes sy_jmag pl_orbper,0.0
pl_nnotes sy_jmag sy_gaiamag,0.0
pl_nnotes sy_jmag st_rad,0.0
pl_nnotes sy_jmag sy_bmag,0.0
pl_nnotes sy_jmag sy_dist,0.0
pl_nnotes sy_jmag st_teff,0.0
pl_nnotes sy_jmag sy_w2mag,0.0
pl_nnotes sy_jmag sy_w1mag,0.0
pl_nnotes sy_jmag sy_w3mag,0.0
pl_nnotes sy_jmag sy_w4mag,0.0
pl_nnotes sy_jmag sy_plx,-0.0
pl_nnotes sy_jmag st_logg,0.0
pl_nnotes sy_jmag st_mass,0.0
pl_nnotes sy_jmag soltype_Kepler Project Candidate (q1_q17_dr25_koi),0.0
pl_nnotes sy_jmag soltype_Published Confirmed,0.0
pl_nnotes sy_jmag pl_tsystemref_BJD,0.0
pl_nnotes sy_jmag pl_tsystemref_BJD-TDB,0.0
pl_nnotes sy_jmag pl_tsystemref_BJD-UTC,-0.0
pl_nnotes sy_jmag pl_tsystemref_HJD,0.0
pl_nnotes sy_jmag pl_tsystemref_JD,-0.0
pl_nnotes sy_hmag^2,0.0
pl_nnotes sy_hmag sy_vmag,0.0
pl_nnotes sy_hmag sy_pm,-0.0
pl_nnotes sy_hmag sy_pmdec,-0.0
pl_nnotes sy_hmag sy_pmra,-0.0
pl_nnotes sy_hmag pl_orbper,0.0
pl_nnotes sy_hmag sy_gaiamag,0.0
pl_nnotes sy_hmag st_rad,0.0
pl_nnotes sy_hmag sy_bmag,0.0
pl_nnotes sy_hmag sy_dist,0.0
pl_nnotes sy_hmag st_teff,0.0
pl_nnotes sy_hmag sy_w2mag,0.0
pl_nnotes sy_hmag sy_w1mag,0.0
pl_nnotes sy_hmag sy_w3mag,0.0
pl_nnotes sy_hmag sy_w4mag,0.0
pl_nnotes sy_hmag sy_plx,-0.0
pl_nnotes sy_hmag st_logg,0.0
pl_nnotes sy_hmag st_mass,0.0
pl_nnotes sy_hmag soltype_Kepler Project Candidate (q1_q17_dr25_koi),0.0
pl_nnotes sy_hmag soltype_Published Confirmed,0.0
pl_nnotes sy_hmag pl_tsystemref_BJD,0.0
pl_nnotes sy_hmag pl_tsystemref_BJD-TDB,0.0
pl_nnotes sy_hmag pl_tsystemref_BJD-UTC,-0.0
pl_nnotes sy_hmag pl_tsystemref_HJD,0.0
pl_nnotes sy_hmag pl_tsystemref_JD,-0.0
pl_nnotes sy_vmag^2,0.0
pl_nnotes sy_vmag sy_pm,-0.0
pl_nnotes sy_vmag sy_pmdec,-0.0
pl_nnotes sy_vmag sy_pmra,-0.0
pl_nnotes sy_vmag pl_orbper,0.0
pl_nnotes sy_vmag sy_gaiamag,0.0
pl_nnotes sy_vmag st_rad,0.0
pl_nnotes sy_vmag sy_bmag,0.0
pl_nnotes sy_vmag sy_dist,0.0
pl_nnotes sy_vmag st_teff,0.0
pl_nnotes sy_vmag sy_w2mag,0.0
pl_nnotes sy_vmag sy_w1mag,0.0
pl_nnotes sy_vmag sy_w3mag,0.0
pl_nnotes sy_vmag sy_w4mag,0.0
pl_nnotes sy_vmag sy_plx,-0.0
pl_nnotes sy_vmag st_logg,0.0
pl_nnotes sy_vmag st_mass,0.0
pl_nnotes sy_vmag soltype_Kepler Project Candidate (q1_q17_dr25_koi),0.0
pl_nnotes sy_vmag soltype_Published Confirmed,0.0
pl_nnotes sy_vmag pl_tsystemref_BJD,0.0
pl_nnotes sy_vmag pl_tsystemref_BJD-TDB,0.0
pl_nnotes sy_vmag pl_tsystemref_BJD-UTC,-0.0
pl_nnotes sy_vmag pl_tsystemref_HJD,0.0
pl_nnotes sy_vmag pl_tsystemref_JD,-0.0
pl_nnotes sy_pm^2,-0.0
pl_nnotes sy_pm sy_pmdec,-0.0
pl_nnotes sy_pm sy_pmra,-0.0
pl_nnotes sy_pm pl_orbper,0.0
pl_nnotes sy_pm sy_gaiamag,-0.0
pl_nnotes sy_pm st_rad,0.0
pl_nnotes sy_pm sy_bmag,-0.0
pl_nnotes sy_pm sy_dist,0.0
pl_nnotes sy_pm st_teff,-0.0
pl_nnotes sy_pm sy_w2mag,-0.0
pl_nnotes sy_pm sy_w1mag,-0.0
pl_nnotes sy_pm sy_w3mag,-0.0
pl_nnotes sy_pm sy_w4mag,-0.0
pl_nnotes sy_pm sy_plx,-0.0
pl_nnotes sy_pm st_logg,-0.0
pl_nnotes sy_pm st_mass,0.0
pl_nnotes sy_pm soltype_Kepler Project Candidate (q1_q17_dr25_koi),0.0
pl_nnotes sy_pm soltype_Published Confirmed,-0.0
pl_nnotes sy_pm pl_tsystemref_BJD,0.0
pl_nnotes sy_pm pl_tsystemref_BJD-TDB,-0.0
pl_nnotes sy_pm pl_tsystemref_BJD-UTC,-0.0
pl_nnotes sy_pm pl_tsystemref_HJD,0.0
pl_nnotes sy_pm pl_tsystemref_JD,-0.0
pl_nnotes sy_pmdec^2,0.0
pl_nnotes sy_pmdec sy_pmra,0.0
pl_nnotes sy_pmdec pl_orbper,-0.0
pl_nnotes sy_pmdec sy_gaiamag,-0.0
pl_nnotes sy_pmdec st_rad,-0.0
pl_nnotes sy_pmdec sy_bmag,-0.0
pl_nnotes sy_pmdec sy_dist,-0.0
pl_nnotes sy_pmdec st_teff,-0.0
pl_nnotes sy_pmdec sy_w2mag,-0.0
pl_nnotes sy_pmdec sy_w1mag,-0.0
pl_nnotes sy_pmdec sy_w3mag,-0.0
pl_nnotes sy_pmdec sy_w4mag,-0.0
pl_nnotes sy_pmdec sy_plx,-0.0
pl_nnotes sy_pmdec st_logg,-0.0
pl_nnotes sy_pmdec st_mass,-0.0
pl_nnotes sy_pmdec soltype_Kepler Project Candidate (q1_q17_dr25_koi),-0.0
pl_nnotes sy_pmdec soltype_Published Confirmed,-0.0
pl_nnotes sy_pmdec pl_tsystemref_BJD,-0.0
pl_nnotes sy_pmdec pl_tsystemref_BJD-TDB,-0.0
pl_nnotes sy_pmdec pl_tsystemref_BJD-UTC,-0.0
pl_nnotes sy_pmdec pl_tsystemref_HJD,0.0
pl_nnotes sy_pmdec pl_tsystemref_JD,-0.0
pl_nnotes sy_pmra^2,-0.0
pl_nnotes sy_pmra pl_orbper,-0.0
pl_nnotes sy_pmra sy_gaiamag,-0.0
pl_nnotes sy_pmra st_rad,-0.0
pl_nnotes sy_pmra sy_bmag,-0.0
pl_nnotes sy_pmra sy_dist,-0.0
pl_nnotes sy_pmra st_teff,-0.0
pl_nnotes sy_pmra sy_w2mag,-0.0
pl_nnotes sy_pmra sy_w1mag,-0.0
pl_nnotes sy_pmra sy_w3mag,-0.0
pl_nnotes sy_pmra sy_w4mag,-0.0
pl_nnotes sy_pmra sy_plx,-0.0
pl_nnotes sy_pmra st_logg,-0.0
pl_nnotes sy_pmra st_mass,-0.0
pl_nnotes sy_pmra soltype_Kepler Project Candidate (q1_q17_dr25_koi),0.0
pl_nnotes sy_pmra soltype_Published Confirmed,-0.0
pl_nnotes sy_pmra pl_tsystemref_BJD,-0.0
pl_nnotes sy_pmra pl_tsystemref_BJD-TDB,-0.0
pl_nnotes sy_pmra pl_tsystemref_BJD-UTC,-0.0
pl_nnotes sy_pmra pl_tsystemref_HJD,-0.0
pl_nnotes sy_pmra pl_tsystemref_JD,-0.0
pl_nnotes pl_orbper^2,0.0
pl_nnotes pl_orbper sy_gaiamag,0.0
pl_nnotes pl_orbper st_rad,0.0
pl_nnotes pl_orbper sy_bmag,0.0
pl_nnotes pl_orbper sy_dist,0.0
pl_nnotes pl_orbper st_teff,0.0
pl_nnotes pl_orbper sy_w2mag,0.0
pl_nnotes pl_orbper sy_w1mag,0.0
pl_nnotes pl_orbper sy_w3mag,0.0
pl_nnotes pl_orbper sy_w4mag,0.0
pl_nnotes pl_orbper sy_plx,0.0
pl_nnotes pl_orbper st_logg,0.0
pl_nnotes pl_orbper st_mass,0.0
pl_nnotes pl_orbper soltype_Kepler Project Candidate (q1_q17_dr25_koi),0.0
pl_nnotes pl_orbper soltype_Published Confirmed,0.0
pl_nnotes pl_orbper pl_tsystemref_BJD,-0.0
pl_nnotes pl_orbper pl_tsystemref_BJD-TDB,0.0
pl_nnotes pl_orbper pl_tsystemref_BJD-UTC,-0.0
pl_nnotes pl_orbper pl_tsystemref_HJD,0.0
pl_nnotes pl_orbper pl_tsystemref_JD,0.009944272768635201
pl_nnotes sy_gaiamag^2,0.0
pl_nnotes sy_gaiamag st_rad,0.0
pl_nnotes sy_gaiamag sy_bmag,0.0
pl_nnotes sy_gaiamag sy_dist,0.0
pl_nnotes sy_gaiamag st_teff,0.0
pl_nnotes sy_gaiamag sy_w2mag,0.0
pl_nnotes sy_gaiamag sy_w1mag,0.0
pl_nnotes sy_gaiamag sy_w3mag,0.0
pl_nnotes sy_gaiamag sy_w4mag,0.0
pl_nnotes sy_gaiamag sy_plx,-0.0
pl_nnotes sy_gaiamag st_logg,0.0
pl_nnotes sy_gaiamag st_mass,0.0
pl_nnotes sy_gaiamag soltype_Kepler Project Candidate (q1_q17_dr25_koi),0.0
pl_nnotes sy_gaiamag soltype_Published Confirmed,0.0
pl_nnotes sy_gaiamag pl_tsystemref_BJD,0.0
pl_nnotes sy_gaiamag pl_tsystemref_BJD-TDB,0.0
pl_nnotes sy_gaiamag pl_tsystemref_BJD-UTC,-0.0
pl_nnotes sy_gaiamag pl_tsystemref_HJD,0.0
pl_nnotes sy_gaiamag pl_tsystemref_JD,-0.0
pl_nnotes st_rad^2,0.0
pl_nnotes st_rad sy_bmag,0.0
pl_nnotes st_rad sy_dist,0.0
pl_nnotes st_rad st_teff,0.0
pl_nnotes st_rad sy_w2mag,0.0
pl_nnotes st_rad sy_w1mag,0.0
pl_nnotes st_rad sy_w3mag,0.0
pl_nnotes st_rad sy_w4mag,0.0
pl_nnotes st_rad sy_plx,-0.0
pl_nnotes st_rad st_logg,0.0
pl_nnotes st_rad st_mass,0.0
pl_nnotes st_rad soltype_Kepler Project Candidate (q1_q17_dr25_koi),0.0
pl_nnotes st_rad soltype_Published Confirmed,0.0
pl_nnotes st_rad pl_tsystemref_BJD,0.00532619431527996
pl_nnotes st_rad pl_tsystemref_BJD-TDB,0.0
pl_nnotes st_rad pl_tsystemref_BJD-UTC,0.0
pl_nnotes st_rad pl_tsystemref_HJD,0.0
pl_nnotes st_rad pl_tsystemref_JD,-0.0
pl_nnotes sy_bmag^2,0.0
pl_nnotes sy_bmag sy_dist,0.0
pl_nnotes sy_bmag st_teff,0.0
pl_nnotes sy_bmag sy_w2mag,0.0
pl_nnotes sy_bmag sy_w1mag,0.0
pl_nnotes sy_bmag sy_w3mag,0.0
pl_nnotes sy_bmag sy_w4mag,0.0
pl_nnotes sy_bmag sy_plx,-0.0
pl_nnotes sy_bmag st_logg,0.0
pl_nnotes sy_bmag st_mass,0.0
pl_nnotes sy_bmag soltype_Kepler Project Candidate (q1_q17_dr25_koi),0.0
pl_nnotes sy_bmag soltype_Published Confirmed,0.0
pl_nnotes sy_bmag pl_tsystemref_BJD,0.0
pl_nnotes sy_bmag pl_tsystemref_BJD-TDB,0.0
pl_nnotes sy_bmag pl_tsystemref_BJD-UTC,-0.0
pl_nnotes sy_bmag pl_tsystemref_HJD,0.0
pl_nnotes sy_bmag pl_tsystemref_JD,-0.0
pl_nnotes sy_dist^2,0.0
pl_nnotes sy_dist st_teff,0.0
pl_nnotes sy_dist sy_w2mag,0.0
pl_nnotes sy_dist sy_w1mag,0.0
pl_nnotes sy_dist sy_w3mag,0.0
pl_nnotes sy_dist sy_w4mag,0.0
pl_nnotes sy_dist sy_plx,0.0
pl_nnotes sy_dist st_logg,0.0
pl_nnotes sy_dist st_mass,0.0
pl_nnotes sy_dist soltype_Kepler Project Candidate (q1_q17_dr25_koi),0.0
pl_nnotes sy_dist soltype_Published Confirmed,0.0
pl_nnotes sy_dist pl_tsystemref_BJD,0.006926360100563325
pl_nnotes sy_dist pl_tsystemref_BJD-TDB,0.01363422702345462
pl_nnotes sy_dist pl_tsystemref_BJD-UTC,0.0
pl_nnotes sy_dist pl_tsystemref_HJD,0.006806775315016366
pl_nnotes sy_dist pl_tsystemref_JD,0.0
pl_nnotes st_teff^2,0.0
pl_nnotes st_teff sy_w2mag,0.0
pl_nnotes st_teff sy_w1mag,0.0
pl_nnotes st_teff sy_w3mag,0.0
pl_nnotes st_teff sy_w4mag,0.0
pl_nnotes st_teff sy_plx,-0.0
pl_nnotes st_teff st_logg,0.0
pl_nnotes st_teff st_mass,0.0
pl_nnotes st_teff soltype_Kepler Project Candidate (q1_q17_dr25_koi),0.0
pl_nnotes st_teff soltype_Published Confirmed,0.0
pl_nnotes st_teff pl_tsystemref_BJD,0.0
pl_nnotes st_teff pl_tsystemref_BJD-TDB,0.0
pl_nnotes st_teff pl_tsystemref_BJD-UTC,-0.0
pl_nnotes st_teff pl_tsystemref_HJD,0.0
pl_nnotes st_teff pl_tsystemref_JD,-0.0
pl_nnotes sy_w2mag^2,0.0
pl_nnotes sy_w2mag sy_w1mag,0.0
pl_nnotes sy_w2mag sy_w3mag,0.0
pl_nnotes sy_w2mag sy_w4mag,0.0
pl_nnotes sy_w2mag sy_plx,-0.0
pl_nnotes sy_w2mag st_logg,0.0
pl_nnotes sy_w2mag st_mass,0.0
pl_nnotes sy_w2mag soltype_Kepler Project Candidate (q1_q17_dr25_koi),0.0
pl_nnotes sy_w2mag soltype_Published Confirmed,0.0
pl_nnotes sy_w2mag pl_tsystemref_BJD,0.0
pl_nnotes sy_w2mag pl_tsystemref_BJD-TDB,0.0
pl_nnotes sy_w2mag pl_tsystemref_BJD-UTC,-0.0
pl_nnotes sy_w2mag pl_tsystemref_HJD,0.0
pl_nnotes sy_w2mag pl_tsystemref_JD,-0.0
pl_nnotes sy_w1mag^2,0.0
pl_nnotes sy_w1mag sy_w3mag,0.0
pl_nnotes sy_w1mag sy_w4mag,0.0
pl_nnotes sy_w1mag sy_plx,-0.0
pl_nnotes sy_w1mag st_logg,0.0
pl_nnotes sy_w1mag st_mass,0.0
pl_nnotes sy_w1mag soltype_Kepler Project Candidate (q1_q17_dr25_koi),0.0
pl_nnotes sy_w1mag soltype_Published Confirmed,0.0
pl_nnotes sy_w1mag pl_tsystemref_BJD,0.0
pl_nnotes sy_w1mag pl_tsystemref_BJD-TDB,0.0
pl_nnotes sy_w1mag pl_tsystemref_BJD-UTC,-0.0
pl_nnotes sy_w1mag pl_tsystemref_HJD,0.0
pl_nnotes sy_w1mag pl_tsystemref_JD,-0.0
pl_nnotes sy_w3mag^2,0.0
pl_nnotes sy_w3mag sy_w4mag,0.0
pl_nnotes sy_w3mag sy_plx,-0.0
pl_nnotes sy_w3mag st_logg,0.0
pl_nnotes sy_w3mag st_mass,0.0
pl_nnotes sy_w3mag soltype_Kepler Project Candidate (q1_q17_dr25_koi),0.0
pl_nnotes sy_w3mag soltype_Published Confirmed,0.0
pl_nnotes sy_w3mag pl_tsystemref_BJD,0.0
pl_nnotes sy_w3mag pl_tsystemref_BJD-TDB,0.0
pl_nnotes sy_w3mag pl_tsystemref_BJD-UTC,-0.0
pl_nnotes sy_w3mag pl_tsystemref_HJD,0.0
pl_nnotes sy_w3mag pl_tsystemref_JD,-0.0
pl_nnotes sy_w4mag^2,0.0
pl_nnotes sy_w4mag sy_plx,-0.0
pl_nnotes sy_w4mag st_logg,0.0
pl_nnotes sy_w4mag st_mass,0.0
pl_nnotes sy_w4mag soltype_Kepler Project Candidate (q1_q17_dr25_koi),0.0
pl_nnotes sy_w4mag soltype_Published Confirmed,0.0
pl_nnotes sy_w4mag pl_tsystemref_BJD,0.0
pl_nnotes sy_w4mag pl_tsystemref_BJD-TDB,0.0
pl_nnotes sy_w4mag pl_tsystemref_BJD-UTC,-0.0
pl_nnotes sy_w4mag pl_tsystemref_HJD,0.0
pl_nnotes sy_w4mag pl_tsystemref_JD,-0.0
pl_nnotes sy_plx^2,-0.0
pl_nnotes sy_plx st_logg,-0.0
pl_nnotes sy_plx st_mass,-0.0
pl_nnotes sy_plx soltype_Kepler Project Candidate (q1_q17_dr25_koi),0.0
pl_nnotes sy_plx soltype_Published Confirmed,-0.0
pl_nnotes sy_plx pl_tsystemref_BJD,-0.0
pl_nnotes sy_plx pl_tsystemref_BJD-TDB,-0.0
pl_nnotes sy_plx pl_tsystemref_BJD-UTC,-0.0
pl_nnotes sy_plx pl_tsystemref_HJD,0.0
pl_nnotes sy_plx pl_tsystemref_JD,-0.0
pl_nnotes st_logg^2,0.0
pl_nnotes st_logg st_mass,0.0
pl_nnotes st_logg soltype_Kepler Project Candidate (q1_q17_dr25_koi),0.0
pl_nnotes st_logg soltype_Published Confirmed,0.0
pl_nnotes st_logg pl_tsystemref_BJD,0.0
pl_nnotes st_logg pl_tsystemref_BJD-TDB,0.0
pl_nnotes st_logg pl_tsystemref_BJD-UTC,-0.0
pl_nnotes st_logg pl_tsystemref_HJD,0.0
pl_nnotes st_logg pl_tsystemref_JD,-0.0
pl_nnotes st_mass^2,0.0
pl_nnotes st_mass soltype_Kepler Project Candidate (q1_q17_dr25_koi),0.0
pl_nnotes st_mass soltype_Published Confirmed,0.0
pl_nnotes st_mass pl_tsystemref_BJD,0.0
pl_nnotes st_mass pl_tsystemref_BJD-TDB,0.0
pl_nnotes st_mass pl_tsystemref_BJD-UTC,0.0
pl_nnotes st_mass pl_tsystemref_HJD,0.0
pl_nnotes st_mass pl_tsystemref_JD,-0.0
pl_nnotes soltype_Kepler Project Candidate (q1_q17_dr25_koi)^2,0.0
pl_nnotes soltype_Kepler Project Candidate (q1_q17_dr25_koi) soltype_Published Confirmed,0.0
pl_nnotes soltype_Kepler Project Candidate (q1_q17_dr25_koi) pl_tsystemref_BJD,0.0
pl_nnotes soltype_Kepler Project Candidate (q1_q17_dr25_koi) pl_tsystemref_BJD-TDB,0.0
pl_nnotes soltype_Kepler Project Candidate (q1_q17_dr25_koi) pl_tsystemref_BJD-UTC,0.0
pl_nnotes soltype_Kepler Project Candidate (q1_q17_dr25_koi) pl_tsystemref_HJD,0.0
pl_nnotes soltype_Kepler Project Candidate (q1_q17_dr25_koi) pl_tsystemref_JD,0.0
pl_nnotes soltype_Published Confirmed^2,0.0
pl_nnotes soltype_Published Confirmed pl_tsystemref_BJD,0.0
pl_nnotes soltype_Published Confirmed pl_tsystemref_BJD-TDB,0.0
pl_nnotes soltype_Published Confirmed pl_tsystemref_BJD-UTC,-0.0
pl_nnotes soltype_Published Confirmed pl_tsystemref_HJD,0.0
pl_nnotes soltype_Published Confirmed pl_tsystemref_JD,-0.0
pl_nnotes pl_tsystemref_BJD^2,0.0
pl_nnotes pl_tsystemref_BJD pl_tsystemref_BJD-TDB,0.0
pl_nnotes pl_tsystemref_BJD pl_tsystemref_BJD-UTC,0.0
pl_nnotes pl_tsystemref_BJD pl_tsystemref_HJD,0.0
pl_nnotes pl_tsystemref_BJD pl_tsystemref_JD,0.0
pl_nnotes pl_tsystemref_BJD-TDB^2,0.0
pl_nnotes pl_tsystemref_BJD-TDB pl_tsystemref_BJD-UTC,0.0
pl_nnotes pl_tsystemref_BJD-TDB pl_tsystemref_HJD,0.0
pl_nnotes pl_tsystemref_BJD-TDB pl_tsystemref_JD,0.0
pl_nnotes pl_tsystemref_BJD-UTC^2,-0.0
pl_nnotes pl_tsystemref_BJD-UTC pl_tsystemref_HJD,0.0
pl_nnotes pl_tsystemref_BJD-UTC pl_tsystemref_JD,0.0
pl_nnotes pl_tsystemref_HJD^2,0.0
pl_nnotes pl_tsystemref_HJD pl_tsystemref_JD,0.0
pl_nnotes pl_tsystemref_JD^2,-0.0
elon^3,-0.0
elon^2 elat,-0.0
elon^2 glon,-0.0
elon^2 glat,-0.0
elon^2 dec,-0.0
elon^2 ra,-0.0
elon^2 st_nspec,0.0
elon^2 pl_nespec,0.0
elon^2 pl_ntranspec,0.0
elon^2 pl_ndispec,0.0
elon^2 release_year,-0.0
elon^2 st_nphot,0.0
elon^2 st_nrvc,0.0
elon^2 pl_controv_flag,-0.0
elon^2 disc_year,-0.0
elon^2 sy_tmag,-0.0
elon^2 sy_kmag,-0.0
elon^2 sy_jmag,-0.0
elon^2 sy_hmag,-0.0
elon^2 sy_vmag,-0.0
elon^2 sy_pm,0.0
elon^2 sy_pmdec,-0.0
elon^2 sy_pmra,0.0
elon^2 pl_orbper,0.0
elon^2 sy_gaiamag,-0.0
elon^2 st_rad,-0.0
elon^2 sy_bmag,-0.0
elon^2 sy_dist,0.0
elon^2 st_teff,-0.0
elon^2 sy_w2mag,-0.0
elon^2 sy_w1mag,-0.0
elon^2 sy_w3mag,-0.0
elon^2 sy_w4mag,-0.0
elon^2 sy_plx,-0.0
elon^2 st_logg,-0.0
elon^2 st_mass,-0.0
elon^2 soltype_Kepler Project Candidate (q1_q17_dr25_koi),-0.0
elon^2 soltype_Published Confirmed,-0.0
elon^2 pl_tsystemref_BJD,0.0
elon^2 pl_tsystemref_BJD-TDB,0.0
elon^2 pl_tsystemref_BJD-UTC,-0.0
elon^2 pl_tsystemref_HJD,0.0
elon^2 pl_tsystemref_JD,-0.0
elon elat^2,-0.0
elon elat glon,-0.0
elon elat glat,-0.0
elon elat dec,-0.0
elon elat ra,-0.0
elon elat st_nspec,0.0
elon elat pl_nespec,0.0
elon elat pl_ntranspec,0.0
elon elat pl_ndispec,0.0
elon elat release_year,-0.0
elon elat st_nphot,0.0
elon elat st_nrvc,0.0
elon elat pl_controv_flag,-0.0
elon elat disc_year,-0.0
elon elat sy_tmag,-0.0
elon elat sy_kmag,-0.0
elon elat sy_jmag,-0.0
elon elat sy_hmag,-0.0
elon elat sy_vmag,-0.0
elon elat sy_pm,-0.0
elon elat sy_pmdec,-0.0
elon elat sy_pmra,-0.0
elon elat pl_orbper,0.0
elon elat sy_gaiamag,-0.0
elon elat st_rad,-0.0
elon elat sy_bmag,-0.0
elon elat sy_dist,0.0
elon elat st_teff,-0.0
elon elat sy_w2mag,-0.0
elon elat sy_w1mag,-0.0
elon elat sy_w3mag,-0.0
elon elat sy_w4mag,-0.0
elon elat sy_plx,-0.0
elon elat st_logg,-0.0
elon elat st_mass,-0.0
elon elat soltype_Kepler Project Candidate (q1_q17_dr25_koi),-0.0
elon elat soltype_Published Confirmed,-0.0
elon elat pl_tsystemref_BJD,0.0
elon elat pl_tsystemref_BJD-TDB,0.0
elon elat pl_tsystemref_BJD-UTC,-0.0
elon elat pl_tsystemref_HJD,0.0
elon elat pl_tsystemref_JD,-0.0
elon glon^2,0.0
elon glon glat,-0.0
elon glon dec,-0.0
elon glon ra,-0.0
elon glon st_nspec,0.0
elon glon pl_nespec,0.0
elon glon pl_ntranspec,0.0
elon glon pl_ndispec,0.0
elon glon release_year,-0.0
elon glon st_nphot,0.0
elon glon st_nrvc,0.0
elon glon pl_controv_flag,-0.0
elon glon disc_year,-0.0
elon glon sy_tmag,-0.0
elon glon sy_kmag,-0.0
elon glon sy_jmag,-0.0
elon glon sy_hmag,-0.0
elon glon sy_vmag,-0.0
elon glon sy_pm,-0.0
elon glon sy_pmdec,-0.0
elon glon sy_pmra,-0.0
elon glon pl_orbper,0.0
elon glon sy_gaiamag,-0.0
elon glon st_rad,0.0
elon glon sy_bmag,-0.0
elon glon sy_dist,0.0
elon glon st_teff,-0.0
elon glon sy_w2mag,-0.0
elon glon sy_w1mag,-0.0
elon glon sy_w3mag,-0.0
elon glon sy_w4mag,-0.0
elon glon sy_plx,-0.0
elon glon st_logg,-0.0
elon glon st_mass,0.0
elon glon soltype_Kepler Project Candidate (q1_q17_dr25_koi),-0.0
elon glon soltype_Published Confirmed,0.0
elon glon pl_tsystemref_BJD,-0.0
elon glon pl_tsystemref_BJD-TDB,0.0
elon glon pl_tsystemref_BJD-UTC,-0.0
elon glon pl_tsystemref_HJD,0.0
elon glon pl_tsystemref_JD,-0.0
elon glat^2,-0.0
elon glat dec,-0.0
elon glat ra,-0.0
elon glat st_nspec,0.0
elon glat pl_nespec,0.0
elon glat pl_ntranspec,0.0
elon glat pl_ndispec,0.0
elon glat release_year,-0.0
elon glat st_nphot,0.0
elon glat st_nrvc,0.0
elon glat pl_controv_flag,-0.0
elon glat disc_year,-0.0
elon glat sy_tmag,-0.0
elon glat sy_kmag,-0.0
elon glat sy_jmag,-0.0
elon glat sy_hmag,-0.0
elon glat sy_vmag,-0.0
elon glat sy_pm,-0.0
elon glat sy_pmdec,0.0
elon glat sy_pmra,-0.0
elon glat pl_orbper,0.0
elon glat sy_gaiamag,-0.0
elon glat st_rad,-0.0
elon glat sy_bmag,-0.0
elon glat sy_dist,-0.0
elon glat st_teff,-0.0
elon glat sy_w2mag,-0.0
elon glat sy_w1mag,-0.0
elon glat sy_w3mag,-0.0
elon glat sy_w4mag,-0.0
elon glat sy_plx,-0.0
elon glat st_logg,-0.0
elon glat st_mass,-0.0
elon glat soltype_Kepler Project Candidate (q1_q17_dr25_koi),-0.0
elon glat soltype_Published Confirmed,-0.0
elon glat pl_tsystemref_BJD,-0.0
elon glat pl_tsystemref_BJD-TDB,0.0
elon glat pl_tsystemref_BJD-UTC,-0.0
elon glat pl_tsystemref_HJD,0.0
elon glat pl_tsystemref_JD,-0.0
elon dec^2,-0.0
elon dec ra,-0.0
elon dec st_nspec,0.0
elon dec pl_nespec,0.0
elon dec pl_ntranspec,0.0
elon dec pl_ndispec,0.0
elon dec release_year,-0.0
elon dec st_nphot,0.0
elon dec st_nrvc,0.0
elon dec pl_controv_flag,-0.0
elon dec disc_year,-0.0
elon dec sy_tmag,-0.0
elon dec sy_kmag,-0.0
elon dec sy_jmag,-0.0
elon dec sy_hmag,-0.0
elon dec sy_vmag,-0.0
elon dec sy_pm,-0.0
elon dec sy_pmdec,-0.0
elon dec sy_pmra,-0.0
elon dec pl_orbper,0.0
elon dec sy_gaiamag,-0.0
elon dec st_rad,-0.0
elon dec sy_bmag,-0.0
elon dec sy_dist,0.0
elon dec st_teff,-0.0
elon dec sy_w2mag,-0.0
elon dec sy_w1mag,-0.0
elon dec sy_w3mag,-0.0
elon dec sy_w4mag,-0.0
elon dec sy_plx,-0.0
elon dec st_logg,-0.0
elon dec st_mass,-0.0
elon dec soltype_Kepler Project Candidate (q1_q17_dr25_koi),-0.0
elon dec soltype_Published Confirmed,-0.0
elon dec pl_tsystemref_BJD,-0.0
elon dec pl_tsystemref_BJD-TDB,0.0
elon dec pl_tsystemref_BJD-UTC,-0.0
elon dec pl_tsystemref_HJD,0.0
elon dec pl_tsystemref_JD,-0.0
elon ra^2,-0.0
elon ra st_nspec,0.0
elon ra pl_nespec,0.0
elon ra pl_ntranspec,0.0
elon ra pl_ndispec,0.0
elon ra release_year,-0.0
elon ra st_nphot,0.0
elon ra st_nrvc,0.0
elon ra pl_controv_flag,-0.0
elon ra disc_year,-0.0
elon ra sy_tmag,-0.0
elon ra sy_kmag,-0.0
elon ra sy_jmag,-0.0
elon ra sy_hmag,-0.0
elon ra sy_vmag,-0.0
elon ra sy_pm,0.0
elon ra sy_pmdec,-0.0
elon ra sy_pmra,0.0
elon ra pl_orbper,0.0
elon ra sy_gaiamag,-0.0
elon ra st_rad,-0.0
elon ra sy_bmag,-0.0
elon ra sy_dist,0.0
elon ra st_teff,-0.0
elon ra sy_w2mag,-0.0
elon ra sy_w1mag,-0.0
elon ra sy_w3mag,-0.0
elon ra sy_w4mag,-0.0
elon ra sy_plx,-0.0
elon ra st_logg,-0.0
elon ra st_mass,-0.0
elon ra soltype_Kepler Project Candidate (q1_q17_dr25_koi),-0.0
elon ra soltype_Published Confirmed,-0.0
elon ra pl_tsystemref_BJD,0.0
elon ra pl_tsystemref_BJD-TDB,0.0
elon ra pl_tsystemref_BJD-UTC,-0.0
elon ra pl_tsystemref_HJD,0.0
elon ra pl_tsystemref_JD,-0.0
elon st_nspec^2,0.0
elon st_nspec pl_nespec,0.0
elon st_nspec pl_ntranspec,0.0
elon st_nspec pl_ndispec,0.0
elon st_nspec release_year,0.0
elon st_nspec st_nphot,0.0
elon st_nspec st_nrvc,0.0
elon st_nspec pl_controv_flag,0.0
elon st_nspec disc_year,0.0
elon st_nspec sy_tmag,0.0
elon st_nspec sy_kmag,0.0
elon st_nspec sy_jmag,0.0
elon st_nspec sy_hmag,0.0
elon st_nspec sy_vmag,0.0
elon st_nspec sy_pm,0.0
elon st_nspec sy_pmdec,-0.0
elon st_nspec sy_pmra,0.0
elon st_nspec pl_orbper,0.0
elon st_nspec sy_gaiamag,0.0
elon st_nspec st_rad,0.0
elon st_nspec sy_bmag,0.0
elon st_nspec sy_dist,0.0
elon st_nspec st_teff,0.0
elon st_nspec sy_w2mag,0.0
elon st_nspec sy_w1mag,0.0
elon st_nspec sy_w3mag,0.0
elon st_nspec sy_w4mag,0.0
elon st_nspec sy_plx,0.0
elon st_nspec st_logg,0.0
elon st_nspec st_mass,0.0
elon st_nspec soltype_Kepler Project Candidate (q1_q17_dr25_koi),0.0
elon st_nspec soltype_Published Confirmed,0.0
elon st_nspec pl_tsystemref_BJD,0.0
elon st_nspec pl_tsystemref_BJD-TDB,0.0
elon st_nspec pl_tsystemref_BJD-UTC,0.0
elon st_nspec pl_tsystemref_HJD,0.0
elon st_nspec pl_tsystemref_JD,0.0
elon pl_nespec^2,0.0
elon pl_nespec pl_ntranspec,0.0
elon pl_nespec pl_ndispec,0.0
elon pl_nespec release_year,0.0
elon pl_nespec st_nphot,0.0
elon pl_nespec st_nrvc,0.0
elon pl_nespec pl_controv_flag,0.0
elon pl_nespec disc_year,0.0
elon pl_nespec sy_tmag,0.0
elon pl_nespec sy_kmag,0.0
elon pl_nespec sy_jmag,0.0
elon pl_nespec sy_hmag,0.0
elon pl_nespec sy_vmag,0.0
elon pl_nespec sy_pm,0.0
elon pl_nespec sy_pmdec,-0.0
elon pl_nespec sy_pmra,-0.0
elon pl_nespec pl_orbper,0.0
elon pl_nespec sy_gaiamag,0.0
elon pl_nespec st_rad,0.0
elon pl_nespec sy_bmag,0.0
elon pl_nespec sy_dist,0.0
elon pl_nespec st_teff,0.0
elon pl_nespec sy_w2mag,0.0
elon pl_nespec sy_w1mag,0.0
elon pl_nespec sy_w3mag,0.0
elon pl_nespec sy_w4mag,0.0
elon pl_nespec sy_plx,0.0
elon pl_nespec st_logg,0.0
elon pl_nespec st_mass,0.0
elon pl_nespec soltype_Kepler Project Candidate (q1_q17_dr25_koi),0.0
elon pl_nespec soltype_Published Confirmed,0.0
elon pl_nespec pl_tsystemref_BJD,0.0
elon pl_nespec pl_tsystemref_BJD-TDB,0.0
elon pl_nespec pl_tsystemref_BJD-UTC,0.0
elon pl_nespec pl_tsystemref_HJD,0.0
elon pl_nespec pl_tsystemref_JD,0.0
elon pl_ntranspec^2,0.0
elon pl_ntranspec pl_ndispec,0.0
elon pl_ntranspec release_year,0.0
elon pl_ntranspec st_nphot,0.0
elon pl_ntranspec st_nrvc,-0.0
elon pl_ntranspec pl_controv_flag,0.0
elon pl_ntranspec disc_year,0.0
elon pl_ntranspec sy_tmag,0.0
elon pl_ntranspec sy_kmag,0.0
elon pl_ntranspec sy_jmag,0.0
elon pl_ntranspec sy_hmag,0.0
elon pl_ntranspec sy_vmag,0.0
elon pl_ntranspec sy_pm,0.0
elon pl_ntranspec sy_pmdec,0.0
elon pl_ntranspec sy_pmra,-0.0
elon pl_ntranspec pl_orbper,0.0
elon pl_ntranspec sy_gaiamag,0.0
elon pl_ntranspec st_rad,0.0
elon pl_ntranspec sy_bmag,0.0
elon pl_ntranspec sy_dist,0.0
elon pl_ntranspec st_teff,0.0
elon pl_ntranspec sy_w2mag,0.0
elon pl_ntranspec sy_w1mag,0.0
elon pl_ntranspec sy_w3mag,0.0
elon pl_ntranspec sy_w4mag,0.0
elon pl_ntranspec sy_plx,0.0
elon pl_ntranspec st_logg,0.0
elon pl_ntranspec st_mass,0.0
elon pl_ntranspec soltype_Kepler Project Candidate (q1_q17_dr25_koi),0.0
elon pl_ntranspec soltype_Published Confirmed,0.0
elon pl_ntranspec pl_tsystemref_BJD,0.0
elon pl_ntranspec pl_tsystemref_BJD-TDB,0.0
elon pl_ntranspec pl_tsystemref_BJD-UTC,0.0
elon pl_ntranspec pl_tsystemref_HJD,0.0
elon pl_ntranspec pl_tsystemref_JD,0.0
elon pl_ndispec^2,0.0
elon pl_ndispec release_year,0.0
elon pl_ndispec st_nphot,0.0
elon pl_ndispec st_nrvc,0.0
elon pl_ndispec pl_controv_flag,0.0
elon pl_ndispec disc_year,0.0
elon pl_ndispec sy_tmag,0.0
elon pl_ndispec sy_kmag,0.0
elon pl_ndispec sy_jmag,0.0
elon pl_ndispec sy_hmag,0.0
elon pl_ndispec sy_vmag,0.0
elon pl_ndispec sy_pm,0.0
elon pl_ndispec sy_pmdec,0.0
elon pl_ndispec sy_pmra,0.0
elon pl_ndispec pl_orbper,0.0
elon pl_ndispec sy_gaiamag,0.0
elon pl_ndispec st_rad,0.0
elon pl_ndispec sy_bmag,0.0
elon pl_ndispec sy_dist,0.0
elon pl_ndispec st_teff,0.0
elon pl_ndispec sy_w2mag,0.0
elon pl_ndispec sy_w1mag,0.0
elon pl_ndispec sy_w3mag,0.0
elon pl_ndispec sy_w4mag,0.0
elon pl_ndispec sy_plx,0.0
elon pl_ndispec st_logg,0.0
elon pl_ndispec st_mass,0.0
elon pl_ndispec soltype_Kepler Project Candidate (q1_q17_dr25_koi),0.0
elon pl_ndispec soltype_Published Confirmed,0.0
elon pl_ndispec pl_tsystemref_BJD,0.0
elon pl_ndispec pl_tsystemref_BJD-TDB,0.0
elon pl_ndispec pl_tsystemref_BJD-UTC,0.0
elon pl_ndispec pl_tsystemref_HJD,0.0
elon pl_ndispec pl_tsystemref_JD,0.0
elon release_year^2,-0.0
elon release_year st_nphot,0.0
elon release_year st_nrvc,0.0
elon release_year pl_controv_flag,-0.0
elon release_year disc_year,-0.0
elon release_year sy_tmag,-0.0
elon release_year sy_kmag,-0.0
elon release_year sy_jmag,-0.0
elon release_year sy_hmag,-0.0
elon release_year sy_vmag,-0.0
elon release_year sy_pm,-0.0
elon release_year sy_pmdec,-0.0
elon release_year sy_pmra,-0.0
elon release_year pl_orbper,0.0
elon release_year sy_gaiamag,-0.0
elon release_year st_rad,0.0
elon release_year sy_bmag,-0.0
elon release_year sy_dist,0.0
elon release_year st_teff,-0.0
elon release_year sy_w2mag,-0.0
elon release_year sy_w1mag,-0.0
elon release_year sy_w3mag,-0.0
elon release_year sy_w4mag,-0.0
elon release_year sy_plx,-0.0
elon release_year st_logg,-0.0
elon release_year st_mass,-0.0
elon release_year soltype_Kepler Project Candidate (q1_q17_dr25_koi),-0.0
elon release_year soltype_Published Confirmed,0.0
elon release_year pl_tsystemref_BJD,0.0
elon release_year pl_tsystemref_BJD-TDB,0.0
elon release_year pl_tsystemref_BJD-UTC,-0.0
elon release_year pl_tsystemref_HJD,0.0
elon release_year pl_tsystemref_JD,-0.0
elon st_nphot^2,0.0
elon st_nphot st_nrvc,0.0
elon st_nphot pl_controv_flag,0.0
elon st_nphot disc_year,0.0
elon st_nphot sy_tmag,0.0
elon st_nphot sy_kmag,0.0
elon st_nphot sy_jmag,0.0
elon st_nphot sy_hmag,0.0
elon st_nphot sy_vmag,0.0
elon st_nphot sy_pm,0.0
elon st_nphot sy_pmdec,-0.0
elon st_nphot sy_pmra,-0.0
elon st_nphot pl_orbper,0.0
elon st_nphot sy_gaiamag,0.0
elon st_nphot st_rad,0.0
elon st_nphot sy_bmag,0.0
elon st_nphot sy_dist,0.0
elon st_nphot st_teff,0.0
elon st_nphot sy_w2mag,0.0
elon st_nphot sy_w1mag,0.0
elon st_nphot sy_w3mag,0.0
elon st_nphot sy_w4mag,0.0
elon st_nphot sy_plx,0.0
elon st_nphot st_logg,0.0
elon st_nphot st_mass,0.0
elon st_nphot soltype_Kepler Project Candidate (q1_q17_dr25_koi),0.0
elon st_nphot soltype_Published Confirmed,0.0
elon st_nphot pl_tsystemref_BJD,0.0
elon st_nphot pl_tsystemref_BJD-TDB,0.0
elon st_nphot pl_tsystemref_BJD-UTC,0.0
elon st_nphot pl_tsystemref_HJD,-0.0
elon st_nphot pl_tsystemref_JD,0.0
elon st_nrvc^2,0.0
elon st_nrvc pl_controv_flag,0.0
elon st_nrvc disc_year,0.0
elon st_nrvc sy_tmag,0.0
elon st_nrvc sy_kmag,0.0
elon st_nrvc sy_jmag,0.0
elon st_nrvc sy_hmag,0.0
elon st_nrvc sy_vmag,0.0
elon st_nrvc sy_pm,-0.0
elon st_nrvc sy_pmdec,-0.0
elon st_nrvc sy_pmra,0.0
elon st_nrvc pl_orbper,-0.0
elon st_nrvc sy_gaiamag,0.0
elon st_nrvc st_rad,0.0
elon st_nrvc sy_bmag,0.0
elon st_nrvc sy_dist,0.0
elon st_nrvc st_teff,0.0
elon st_nrvc sy_w2mag,0.0
elon st_nrvc sy_w1mag,0.0
elon st_nrvc sy_w3mag,0.0
elon st_nrvc sy_w4mag,0.0
elon st_nrvc sy_plx,0.0
elon st_nrvc st_logg,0.0
elon st_nrvc st_mass,0.0
elon st_nrvc soltype_Kepler Project Candidate (q1_q17_dr25_koi),0.0
elon st_nrvc soltype_Published Confirmed,0.0
elon st_nrvc pl_tsystemref_BJD,0.0
elon st_nrvc pl_tsystemref_BJD-TDB,0.0
elon st_nrvc pl_tsystemref_BJD-UTC,0.0
elon st_nrvc pl_tsystemref_HJD,0.0
elon st_nrvc pl_tsystemref_JD,0.0
elon pl_controv_flag^2,-0.0
elon pl_controv_flag disc_year,-0.0
elon pl_controv_flag sy_tmag,-0.0
elon pl_controv_flag sy_kmag,-0.0
elon pl_controv_flag sy_jmag,-0.0
elon pl_controv_flag sy_hmag,-0.0
elon pl_controv_flag sy_vmag,-0.0
elon pl_controv_flag sy_pm,-0.0
elon pl_controv_flag sy_pmdec,-0.0
elon pl_controv_flag sy_pmra,-0.0
elon pl_controv_flag pl_orbper,-0.0
elon pl_controv_flag sy_gaiamag,-0.0
elon pl_controv_flag st_rad,-0.0
elon pl_controv_flag sy_bmag,-0.0
elon pl_controv_flag sy_dist,0.0
elon pl_controv_flag st_teff,-0.0
elon pl_controv_flag sy_w2mag,-0.0
elon pl_controv_flag sy_w1mag,-0.0
elon pl_controv_flag sy_w3mag,-0.0
elon pl_controv_flag sy_w4mag,-0.0
elon pl_controv_flag sy_plx,-0.0
elon pl_controv_flag st_logg,-0.0
elon pl_controv_flag st_mass,-0.0
elon pl_controv_flag soltype_Kepler Project Candidate (q1_q17_dr25_koi),0.0
elon pl_controv_flag soltype_Published Confirmed,-0.0
elon pl_controv_flag pl_tsystemref_BJD,-0.0
elon pl_controv_flag pl_tsystemref_BJD-TDB,0.0
elon pl_controv_flag pl_tsystemref_BJD-UTC,-0.0
elon pl_controv_flag pl_tsystemref_HJD,0.0
elon pl_controv_flag pl_tsystemref_JD,0.0
elon disc_year^2,-0.0
elon disc_year sy_tmag,-0.0
elon disc_year sy_kmag,-0.0
elon disc_year sy_jmag,-0.0
elon disc_year sy_hmag,-0.0
elon disc_year sy_vmag,-0.0
elon disc_year sy_pm,-0.0
elon disc_year sy_pmdec,-0.0
elon disc_year sy_pmra,-0.0
elon disc_year pl_orbper,0.0
elon disc_year sy_gaiamag,-0.0
elon disc_year st_rad,0.0
elon disc_year sy_bmag,-0.0
elon disc_year sy_dist,0.0
elon disc_year st_teff,-0.0
elon disc_year sy_w2mag,-0.0
elon disc_year sy_w1mag,-0.0
elon disc_year sy_w3mag,-0.0
elon disc_year sy_w4mag,-0.0
elon disc_year sy_plx,-0.0
elon disc_year st_logg,-0.0
elon disc_year st_mass,-0.0
elon disc_year soltype_Kepler Project Candidate (q1_q17_dr25_koi),-0.0
elon disc_year soltype_Published Confirmed,0.0
elon disc_year pl_tsystemref_BJD,0.0
elon disc_year pl_tsystemref_BJD-TDB,0.0
elon disc_year pl_tsystemref_BJD-UTC,-0.0
elon disc_year pl_tsystemref_HJD,0.0
elon disc_year pl_tsystemref_JD,-0.0
elon sy_tmag^2,0.0
elon sy_tmag sy_kmag,0.0
elon sy_tmag sy_jmag,0.0
elon sy_tmag sy_hmag,0.0
elon sy_tmag sy_vmag,0.0
elon sy_tmag sy_pm,-0.0
elon sy_tmag sy_pmdec,-0.0
elon sy_tmag sy_pmra,-0.0
elon sy_tmag pl_orbper,0.0
elon sy_tmag sy_gaiamag,0.0
elon sy_tmag st_rad,0.0
elon sy_tmag sy_bmag,0.0
elon sy_tmag sy_dist,0.0
elon sy_tmag st_teff,-0.0
elon sy_tmag sy_w2mag,0.0
elon sy_tmag sy_w1mag,0.0
elon sy_tmag sy_w3mag,0.0
elon sy_tmag sy_w4mag,-0.0
elon sy_tmag sy_plx,-0.0
elon sy_tmag st_logg,-0.0
elon sy_tmag st_mass,0.0
elon sy_tmag soltype_Kepler Project Candidate (q1_q17_dr25_koi),-0.0
elon sy_tmag soltype_Published Confirmed,0.0
elon sy_tmag pl_tsystemref_BJD,0.0
elon sy_tmag pl_tsystemref_BJD-TDB,0.0
elon sy_tmag pl_tsystemref_BJD-UTC,-0.0
elon sy_tmag pl_tsystemref_HJD,0.0
elon sy_tmag pl_tsystemref_JD,-0.0
elon sy_kmag^2,0.0
elon sy_kmag sy_jmag,0.0
elon sy_kmag sy_hmag,0.0
elon sy_kmag sy_vmag,0.0
elon sy_kmag sy_pm,-0.0
elon sy_kmag sy_pmdec,-0.0
elon sy_kmag sy_pmra,-0.0
elon sy_kmag pl_orbper,0.0
elon sy_kmag sy_gaiamag,0.0
elon sy_kmag st_rad,0.0
elon sy_kmag sy_bmag,0.0
elon sy_kmag sy_dist,0.0
elon sy_kmag st_teff,-0.0
elon sy_kmag sy_w2mag,0.0
elon sy_kmag sy_w1mag,0.0
elon sy_kmag sy_w3mag,0.0
elon sy_kmag sy_w4mag,-0.0
elon sy_kmag sy_plx,-0.0
elon sy_kmag st_logg,-0.0
elon sy_kmag st_mass,0.0
elon sy_kmag soltype_Kepler Project Candidate (q1_q17_dr25_koi),-0.0
elon sy_kmag soltype_Published Confirmed,0.0
elon sy_kmag pl_tsystemref_BJD,0.0
elon sy_kmag pl_tsystemref_BJD-TDB,0.0
elon sy_kmag pl_tsystemref_BJD-UTC,-0.0
elon sy_kmag pl_tsystemref_HJD,0.0
elon sy_kmag pl_tsystemref_JD,-0.0
elon sy_jmag^2,0.0
elon sy_jmag sy_hmag,0.0
elon sy_jmag sy_vmag,0.0
elon sy_jmag sy_pm,-0.0
elon sy_jmag sy_pmdec,-0.0
elon sy_jmag sy_pmra,-0.0
elon sy_jmag pl_orbper,0.0
elon sy_jmag sy_gaiamag,0.0
elon sy_jmag st_rad,0.0
elon sy_jmag sy_bmag,0.0
elon sy_jmag sy_dist,0.0
elon sy_jmag st_teff,-0.0
elon sy_jmag sy_w2mag,0.0
elon sy_jmag sy_w1mag,0.0
elon sy_jmag sy_w3mag,0.0
elon sy_jmag sy_w4mag,-0.0
elon sy_jmag sy_plx,-0.0
elon sy_jmag st_logg,-0.0
elon sy_jmag st_mass,0.0
elon sy_jmag soltype_Kepler Project Candidate (q1_q17_dr25_koi),-0.0
elon sy_jmag soltype_Published Confirmed,0.0
elon sy_jmag pl_tsystemref_BJD,0.0
elon sy_jmag pl_tsystemref_BJD-TDB,0.0
elon sy_jmag pl_tsystemref_BJD-UTC,-0.0
elon sy_jmag pl_tsystemref_HJD,0.0
elon sy_jmag pl_tsystemref_JD,-0.0
elon sy_hmag^2,0.0
elon sy_hmag sy_vmag,0.0
elon sy_hmag sy_pm,-0.0
elon sy_hmag sy_pmdec,-0.0
elon sy_hmag sy_pmra,-0.0
elon sy_hmag pl_orbper,0.0
elon sy_hmag sy_gaiamag,0.0
elon sy_hmag st_rad,0.0
elon sy_hmag sy_bmag,0.0
elon sy_hmag sy_dist,0.0
elon sy_hmag st_teff,-0.0
elon sy_hmag sy_w2mag,0.0
elon sy_hmag sy_w1mag,0.0
elon sy_hmag sy_w3mag,0.0
elon sy_hmag sy_w4mag,-0.0
elon sy_hmag sy_plx,-0.0
elon sy_hmag st_logg,-0.0
elon sy_hmag st_mass,0.0
elon sy_hmag soltype_Kepler Project Candidate (q1_q17_dr25_koi),-0.0
elon sy_hmag soltype_Published Confirmed,0.0
elon sy_hmag pl_tsystemref_BJD,0.0
elon sy_hmag pl_tsystemref_BJD-TDB,0.0
elon sy_hmag pl_tsystemref_BJD-UTC,-0.0
elon sy_hmag pl_tsystemref_HJD,0.0
elon sy_hmag pl_tsystemref_JD,-0.0
elon sy_vmag^2,0.0
elon sy_vmag sy_pm,-0.0
elon sy_vmag sy_pmdec,-0.0
elon sy_vmag sy_pmra,0.0
elon sy_vmag pl_orbper,0.0
elon sy_vmag sy_gaiamag,0.0
elon sy_vmag st_rad,0.0
elon sy_vmag sy_bmag,0.0
elon sy_vmag sy_dist,0.0
elon sy_vmag st_teff,-0.0
elon sy_vmag sy_w2mag,0.0
elon sy_vmag sy_w1mag,0.0
elon sy_vmag sy_w3mag,0.0
elon sy_vmag sy_w4mag,-0.0
elon sy_vmag sy_plx,-0.0
elon sy_vmag st_logg,-0.0
elon sy_vmag st_mass,0.0
elon sy_vmag soltype_Kepler Project Candidate (q1_q17_dr25_koi),-0.0
elon sy_vmag soltype_Published Confirmed,0.0
elon sy_vmag pl_tsystemref_BJD,0.0
elon sy_vmag pl_tsystemref_BJD-TDB,0.0
elon sy_vmag pl_tsystemref_BJD-UTC,-0.0
elon sy_vmag pl_tsystemref_HJD,0.0
elon sy_vmag pl_tsystemref_JD,-0.0
elon sy_pm^2,0.0
elon sy_pm sy_pmdec,-0.0
elon sy_pm sy_pmra,0.0
elon sy_pm pl_orbper,0.0
elon sy_pm sy_gaiamag,-0.0
elon sy_pm st_rad,0.0
elon sy_pm sy_bmag,-0.0
elon sy_pm sy_dist,-0.0
elon sy_pm st_teff,-0.0
elon sy_pm sy_w2mag,-0.0
elon sy_pm sy_w1mag,-0.0
elon sy_pm sy_w3mag,-0.0
elon sy_pm sy_w4mag,-0.0
elon sy_pm sy_plx,0.0
elon sy_pm st_logg,-0.0
elon sy_pm st_mass,-0.0
elon sy_pm soltype_Kepler Project Candidate (q1_q17_dr25_koi),-0.0
elon sy_pm soltype_Published Confirmed,0.0
elon sy_pm pl_tsystemref_BJD,0.0
elon sy_pm pl_tsystemref_BJD-TDB,-0.0
elon sy_pm pl_tsystemref_BJD-UTC,-0.0
elon sy_pm pl_tsystemref_HJD,0.0
elon sy_pm pl_tsystemref_JD,-0.0
elon sy_pmdec^2,0.0
elon sy_pmdec sy_pmra,0.0
elon sy_pmdec pl_orbper,-0.0
elon sy_pmdec sy_gaiamag,-0.0
elon sy_pmdec st_rad,-0.0
elon sy_pmdec sy_bmag,-0.0
elon sy_pmdec sy_dist,-0.0
elon sy_pmdec st_teff,-0.0
elon sy_pmdec sy_w2mag,-0.0
elon sy_pmdec sy_w1mag,-0.0
elon sy_pmdec sy_w3mag,-0.0
elon sy_pmdec sy_w4mag,-0.0
elon sy_pmdec sy_plx,-0.0
elon sy_pmdec st_logg,-0.0
elon sy_pmdec st_mass,-0.0
elon sy_pmdec soltype_Kepler Project Candidate (q1_q17_dr25_koi),0.0
elon sy_pmdec soltype_Published Confirmed,-0.0
elon sy_pmdec pl_tsystemref_BJD,-0.0
elon sy_pmdec pl_tsystemref_BJD-TDB,0.0
elon sy_pmdec pl_tsystemref_BJD-UTC,-0.0
elon sy_pmdec pl_tsystemref_HJD,0.0
elon sy_pmdec pl_tsystemref_JD,-0.0
elon sy_pmra^2,0.0
elon sy_pmra pl_orbper,0.0
elon sy_pmra sy_gaiamag,-0.0
elon sy_pmra st_rad,-0.0
elon sy_pmra sy_bmag,0.0
elon sy_pmra sy_dist,-0.0
elon sy_pmra st_teff,-0.0
elon sy_pmra sy_w2mag,-0.0
elon sy_pmra sy_w1mag,-0.0
elon sy_pmra sy_w3mag,-0.0
elon sy_pmra sy_w4mag,-0.0
elon sy_pmra sy_plx,0.0
elon sy_pmra st_logg,-0.0
elon sy_pmra st_mass,-0.0
elon sy_pmra soltype_Kepler Project Candidate (q1_q17_dr25_koi),0.0
elon sy_pmra soltype_Published Confirmed,-0.0
elon sy_pmra pl_tsystemref_BJD,0.0
elon sy_pmra pl_tsystemref_BJD-TDB,-0.0
elon sy_pmra pl_tsystemref_BJD-UTC,-0.0
elon sy_pmra pl_tsystemref_HJD,-0.0
elon sy_pmra pl_tsystemref_JD,-0.0
elon pl_orbper^2,-0.0
elon pl_orbper sy_gaiamag,0.0
elon pl_orbper st_rad,0.0
elon pl_orbper sy_bmag,0.0
elon pl_orbper sy_dist,0.0
elon pl_orbper st_teff,0.0
elon pl_orbper sy_w2mag,0.0
elon pl_orbper sy_w1mag,0.0
elon pl_orbper sy_w3mag,0.0
elon pl_orbper sy_w4mag,0.0
elon pl_orbper sy_plx,0.020970272837893714
elon pl_orbper st_logg,0.0
elon pl_orbper st_mass,0.0
elon pl_orbper soltype_Kepler Project Candidate (q1_q17_dr25_koi),0.0
elon pl_orbper soltype_Published Confirmed,0.0
elon pl_orbper pl_tsystemref_BJD,0.0
elon pl_orbper pl_tsystemref_BJD-TDB,0.0
elon pl_orbper pl_tsystemref_BJD-UTC,-0.0
elon pl_orbper pl_tsystemref_HJD,0.0
elon pl_orbper pl_tsystemref_JD,0.0
elon sy_gaiamag^2,0.0
elon sy_gaiamag st_rad,0.0
elon sy_gaiamag sy_bmag,0.0
elon sy_gaiamag sy_dist,0.0
elon sy_gaiamag st_teff,-0.0
elon sy_gaiamag sy_w2mag,0.0
elon sy_gaiamag sy_w1mag,0.0
elon sy_gaiamag sy_w3mag,0.0
elon sy_gaiamag sy_w4mag,-0.0
elon sy_gaiamag sy_plx,-0.0
elon sy_gaiamag st_logg,-0.0
elon sy_gaiamag st_mass,0.0
elon sy_gaiamag soltype_Kepler Project Candidate (q1_q17_dr25_koi),-0.0
elon sy_gaiamag soltype_Published Confirmed,0.0
elon sy_gaiamag pl_tsystemref_BJD,0.0
elon sy_gaiamag pl_tsystemref_BJD-TDB,0.0
elon sy_gaiamag pl_tsystemref_BJD-UTC,-0.0
elon sy_gaiamag pl_tsystemref_HJD,0.0
elon sy_gaiamag pl_tsystemref_JD,-0.0
elon st_rad^2,0.0
elon st_rad sy_bmag,0.0
elon st_rad sy_dist,0.0
elon st_rad st_teff,0.0
elon st_rad sy_w2mag,0.0
elon st_rad sy_w1mag,0.0
elon st_rad sy_w3mag,0.0
elon st_rad sy_w4mag,0.0
elon st_rad sy_plx,0.0
elon st_rad st_logg,0.0
elon st_rad st_mass,0.0
elon st_rad soltype_Kepler Project Candidate (q1_q17_dr25_koi),-0.0
elon st_rad soltype_Published Confirmed,0.0
elon st_rad pl_tsystemref_BJD,0.0
elon st_rad pl_tsystemref_BJD-TDB,0.0
elon st_rad pl_tsystemref_BJD-UTC,0.0
elon st_rad pl_tsystemref_HJD,0.0
elon st_rad pl_tsystemref_JD,-0.0
elon sy_bmag^2,0.0
elon sy_bmag sy_dist,0.0
elon sy_bmag st_teff,-0.0
elon sy_bmag sy_w2mag,0.0
elon sy_bmag sy_w1mag,0.0
elon sy_bmag sy_w3mag,0.0
elon sy_bmag sy_w4mag,-0.0
elon sy_bmag sy_plx,-0.0
elon sy_bmag st_logg,-0.0
elon sy_bmag st_mass,0.0
elon sy_bmag soltype_Kepler Project Candidate (q1_q17_dr25_koi),-0.0
elon sy_bmag soltype_Published Confirmed,0.0
elon sy_bmag pl_tsystemref_BJD,0.0
elon sy_bmag pl_tsystemref_BJD-TDB,0.0
elon sy_bmag pl_tsystemref_BJD-UTC,-0.0
elon sy_bmag pl_tsystemref_HJD,0.0
elon sy_bmag pl_tsystemref_JD,-0.0
elon sy_dist^2,0.0
elon sy_dist st_teff,0.0
elon sy_dist sy_w2mag,0.0
elon sy_dist sy_w1mag,0.0
elon sy_dist sy_w3mag,0.0
elon sy_dist sy_w4mag,0.0
elon sy_dist sy_plx,-0.0
elon sy_dist st_logg,0.0
elon sy_dist st_mass,0.0
elon sy_dist soltype_Kepler Project Candidate (q1_q17_dr25_koi),-0.0
elon sy_dist soltype_Published Confirmed,0.0
elon sy_dist pl_tsystemref_BJD,0.0
elon sy_dist pl_tsystemref_BJD-TDB,0.0
elon sy_dist pl_tsystemref_BJD-UTC,0.0
elon sy_dist pl_tsystemref_HJD,0.0
elon sy_dist pl_tsystemref_JD,-0.0
elon st_teff^2,-0.0
elon st_teff sy_w2mag,-0.0
elon st_teff sy_w1mag,-0.0
elon st_teff sy_w3mag,-0.0
elon st_teff sy_w4mag,-0.0
elon st_teff sy_plx,-0.0
elon st_teff st_logg,-0.0
elon st_teff st_mass,-0.0
elon st_teff soltype_Kepler Project Candidate (q1_q17_dr25_koi),-0.0
elon st_teff soltype_Published Confirmed,0.0
elon st_teff pl_tsystemref_BJD,0.0
elon st_teff pl_tsystemref_BJD-TDB,0.0
elon st_teff pl_tsystemref_BJD-UTC,0.0
elon st_teff pl_tsystemref_HJD,0.0
elon st_teff pl_tsystemref_JD,-0.0
elon sy_w2mag^2,0.0
elon sy_w2mag sy_w1mag,0.0
elon sy_w2mag sy_w3mag,0.0
elon sy_w2mag sy_w4mag,-0.0
elon sy_w2mag sy_plx,-0.0
elon sy_w2mag st_logg,-0.0
elon sy_w2mag st_mass,0.0
elon sy_w2mag soltype_Kepler Project Candidate (q1_q17_dr25_koi),-0.0
elon sy_w2mag soltype_Published Confirmed,0.0
elon sy_w2mag pl_tsystemref_BJD,0.0
elon sy_w2mag pl_tsystemref_BJD-TDB,0.0
elon sy_w2mag pl_tsystemref_BJD-UTC,-0.0
elon sy_w2mag pl_tsystemref_HJD,0.0
elon sy_w2mag pl_tsystemref_JD,-0.0
elon sy_w1mag^2,0.0
elon sy_w1mag sy_w3mag,0.0
elon sy_w1mag sy_w4mag,-0.0
elon sy_w1mag sy_plx,-0.0
elon sy_w1mag st_logg,-0.0
elon sy_w1mag st_mass,0.0
elon sy_w1mag soltype_Kepler Project Candidate (q1_q17_dr25_koi),-0.0
elon sy_w1mag soltype_Published Confirmed,0.0
elon sy_w1mag pl_tsystemref_BJD,0.0
elon sy_w1mag pl_tsystemref_BJD-TDB,0.0
elon sy_w1mag pl_tsystemref_BJD-UTC,-0.0
elon sy_w1mag pl_tsystemref_HJD,0.0
elon sy_w1mag pl_tsystemref_JD,-0.0
elon sy_w3mag^2,-0.0
elon sy_w3mag sy_w4mag,-0.0
elon sy_w3mag sy_plx,-0.0
elon sy_w3mag st_logg,-0.0
elon sy_w3mag st_mass,-0.0
elon sy_w3mag soltype_Kepler Project Candidate (q1_q17_dr25_koi),-0.0
elon sy_w3mag soltype_Published Confirmed,0.0
elon sy_w3mag pl_tsystemref_BJD,0.0
elon sy_w3mag pl_tsystemref_BJD-TDB,0.0
elon sy_w3mag pl_tsystemref_BJD-UTC,-0.0
elon sy_w3mag pl_tsystemref_HJD,0.0
elon sy_w3mag pl_tsystemref_JD,-0.0
elon sy_w4mag^2,-0.0
elon sy_w4mag sy_plx,-0.0
elon sy_w4mag st_logg,-0.0
elon sy_w4mag st_mass,-0.0
elon sy_w4mag soltype_Kepler Project Candidate (q1_q17_dr25_koi),-0.0
elon sy_w4mag soltype_Published Confirmed,-0.0
elon sy_w4mag pl_tsystemref_BJD,0.0
elon sy_w4mag pl_tsystemref_BJD-TDB,0.0
elon sy_w4mag pl_tsystemref_BJD-UTC,-0.0
elon sy_w4mag pl_tsystemref_HJD,0.0
elon sy_w4mag pl_tsystemref_JD,-0.0
elon sy_plx^2,-0.0
elon sy_plx st_logg,-0.0
elon sy_plx st_mass,-0.0
elon sy_plx soltype_Kepler Project Candidate (q1_q17_dr25_koi),-0.0
elon sy_plx soltype_Published Confirmed,-0.0
elon sy_plx pl_tsystemref_BJD,-0.0
elon sy_plx pl_tsystemref_BJD-TDB,-0.0
elon sy_plx pl_tsystemref_BJD-UTC,-0.0
elon sy_plx pl_tsystemref_HJD,0.0
elon sy_plx pl_tsystemref_JD,-0.0
elon st_logg^2,-0.0
elon st_logg st_mass,-0.0
elon st_logg soltype_Kepler Project Candidate (q1_q17_dr25_koi),-0.0
elon st_logg soltype_Published Confirmed,-0.0
elon st_logg pl_tsystemref_BJD,0.0
elon st_logg pl_tsystemref_BJD-TDB,0.0
elon st_logg pl_tsystemref_BJD-UTC,-0.0
elon st_logg pl_tsystemref_HJD,0.0
elon st_logg pl_tsystemref_JD,-0.0
elon st_mass^2,0.0
elon st_mass soltype_Kepler Project Candidate (q1_q17_dr25_koi),-0.0
elon st_mass soltype_Published Confirmed,0.0
elon st_mass pl_tsystemref_BJD,0.0
elon st_mass pl_tsystemref_BJD-TDB,0.0
elon st_mass pl_tsystemref_BJD-UTC,0.0
elon st_mass pl_tsystemref_HJD,0.0
elon st_mass pl_tsystemref_JD,-0.0
elon soltype_Kepler Project Candidate (q1_q17_dr25_koi)^2,-0.0
elon soltype_Kepler Project Candidate (q1_q17_dr25_koi) soltype_Published Confirmed,0.0
elon soltype_Kepler Project Candidate (q1_q17_dr25_koi) pl_tsystemref_BJD,-0.0
elon soltype_Kepler Project Candidate (q1_q17_dr25_koi) pl_tsystemref_BJD-TDB,0.0
elon soltype_Kepler Project Candidate (q1_q17_dr25_koi) pl_tsystemref_BJD-UTC,0.0
elon soltype_Kepler Project Candidate (q1_q17_dr25_koi) pl_tsystemref_HJD,0.0
elon soltype_Kepler Project Candidate (q1_q17_dr25_koi) pl_tsystemref_JD,0.0
elon soltype_Published Confirmed^2,0.0
elon soltype_Published Confirmed pl_tsystemref_BJD,0.0
elon soltype_Published Confirmed pl_tsystemref_BJD-TDB,0.0
elon soltype_Published Confirmed pl_tsystemref_BJD-UTC,-0.0
elon soltype_Published Confirmed pl_tsystemref_HJD,0.0
elon soltype_Published Confirmed pl_tsystemref_JD,-0.0
elon pl_tsystemref_BJD^2,0.0
elon pl_tsystemref_BJD pl_tsystemref_BJD-TDB,0.0
elon pl_tsystemref_BJD pl_tsystemref_BJD-UTC,0.0
elon pl_tsystemref_BJD pl_tsystemref_HJD,0.0
elon pl_tsystemref_BJD pl_tsystemref_JD,0.0
elon pl_tsystemref_BJD-TDB^2,0.0
elon pl_tsystemref_BJD-TDB pl_tsystemref_BJD-UTC,0.0
elon pl_tsystemref_BJD-TDB pl_tsystemref_HJD,0.0
elon pl_tsystemref_BJD-TDB pl_tsystemref_JD,0.0
elon pl_tsystemref_BJD-UTC^2,-0.0
elon pl_tsystemref_BJD-UTC pl_tsystemref_HJD,0.0
elon pl_tsystemref_BJD-UTC pl_tsystemref_JD,0.0
elon pl_tsystemref_HJD^2,0.0
elon pl_tsystemref_HJD pl_tsystemref_JD,0.0
elon pl_tsystemref_JD^2,-0.0
elat^3,-0.0
elat^2 glon,-0.0
elat^2 glat,-0.0
elat^2 dec,-0.0
elat^2 ra,-0.0
elat^2 st_nspec,0.0
elat^2 pl_nespec,0.0
elat^2 pl_ntranspec,0.0
elat^2 pl_ndispec,0.0
elat^2 release_year,-0.0
elat^2 st_nphot,0.0
elat^2 st_nrvc,0.0
elat^2 pl_controv_flag,-0.0
elat^2 disc_year,-0.0
elat^2 sy_tmag,-0.0
elat^2 sy_kmag,-0.0
elat^2 sy_jmag,-0.0
elat^2 sy_hmag,-0.0
elat^2 sy_vmag,-0.0
elat^2 sy_pm,-0.0
elat^2 sy_pmdec,-0.0
elat^2 sy_pmra,-0.0
elat^2 pl_orbper,0.0
elat^2 sy_gaiamag,-0.0
elat^2 st_rad,-0.0
elat^2 sy_bmag,-0.0
elat^2 sy_dist,0.0
elat^2 st_teff,-0.0
elat^2 sy_w2mag,-0.0
elat^2 sy_w1mag,-0.0
elat^2 sy_w3mag,-0.0
elat^2 sy_w4mag,-0.0
elat^2 sy_plx,-0.0
elat^2 st_logg,-0.0
elat^2 st_mass,-0.0
elat^2 soltype_Kepler Project Candidate (q1_q17_dr25_koi),-0.0
elat^2 soltype_Published Confirmed,-0.0
elat^2 pl_tsystemref_BJD,0.0
elat^2 pl_tsystemref_BJD-TDB,0.0
elat^2 pl_tsystemref_BJD-UTC,-0.0
elat^2 pl_tsystemref_HJD,0.0
elat^2 pl_tsystemref_JD,-0.0
elat glon^2,-0.0
elat glon glat,-0.0
elat glon dec,-0.0
elat glon ra,-0.0
elat glon st_nspec,0.0
elat glon pl_nespec,0.0
elat glon pl_ntranspec,0.0
elat glon pl_ndispec,0.0
elat glon release_year,-0.0
elat glon st_nphot,0.0
elat glon st_nrvc,0.0
elat glon pl_controv_flag,-0.0
elat glon disc_year,-0.0
elat glon sy_tmag,-0.0
elat glon sy_kmag,-0.0
elat glon sy_jmag,-0.0
elat glon sy_hmag,-0.0
elat glon sy_vmag,-0.0
elat glon sy_pm,-0.0
elat glon sy_pmdec,-0.0
elat glon sy_pmra,-0.0
elat glon pl_orbper,0.0
elat glon sy_gaiamag,-0.0
elat glon st_rad,-0.0
elat glon sy_bmag,-0.0
elat glon sy_dist,0.0
elat glon st_teff,-0.0
elat glon sy_w2mag,-0.0
elat glon sy_w1mag,-0.0
elat glon sy_w3mag,-0.0
elat glon sy_w4mag,-0.0
elat glon sy_plx,-0.0
elat glon st_logg,-0.0
elat glon st_mass,-0.0
elat glon soltype_Kepler Project Candidate (q1_q17_dr25_koi),-0.0
elat glon soltype_Published Confirmed,-0.0
elat glon pl_tsystemref_BJD,0.0
elat glon pl_tsystemref_BJD-TDB,0.0
elat glon pl_tsystemref_BJD-UTC,-0.0
elat glon pl_tsystemref_HJD,0.0
elat glon pl_tsystemref_JD,-0.0
elat glat^2,-0.0
elat glat dec,-0.0
elat glat ra,-0.0
elat glat st_nspec,0.0
elat glat pl_nespec,0.0
elat glat pl_ntranspec,0.0
elat glat pl_ndispec,0.0
elat glat release_year,-0.0
elat glat st_nphot,0.0
elat glat st_nrvc,0.0
elat glat pl_controv_flag,-0.0
elat glat disc_year,-0.0
elat glat sy_tmag,-0.0
elat glat sy_kmag,-0.0
elat glat sy_jmag,-0.0
elat glat sy_hmag,-0.0
elat glat sy_vmag,-0.0
elat glat sy_pm,-0.0
elat glat sy_pmdec,-0.0
elat glat sy_pmra,0.0
elat glat pl_orbper,0.0
elat glat sy_gaiamag,-0.0
elat glat st_rad,-0.0
elat glat sy_bmag,-0.0
elat glat sy_dist,-0.0
elat glat st_teff,-0.009201041135185628
elat glat sy_w2mag,-0.0
elat glat sy_w1mag,-0.0
elat glat sy_w3mag,-0.0
elat glat sy_w4mag,-0.0
elat glat sy_plx,-0.0
elat glat st_logg,-0.0
elat glat st_mass,-0.0
elat glat soltype_Kepler Project Candidate (q1_q17_dr25_koi),-0.0
elat glat soltype_Published Confirmed,-0.0
elat glat pl_tsystemref_BJD,0.0
elat glat pl_tsystemref_BJD-TDB,-0.0
elat glat pl_tsystemref_BJD-UTC,-0.0
elat glat pl_tsystemref_HJD,0.0
elat glat pl_tsystemref_JD,-0.0018662351837810125
elat dec^2,-0.0
elat dec ra,-0.0
elat dec st_nspec,0.0
elat dec pl_nespec,0.0
elat dec pl_ntranspec,0.0
elat dec pl_ndispec,0.0
elat dec release_year,-0.0
elat dec st_nphot,0.0
elat dec st_nrvc,0.0
elat dec pl_controv_flag,-0.0
elat dec disc_year,-0.0
elat dec sy_tmag,-0.0
elat dec sy_kmag,-0.0
elat dec sy_jmag,-0.0
elat dec sy_hmag,-0.0
elat dec sy_vmag,-0.0
elat dec sy_pm,-0.0
elat dec sy_pmdec,-0.0
elat dec sy_pmra,-0.0
elat dec pl_orbper,0.0
elat dec sy_gaiamag,-0.0
elat dec st_rad,-0.0
elat dec sy_bmag,-0.0
elat dec sy_dist,0.0
elat dec st_teff,-0.0
elat dec sy_w2mag,-0.0
elat dec sy_w1mag,-0.0
elat dec sy_w3mag,-0.0
elat dec sy_w4mag,-0.0
elat dec sy_plx,-0.0
elat dec st_logg,-0.0
elat dec st_mass,-0.0
elat dec soltype_Kepler Project Candidate (q1_q17_dr25_koi),-0.0
elat dec soltype_Published Confirmed,-0.0
elat dec pl_tsystemref_BJD,0.0
elat dec pl_tsystemref_BJD-TDB,0.0
elat dec pl_tsystemref_BJD-UTC,-0.0
elat dec pl_tsystemref_HJD,0.0
elat dec pl_tsystemref_JD,-0.0
elat ra^2,-0.0
elat ra st_nspec,0.0
elat ra pl_nespec,0.0
elat ra pl_ntranspec,0.0
elat ra pl_ndispec,0.0
elat ra release_year,-0.0
elat ra st_nphot,0.0
elat ra st_nrvc,0.0
elat ra pl_controv_flag,-0.0
elat ra disc_year,-0.0
elat ra sy_tmag,-0.0
elat ra sy_kmag,-0.0
elat ra sy_jmag,-0.0
elat ra sy_hmag,-0.0
elat ra sy_vmag,-0.0
elat ra sy_pm,-0.0
elat ra sy_pmdec,-0.0
elat ra sy_pmra,-0.0
elat ra pl_orbper,0.0
elat ra sy_gaiamag,-0.0
elat ra st_rad,-0.0
elat ra sy_bmag,-0.0
elat ra sy_dist,0.0
elat ra st_teff,-0.0
elat ra sy_w2mag,-0.0
elat ra sy_w1mag,-0.0
elat ra sy_w3mag,-0.0
elat ra sy_w4mag,-0.0
elat ra sy_plx,-0.0
elat ra st_logg,-0.0
elat ra st_mass,-0.0
elat ra soltype_Kepler Project Candidate (q1_q17_dr25_koi),-0.0
elat ra soltype_Published Confirmed,-0.0
elat ra pl_tsystemref_BJD,0.0
elat ra pl_tsystemref_BJD-TDB,0.0
elat ra pl_tsystemref_BJD-UTC,-0.0
elat ra pl_tsystemref_HJD,0.0
elat ra pl_tsystemref_JD,-0.0
elat st_nspec^2,0.0
elat st_nspec pl_nespec,0.0
elat st_nspec pl_ntranspec,0.0
elat st_nspec pl_ndispec,0.0
elat st_nspec release_year,0.0
elat st_nspec st_nphot,0.0
elat st_nspec st_nrvc,0.0
elat st_nspec pl_controv_flag,0.0
elat st_nspec disc_year,0.0
elat st_nspec sy_tmag,0.0
elat st_nspec sy_kmag,0.0
elat st_nspec sy_jmag,0.0
elat st_nspec sy_hmag,0.0
elat st_nspec sy_vmag,0.0
elat st_nspec sy_pm,0.0
elat st_nspec sy_pmdec,-0.0
elat st_nspec sy_pmra,0.0
elat st_nspec pl_orbper,0.0
elat st_nspec sy_gaiamag,0.0
elat st_nspec st_rad,0.0
elat st_nspec sy_bmag,0.0
elat st_nspec sy_dist,0.0
elat st_nspec st_teff,0.0
elat st_nspec sy_w2mag,0.0
elat st_nspec sy_w1mag,0.0
elat st_nspec sy_w3mag,0.0
elat st_nspec sy_w4mag,0.0
elat st_nspec sy_plx,0.0
elat st_nspec st_logg,0.0
elat st_nspec st_mass,0.0
elat st_nspec soltype_Kepler Project Candidate (q1_q17_dr25_koi),0.0
elat st_nspec soltype_Published Confirmed,0.0
elat st_nspec pl_tsystemref_BJD,0.0
elat st_nspec pl_tsystemref_BJD-TDB,0.0
elat st_nspec pl_tsystemref_BJD-UTC,0.0
elat st_nspec pl_tsystemref_HJD,0.0
elat st_nspec pl_tsystemref_JD,0.0
elat pl_nespec^2,0.0
elat pl_nespec pl_ntranspec,0.0
elat pl_nespec pl_ndispec,0.0
elat pl_nespec release_year,0.0
elat pl_nespec st_nphot,0.0
elat pl_nespec st_nrvc,0.0
elat pl_nespec pl_controv_flag,0.0
elat pl_nespec disc_year,0.0
elat pl_nespec sy_tmag,0.0
elat pl_nespec sy_kmag,0.0
elat pl_nespec sy_jmag,0.0
elat pl_nespec sy_hmag,0.0
elat pl_nespec sy_vmag,0.0
elat pl_nespec sy_pm,0.0
elat pl_nespec sy_pmdec,-0.0
elat pl_nespec sy_pmra,0.0
elat pl_nespec pl_orbper,0.0
elat pl_nespec sy_gaiamag,0.0
elat pl_nespec st_rad,0.0
elat pl_nespec sy_bmag,0.0
elat pl_nespec sy_dist,0.0
elat pl_nespec st_teff,0.0
elat pl_nespec sy_w2mag,0.0
elat pl_nespec sy_w1mag,0.0
elat pl_nespec sy_w3mag,0.0
elat pl_nespec sy_w4mag,0.0
elat pl_nespec sy_plx,0.0
elat pl_nespec st_logg,0.0
elat pl_nespec st_mass,0.0
elat pl_nespec soltype_Kepler Project Candidate (q1_q17_dr25_koi),0.0
elat pl_nespec soltype_Published Confirmed,0.0
elat pl_nespec pl_tsystemref_BJD,0.0
elat pl_nespec pl_tsystemref_BJD-TDB,0.0
elat pl_nespec pl_tsystemref_BJD-UTC,0.0
elat pl_nespec pl_tsystemref_HJD,0.0
elat pl_nespec pl_tsystemref_JD,0.0
elat pl_ntranspec^2,0.0
elat pl_ntranspec pl_ndispec,0.0
elat pl_ntranspec release_year,0.0
elat pl_ntranspec st_nphot,-0.0
elat pl_ntranspec st_nrvc,-0.0
elat pl_ntranspec pl_controv_flag,0.0
elat pl_ntranspec disc_year,0.0
elat pl_ntranspec sy_tmag,0.0
elat pl_ntranspec sy_kmag,0.0
elat pl_ntranspec sy_jmag,0.0
elat pl_ntranspec sy_hmag,0.0
elat pl_ntranspec sy_vmag,0.0
elat pl_ntranspec sy_pm,0.0
elat pl_ntranspec sy_pmdec,-0.0
elat pl_ntranspec sy_pmra,0.0
elat pl_ntranspec pl_orbper,0.0
elat pl_ntranspec sy_gaiamag,0.0
elat pl_ntranspec st_rad,0.0
elat pl_ntranspec sy_bmag,0.0
elat pl_ntranspec sy_dist,0.0
elat pl_ntranspec st_teff,0.0
elat pl_ntranspec sy_w2mag,0.0
elat pl_ntranspec sy_w1mag,0.0
elat pl_ntranspec sy_w3mag,0.0
elat pl_ntranspec sy_w4mag,0.0
elat pl_ntranspec sy_plx,0.0
elat pl_ntranspec st_logg,0.0
elat pl_ntranspec st_mass,0.0
elat pl_ntranspec soltype_Kepler Project Candidate (q1_q17_dr25_koi),0.0
elat pl_ntranspec soltype_Published Confirmed,0.0
elat pl_ntranspec pl_tsystemref_BJD,0.0
elat pl_ntranspec pl_tsystemref_BJD-TDB,0.0
elat pl_ntranspec pl_tsystemref_BJD-UTC,0.0
elat pl_ntranspec pl_tsystemref_HJD,0.0
elat pl_ntranspec pl_tsystemref_JD,0.0
elat pl_ndispec^2,0.0
elat pl_ndispec release_year,0.0
elat pl_ndispec st_nphot,0.0
elat pl_ndispec st_nrvc,0.0
elat pl_ndispec pl_controv_flag,0.0
elat pl_ndispec disc_year,0.0
elat pl_ndispec sy_tmag,0.0
elat pl_ndispec sy_kmag,0.0
elat pl_ndispec sy_jmag,0.0
elat pl_ndispec sy_hmag,0.0
elat pl_ndispec sy_vmag,0.0
elat pl_ndispec sy_pm,0.0
elat pl_ndispec sy_pmdec,0.0
elat pl_ndispec sy_pmra,0.0
elat pl_ndispec pl_orbper,0.0
elat pl_ndispec sy_gaiamag,0.0
elat pl_ndispec st_rad,0.0
elat pl_ndispec sy_bmag,0.0
elat pl_ndispec sy_dist,0.0
elat pl_ndispec st_teff,0.0
elat pl_ndispec sy_w2mag,0.0
elat pl_ndispec sy_w1mag,0.0
elat pl_ndispec sy_w3mag,0.0
elat pl_ndispec sy_w4mag,0.0
elat pl_ndispec sy_plx,0.0
elat pl_ndispec st_logg,0.0
elat pl_ndispec st_mass,0.0
elat pl_ndispec soltype_Kepler Project Candidate (q1_q17_dr25_koi),0.0
elat pl_ndispec soltype_Published Confirmed,0.0
elat pl_ndispec pl_tsystemref_BJD,0.0
elat pl_ndispec pl_tsystemref_BJD-TDB,0.0
elat pl_ndispec pl_tsystemref_BJD-UTC,0.0
elat pl_ndispec pl_tsystemref_HJD,0.0
elat pl_ndispec pl_tsystemref_JD,0.0
elat release_year^2,-0.0
elat release_year st_nphot,0.0
elat release_year st_nrvc,0.0
elat release_year pl_controv_flag,-0.0
elat release_year disc_year,-0.0
elat release_year sy_tmag,-0.0
elat release_year sy_kmag,-0.0
elat release_year sy_jmag,-0.0
elat release_year sy_hmag,-0.0
elat release_year sy_vmag,-0.0
elat release_year sy_pm,-0.0
elat release_year sy_pmdec,-0.0
elat release_year sy_pmra,-0.0
elat release_year pl_orbper,0.0
elat release_year sy_gaiamag,-0.0
elat release_year st_rad,-0.0
elat release_year sy_bmag,-0.0
elat release_year sy_dist,0.0
elat release_year st_teff,-0.0
elat release_year sy_w2mag,-0.0
elat release_year sy_w1mag,-0.0
elat release_year sy_w3mag,-0.0
elat release_year sy_w4mag,-0.0
elat release_year sy_plx,-0.0
elat release_year st_logg,-0.0
elat release_year st_mass,-0.0
elat release_year soltype_Kepler Project Candidate (q1_q17_dr25_koi),-0.0
elat release_year soltype_Published Confirmed,-0.0
elat release_year pl_tsystemref_BJD,0.0
elat release_year pl_tsystemref_BJD-TDB,0.0
elat release_year pl_tsystemref_BJD-UTC,-0.0
elat release_year pl_tsystemref_HJD,0.0
elat release_year pl_tsystemref_JD,-0.0
elat st_nphot^2,0.0
elat st_nphot st_nrvc,0.0
elat st_nphot pl_controv_flag,0.0
elat st_nphot disc_year,0.0
elat st_nphot sy_tmag,0.0
elat st_nphot sy_kmag,0.0
elat st_nphot sy_jmag,0.0
elat st_nphot sy_hmag,0.0
elat st_nphot sy_vmag,0.0
elat st_nphot sy_pm,0.0
elat st_nphot sy_pmdec,-0.0
elat st_nphot sy_pmra,0.0
elat st_nphot pl_orbper,-0.0
elat st_nphot sy_gaiamag,0.0
elat st_nphot st_rad,0.0
elat st_nphot sy_bmag,0.0
elat st_nphot sy_dist,0.0
elat st_nphot st_teff,0.0
elat st_nphot sy_w2mag,0.0
elat st_nphot sy_w1mag,0.0
elat st_nphot sy_w3mag,0.0
elat st_nphot sy_w4mag,0.0
elat st_nphot sy_plx,0.0
elat st_nphot st_logg,0.0
elat st_nphot st_mass,0.0
elat st_nphot soltype_Kepler Project Candidate (q1_q17_dr25_koi),0.0
elat st_nphot soltype_Published Confirmed,0.0
elat st_nphot pl_tsystemref_BJD,0.0
elat st_nphot pl_tsystemref_BJD-TDB,0.0
elat st_nphot pl_tsystemref_BJD-UTC,0.0
elat st_nphot pl_tsystemref_HJD,-0.0
elat st_nphot pl_tsystemref_JD,0.0
elat st_nrvc^2,0.0
elat st_nrvc pl_controv_flag,0.0
elat st_nrvc disc_year,0.0
elat st_nrvc sy_tmag,0.0
elat st_nrvc sy_kmag,0.0
elat st_nrvc sy_jmag,0.0
elat st_nrvc sy_hmag,0.0
elat st_nrvc sy_vmag,0.0
elat st_nrvc sy_pm,-0.0
elat st_nrvc sy_pmdec,-0.0
elat st_nrvc sy_pmra,0.0
elat st_nrvc pl_orbper,-0.0
elat st_nrvc sy_gaiamag,0.0
elat st_nrvc st_rad,0.0
elat st_nrvc sy_bmag,0.0
elat st_nrvc sy_dist,0.0
elat st_nrvc st_teff,0.0
elat st_nrvc sy_w2mag,0.0
elat st_nrvc sy_w1mag,0.0
elat st_nrvc sy_w3mag,0.0
elat st_nrvc sy_w4mag,0.0
elat st_nrvc sy_plx,0.0
elat st_nrvc st_logg,0.0
elat st_nrvc st_mass,0.0
elat st_nrvc soltype_Kepler Project Candidate (q1_q17_dr25_koi),0.0
elat st_nrvc soltype_Published Confirmed,0.0
elat st_nrvc pl_tsystemref_BJD,0.0
elat st_nrvc pl_tsystemref_BJD-TDB,0.0
elat st_nrvc pl_tsystemref_BJD-UTC,0.0
elat st_nrvc pl_tsystemref_HJD,0.0
elat st_nrvc pl_tsystemref_JD,0.0
elat pl_controv_flag^2,-0.0
elat pl_controv_flag disc_year,-0.0
elat pl_controv_flag sy_tmag,-0.0
elat pl_controv_flag sy_kmag,-0.0
elat pl_controv_flag sy_jmag,-0.0
elat pl_controv_flag sy_hmag,-0.0
elat pl_controv_flag sy_vmag,-0.0
elat pl_controv_flag sy_pm,-0.0
elat pl_controv_flag sy_pmdec,-0.0
elat pl_controv_flag sy_pmra,-0.0
elat pl_controv_flag pl_orbper,-0.0
elat pl_controv_flag sy_gaiamag,-0.0
elat pl_controv_flag st_rad,-0.0
elat pl_controv_flag sy_bmag,-0.0
elat pl_controv_flag sy_dist,0.0
elat pl_controv_flag st_teff,-0.0
elat pl_controv_flag sy_w2mag,-0.0
elat pl_controv_flag sy_w1mag,-0.0
elat pl_controv_flag sy_w3mag,-0.0
elat pl_controv_flag sy_w4mag,-0.0
elat pl_controv_flag sy_plx,-0.0
elat pl_controv_flag st_logg,-0.0
elat pl_controv_flag st_mass,-0.0
elat pl_controv_flag soltype_Kepler Project Candidate (q1_q17_dr25_koi),0.0
elat pl_controv_flag soltype_Published Confirmed,-0.0
elat pl_controv_flag pl_tsystemref_BJD,-0.0
elat pl_controv_flag pl_tsystemref_BJD-TDB,0.0
elat pl_controv_flag pl_tsystemref_BJD-UTC,-0.0
elat pl_controv_flag pl_tsystemref_HJD,0.0
elat pl_controv_flag pl_tsystemref_JD,0.0
elat disc_year^2,-0.0
elat disc_year sy_tmag,-0.0
elat disc_year sy_kmag,-0.0
elat disc_year sy_jmag,-0.0
elat disc_year sy_hmag,-0.0
elat disc_year sy_vmag,-0.0
elat disc_year sy_pm,-0.0
elat disc_year sy_pmdec,-0.0
elat disc_year sy_pmra,-0.0
elat disc_year pl_orbper,0.0
elat disc_year sy_gaiamag,-0.0
elat disc_year st_rad,-0.0
elat disc_year sy_bmag,-0.0
elat disc_year sy_dist,0.0
elat disc_year st_teff,-0.0
elat disc_year sy_w2mag,-0.0
elat disc_year sy_w1mag,-0.0
elat disc_year sy_w3mag,-0.0
elat disc_year sy_w4mag,-0.0
elat disc_year sy_plx,-0.0
elat disc_year st_logg,-0.0
elat disc_year st_mass,-0.0
elat disc_year soltype_Kepler Project Candidate (q1_q17_dr25_koi),-0.0
elat disc_year soltype_Published Confirmed,-0.0
elat disc_year pl_tsystemref_BJD,0.0
elat disc_year pl_tsystemref_BJD-TDB,0.0
elat disc_year pl_tsystemref_BJD-UTC,-0.0
elat disc_year pl_tsystemref_HJD,0.0
elat disc_year pl_tsystemref_JD,-0.0
elat sy_tmag^2,-0.0
elat sy_tmag sy_kmag,-0.0
elat sy_tmag sy_jmag,-0.0
elat sy_tmag sy_hmag,-0.0
elat sy_tmag sy_vmag,-0.0
elat sy_tmag sy_pm,-0.0
elat sy_tmag sy_pmdec,-0.0
elat sy_tmag sy_pmra,-0.0
elat sy_tmag pl_orbper,0.0
elat sy_tmag sy_gaiamag,-0.0
elat sy_tmag st_rad,-0.0
elat sy_tmag sy_bmag,-0.0
elat sy_tmag sy_dist,0.0
elat sy_tmag st_teff,-0.0
elat sy_tmag sy_w2mag,-0.0
elat sy_tmag sy_w1mag,-0.0
elat sy_tmag sy_w3mag,-0.0
elat sy_tmag sy_w4mag,-0.0
elat sy_tmag sy_plx,-0.0
elat sy_tmag st_logg,-0.0
elat sy_tmag st_mass,-0.0
elat sy_tmag soltype_Kepler Project Candidate (q1_q17_dr25_koi),-0.0
elat sy_tmag soltype_Published Confirmed,-0.0
elat sy_tmag pl_tsystemref_BJD,0.0
elat sy_tmag pl_tsystemref_BJD-TDB,0.0
elat sy_tmag pl_tsystemref_BJD-UTC,-0.0
elat sy_tmag pl_tsystemref_HJD,0.0
elat sy_tmag pl_tsystemref_JD,-0.0
elat sy_kmag^2,-0.0
elat sy_kmag sy_jmag,-0.0
elat sy_kmag sy_hmag,-0.0
elat sy_kmag sy_vmag,-0.0
elat sy_kmag sy_pm,-0.0
elat sy_kmag sy_pmdec,-0.0
elat sy_kmag sy_pmra,-0.0
elat sy_kmag pl_orbper,0.0
elat sy_kmag sy_gaiamag,-0.0
elat sy_kmag st_rad,-0.0
elat sy_kmag sy_bmag,-0.0
elat sy_kmag sy_dist,0.0
elat sy_kmag st_teff,-0.0
elat sy_kmag sy_w2mag,-0.0
elat sy_kmag sy_w1mag,-0.0
elat sy_kmag sy_w3mag,-0.0
elat sy_kmag sy_w4mag,-0.0
elat sy_kmag sy_plx,-0.0
elat sy_kmag st_logg,-0.0
elat sy_kmag st_mass,-0.0
elat sy_kmag soltype_Kepler Project Candidate (q1_q17_dr25_koi),-0.0
elat sy_kmag soltype_Published Confirmed,-0.0
elat sy_kmag pl_tsystemref_BJD,0.0
elat sy_kmag pl_tsystemref_BJD-TDB,0.0
elat sy_kmag pl_tsystemref_BJD-UTC,-0.0
elat sy_kmag pl_tsystemref_HJD,0.0
elat sy_kmag pl_tsystemref_JD,-0.0
elat sy_jmag^2,-0.0
elat sy_jmag sy_hmag,-0.0
elat sy_jmag sy_vmag,-0.0
elat sy_jmag sy_pm,-0.0
elat sy_jmag sy_pmdec,-0.0
elat sy_jmag sy_pmra,-0.0
elat sy_jmag pl_orbper,0.0
elat sy_jmag sy_gaiamag,-0.0
elat sy_jmag st_rad,-0.0
elat sy_jmag sy_bmag,-0.0
elat sy_jmag sy_dist,0.0
elat sy_jmag st_teff,-0.0
elat sy_jmag sy_w2mag,-0.0
elat sy_jmag sy_w1mag,-0.0
elat sy_jmag sy_w3mag,-0.0
elat sy_jmag sy_w4mag,-0.0
elat sy_jmag sy_plx,-0.0
elat sy_jmag st_logg,-0.0
elat sy_jmag st_mass,-0.0
elat sy_jmag soltype_Kepler Project Candidate (q1_q17_dr25_koi),-0.0
elat sy_jmag soltype_Published Confirmed,-0.0
elat sy_jmag pl_tsystemref_BJD,0.0
elat sy_jmag pl_tsystemref_BJD-TDB,0.0
elat sy_jmag pl_tsystemref_BJD-UTC,-0.0
elat sy_jmag pl_tsystemref_HJD,0.0
elat sy_jmag pl_tsystemref_JD,-0.0
elat sy_hmag^2,-0.0
elat sy_hmag sy_vmag,-0.0
elat sy_hmag sy_pm,-0.0
elat sy_hmag sy_pmdec,-0.0
elat sy_hmag sy_pmra,-0.0
elat sy_hmag pl_orbper,0.0
elat sy_hmag sy_gaiamag,-0.0
elat sy_hmag st_rad,-0.0
elat sy_hmag sy_bmag,-0.0
elat sy_hmag sy_dist,0.0
elat sy_hmag st_teff,-0.0
elat sy_hmag sy_w2mag,-0.0
elat sy_hmag sy_w1mag,-0.0
elat sy_hmag sy_w3mag,-0.0
elat sy_hmag sy_w4mag,-0.0
elat sy_hmag sy_plx,-0.0
elat sy_hmag st_logg,-0.0
elat sy_hmag st_mass,-0.0
elat sy_hmag soltype_Kepler Project Candidate (q1_q17_dr25_koi),-0.0
elat sy_hmag soltype_Published Confirmed,-0.0
elat sy_hmag pl_tsystemref_BJD,0.0
elat sy_hmag pl_tsystemref_BJD-TDB,0.0
elat sy_hmag pl_tsystemref_BJD-UTC,-0.0
elat sy_hmag pl_tsystemref_HJD,0.0
elat sy_hmag pl_tsystemref_JD,-0.0
elat sy_vmag^2,-0.0
elat sy_vmag sy_pm,-0.0
elat sy_vmag sy_pmdec,-0.0
elat sy_vmag sy_pmra,-0.0
elat sy_vmag pl_orbper,0.0
elat sy_vmag sy_gaiamag,-0.0
elat sy_vmag st_rad,-0.0
elat sy_vmag sy_bmag,-0.0
elat sy_vmag sy_dist,0.0
elat sy_vmag st_teff,-0.0
elat sy_vmag sy_w2mag,-0.0
elat sy_vmag sy_w1mag,-0.0
elat sy_vmag sy_w3mag,-0.0
elat sy_vmag sy_w4mag,-0.0
elat sy_vmag sy_plx,-0.0
elat sy_vmag st_logg,-0.0
elat sy_vmag st_mass,-0.0
elat sy_vmag soltype_Kepler Project Candidate (q1_q17_dr25_koi),-0.0
elat sy_vmag soltype_Published Confirmed,-0.0
elat sy_vmag pl_tsystemref_BJD,0.0
elat sy_vmag pl_tsystemref_BJD-TDB,0.0
elat sy_vmag pl_tsystemref_BJD-UTC,-0.0
elat sy_vmag pl_tsystemref_HJD,0.0
elat sy_vmag pl_tsystemref_JD,-0.0
elat sy_pm^2,-0.0
elat sy_pm sy_pmdec,-0.0
elat sy_pm sy_pmra,0.0
elat sy_pm pl_orbper,0.0
elat sy_pm sy_gaiamag,-0.0
elat sy_pm st_rad,-0.0
elat sy_pm sy_bmag,-0.0
elat sy_pm sy_dist,-0.0
elat sy_pm st_teff,-0.0
elat sy_pm sy_w2mag,-0.0
elat sy_pm sy_w1mag,-0.0
elat sy_pm sy_w3mag,-0.0
elat sy_pm sy_w4mag,-0.0
elat sy_pm sy_plx,-0.0
elat sy_pm st_logg,-0.0
elat sy_pm st_mass,-0.0
elat sy_pm soltype_Kepler Project Candidate (q1_q17_dr25_koi),-0.0
elat sy_pm soltype_Published Confirmed,-0.0
elat sy_pm pl_tsystemref_BJD,-0.0
elat sy_pm pl_tsystemref_BJD-TDB,0.0
elat sy_pm pl_tsystemref_BJD-UTC,-0.0
elat sy_pm pl_tsystemref_HJD,0.0
elat sy_pm pl_tsystemref_JD,-0.0
elat sy_pmdec^2,0.0
elat sy_pmdec sy_pmra,0.0
elat sy_pmdec pl_orbper,-0.0
elat sy_pmdec sy_gaiamag,-0.0
elat sy_pmdec st_rad,-0.0
elat sy_pmdec sy_bmag,-0.0
elat sy_pmdec sy_dist,-0.0
elat sy_pmdec st_teff,-0.0
elat sy_pmdec sy_w2mag,-0.0
elat sy_pmdec sy_w1mag,-0.0
elat sy_pmdec sy_w3mag,-0.0
elat sy_pmdec sy_w4mag,-0.0
elat sy_pmdec sy_plx,-0.0
elat sy_pmdec st_logg,-0.0
elat sy_pmdec st_mass,-0.0
elat sy_pmdec soltype_Kepler Project Candidate (q1_q17_dr25_koi),0.0
elat sy_pmdec soltype_Published Confirmed,-0.0
elat sy_pmdec pl_tsystemref_BJD,-0.0
elat sy_pmdec pl_tsystemref_BJD-TDB,-0.0
elat sy_pmdec pl_tsystemref_BJD-UTC,-0.0
elat sy_pmdec pl_tsystemref_HJD,0.0
elat sy_pmdec pl_tsystemref_JD,-0.0
elat sy_pmra^2,-0.0
elat sy_pmra pl_orbper,-0.0
elat sy_pmra sy_gaiamag,-0.0
elat sy_pmra st_rad,-0.0
elat sy_pmra sy_bmag,-0.0
elat sy_pmra sy_dist,-0.0
elat sy_pmra st_teff,-0.0
elat sy_pmra sy_w2mag,-0.0
elat sy_pmra sy_w1mag,-0.0
elat sy_pmra sy_w3mag,-0.0
elat sy_pmra sy_w4mag,-0.0
elat sy_pmra sy_plx,0.0
elat sy_pmra st_logg,-0.0
elat sy_pmra st_mass,-0.0
elat sy_pmra soltype_Kepler Project Candidate (q1_q17_dr25_koi),0.0
elat sy_pmra soltype_Published Confirmed,-0.0
elat sy_pmra pl_tsystemref_BJD,0.0
elat sy_pmra pl_tsystemref_BJD-TDB,0.0
elat sy_pmra pl_tsystemref_BJD-UTC,-0.0
elat sy_pmra pl_tsystemref_HJD,-0.0
elat sy_pmra pl_tsystemref_JD,-0.0
elat pl_orbper^2,0.0
elat pl_orbper sy_gaiamag,0.0
elat pl_orbper st_rad,0.0
elat pl_orbper sy_bmag,0.0
elat pl_orbper sy_dist,0.0
elat pl_orbper st_teff,0.0
elat pl_orbper sy_w2mag,0.0
elat pl_orbper sy_w1mag,0.0
elat pl_orbper sy_w3mag,0.0
elat pl_orbper sy_w4mag,0.0
elat pl_orbper sy_plx,0.0
elat pl_orbper st_logg,0.0
elat pl_orbper st_mass,0.007959417538596872
elat pl_orbper soltype_Kepler Project Candidate (q1_q17_dr25_koi),0.0
elat pl_orbper soltype_Published Confirmed,0.0
elat pl_orbper pl_tsystemref_BJD,0.0
elat pl_orbper pl_tsystemref_BJD-TDB,0.0
elat pl_orbper pl_tsystemref_BJD-UTC,-0.0
elat pl_orbper pl_tsystemref_HJD,0.0
elat pl_orbper pl_tsystemref_JD,0.0
elat sy_gaiamag^2,-0.0
elat sy_gaiamag st_rad,-0.0
elat sy_gaiamag sy_bmag,-0.0
elat sy_gaiamag sy_dist,0.0
elat sy_gaiamag st_teff,-0.0
elat sy_gaiamag sy_w2mag,-0.0
elat sy_gaiamag sy_w1mag,-0.0
elat sy_gaiamag sy_w3mag,-0.0
elat sy_gaiamag sy_w4mag,-0.0
elat sy_gaiamag sy_plx,-0.0
elat sy_gaiamag st_logg,-0.0
elat sy_gaiamag st_mass,-0.0
elat sy_gaiamag soltype_Kepler Project Candidate (q1_q17_dr25_koi),-0.0
elat sy_gaiamag soltype_Published Confirmed,-0.0
elat sy_gaiamag pl_tsystemref_BJD,0.0
elat sy_gaiamag pl_tsystemref_BJD-TDB,0.0
elat sy_gaiamag pl_tsystemref_BJD-UTC,-0.0
elat sy_gaiamag pl_tsystemref_HJD,0.0
elat sy_gaiamag pl_tsystemref_JD,-0.0
elat st_rad^2,-0.0
elat st_rad sy_bmag,-0.0
elat st_rad sy_dist,0.0
elat st_rad st_teff,-0.0
elat st_rad sy_w2mag,-0.0
elat st_rad sy_w1mag,-0.0
elat st_rad sy_w3mag,-0.0
elat st_rad sy_w4mag,-0.0
elat st_rad sy_plx,-0.012438312232135032
elat st_rad st_logg,-0.0
elat st_rad st_mass,-0.0
elat st_rad soltype_Kepler Project Candidate (q1_q17_dr25_koi),-0.0
elat st_rad soltype_Published Confirmed,-0.0
elat st_rad pl_tsystemref_BJD,0.0
elat st_rad pl_tsystemref_BJD-TDB,-0.0
elat st_rad pl_tsystemref_BJD-UTC,0.0
elat st_rad pl_tsystemref_HJD,0.0
elat st_rad pl_tsystemref_JD,-0.0
elat sy_bmag^2,-0.0
elat sy_bmag sy_dist,0.0
elat sy_bmag st_teff,-0.0
elat sy_bmag sy_w2mag,-0.0
elat sy_bmag sy_w1mag,-0.0
elat sy_bmag sy_w3mag,-0.0
elat sy_bmag sy_w4mag,-0.0
elat sy_bmag sy_plx,-0.0
elat sy_bmag st_logg,-0.0
elat sy_bmag st_mass,-0.0
elat sy_bmag soltype_Kepler Project Candidate (q1_q17_dr25_koi),-0.0
elat sy_bmag soltype_Published Confirmed,-0.0
elat sy_bmag pl_tsystemref_BJD,0.0
elat sy_bmag pl_tsystemref_BJD-TDB,0.0
elat sy_bmag pl_tsystemref_BJD-UTC,-0.0
elat sy_bmag pl_tsystemref_HJD,0.0
elat sy_bmag pl_tsystemref_JD,-0.0
elat sy_dist^2,0.0
elat sy_dist st_teff,-0.0
elat sy_dist sy_w2mag,0.0
elat sy_dist sy_w1mag,0.0
elat sy_dist sy_w3mag,0.0
elat sy_dist sy_w4mag,0.0
elat sy_dist sy_plx,-0.0
elat sy_dist st_logg,0.0
elat sy_dist st_mass,-0.0
elat sy_dist soltype_Kepler Project Candidate (q1_q17_dr25_koi),-0.0
elat sy_dist soltype_Published Confirmed,0.0
elat sy_dist pl_tsystemref_BJD,0.0
elat sy_dist pl_tsystemref_BJD-TDB,0.0
elat sy_dist pl_tsystemref_BJD-UTC,0.0
elat sy_dist pl_tsystemref_HJD,0.0
elat sy_dist pl_tsystemref_JD,-0.0
elat st_teff^2,-0.0
elat st_teff sy_w2mag,-0.0
elat st_teff sy_w1mag,-0.0
elat st_teff sy_w3mag,-0.0
elat st_teff sy_w4mag,-0.0
elat st_teff sy_plx,-0.005243919147168009
elat st_teff st_logg,-0.0
elat st_teff st_mass,-0.0
elat st_teff soltype_Kepler Project Candidate (q1_q17_dr25_koi),-0.0
elat st_teff soltype_Published Confirmed,-0.0
elat st_teff pl_tsystemref_BJD,0.0
elat st_teff pl_tsystemref_BJD-TDB,0.0
elat st_teff pl_tsystemref_BJD-UTC,0.0
elat st_teff pl_tsystemref_HJD,0.0
elat st_teff pl_tsystemref_JD,-0.019154282931605735
elat sy_w2mag^2,-0.0
elat sy_w2mag sy_w1mag,-0.0
elat sy_w2mag sy_w3mag,-0.0
elat sy_w2mag sy_w4mag,-0.0
elat sy_w2mag sy_plx,-0.0
elat sy_w2mag st_logg,-0.0
elat sy_w2mag st_mass,-0.0
elat sy_w2mag soltype_Kepler Project Candidate (q1_q17_dr25_koi),-0.0
elat sy_w2mag soltype_Published Confirmed,-0.0
elat sy_w2mag pl_tsystemref_BJD,0.0
elat sy_w2mag pl_tsystemref_BJD-TDB,0.0
elat sy_w2mag pl_tsystemref_BJD-UTC,-0.0
elat sy_w2mag pl_tsystemref_HJD,0.0
elat sy_w2mag pl_tsystemref_JD,-0.0
elat sy_w1mag^2,-0.0
elat sy_w1mag sy_w3mag,-0.0
elat sy_w1mag sy_w4mag,-0.0
elat sy_w1mag sy_plx,-0.0
elat sy_w1mag st_logg,-0.0
elat sy_w1mag st_mass,-0.0
elat sy_w1mag soltype_Kepler Project Candidate (q1_q17_dr25_koi),-0.0
elat sy_w1mag soltype_Published Confirmed,-0.0
elat sy_w1mag pl_tsystemref_BJD,0.0
elat sy_w1mag pl_tsystemref_BJD-TDB,0.0
elat sy_w1mag pl_tsystemref_BJD-UTC,-0.0
elat sy_w1mag pl_tsystemref_HJD,0.0
elat sy_w1mag pl_tsystemref_JD,-0.0
elat sy_w3mag^2,-0.0
elat sy_w3mag sy_w4mag,-0.0
elat sy_w3mag sy_plx,-0.0
elat sy_w3mag st_logg,-0.0
elat sy_w3mag st_mass,-0.0
elat sy_w3mag soltype_Kepler Project Candidate (q1_q17_dr25_koi),-0.0
elat sy_w3mag soltype_Published Confirmed,-0.0
elat sy_w3mag pl_tsystemref_BJD,0.0
elat sy_w3mag pl_tsystemref_BJD-TDB,0.0
elat sy_w3mag pl_tsystemref_BJD-UTC,-0.0
elat sy_w3mag pl_tsystemref_HJD,0.0
elat sy_w3mag pl_tsystemref_JD,-0.0
elat sy_w4mag^2,-0.0
elat sy_w4mag sy_plx,-0.0
elat sy_w4mag st_logg,-0.0
elat sy_w4mag st_mass,-0.0
elat sy_w4mag soltype_Kepler Project Candidate (q1_q17_dr25_koi),-0.0
elat sy_w4mag soltype_Published Confirmed,-0.0
elat sy_w4mag pl_tsystemref_BJD,0.0
elat sy_w4mag pl_tsystemref_BJD-TDB,0.0
elat sy_w4mag pl_tsystemref_BJD-UTC,-0.0
elat sy_w4mag pl_tsystemref_HJD,0.0
elat sy_w4mag pl_tsystemref_JD,-0.0
elat sy_plx^2,-0.0
elat sy_plx st_logg,-0.0
elat sy_plx st_mass,-0.0
elat sy_plx soltype_Kepler Project Candidate (q1_q17_dr25_koi),-0.0
elat sy_plx soltype_Published Confirmed,-0.0
elat sy_plx pl_tsystemref_BJD,-0.0
elat sy_plx pl_tsystemref_BJD-TDB,-0.0
elat sy_plx pl_tsystemref_BJD-UTC,-0.0
elat sy_plx pl_tsystemref_HJD,0.0
elat sy_plx pl_tsystemref_JD,-0.0
elat st_logg^2,-0.0
elat st_logg st_mass,-0.0
elat st_logg soltype_Kepler Project Candidate (q1_q17_dr25_koi),-0.0
elat st_logg soltype_Published Confirmed,-0.0
elat st_logg pl_tsystemref_BJD,-0.0
elat st_logg pl_tsystemref_BJD-TDB,0.0
elat st_logg pl_tsystemref_BJD-UTC,-0.0
elat st_logg pl_tsystemref_HJD,0.0
elat st_logg pl_tsystemref_JD,-0.0
elat st_mass^2,-0.0
elat st_mass soltype_Kepler Project Candidate (q1_q17_dr25_koi),-0.0
elat st_mass soltype_Published Confirmed,-0.0
elat st_mass pl_tsystemref_BJD,0.0
elat st_mass pl_tsystemref_BJD-TDB,0.0
elat st_mass pl_tsystemref_BJD-UTC,0.0
elat st_mass pl_tsystemref_HJD,0.0
elat st_mass pl_tsystemref_JD,-0.04010963473651586
elat soltype_Kepler Project Candidate (q1_q17_dr25_koi)^2,-0.0
elat soltype_Kepler Project Candidate (q1_q17_dr25_koi) soltype_Published Confirmed,0.0
elat soltype_Kepler Project Candidate (q1_q17_dr25_koi) pl_tsystemref_BJD,-0.0
elat soltype_Kepler Project Candidate (q1_q17_dr25_koi) pl_tsystemref_BJD-TDB,0.0
elat soltype_Kepler Project Candidate (q1_q17_dr25_koi) pl_tsystemref_BJD-UTC,0.0
elat soltype_Kepler Project Candidate (q1_q17_dr25_koi) pl_tsystemref_HJD,0.0
elat soltype_Kepler Project Candidate (q1_q17_dr25_koi) pl_tsystemref_JD,0.0
elat soltype_Published Confirmed^2,-0.0
elat soltype_Published Confirmed pl_tsystemref_BJD,0.0
elat soltype_Published Confirmed pl_tsystemref_BJD-TDB,0.0
elat soltype_Published Confirmed pl_tsystemref_BJD-UTC,-0.0
elat soltype_Published Confirmed pl_tsystemref_HJD,0.0
elat soltype_Published Confirmed pl_tsystemref_JD,-0.0
elat pl_tsystemref_BJD^2,0.0
elat pl_tsystemref_BJD pl_tsystemref_BJD-TDB,0.0
elat pl_tsystemref_BJD pl_tsystemref_BJD-UTC,0.0
elat pl_tsystemref_BJD pl_tsystemref_HJD,0.0
elat pl_tsystemref_BJD pl_tsystemref_JD,0.0
elat pl_tsystemref_BJD-TDB^2,0.0
elat pl_tsystemref_BJD-TDB pl_tsystemref_BJD-UTC,0.0
elat pl_tsystemref_BJD-TDB pl_tsystemref_HJD,0.0
elat pl_tsystemref_BJD-TDB pl_tsystemref_JD,0.0
elat pl_tsystemref_BJD-UTC^2,-0.0
elat pl_tsystemref_BJD-UTC pl_tsystemref_HJD,0.0
elat pl_tsystemref_BJD-UTC pl_tsystemref_JD,0.0
elat pl_tsystemref_HJD^2,0.0
elat pl_tsystemref_HJD pl_tsystemref_JD,0.0
elat pl_tsystemref_JD^2,-0.0
glon^3,0.0
glon^2 glat,-0.0
glon^2 dec,-0.0
glon^2 ra,0.0
glon^2 st_nspec,0.0
glon^2 pl_nespec,0.0
glon^2 pl_ntranspec,0.0
glon^2 pl_ndispec,0.0
glon^2 release_year,0.0
glon^2 st_nphot,0.0
glon^2 st_nrvc,0.0
glon^2 pl_controv_flag,-0.0
glon^2 disc_year,0.0
glon^2 sy_tmag,0.0
glon^2 sy_kmag,0.0
glon^2 sy_jmag,0.0
glon^2 sy_hmag,0.0
glon^2 sy_vmag,0.0
glon^2 sy_pm,-0.0
glon^2 sy_pmdec,-0.0
glon^2 sy_pmra,-0.0
glon^2 pl_orbper,0.0
glon^2 sy_gaiamag,0.0
glon^2 st_rad,0.0
glon^2 sy_bmag,0.0
glon^2 sy_dist,0.0
glon^2 st_teff,0.0
glon^2 sy_w2mag,0.0
glon^2 sy_w1mag,0.0
glon^2 sy_w3mag,0.0
glon^2 sy_w4mag,0.0
glon^2 sy_plx,-0.0
glon^2 st_logg,0.0
glon^2 st_mass,0.0
glon^2 soltype_Kepler Project Candidate (q1_q17_dr25_koi),-0.0
glon^2 soltype_Published Confirmed,0.0
glon^2 pl_tsystemref_BJD,-0.0
glon^2 pl_tsystemref_BJD-TDB,0.0
glon^2 pl_tsystemref_BJD-UTC,-0.0
glon^2 pl_tsystemref_HJD,0.0
glon^2 pl_tsystemref_JD,0.0
glon glat^2,-0.0
glon glat dec,0.0
glon glat ra,-0.0
glon glat st_nspec,0.0
glon glat pl_nespec,0.0
glon glat pl_ntranspec,0.0
glon glat pl_ndispec,0.0
glon glat release_year,-0.0
glon glat st_nphot,0.0
glon glat st_nrvc,0.0
glon glat pl_controv_flag,-0.0
glon glat disc_year,-0.0
glon glat sy_tmag,-0.0
glon glat sy_kmag,-0.0
glon glat sy_jmag,-0.0
glon glat sy_hmag,-0.0
glon glat sy_vmag,-0.0
glon glat sy_pm,-0.0
glon glat sy_pmdec,0.0
glon glat sy_pmra,-0.0
glon glat pl_orbper,-0.0
glon glat sy_gaiamag,-0.0
glon glat st_rad,-0.0
glon glat sy_bmag,-0.0
glon glat sy_dist,-0.0
glon glat st_teff,-0.0
glon glat sy_w2mag,-0.0
glon glat sy_w1mag,-0.0
glon glat sy_w3mag,-0.0
glon glat sy_w4mag,-0.0
glon glat sy_plx,-0.0
glon glat st_logg,-0.0
glon glat st_mass,-0.0
glon glat soltype_Kepler Project Candidate (q1_q17_dr25_koi),-0.0
glon glat soltype_Published Confirmed,-0.0
glon glat pl_tsystemref_BJD,-0.0
glon glat pl_tsystemref_BJD-TDB,0.0
glon glat pl_tsystemref_BJD-UTC,-0.0
glon glat pl_tsystemref_HJD,0.0
glon glat pl_tsystemref_JD,-0.0
glon dec^2,-0.0
glon dec ra,-0.0
glon dec st_nspec,0.0
glon dec pl_nespec,0.0
glon dec pl_ntranspec,0.0
glon dec pl_ndispec,0.0
glon dec release_year,-0.0
glon dec st_nphot,0.003022719958791241
glon dec st_nrvc,0.0
glon dec pl_controv_flag,-0.0
glon dec disc_year,-0.0
glon dec sy_tmag,0.0
glon dec sy_kmag,0.0
glon dec sy_jmag,0.0
glon dec sy_hmag,0.0
glon dec sy_vmag,0.0
glon dec sy_pm,0.0
glon dec sy_pmdec,0.0
glon dec sy_pmra,-0.0
glon dec pl_orbper,0.0
glon dec sy_gaiamag,0.0
glon dec st_rad,-0.0
glon dec sy_bmag,0.0
glon dec sy_dist,0.0
glon dec st_teff,-0.0
glon dec sy_w2mag,0.0
glon dec sy_w1mag,0.0
glon dec sy_w3mag,-0.0
glon dec sy_w4mag,-0.0
glon dec sy_plx,-0.0
glon dec st_logg,-0.0
glon dec st_mass,-0.0
glon dec soltype_Kepler Project Candidate (q1_q17_dr25_koi),-0.0
glon dec soltype_Published Confirmed,0.0
glon dec pl_tsystemref_BJD,0.0
glon dec pl_tsystemref_BJD-TDB,0.0
glon dec pl_tsystemref_BJD-UTC,-0.0
glon dec pl_tsystemref_HJD,0.0
glon dec pl_tsystemref_JD,-0.0
glon ra^2,-0.0
glon ra st_nspec,0.0
glon ra pl_nespec,0.0
glon ra pl_ntranspec,0.0
glon ra pl_ndispec,0.0
glon ra release_year,-0.0
glon ra st_nphot,0.0
glon ra st_nrvc,0.0
glon ra pl_controv_flag,-0.0
glon ra disc_year,-0.0
glon ra sy_tmag,-0.0
glon ra sy_kmag,-0.0
glon ra sy_jmag,-0.0
glon ra sy_hmag,-0.0
glon ra sy_vmag,-0.0
glon ra sy_pm,-0.0
glon ra sy_pmdec,-0.0
glon ra sy_pmra,-0.0
glon ra pl_orbper,0.0
glon ra sy_gaiamag,-0.0
glon ra st_rad,0.0
glon ra sy_bmag,-0.0
glon ra sy_dist,0.0
glon ra st_teff,-0.0
glon ra sy_w2mag,-0.0
glon ra sy_w1mag,-0.0
glon ra sy_w3mag,-0.0
glon ra sy_w4mag,-0.0
glon ra sy_plx,-0.0
glon ra st_logg,-0.0
glon ra st_mass,0.0
glon ra soltype_Kepler Project Candidate (q1_q17_dr25_koi),-0.0
glon ra soltype_Published Confirmed,0.0
glon ra pl_tsystemref_BJD,-0.0
glon ra pl_tsystemref_BJD-TDB,0.0
glon ra pl_tsystemref_BJD-UTC,-0.0
glon ra pl_tsystemref_HJD,0.0
glon ra pl_tsystemref_JD,-0.0
glon st_nspec^2,0.0
glon st_nspec pl_nespec,0.0
glon st_nspec pl_ntranspec,0.0
glon st_nspec pl_ndispec,0.0
glon st_nspec release_year,0.0
glon st_nspec st_nphot,0.0
glon st_nspec st_nrvc,0.0
glon st_nspec pl_controv_flag,0.0
glon st_nspec disc_year,0.0
glon st_nspec sy_tmag,0.0
glon st_nspec sy_kmag,0.0
glon st_nspec sy_jmag,0.0
glon st_nspec sy_hmag,0.0
glon st_nspec sy_vmag,0.0
glon st_nspec sy_pm,0.0
glon st_nspec sy_pmdec,-0.0
glon st_nspec sy_pmra,0.0
glon st_nspec pl_orbper,0.0
glon st_nspec sy_gaiamag,0.0
glon st_nspec st_rad,0.0
glon st_nspec sy_bmag,0.0
glon st_nspec sy_dist,0.0
glon st_nspec st_teff,0.0
glon st_nspec sy_w2mag,0.0
glon st_nspec sy_w1mag,0.0
glon st_nspec sy_w3mag,0.0
glon st_nspec sy_w4mag,0.0
glon st_nspec sy_plx,0.0
glon st_nspec st_logg,0.0
glon st_nspec st_mass,0.0
glon st_nspec soltype_Kepler Project Candidate (q1_q17_dr25_koi),0.0
glon st_nspec soltype_Published Confirmed,0.0
glon st_nspec pl_tsystemref_BJD,0.0
glon st_nspec pl_tsystemref_BJD-TDB,0.0
glon st_nspec pl_tsystemref_BJD-UTC,0.0
glon st_nspec pl_tsystemref_HJD,0.0
glon st_nspec pl_tsystemref_JD,0.0
glon pl_nespec^2,0.0
glon pl_nespec pl_ntranspec,0.0
glon pl_nespec pl_ndispec,0.0
glon pl_nespec release_year,0.0
glon pl_nespec st_nphot,0.0
glon pl_nespec st_nrvc,0.0
glon pl_nespec pl_controv_flag,0.0
glon pl_nespec disc_year,0.0
glon pl_nespec sy_tmag,0.0
glon pl_nespec sy_kmag,0.0
glon pl_nespec sy_jmag,0.0
glon pl_nespec sy_hmag,0.0
glon pl_nespec sy_vmag,0.0
glon pl_nespec sy_pm,0.0
glon pl_nespec sy_pmdec,-0.0
glon pl_nespec sy_pmra,-0.0
glon pl_nespec pl_orbper,0.0
glon pl_nespec sy_gaiamag,0.0
glon pl_nespec st_rad,0.0
glon pl_nespec sy_bmag,0.0
glon pl_nespec sy_dist,0.0
glon pl_nespec st_teff,0.0
glon pl_nespec sy_w2mag,0.0
glon pl_nespec sy_w1mag,0.0
glon pl_nespec sy_w3mag,0.0
glon pl_nespec sy_w4mag,0.0
glon pl_nespec sy_plx,0.0
glon pl_nespec st_logg,0.0
glon pl_nespec st_mass,0.0
glon pl_nespec soltype_Kepler Project Candidate (q1_q17_dr25_koi),0.0
glon pl_nespec soltype_Published Confirmed,0.0
glon pl_nespec pl_tsystemref_BJD,0.0
glon pl_nespec pl_tsystemref_BJD-TDB,0.0
glon pl_nespec pl_tsystemref_BJD-UTC,0.0
glon pl_nespec pl_tsystemref_HJD,0.0
glon pl_nespec pl_tsystemref_JD,0.0
glon pl_ntranspec^2,0.0
glon pl_ntranspec pl_ndispec,0.0
glon pl_ntranspec release_year,0.0
glon pl_ntranspec st_nphot,0.0
glon pl_ntranspec st_nrvc,-0.0
glon pl_ntranspec pl_controv_flag,0.0
glon pl_ntranspec disc_year,0.0
glon pl_ntranspec sy_tmag,0.0
glon pl_ntranspec sy_kmag,0.0
glon pl_ntranspec sy_jmag,0.0
glon pl_ntranspec sy_hmag,0.0
glon pl_ntranspec sy_vmag,0.0
glon pl_ntranspec sy_pm,-0.0
glon pl_ntranspec sy_pmdec,0.0
glon pl_ntranspec sy_pmra,-0.0
glon pl_ntranspec pl_orbper,0.0
glon pl_ntranspec sy_gaiamag,0.0
glon pl_ntranspec st_rad,0.0
glon pl_ntranspec sy_bmag,0.0
glon pl_ntranspec sy_dist,0.0
glon pl_ntranspec st_teff,0.0
glon pl_ntranspec sy_w2mag,0.0
glon pl_ntranspec sy_w1mag,0.0
glon pl_ntranspec sy_w3mag,0.0
glon pl_ntranspec sy_w4mag,0.0
glon pl_ntranspec sy_plx,-0.0
glon pl_ntranspec st_logg,0.0
glon pl_ntranspec st_mass,0.0
glon pl_ntranspec soltype_Kepler Project Candidate (q1_q17_dr25_koi),0.0
glon pl_ntranspec soltype_Published Confirmed,0.0
glon pl_ntranspec pl_tsystemref_BJD,0.0
glon pl_ntranspec pl_tsystemref_BJD-TDB,-0.0
glon pl_ntranspec pl_tsystemref_BJD-UTC,0.0
glon pl_ntranspec pl_tsystemref_HJD,0.0
glon pl_ntranspec pl_tsystemref_JD,0.0
glon pl_ndispec^2,0.0
glon pl_ndispec release_year,0.0
glon pl_ndispec st_nphot,0.0
glon pl_ndispec st_nrvc,0.0
glon pl_ndispec pl_controv_flag,0.0
glon pl_ndispec disc_year,0.0
glon pl_ndispec sy_tmag,0.0
glon pl_ndispec sy_kmag,0.0
glon pl_ndispec sy_jmag,0.0
glon pl_ndispec sy_hmag,0.0
glon pl_ndispec sy_vmag,0.0
glon pl_ndispec sy_pm,0.0
glon pl_ndispec sy_pmdec,0.0
glon pl_ndispec sy_pmra,0.0
glon pl_ndispec pl_orbper,0.0
glon pl_ndispec sy_gaiamag,0.0
glon pl_ndispec st_rad,0.0
glon pl_ndispec sy_bmag,0.0
glon pl_ndispec sy_dist,0.0
glon pl_ndispec st_teff,0.0
glon pl_ndispec sy_w2mag,0.0
glon pl_ndispec sy_w1mag,0.0
glon pl_ndispec sy_w3mag,0.0
glon pl_ndispec sy_w4mag,0.0
glon pl_ndispec sy_plx,0.0
glon pl_ndispec st_logg,0.0
glon pl_ndispec st_mass,0.0
glon pl_ndispec soltype_Kepler Project Candidate (q1_q17_dr25_koi),0.0
glon pl_ndispec soltype_Published Confirmed,0.0
glon pl_ndispec pl_tsystemref_BJD,0.0
glon pl_ndispec pl_tsystemref_BJD-TDB,0.0
glon pl_ndispec pl_tsystemref_BJD-UTC,0.0
glon pl_ndispec pl_tsystemref_HJD,0.0
glon pl_ndispec pl_tsystemref_JD,0.0
glon release_year^2,0.0
glon release_year st_nphot,0.0
glon release_year st_nrvc,0.0
glon release_year pl_controv_flag,-0.0
glon release_year disc_year,0.0
glon release_year sy_tmag,0.0
glon release_year sy_kmag,0.0
glon release_year sy_jmag,0.0
glon release_year sy_hmag,0.0
glon release_year sy_vmag,0.0
glon release_year sy_pm,-0.0
glon release_year sy_pmdec,-0.0
glon release_year sy_pmra,-0.0
glon release_year pl_orbper,0.0
glon release_year sy_gaiamag,0.0
glon release_year st_rad,0.0
glon release_year sy_bmag,0.0
glon release_year sy_dist,0.0
glon release_year st_teff,0.0
glon release_year sy_w2mag,0.0
glon release_year sy_w1mag,0.0
glon release_year sy_w3mag,0.0
glon release_year sy_w4mag,0.0
glon release_year sy_plx,-0.0
glon release_year st_logg,0.0
glon release_year st_mass,0.0
glon release_year soltype_Kepler Project Candidate (q1_q17_dr25_koi),-0.0
glon release_year soltype_Published Confirmed,0.0
glon release_year pl_tsystemref_BJD,-0.0
glon release_year pl_tsystemref_BJD-TDB,0.0
glon release_year pl_tsystemref_BJD-UTC,-0.0
glon release_year pl_tsystemref_HJD,0.0
glon release_year pl_tsystemref_JD,-0.0
glon st_nphot^2,0.0
glon st_nphot st_nrvc,0.0
glon st_nphot pl_controv_flag,0.0
glon st_nphot disc_year,0.0
glon st_nphot sy_tmag,0.0
glon st_nphot sy_kmag,0.0
glon st_nphot sy_jmag,0.0
glon st_nphot sy_hmag,0.0
glon st_nphot sy_vmag,0.0
glon st_nphot sy_pm,0.0
glon st_nphot sy_pmdec,-0.0
glon st_nphot sy_pmra,-0.0
glon st_nphot pl_orbper,0.0
glon st_nphot sy_gaiamag,0.0
glon st_nphot st_rad,0.0
glon st_nphot sy_bmag,0.0
glon st_nphot sy_dist,0.0
glon st_nphot st_teff,0.0
glon st_nphot sy_w2mag,0.0
glon st_nphot sy_w1mag,0.0
glon st_nphot sy_w3mag,0.0
glon st_nphot sy_w4mag,0.0
glon st_nphot sy_plx,0.0
glon st_nphot st_logg,0.0
glon st_nphot st_mass,0.0
glon st_nphot soltype_Kepler Project Candidate (q1_q17_dr25_koi),0.0
glon st_nphot soltype_Published Confirmed,0.0
glon st_nphot pl_tsystemref_BJD,0.0
glon st_nphot pl_tsystemref_BJD-TDB,0.0
glon st_nphot pl_tsystemref_BJD-UTC,0.0
glon st_nphot pl_tsystemref_HJD,-0.0
glon st_nphot pl_tsystemref_JD,0.0
glon st_nrvc^2,0.0
glon st_nrvc pl_controv_flag,0.0
glon st_nrvc disc_year,0.0
glon st_nrvc sy_tmag,0.0
glon st_nrvc sy_kmag,0.0
glon st_nrvc sy_jmag,0.0
glon st_nrvc sy_hmag,0.0
glon st_nrvc sy_vmag,0.0
glon st_nrvc sy_pm,-0.0
glon st_nrvc sy_pmdec,-0.0
glon st_nrvc sy_pmra,0.0
glon st_nrvc pl_orbper,-0.0
glon st_nrvc sy_gaiamag,0.0
glon st_nrvc st_rad,0.0
glon st_nrvc sy_bmag,0.0
glon st_nrvc sy_dist,0.0
glon st_nrvc st_teff,0.0
glon st_nrvc sy_w2mag,0.0
glon st_nrvc sy_w1mag,0.0
glon st_nrvc sy_w3mag,0.0
glon st_nrvc sy_w4mag,0.0
glon st_nrvc sy_plx,0.0
glon st_nrvc st_logg,0.0
glon st_nrvc st_mass,0.0
glon st_nrvc soltype_Kepler Project Candidate (q1_q17_dr25_koi),0.0
glon st_nrvc soltype_Published Confirmed,0.0
glon st_nrvc pl_tsystemref_BJD,0.0
glon st_nrvc pl_tsystemref_BJD-TDB,0.0
glon st_nrvc pl_tsystemref_BJD-UTC,0.0
glon st_nrvc pl_tsystemref_HJD,0.0
glon st_nrvc pl_tsystemref_JD,0.0
glon pl_controv_flag^2,-0.0
glon pl_controv_flag disc_year,-0.0
glon pl_controv_flag sy_tmag,-0.0
glon pl_controv_flag sy_kmag,-0.0
glon pl_controv_flag sy_jmag,-0.0
glon pl_controv_flag sy_hmag,-0.0
glon pl_controv_flag sy_vmag,-0.0
glon pl_controv_flag sy_pm,-0.0
glon pl_controv_flag sy_pmdec,-0.0
glon pl_controv_flag sy_pmra,-0.0
glon pl_controv_flag pl_orbper,-0.0
glon pl_controv_flag sy_gaiamag,-0.0
glon pl_controv_flag st_rad,-0.0
glon pl_controv_flag sy_bmag,-0.0
glon pl_controv_flag sy_dist,0.0
glon pl_controv_flag st_teff,-0.0
glon pl_controv_flag sy_w2mag,-0.0
glon pl_controv_flag sy_w1mag,-0.0
glon pl_controv_flag sy_w3mag,-0.0
glon pl_controv_flag sy_w4mag,-0.0
glon pl_controv_flag sy_plx,-0.0
glon pl_controv_flag st_logg,-0.0
glon pl_controv_flag st_mass,-0.0
glon pl_controv_flag soltype_Kepler Project Candidate (q1_q17_dr25_koi),0.0
glon pl_controv_flag soltype_Published Confirmed,-0.0
glon pl_controv_flag pl_tsystemref_BJD,-0.0
glon pl_controv_flag pl_tsystemref_BJD-TDB,0.0
glon pl_controv_flag pl_tsystemref_BJD-UTC,-0.0
glon pl_controv_flag pl_tsystemref_HJD,0.0
glon pl_controv_flag pl_tsystemref_JD,0.0
glon disc_year^2,0.0
glon disc_year sy_tmag,0.0
glon disc_year sy_kmag,0.0
glon disc_year sy_jmag,0.0
glon disc_year sy_hmag,0.0
glon disc_year sy_vmag,0.0
glon disc_year sy_pm,-0.0
glon disc_year sy_pmdec,-0.0
glon disc_year sy_pmra,-0.0
glon disc_year pl_orbper,0.0
glon disc_year sy_gaiamag,0.0
glon disc_year st_rad,0.0
glon disc_year sy_bmag,0.0
glon disc_year sy_dist,0.0
glon disc_year st_teff,0.0
glon disc_year sy_w2mag,0.0
glon disc_year sy_w1mag,0.0
glon disc_year sy_w3mag,0.0
glon disc_year sy_w4mag,0.0
glon disc_year sy_plx,-0.0
glon disc_year st_logg,0.0
glon disc_year st_mass,0.0
glon disc_year soltype_Kepler Project Candidate (q1_q17_dr25_koi),-0.0
glon disc_year soltype_Published Confirmed,0.0
glon disc_year pl_tsystemref_BJD,-0.0
glon disc_year pl_tsystemref_BJD-TDB,0.0
glon disc_year pl_tsystemref_BJD-UTC,-0.0
glon disc_year pl_tsystemref_HJD,0.0
glon disc_year pl_tsystemref_JD,-0.0
glon sy_tmag^2,0.0
glon sy_tmag sy_kmag,0.0
glon sy_tmag sy_jmag,0.0
glon sy_tmag sy_hmag,0.0
glon sy_tmag sy_vmag,0.0
glon sy_tmag sy_pm,-0.0
glon sy_tmag sy_pmdec,-0.0
glon sy_tmag sy_pmra,-0.0
glon sy_tmag pl_orbper,0.0
glon sy_tmag sy_gaiamag,0.0
glon sy_tmag st_rad,0.0
glon sy_tmag sy_bmag,0.0
glon sy_tmag sy_dist,0.0
glon sy_tmag st_teff,0.0
glon sy_tmag sy_w2mag,0.0
glon sy_tmag sy_w1mag,0.0
glon sy_tmag sy_w3mag,0.0
glon sy_tmag sy_w4mag,0.0
glon sy_tmag sy_plx,-0.0
glon sy_tmag st_logg,0.0
glon sy_tmag st_mass,0.0
glon sy_tmag soltype_Kepler Project Candidate (q1_q17_dr25_koi),-0.0
glon sy_tmag soltype_Published Confirmed,0.0
glon sy_tmag pl_tsystemref_BJD,-0.0
glon sy_tmag pl_tsystemref_BJD-TDB,0.0
glon sy_tmag pl_tsystemref_BJD-UTC,-0.0
glon sy_tmag pl_tsystemref_HJD,0.0
glon sy_tmag pl_tsystemref_JD,-0.0
glon sy_kmag^2,0.0
glon sy_kmag sy_jmag,0.0
glon sy_kmag sy_hmag,0.0
glon sy_kmag sy_vmag,0.0
glon sy_kmag sy_pm,-0.0
glon sy_kmag sy_pmdec,-0.0
glon sy_kmag sy_pmra,-0.0
glon sy_kmag pl_orbper,0.0
glon sy_kmag sy_gaiamag,0.0
glon sy_kmag st_rad,0.0
glon sy_kmag sy_bmag,0.0
glon sy_kmag sy_dist,0.0
glon sy_kmag st_teff,0.0
glon sy_kmag sy_w2mag,0.0
glon sy_kmag sy_w1mag,0.0
glon sy_kmag sy_w3mag,0.0
glon sy_kmag sy_w4mag,0.0
glon sy_kmag sy_plx,-0.0
glon sy_kmag st_logg,0.0
glon sy_kmag st_mass,0.0
glon sy_kmag soltype_Kepler Project Candidate (q1_q17_dr25_koi),-0.0
glon sy_kmag soltype_Published Confirmed,0.0
glon sy_kmag pl_tsystemref_BJD,-0.0
glon sy_kmag pl_tsystemref_BJD-TDB,0.0
glon sy_kmag pl_tsystemref_BJD-UTC,-0.0
glon sy_kmag pl_tsystemref_HJD,0.0
glon sy_kmag pl_tsystemref_JD,-0.0
glon sy_jmag^2,0.0
glon sy_jmag sy_hmag,0.0
glon sy_jmag sy_vmag,0.0
glon sy_jmag sy_pm,-0.0
glon sy_jmag sy_pmdec,-0.0
glon sy_jmag sy_pmra,-0.0
glon sy_jmag pl_orbper,0.0
glon sy_jmag sy_gaiamag,0.0
glon sy_jmag st_rad,0.0
glon sy_jmag sy_bmag,0.0
glon sy_jmag sy_dist,0.0
glon sy_jmag st_teff,0.0
glon sy_jmag sy_w2mag,0.0
glon sy_jmag sy_w1mag,0.0
glon sy_jmag sy_w3mag,0.0
glon sy_jmag sy_w4mag,0.0
glon sy_jmag sy_plx,-0.0
glon sy_jmag st_logg,0.0
glon sy_jmag st_mass,0.0
glon sy_jmag soltype_Kepler Project Candidate (q1_q17_dr25_koi),-0.0
glon sy_jmag soltype_Published Confirmed,0.0
glon sy_jmag pl_tsystemref_BJD,-0.0
glon sy_jmag pl_tsystemref_BJD-TDB,0.0
glon sy_jmag pl_tsystemref_BJD-UTC,-0.0
glon sy_jmag pl_tsystemref_HJD,0.0
glon sy_jmag pl_tsystemref_JD,-0.0
glon sy_hmag^2,0.0
glon sy_hmag sy_vmag,0.0
glon sy_hmag sy_pm,-0.0
glon sy_hmag sy_pmdec,-0.0
glon sy_hmag sy_pmra,-0.0
glon sy_hmag pl_orbper,0.0
glon sy_hmag sy_gaiamag,0.0
glon sy_hmag st_rad,0.0
glon sy_hmag sy_bmag,0.0
glon sy_hmag sy_dist,0.0
glon sy_hmag st_teff,0.0
glon sy_hmag sy_w2mag,0.0
glon sy_hmag sy_w1mag,0.0
glon sy_hmag sy_w3mag,0.0
glon sy_hmag sy_w4mag,0.0
glon sy_hmag sy_plx,-0.0
glon sy_hmag st_logg,0.0
glon sy_hmag st_mass,0.0
glon sy_hmag soltype_Kepler Project Candidate (q1_q17_dr25_koi),-0.0
glon sy_hmag soltype_Published Confirmed,0.0
glon sy_hmag pl_tsystemref_BJD,-0.0
glon sy_hmag pl_tsystemref_BJD-TDB,0.0
glon sy_hmag pl_tsystemref_BJD-UTC,-0.0
glon sy_hmag pl_tsystemref_HJD,0.0
glon sy_hmag pl_tsystemref_JD,-0.0
glon sy_vmag^2,0.0
glon sy_vmag sy_pm,-0.0
glon sy_vmag sy_pmdec,-0.0
glon sy_vmag sy_pmra,-0.0
glon sy_vmag pl_orbper,0.0
glon sy_vmag sy_gaiamag,0.0
glon sy_vmag st_rad,0.0
glon sy_vmag sy_bmag,0.0
glon sy_vmag sy_dist,0.0
glon sy_vmag st_teff,0.0
glon sy_vmag sy_w2mag,0.0
glon sy_vmag sy_w1mag,0.0
glon sy_vmag sy_w3mag,0.0
glon sy_vmag sy_w4mag,0.0
glon sy_vmag sy_plx,-0.0
glon sy_vmag st_logg,0.0
glon sy_vmag st_mass,0.0
glon sy_vmag soltype_Kepler Project Candidate (q1_q17_dr25_koi),-0.0
glon sy_vmag soltype_Published Confirmed,0.0
glon sy_vmag pl_tsystemref_BJD,-0.0
glon sy_vmag pl_tsystemref_BJD-TDB,0.0
glon sy_vmag pl_tsystemref_BJD-UTC,-0.0
glon sy_vmag pl_tsystemref_HJD,0.0
glon sy_vmag pl_tsystemref_JD,-0.0
glon sy_pm^2,0.0
glon sy_pm sy_pmdec,-0.0
glon sy_pm sy_pmra,-0.0
glon sy_pm pl_orbper,0.0
glon sy_pm sy_gaiamag,-0.0
glon sy_pm st_rad,0.0
glon sy_pm sy_bmag,-0.0
glon sy_pm sy_dist,0.0
glon sy_pm st_teff,-0.0
glon sy_pm sy_w2mag,-0.0
glon sy_pm sy_w1mag,-0.0
glon sy_pm sy_w3mag,-0.0
glon sy_pm sy_w4mag,-0.0
glon sy_pm sy_plx,-0.0
glon sy_pm st_logg,-0.0
glon sy_pm st_mass,0.0
glon sy_pm soltype_Kepler Project Candidate (q1_q17_dr25_koi),-0.0
glon sy_pm soltype_Published Confirmed,-0.0
glon sy_pm pl_tsystemref_BJD,0.0
glon sy_pm pl_tsystemref_BJD-TDB,-0.0
glon sy_pm pl_tsystemref_BJD-UTC,-0.0
glon sy_pm pl_tsystemref_HJD,0.0
glon sy_pm pl_tsystemref_JD,-0.0
glon sy_pmdec^2,0.0
glon sy_pmdec sy_pmra,0.0
glon sy_pmdec pl_orbper,-0.0
glon sy_pmdec sy_gaiamag,-0.0
glon sy_pmdec st_rad,-0.0
glon sy_pmdec sy_bmag,-0.0
glon sy_pmdec sy_dist,-0.0
glon sy_pmdec st_teff,-0.0
glon sy_pmdec sy_w2mag,-0.0
glon sy_pmdec sy_w1mag,-0.0
glon sy_pmdec sy_w3mag,-0.0
glon sy_pmdec sy_w4mag,-0.0
glon sy_pmdec sy_plx,-0.0
glon sy_pmdec st_logg,-0.0
glon sy_pmdec st_mass,-0.0
glon sy_pmdec soltype_Kepler Project Candidate (q1_q17_dr25_koi),0.0
glon sy_pmdec soltype_Published Confirmed,-0.0
glon sy_pmdec pl_tsystemref_BJD,-0.0
glon sy_pmdec pl_tsystemref_BJD-TDB,0.0
glon sy_pmdec pl_tsystemref_BJD-UTC,-0.0
glon sy_pmdec pl_tsystemref_HJD,0.0
glon sy_pmdec pl_tsystemref_JD,-0.0
glon sy_pmra^2,-0.0
glon sy_pmra pl_orbper,0.0
glon sy_pmra sy_gaiamag,-0.0
glon sy_pmra st_rad,-0.0
glon sy_pmra sy_bmag,-0.0
glon sy_pmra sy_dist,-0.0
glon sy_pmra st_teff,-0.0
glon sy_pmra sy_w2mag,-0.0
glon sy_pmra sy_w1mag,-0.0
glon sy_pmra sy_w3mag,-0.0
glon sy_pmra sy_w4mag,-0.0
glon sy_pmra sy_plx,0.0
glon sy_pmra st_logg,-0.0
glon sy_pmra st_mass,-0.0
glon sy_pmra soltype_Kepler Project Candidate (q1_q17_dr25_koi),0.0
glon sy_pmra soltype_Published Confirmed,-0.0
glon sy_pmra pl_tsystemref_BJD,0.0
glon sy_pmra pl_tsystemref_BJD-TDB,-0.0
glon sy_pmra pl_tsystemref_BJD-UTC,-0.0
glon sy_pmra pl_tsystemref_HJD,-0.0
glon sy_pmra pl_tsystemref_JD,-0.0
glon pl_orbper^2,-0.0
glon pl_orbper sy_gaiamag,0.0
glon pl_orbper st_rad,0.0
glon pl_orbper sy_bmag,0.0
glon pl_orbper sy_dist,0.0
glon pl_orbper st_teff,0.0
glon pl_orbper sy_w2mag,0.0
glon pl_orbper sy_w1mag,0.0
glon pl_orbper sy_w3mag,0.0
glon pl_orbper sy_w4mag,0.0
glon pl_orbper sy_plx,0.0
glon pl_orbper st_logg,0.0
glon pl_orbper st_mass,0.0
glon pl_orbper soltype_Kepler Project Candidate (q1_q17_dr25_koi),0.0
glon pl_orbper soltype_Published Confirmed,0.0
glon pl_orbper pl_tsystemref_BJD,-0.0
glon pl_orbper pl_tsystemref_BJD-TDB,0.00046039247631021296
glon pl_orbper pl_tsystemref_BJD-UTC,-0.0
glon pl_orbper pl_tsystemref_HJD,0.0
glon pl_orbper pl_tsystemref_JD,0.0
glon sy_gaiamag^2,0.0
glon sy_gaiamag st_rad,0.0
glon sy_gaiamag sy_bmag,0.0
glon sy_gaiamag sy_dist,0.0
glon sy_gaiamag st_teff,0.0
glon sy_gaiamag sy_w2mag,0.0
glon sy_gaiamag sy_w1mag,0.0
glon sy_gaiamag sy_w3mag,0.0
glon sy_gaiamag sy_w4mag,0.0
glon sy_gaiamag sy_plx,-0.0
glon sy_gaiamag st_logg,0.0
glon sy_gaiamag st_mass,0.0
glon sy_gaiamag soltype_Kepler Project Candidate (q1_q17_dr25_koi),-0.0
glon sy_gaiamag soltype_Published Confirmed,0.0
glon sy_gaiamag pl_tsystemref_BJD,-0.0
glon sy_gaiamag pl_tsystemref_BJD-TDB,0.0
glon sy_gaiamag pl_tsystemref_BJD-UTC,-0.0
glon sy_gaiamag pl_tsystemref_HJD,0.0
glon sy_gaiamag pl_tsystemref_JD,-0.0
glon st_rad^2,0.0
glon st_rad sy_bmag,0.0
glon st_rad sy_dist,0.0
glon st_rad st_teff,0.0
glon st_rad sy_w2mag,0.0
glon st_rad sy_w1mag,0.0
glon st_rad sy_w3mag,0.0
glon st_rad sy_w4mag,0.0
glon st_rad sy_plx,0.0
glon st_rad st_logg,0.0
glon st_rad st_mass,0.0
glon st_rad soltype_Kepler Project Candidate (q1_q17_dr25_koi),-0.0
glon st_rad soltype_Published Confirmed,0.0
glon st_rad pl_tsystemref_BJD,0.0
glon st_rad pl_tsystemref_BJD-TDB,0.0
glon st_rad pl_tsystemref_BJD-UTC,0.0
glon st_rad pl_tsystemref_HJD,0.0
glon st_rad pl_tsystemref_JD,-0.0
glon sy_bmag^2,0.0
glon sy_bmag sy_dist,0.0
glon sy_bmag st_teff,0.0
glon sy_bmag sy_w2mag,0.0
glon sy_bmag sy_w1mag,0.0
glon sy_bmag sy_w3mag,0.0
glon sy_bmag sy_w4mag,0.0
glon sy_bmag sy_plx,-0.0
glon sy_bmag st_logg,0.0
glon sy_bmag st_mass,0.0
glon sy_bmag soltype_Kepler Project Candidate (q1_q17_dr25_koi),-0.0
glon sy_bmag soltype_Published Confirmed,0.0
glon sy_bmag pl_tsystemref_BJD,-0.0
glon sy_bmag pl_tsystemref_BJD-TDB,0.0
glon sy_bmag pl_tsystemref_BJD-UTC,-0.0
glon sy_bmag pl_tsystemref_HJD,0.0
glon sy_bmag pl_tsystemref_JD,-0.0
glon sy_dist^2,0.0
glon sy_dist st_teff,0.0
glon sy_dist sy_w2mag,0.0
glon sy_dist sy_w1mag,0.0
glon sy_dist sy_w3mag,0.0
glon sy_dist sy_w4mag,0.0
glon sy_dist sy_plx,0.0
glon sy_dist st_logg,0.0
glon sy_dist st_mass,0.0
glon sy_dist soltype_Kepler Project Candidate (q1_q17_dr25_koi),-0.0
glon sy_dist soltype_Published Confirmed,0.0
glon sy_dist pl_tsystemref_BJD,0.0
glon sy_dist pl_tsystemref_BJD-TDB,0.006885698864490183
glon sy_dist pl_tsystemref_BJD-UTC,0.0
glon sy_dist pl_tsystemref_HJD,0.0
glon sy_dist pl_tsystemref_JD,-0.0
glon st_teff^2,0.0
glon st_teff sy_w2mag,0.0
glon st_teff sy_w1mag,0.0
glon st_teff sy_w3mag,0.0
glon st_teff sy_w4mag,0.0
glon st_teff sy_plx,-0.0
glon st_teff st_logg,0.0
glon st_teff st_mass,0.0
glon st_teff soltype_Kepler Project Candidate (q1_q17_dr25_koi),-0.0
glon st_teff soltype_Published Confirmed,0.0
glon st_teff pl_tsystemref_BJD,0.0
glon st_teff pl_tsystemref_BJD-TDB,0.0
glon st_teff pl_tsystemref_BJD-UTC,0.0
glon st_teff pl_tsystemref_HJD,0.0
glon st_teff pl_tsystemref_JD,-0.0
glon sy_w2mag^2,0.0
glon sy_w2mag sy_w1mag,0.0
glon sy_w2mag sy_w3mag,0.0
glon sy_w2mag sy_w4mag,0.0
glon sy_w2mag sy_plx,-0.0
glon sy_w2mag st_logg,0.0
glon sy_w2mag st_mass,0.0
glon sy_w2mag soltype_Kepler Project Candidate (q1_q17_dr25_koi),-0.0
glon sy_w2mag soltype_Published Confirmed,0.0
glon sy_w2mag pl_tsystemref_BJD,-0.0
glon sy_w2mag pl_tsystemref_BJD-TDB,0.0
glon sy_w2mag pl_tsystemref_BJD-UTC,-0.0
glon sy_w2mag pl_tsystemref_HJD,0.0
glon sy_w2mag pl_tsystemref_JD,-0.0
glon sy_w1mag^2,0.0
glon sy_w1mag sy_w3mag,0.0
glon sy_w1mag sy_w4mag,0.0
glon sy_w1mag sy_plx,-0.0
glon sy_w1mag st_logg,0.0
glon sy_w1mag st_mass,0.0
glon sy_w1mag soltype_Kepler Project Candidate (q1_q17_dr25_koi),-0.0
glon sy_w1mag soltype_Published Confirmed,0.0
glon sy_w1mag pl_tsystemref_BJD,-0.0
glon sy_w1mag pl_tsystemref_BJD-TDB,0.0
glon sy_w1mag pl_tsystemref_BJD-UTC,-0.0
glon sy_w1mag pl_tsystemref_HJD,0.0
glon sy_w1mag pl_tsystemref_JD,-0.0
glon sy_w3mag^2,0.0
glon sy_w3mag sy_w4mag,0.0
glon sy_w3mag sy_plx,-0.0
glon sy_w3mag st_logg,0.0
glon sy_w3mag st_mass,0.0
glon sy_w3mag soltype_Kepler Project Candidate (q1_q17_dr25_koi),-0.0
glon sy_w3mag soltype_Published Confirmed,0.0
glon sy_w3mag pl_tsystemref_BJD,-0.0
glon sy_w3mag pl_tsystemref_BJD-TDB,0.0
glon sy_w3mag pl_tsystemref_BJD-UTC,-0.0
glon sy_w3mag pl_tsystemref_HJD,0.0
glon sy_w3mag pl_tsystemref_JD,-0.0
glon sy_w4mag^2,-0.0
glon sy_w4mag sy_plx,-0.0
glon sy_w4mag st_logg,-0.0
glon sy_w4mag st_mass,0.0
glon sy_w4mag soltype_Kepler Project Candidate (q1_q17_dr25_koi),-0.0
glon sy_w4mag soltype_Published Confirmed,0.0
glon sy_w4mag pl_tsystemref_BJD,-0.0
glon sy_w4mag pl_tsystemref_BJD-TDB,0.0
glon sy_w4mag pl_tsystemref_BJD-UTC,-0.0
glon sy_w4mag pl_tsystemref_HJD,0.0
glon sy_w4mag pl_tsystemref_JD,-0.0
glon sy_plx^2,-0.0
glon sy_plx st_logg,-0.0
glon sy_plx st_mass,0.0
glon sy_plx soltype_Kepler Project Candidate (q1_q17_dr25_koi),-0.0
glon sy_plx soltype_Published Confirmed,-0.0
glon sy_plx pl_tsystemref_BJD,-0.0
glon sy_plx pl_tsystemref_BJD-TDB,-0.0
glon sy_plx pl_tsystemref_BJD-UTC,-0.0
glon sy_plx pl_tsystemref_HJD,0.0
glon sy_plx pl_tsystemref_JD,0.0
glon st_logg^2,-0.0
glon st_logg st_mass,0.0
glon st_logg soltype_Kepler Project Candidate (q1_q17_dr25_koi),-0.0
glon st_logg soltype_Published Confirmed,0.0
glon st_logg pl_tsystemref_BJD,-0.0
glon st_logg pl_tsystemref_BJD-TDB,0.0
glon st_logg pl_tsystemref_BJD-UTC,-0.0
glon st_logg pl_tsystemref_HJD,0.0
glon st_logg pl_tsystemref_JD,-0.0
glon st_mass^2,0.0
glon st_mass soltype_Kepler Project Candidate (q1_q17_dr25_koi),-0.0
glon st_mass soltype_Published Confirmed,0.0
glon st_mass pl_tsystemref_BJD,0.0
glon st_mass pl_tsystemref_BJD-TDB,0.0
glon st_mass pl_tsystemref_BJD-UTC,0.0
glon st_mass pl_tsystemref_HJD,0.0
glon st_mass pl_tsystemref_JD,-0.0
glon soltype_Kepler Project Candidate (q1_q17_dr25_koi)^2,-0.0
glon soltype_Kepler Project Candidate (q1_q17_dr25_koi) soltype_Published Confirmed,0.0
glon soltype_Kepler Project Candidate (q1_q17_dr25_koi) pl_tsystemref_BJD,-0.0
glon soltype_Kepler Project Candidate (q1_q17_dr25_koi) pl_tsystemref_BJD-TDB,0.0
glon soltype_Kepler Project Candidate (q1_q17_dr25_koi) pl_tsystemref_BJD-UTC,0.0
glon soltype_Kepler Project Candidate (q1_q17_dr25_koi) pl_tsystemref_HJD,0.0
glon soltype_Kepler Project Candidate (q1_q17_dr25_koi) pl_tsystemref_JD,0.0
glon soltype_Published Confirmed^2,0.0
glon soltype_Published Confirmed pl_tsystemref_BJD,0.0
glon soltype_Published Confirmed pl_tsystemref_BJD-TDB,0.0
glon soltype_Published Confirmed pl_tsystemref_BJD-UTC,-0.0
glon soltype_Published Confirmed pl_tsystemref_HJD,0.0
glon soltype_Published Confirmed pl_tsystemref_JD,-0.0
glon pl_tsystemref_BJD^2,-0.0
glon pl_tsystemref_BJD pl_tsystemref_BJD-TDB,0.0
glon pl_tsystemref_BJD pl_tsystemref_BJD-UTC,0.0
glon pl_tsystemref_BJD pl_tsystemref_HJD,0.0
glon pl_tsystemref_BJD pl_tsystemref_JD,0.0
glon pl_tsystemref_BJD-TDB^2,0.0
glon pl_tsystemref_BJD-TDB pl_tsystemref_BJD-UTC,0.0
glon pl_tsystemref_BJD-TDB pl_tsystemref_HJD,0.0
glon pl_tsystemref_BJD-TDB pl_tsystemref_JD,0.0
glon pl_tsystemref_BJD-UTC^2,-0.0
glon pl_tsystemref_BJD-UTC pl_tsystemref_HJD,0.0
glon pl_tsystemref_BJD-UTC pl_tsystemref_JD,0.0
glon pl_tsystemref_HJD^2,0.0
glon pl_tsystemref_HJD pl_tsystemref_JD,0.0
glon pl_tsystemref_JD^2,-0.0
glat^3,-0.0
glat^2 dec,0.0
glat^2 ra,-0.0
glat^2 st_nspec,0.0
glat^2 pl_nespec,0.0
glat^2 pl_ntranspec,-0.0
glat^2 pl_ndispec,0.0
glat^2 release_year,-0.0
glat^2 st_nphot,0.0
glat^2 st_nrvc,0.0
glat^2 pl_controv_flag,-0.0
glat^2 disc_year,-0.0
glat^2 sy_tmag,-0.0
glat^2 sy_kmag,-0.0
glat^2 sy_jmag,-0.0
glat^2 sy_hmag,-0.0
glat^2 sy_vmag,-0.0
glat^2 sy_pm,-0.0
glat^2 sy_pmdec,-0.0
glat^2 sy_pmra,0.0
glat^2 pl_orbper,-0.0
glat^2 sy_gaiamag,-0.0
glat^2 st_rad,-0.0
glat^2 sy_bmag,-0.0
glat^2 sy_dist,-0.0
glat^2 st_teff,-0.0
glat^2 sy_w2mag,-0.0
glat^2 sy_w1mag,-0.0
glat^2 sy_w3mag,-0.0
glat^2 sy_w4mag,-0.0
glat^2 sy_plx,-0.0
glat^2 st_logg,-0.0
glat^2 st_mass,-0.0
glat^2 soltype_Kepler Project Candidate (q1_q17_dr25_koi),-0.0
glat^2 soltype_Published Confirmed,-0.0
glat^2 pl_tsystemref_BJD,-0.0
glat^2 pl_tsystemref_BJD-TDB,-0.0
glat^2 pl_tsystemref_BJD-UTC,-0.0
glat^2 pl_tsystemref_HJD,0.0
glat^2 pl_tsystemref_JD,0.0
glat dec^2,-0.0
glat dec ra,-0.0
glat dec st_nspec,0.0
glat dec pl_nespec,0.0
glat dec pl_ntranspec,0.0
glat dec pl_ndispec,0.0
glat dec release_year,-0.0
glat dec st_nphot,0.0
glat dec st_nrvc,0.0
glat dec pl_controv_flag,-0.0
glat dec disc_year,-0.0
glat dec sy_tmag,-0.0
glat dec sy_kmag,-0.0
glat dec sy_jmag,-0.0
glat dec sy_hmag,-0.0
glat dec sy_vmag,-0.0
glat dec sy_pm,0.0
glat dec sy_pmdec,-0.0
glat dec sy_pmra,-0.0
glat dec pl_orbper,0.0
glat dec sy_gaiamag,-0.0
glat dec st_rad,-0.0
glat dec sy_bmag,-0.0
glat dec sy_dist,-0.0
glat dec st_teff,-0.0
glat dec sy_w2mag,-0.0
glat dec sy_w1mag,-0.0
glat dec sy_w3mag,-0.0
glat dec sy_w4mag,-0.0
glat dec sy_plx,-0.0
glat dec st_logg,-0.0
glat dec st_mass,-0.0
glat dec soltype_Kepler Project Candidate (q1_q17_dr25_koi),-0.0
glat dec soltype_Published Confirmed,-0.0
glat dec pl_tsystemref_BJD,0.0
glat dec pl_tsystemref_BJD-TDB,0.0
glat dec pl_tsystemref_BJD-UTC,-0.0
glat dec pl_tsystemref_HJD,0.0
glat dec pl_tsystemref_JD,-0.0
glat ra^2,-0.0
glat ra st_nspec,0.0
glat ra pl_nespec,0.0
glat ra pl_ntranspec,0.0
glat ra pl_ndispec,0.0
glat ra release_year,-0.0
glat ra st_nphot,0.0
glat ra st_nrvc,0.0
glat ra pl_controv_flag,-0.0
glat ra disc_year,-0.0
glat ra sy_tmag,-0.0
glat ra sy_kmag,-0.0
glat ra sy_jmag,-0.0
glat ra sy_hmag,-0.0
glat ra sy_vmag,-0.0
glat ra sy_pm,-0.0
glat ra sy_pmdec,0.0
glat ra sy_pmra,-0.0
glat ra pl_orbper,0.0
glat ra sy_gaiamag,-0.0
glat ra st_rad,-0.0
glat ra sy_bmag,-0.0
glat ra sy_dist,-0.0
glat ra st_teff,-0.0
glat ra sy_w2mag,-0.0
glat ra sy_w1mag,-0.0
glat ra sy_w3mag,-0.0
glat ra sy_w4mag,-0.0
glat ra sy_plx,-0.0
glat ra st_logg,-0.0
glat ra st_mass,-0.0
glat ra soltype_Kepler Project Candidate (q1_q17_dr25_koi),-0.0
glat ra soltype_Published Confirmed,-0.0
glat ra pl_tsystemref_BJD,-0.0
glat ra pl_tsystemref_BJD-TDB,0.0
glat ra pl_tsystemref_BJD-UTC,-0.0
glat ra pl_tsystemref_HJD,0.0
glat ra pl_tsystemref_JD,-0.0
glat st_nspec^2,0.0
glat st_nspec pl_nespec,0.0
glat st_nspec pl_ntranspec,0.0
glat st_nspec pl_ndispec,0.0
glat st_nspec release_year,0.0
glat st_nspec st_nphot,0.0
glat st_nspec st_nrvc,0.0
glat st_nspec pl_controv_flag,0.0
glat st_nspec disc_year,0.0
glat st_nspec sy_tmag,0.0
glat st_nspec sy_kmag,0.0
glat st_nspec sy_jmag,0.0
glat st_nspec sy_hmag,0.0
glat st_nspec sy_vmag,0.0
glat st_nspec sy_pm,0.0
glat st_nspec sy_pmdec,-0.0
glat st_nspec sy_pmra,0.0
glat st_nspec pl_orbper,0.0
glat st_nspec sy_gaiamag,0.0
glat st_nspec st_rad,0.0
glat st_nspec sy_bmag,0.0
glat st_nspec sy_dist,0.0
glat st_nspec st_teff,0.0
glat st_nspec sy_w2mag,0.0
glat st_nspec sy_w1mag,0.0
glat st_nspec sy_w3mag,0.0
glat st_nspec sy_w4mag,0.0
glat st_nspec sy_plx,0.0
glat st_nspec st_logg,0.0
glat st_nspec st_mass,0.0
glat st_nspec soltype_Kepler Project Candidate (q1_q17_dr25_koi),0.0
glat st_nspec soltype_Published Confirmed,0.0
glat st_nspec pl_tsystemref_BJD,0.0
glat st_nspec pl_tsystemref_BJD-TDB,0.0
glat st_nspec pl_tsystemref_BJD-UTC,0.0
glat st_nspec pl_tsystemref_HJD,0.0
glat st_nspec pl_tsystemref_JD,0.0
glat pl_nespec^2,0.0
glat pl_nespec pl_ntranspec,0.0
glat pl_nespec pl_ndispec,0.0
glat pl_nespec release_year,0.0
glat pl_nespec st_nphot,0.0
glat pl_nespec st_nrvc,0.0
glat pl_nespec pl_controv_flag,0.0
glat pl_nespec disc_year,0.0
glat pl_nespec sy_tmag,0.0
glat pl_nespec sy_kmag,0.0
glat pl_nespec sy_jmag,0.0
glat pl_nespec sy_hmag,0.0
glat pl_nespec sy_vmag,0.0
glat pl_nespec sy_pm,0.0
glat pl_nespec sy_pmdec,0.0
glat pl_nespec sy_pmra,0.0
glat pl_nespec pl_orbper,0.0
glat pl_nespec sy_gaiamag,0.0
glat pl_nespec st_rad,0.0
glat pl_nespec sy_bmag,0.0
glat pl_nespec sy_dist,0.006349477880115098
glat pl_nespec st_teff,0.0
glat pl_nespec sy_w2mag,0.0
glat pl_nespec sy_w1mag,0.0
glat pl_nespec sy_w3mag,0.0
glat pl_nespec sy_w4mag,0.0
glat pl_nespec sy_plx,0.0
glat pl_nespec st_logg,0.0
glat pl_nespec st_mass,0.0
glat pl_nespec soltype_Kepler Project Candidate (q1_q17_dr25_koi),0.0
glat pl_nespec soltype_Published Confirmed,0.0
glat pl_nespec pl_tsystemref_BJD,0.0
glat pl_nespec pl_tsystemref_BJD-TDB,0.0
glat pl_nespec pl_tsystemref_BJD-UTC,0.0
glat pl_nespec pl_tsystemref_HJD,0.0
glat pl_nespec pl_tsystemref_JD,0.0
glat pl_ntranspec^2,0.0
glat pl_ntranspec pl_ndispec,0.0
glat pl_ntranspec release_year,0.0
glat pl_ntranspec st_nphot,0.0
glat pl_ntranspec st_nrvc,-0.0
glat pl_ntranspec pl_controv_flag,0.0
glat pl_ntranspec disc_year,0.0
glat pl_ntranspec sy_tmag,0.0
glat pl_ntranspec sy_kmag,0.0
glat pl_ntranspec sy_jmag,0.0
glat pl_ntranspec sy_hmag,0.0
glat pl_ntranspec sy_vmag,0.0
glat pl_ntranspec sy_pm,-0.0
glat pl_ntranspec sy_pmdec,0.0
glat pl_ntranspec sy_pmra,-0.0
glat pl_ntranspec pl_orbper,0.0
glat pl_ntranspec sy_gaiamag,0.0
glat pl_ntranspec st_rad,0.0
glat pl_ntranspec sy_bmag,0.0
glat pl_ntranspec sy_dist,0.0
glat pl_ntranspec st_teff,0.0
glat pl_ntranspec sy_w2mag,0.0
glat pl_ntranspec sy_w1mag,0.0
glat pl_ntranspec sy_w3mag,0.0
glat pl_ntranspec sy_w4mag,0.0
glat pl_ntranspec sy_plx,-0.0
glat pl_ntranspec st_logg,0.0
glat pl_ntranspec st_mass,0.0
glat pl_ntranspec soltype_Kepler Project Candidate (q1_q17_dr25_koi),0.0
glat pl_ntranspec soltype_Published Confirmed,0.0
glat pl_ntranspec pl_tsystemref_BJD,0.0
glat pl_ntranspec pl_tsystemref_BJD-TDB,-0.0
glat pl_ntranspec pl_tsystemref_BJD-UTC,0.0
glat pl_ntranspec pl_tsystemref_HJD,0.0
glat pl_ntranspec pl_tsystemref_JD,0.0
glat pl_ndispec^2,0.0
glat pl_ndispec release_year,0.0
glat pl_ndispec st_nphot,0.0
glat pl_ndispec st_nrvc,0.0
glat pl_ndispec pl_controv_flag,0.0
glat pl_ndispec disc_year,0.0
glat pl_ndispec sy_tmag,0.0
glat pl_ndispec sy_kmag,0.0
glat pl_ndispec sy_jmag,0.0
glat pl_ndispec sy_hmag,0.0
glat pl_ndispec sy_vmag,0.0
glat pl_ndispec sy_pm,0.0
glat pl_ndispec sy_pmdec,0.0
glat pl_ndispec sy_pmra,0.0
glat pl_ndispec pl_orbper,0.0
glat pl_ndispec sy_gaiamag,0.0
glat pl_ndispec st_rad,0.0
glat pl_ndispec sy_bmag,0.0
glat pl_ndispec sy_dist,0.0
glat pl_ndispec st_teff,0.0
glat pl_ndispec sy_w2mag,0.0
glat pl_ndispec sy_w1mag,0.0
glat pl_ndispec sy_w3mag,0.0
glat pl_ndispec sy_w4mag,0.0
glat pl_ndispec sy_plx,0.0
glat pl_ndispec st_logg,0.0
glat pl_ndispec st_mass,0.0
glat pl_ndispec soltype_Kepler Project Candidate (q1_q17_dr25_koi),0.0
glat pl_ndispec soltype_Published Confirmed,0.0
glat pl_ndispec pl_tsystemref_BJD,0.0
glat pl_ndispec pl_tsystemref_BJD-TDB,0.0
glat pl_ndispec pl_tsystemref_BJD-UTC,0.0
glat pl_ndispec pl_tsystemref_HJD,0.0
glat pl_ndispec pl_tsystemref_JD,0.0
glat release_year^2,-0.0
glat release_year st_nphot,0.0
glat release_year st_nrvc,0.0
glat release_year pl_controv_flag,-0.0
glat release_year disc_year,-0.0
glat release_year sy_tmag,-0.0
glat release_year sy_kmag,-0.0
glat release_year sy_jmag,-0.0
glat release_year sy_hmag,-0.0
glat release_year sy_vmag,-0.0
glat release_year sy_pm,-0.0
glat release_year sy_pmdec,-0.0
glat release_year sy_pmra,-0.0
glat release_year pl_orbper,0.0
glat release_year sy_gaiamag,-0.0
glat release_year st_rad,-0.0
glat release_year sy_bmag,-0.0
glat release_year sy_dist,-0.0
glat release_year st_teff,-0.0
glat release_year sy_w2mag,-0.0
glat release_year sy_w1mag,-0.0
glat release_year sy_w3mag,-0.0
glat release_year sy_w4mag,-0.0
glat release_year sy_plx,-0.0
glat release_year st_logg,-0.0
glat release_year st_mass,-0.0
glat release_year soltype_Kepler Project Candidate (q1_q17_dr25_koi),-0.0
glat release_year soltype_Published Confirmed,-0.0
glat release_year pl_tsystemref_BJD,-0.0
glat release_year pl_tsystemref_BJD-TDB,0.0
glat release_year pl_tsystemref_BJD-UTC,-0.0
glat release_year pl_tsystemref_HJD,0.0
glat release_year pl_tsystemref_JD,-0.0
glat st_nphot^2,0.0
glat st_nphot st_nrvc,0.0
glat st_nphot pl_controv_flag,0.0
glat st_nphot disc_year,0.0
glat st_nphot sy_tmag,0.0
glat st_nphot sy_kmag,0.0
glat st_nphot sy_jmag,0.0
glat st_nphot sy_hmag,0.0
glat st_nphot sy_vmag,0.0
glat st_nphot sy_pm,0.0
glat st_nphot sy_pmdec,-0.0
glat st_nphot sy_pmra,0.0
glat st_nphot pl_orbper,0.0
glat st_nphot sy_gaiamag,0.0
glat st_nphot st_rad,0.0
glat st_nphot sy_bmag,0.0
glat st_nphot sy_dist,0.0
glat st_nphot st_teff,0.0
glat st_nphot sy_w2mag,0.0
glat st_nphot sy_w1mag,0.0
glat st_nphot sy_w3mag,0.0
glat st_nphot sy_w4mag,0.0
glat st_nphot sy_plx,0.0
glat st_nphot st_logg,0.0
glat st_nphot st_mass,0.0
glat st_nphot soltype_Kepler Project Candidate (q1_q17_dr25_koi),0.0
glat st_nphot soltype_Published Confirmed,0.0
glat st_nphot pl_tsystemref_BJD,0.0
glat st_nphot pl_tsystemref_BJD-TDB,0.0
glat st_nphot pl_tsystemref_BJD-UTC,0.0
glat st_nphot pl_tsystemref_HJD,-0.0
glat st_nphot pl_tsystemref_JD,0.0
glat st_nrvc^2,0.0
glat st_nrvc pl_controv_flag,0.0
glat st_nrvc disc_year,0.0
glat st_nrvc sy_tmag,0.0
glat st_nrvc sy_kmag,0.0
glat st_nrvc sy_jmag,0.0
glat st_nrvc sy_hmag,0.0
glat st_nrvc sy_vmag,0.0
glat st_nrvc sy_pm,-0.0
glat st_nrvc sy_pmdec,-0.0
glat st_nrvc sy_pmra,0.0
glat st_nrvc pl_orbper,-0.0
glat st_nrvc sy_gaiamag,0.0
glat st_nrvc st_rad,0.0
glat st_nrvc sy_bmag,0.0
glat st_nrvc sy_dist,0.010066093742404495
glat st_nrvc st_teff,0.0
glat st_nrvc sy_w2mag,0.0
glat st_nrvc sy_w1mag,0.0
glat st_nrvc sy_w3mag,0.0
glat st_nrvc sy_w4mag,0.0
glat st_nrvc sy_plx,-0.0
glat st_nrvc st_logg,0.0
glat st_nrvc st_mass,0.0
glat st_nrvc soltype_Kepler Project Candidate (q1_q17_dr25_koi),0.0
glat st_nrvc soltype_Published Confirmed,0.0
glat st_nrvc pl_tsystemref_BJD,0.0
glat st_nrvc pl_tsystemref_BJD-TDB,0.0
glat st_nrvc pl_tsystemref_BJD-UTC,0.0
glat st_nrvc pl_tsystemref_HJD,0.0
glat st_nrvc pl_tsystemref_JD,0.0
glat pl_controv_flag^2,-0.0
glat pl_controv_flag disc_year,-0.0
glat pl_controv_flag sy_tmag,-0.0
glat pl_controv_flag sy_kmag,-0.0
glat pl_controv_flag sy_jmag,-0.0
glat pl_controv_flag sy_hmag,-0.0
glat pl_controv_flag sy_vmag,-0.0
glat pl_controv_flag sy_pm,-0.0
glat pl_controv_flag sy_pmdec,-0.0
glat pl_controv_flag sy_pmra,-0.0
glat pl_controv_flag pl_orbper,-0.0
glat pl_controv_flag sy_gaiamag,-0.0
glat pl_controv_flag st_rad,-0.0
glat pl_controv_flag sy_bmag,-0.0
glat pl_controv_flag sy_dist,0.0
glat pl_controv_flag st_teff,-0.0
glat pl_controv_flag sy_w2mag,-0.0
glat pl_controv_flag sy_w1mag,-0.0
glat pl_controv_flag sy_w3mag,-0.0
glat pl_controv_flag sy_w4mag,-0.0
glat pl_controv_flag sy_plx,-0.0
glat pl_controv_flag st_logg,-0.0
glat pl_controv_flag st_mass,-0.0
glat pl_controv_flag soltype_Kepler Project Candidate (q1_q17_dr25_koi),0.0
glat pl_controv_flag soltype_Published Confirmed,-0.0
glat pl_controv_flag pl_tsystemref_BJD,-0.0
glat pl_controv_flag pl_tsystemref_BJD-TDB,0.0
glat pl_controv_flag pl_tsystemref_BJD-UTC,-0.0
glat pl_controv_flag pl_tsystemref_HJD,0.0
glat pl_controv_flag pl_tsystemref_JD,0.0
glat disc_year^2,-0.0
glat disc_year sy_tmag,-0.0
glat disc_year sy_kmag,-0.0
glat disc_year sy_jmag,-0.0
glat disc_year sy_hmag,-0.0
glat disc_year sy_vmag,-0.0
glat disc_year sy_pm,-0.0
glat disc_year sy_pmdec,-0.0
glat disc_year sy_pmra,-0.0
glat disc_year pl_orbper,0.0
glat disc_year sy_gaiamag,-0.0
glat disc_year st_rad,-0.0
glat disc_year sy_bmag,-0.0
glat disc_year sy_dist,-0.0
glat disc_year st_teff,-0.0
glat disc_year sy_w2mag,-0.0
glat disc_year sy_w1mag,-0.0
glat disc_year sy_w3mag,-0.0
glat disc_year sy_w4mag,-0.0
glat disc_year sy_plx,-0.0
glat disc_year st_logg,-0.0
glat disc_year st_mass,-0.0
glat disc_year soltype_Kepler Project Candidate (q1_q17_dr25_koi),-0.0
glat disc_year soltype_Published Confirmed,-0.0
glat disc_year pl_tsystemref_BJD,-0.0
glat disc_year pl_tsystemref_BJD-TDB,0.0
glat disc_year pl_tsystemref_BJD-UTC,-0.0
glat disc_year pl_tsystemref_HJD,0.0
glat disc_year pl_tsystemref_JD,-0.0
glat sy_tmag^2,-0.0
glat sy_tmag sy_kmag,-0.0
glat sy_tmag sy_jmag,-0.0
glat sy_tmag sy_hmag,-0.0
glat sy_tmag sy_vmag,-0.0
glat sy_tmag sy_pm,-0.0
glat sy_tmag sy_pmdec,-0.0
glat sy_tmag sy_pmra,-0.0
glat sy_tmag pl_orbper,0.0
glat sy_tmag sy_gaiamag,-0.0
glat sy_tmag st_rad,-0.0
glat sy_tmag sy_bmag,-0.0
glat sy_tmag sy_dist,0.0
glat sy_tmag st_teff,-0.0
glat sy_tmag sy_w2mag,-0.0
glat sy_tmag sy_w1mag,-0.0
glat sy_tmag sy_w3mag,-0.0
glat sy_tmag sy_w4mag,-0.0
glat sy_tmag sy_plx,-0.0
glat sy_tmag st_logg,-0.0
glat sy_tmag st_mass,-0.0
glat sy_tmag soltype_Kepler Project Candidate (q1_q17_dr25_koi),-0.0
glat sy_tmag soltype_Published Confirmed,-0.0
glat sy_tmag pl_tsystemref_BJD,-0.0
glat sy_tmag pl_tsystemref_BJD-TDB,0.0
glat sy_tmag pl_tsystemref_BJD-UTC,-0.0
glat sy_tmag pl_tsystemref_HJD,0.0
glat sy_tmag pl_tsystemref_JD,-0.0
glat sy_kmag^2,-0.0
glat sy_kmag sy_jmag,-0.0
glat sy_kmag sy_hmag,-0.0
glat sy_kmag sy_vmag,-0.0
glat sy_kmag sy_pm,-0.0
glat sy_kmag sy_pmdec,-0.0
glat sy_kmag sy_pmra,-0.0
glat sy_kmag pl_orbper,0.0
glat sy_kmag sy_gaiamag,-0.0
glat sy_kmag st_rad,-0.0
glat sy_kmag sy_bmag,-0.0
glat sy_kmag sy_dist,0.0
glat sy_kmag st_teff,-0.0
glat sy_kmag sy_w2mag,-0.0
glat sy_kmag sy_w1mag,-0.0
glat sy_kmag sy_w3mag,-0.0
glat sy_kmag sy_w4mag,-0.0
glat sy_kmag sy_plx,-0.0
glat sy_kmag st_logg,-0.0
glat sy_kmag st_mass,-0.0
glat sy_kmag soltype_Kepler Project Candidate (q1_q17_dr25_koi),-0.0
glat sy_kmag soltype_Published Confirmed,-0.0
glat sy_kmag pl_tsystemref_BJD,-0.0
glat sy_kmag pl_tsystemref_BJD-TDB,0.0
glat sy_kmag pl_tsystemref_BJD-UTC,-0.0
glat sy_kmag pl_tsystemref_HJD,0.0
glat sy_kmag pl_tsystemref_JD,-0.0
glat sy_jmag^2,-0.0
glat sy_jmag sy_hmag,-0.0
glat sy_jmag sy_vmag,-0.0
glat sy_jmag sy_pm,-0.0
glat sy_jmag sy_pmdec,-0.0
glat sy_jmag sy_pmra,-0.0
glat sy_jmag pl_orbper,0.0
glat sy_jmag sy_gaiamag,-0.0
glat sy_jmag st_rad,-0.0
glat sy_jmag sy_bmag,-0.0
glat sy_jmag sy_dist,0.0
glat sy_jmag st_teff,-0.0
glat sy_jmag sy_w2mag,-0.0
glat sy_jmag sy_w1mag,-0.0
glat sy_jmag sy_w3mag,-0.0
glat sy_jmag sy_w4mag,-0.0
glat sy_jmag sy_plx,-0.0
glat sy_jmag st_logg,-0.0
glat sy_jmag st_mass,-0.0
glat sy_jmag soltype_Kepler Project Candidate (q1_q17_dr25_koi),-0.0
glat sy_jmag soltype_Published Confirmed,-0.0
glat sy_jmag pl_tsystemref_BJD,-0.0
glat sy_jmag pl_tsystemref_BJD-TDB,0.0
glat sy_jmag pl_tsystemref_BJD-UTC,-0.0
glat sy_jmag pl_tsystemref_HJD,0.0
glat sy_jmag pl_tsystemref_JD,-0.0
glat sy_hmag^2,-0.0
glat sy_hmag sy_vmag,-0.0
glat sy_hmag sy_pm,-0.0
glat sy_hmag sy_pmdec,-0.0
glat sy_hmag sy_pmra,-0.0
glat sy_hmag pl_orbper,0.0
glat sy_hmag sy_gaiamag,-0.0
glat sy_hmag st_rad,-0.0
glat sy_hmag sy_bmag,-0.0
glat sy_hmag sy_dist,0.0
glat sy_hmag st_teff,-0.0
glat sy_hmag sy_w2mag,-0.0
glat sy_hmag sy_w1mag,-0.0
glat sy_hmag sy_w3mag,-0.0
glat sy_hmag sy_w4mag,-0.0
glat sy_hmag sy_plx,-0.0
glat sy_hmag st_logg,-0.0
glat sy_hmag st_mass,-0.0
glat sy_hmag soltype_Kepler Project Candidate (q1_q17_dr25_koi),-0.0
glat sy_hmag soltype_Published Confirmed,-0.0
glat sy_hmag pl_tsystemref_BJD,-0.0
glat sy_hmag pl_tsystemref_BJD-TDB,0.0
glat sy_hmag pl_tsystemref_BJD-UTC,-0.0
glat sy_hmag pl_tsystemref_HJD,0.0
glat sy_hmag pl_tsystemref_JD,-0.0
glat sy_vmag^2,-0.0
glat sy_vmag sy_pm,-0.0
glat sy_vmag sy_pmdec,-0.0
glat sy_vmag sy_pmra,-0.0
glat sy_vmag pl_orbper,0.0
glat sy_vmag sy_gaiamag,-0.0
glat sy_vmag st_rad,-0.0
glat sy_vmag sy_bmag,-0.0
glat sy_vmag sy_dist,0.0
glat sy_vmag st_teff,-0.0
glat sy_vmag sy_w2mag,-0.0
glat sy_vmag sy_w1mag,-0.0
glat sy_vmag sy_w3mag,-0.0
glat sy_vmag sy_w4mag,-0.0
glat sy_vmag sy_plx,-0.0
glat sy_vmag st_logg,-0.0
glat sy_vmag st_mass,-0.0
glat sy_vmag soltype_Kepler Project Candidate (q1_q17_dr25_koi),-0.0
glat sy_vmag soltype_Published Confirmed,-0.0
glat sy_vmag pl_tsystemref_BJD,-0.0
glat sy_vmag pl_tsystemref_BJD-TDB,0.0
glat sy_vmag pl_tsystemref_BJD-UTC,-0.0
glat sy_vmag pl_tsystemref_HJD,0.0
glat sy_vmag pl_tsystemref_JD,-0.0
glat sy_pm^2,-0.0
glat sy_pm sy_pmdec,0.0
glat sy_pm sy_pmra,-0.0
glat sy_pm pl_orbper,-0.0
glat sy_pm sy_gaiamag,-0.0
glat sy_pm st_rad,-0.0
glat sy_pm sy_bmag,-0.0
glat sy_pm sy_dist,-0.0
glat sy_pm st_teff,-0.0
glat sy_pm sy_w2mag,-0.0
glat sy_pm sy_w1mag,-0.0
glat sy_pm sy_w3mag,-0.0
glat sy_pm sy_w4mag,-0.0
glat sy_pm sy_plx,-0.0
glat sy_pm st_logg,-0.0
glat sy_pm st_mass,-0.0
glat sy_pm soltype_Kepler Project Candidate (q1_q17_dr25_koi),-0.0
glat sy_pm soltype_Published Confirmed,-0.0
glat sy_pm pl_tsystemref_BJD,-0.0
glat sy_pm pl_tsystemref_BJD-TDB,0.0
glat sy_pm pl_tsystemref_BJD-UTC,-0.0
glat sy_pm pl_tsystemref_HJD,0.0
glat sy_pm pl_tsystemref_JD,-0.0
glat sy_pmdec^2,-0.0
glat sy_pmdec sy_pmra,0.0
glat sy_pmdec pl_orbper,-0.0
glat sy_pmdec sy_gaiamag,-0.0
glat sy_pmdec st_rad,-0.0
glat sy_pmdec sy_bmag,-0.0
glat sy_pmdec sy_dist,-0.0
glat sy_pmdec st_teff,-0.0
glat sy_pmdec sy_w2mag,-0.0
glat sy_pmdec sy_w1mag,-0.0
glat sy_pmdec sy_w3mag,0.0
glat sy_pmdec sy_w4mag,0.0
glat sy_pmdec sy_plx,-0.0
glat sy_pmdec st_logg,0.0
glat sy_pmdec st_mass,-0.0
glat sy_pmdec soltype_Kepler Project Candidate (q1_q17_dr25_koi),0.0
glat sy_pmdec soltype_Published Confirmed,-0.0
glat sy_pmdec pl_tsystemref_BJD,0.0
glat sy_pmdec pl_tsystemref_BJD-TDB,-0.0
glat sy_pmdec pl_tsystemref_BJD-UTC,-0.0
glat sy_pmdec pl_tsystemref_HJD,-0.0
glat sy_pmdec pl_tsystemref_JD,0.0
glat sy_pmra^2,-0.0
glat sy_pmra pl_orbper,0.0
glat sy_pmra sy_gaiamag,-0.0
glat sy_pmra st_rad,-0.0
glat sy_pmra sy_bmag,-0.0
glat sy_pmra sy_dist,-0.0005665476963312872
glat sy_pmra st_teff,-0.0
glat sy_pmra sy_w2mag,-0.0
glat sy_pmra sy_w1mag,-0.0
glat sy_pmra sy_w3mag,-0.0
glat sy_pmra sy_w4mag,-0.0
glat sy_pmra sy_plx,-0.0
glat sy_pmra st_logg,-0.0
glat sy_pmra st_mass,-0.0
glat sy_pmra soltype_Kepler Project Candidate (q1_q17_dr25_koi),0.0
glat sy_pmra soltype_Published Confirmed,-0.0
glat sy_pmra pl_tsystemref_BJD,-0.0
glat sy_pmra pl_tsystemref_BJD-TDB,-0.0
glat sy_pmra pl_tsystemref_BJD-UTC,-0.0
glat sy_pmra pl_tsystemref_HJD,-0.0
glat sy_pmra pl_tsystemref_JD,-0.0
glat pl_orbper^2,-0.0
glat pl_orbper sy_gaiamag,0.0
glat pl_orbper st_rad,-0.0
glat pl_orbper sy_bmag,0.0
glat pl_orbper sy_dist,0.0
glat pl_orbper st_teff,0.0
glat pl_orbper sy_w2mag,0.0
glat pl_orbper sy_w1mag,0.0
glat pl_orbper sy_w3mag,0.0
glat pl_orbper sy_w4mag,0.0
glat pl_orbper sy_plx,0.0
glat pl_orbper st_logg,0.0
glat pl_orbper st_mass,0.0
glat pl_orbper soltype_Kepler Project Candidate (q1_q17_dr25_koi),0.0
glat pl_orbper soltype_Published Confirmed,0.0
glat pl_orbper pl_tsystemref_BJD,-0.0
glat pl_orbper pl_tsystemref_BJD-TDB,0.0
glat pl_orbper pl_tsystemref_BJD-UTC,-0.0
glat pl_orbper pl_tsystemref_HJD,0.0
glat pl_orbper pl_tsystemref_JD,0.0
glat sy_gaiamag^2,-0.0
glat sy_gaiamag st_rad,-0.0
glat sy_gaiamag sy_bmag,-0.0
glat sy_gaiamag sy_dist,0.0
glat sy_gaiamag st_teff,-0.0
glat sy_gaiamag sy_w2mag,-0.0
glat sy_gaiamag sy_w1mag,-0.0
glat sy_gaiamag sy_w3mag,-0.0
glat sy_gaiamag sy_w4mag,-0.0
glat sy_gaiamag sy_plx,-0.0
glat sy_gaiamag st_logg,-0.0
glat sy_gaiamag st_mass,-0.0
glat sy_gaiamag soltype_Kepler Project Candidate (q1_q17_dr25_koi),-0.0
glat sy_gaiamag soltype_Published Confirmed,-0.0
glat sy_gaiamag pl_tsystemref_BJD,-0.0
glat sy_gaiamag pl_tsystemref_BJD-TDB,0.0
glat sy_gaiamag pl_tsystemref_BJD-UTC,-0.0
glat sy_gaiamag pl_tsystemref_HJD,0.0
glat sy_gaiamag pl_tsystemref_JD,-0.0
glat st_rad^2,0.0
glat st_rad sy_bmag,-0.0
glat st_rad sy_dist,-0.0
glat st_rad st_teff,-0.0
glat st_rad sy_w2mag,-0.0
glat st_rad sy_w1mag,-0.0
glat st_rad sy_w3mag,-0.0
glat st_rad sy_w4mag,-0.0
glat st_rad sy_plx,-0.0
glat st_rad st_logg,-0.0
glat st_rad st_mass,-0.0
glat st_rad soltype_Kepler Project Candidate (q1_q17_dr25_koi),-0.0
glat st_rad soltype_Published Confirmed,-0.0
glat st_rad pl_tsystemref_BJD,-0.0
glat st_rad pl_tsystemref_BJD-TDB,0.0
glat st_rad pl_tsystemref_BJD-UTC,-0.0
glat st_rad pl_tsystemref_HJD,0.0
glat st_rad pl_tsystemref_JD,-0.0
glat sy_bmag^2,-0.0
glat sy_bmag sy_dist,0.0
glat sy_bmag st_teff,-0.0
glat sy_bmag sy_w2mag,-0.0
glat sy_bmag sy_w1mag,-0.0
glat sy_bmag sy_w3mag,-0.0
glat sy_bmag sy_w4mag,-0.0
glat sy_bmag sy_plx,-0.0
glat sy_bmag st_logg,-0.0
glat sy_bmag st_mass,-0.0
glat sy_bmag soltype_Kepler Project Candidate (q1_q17_dr25_koi),-0.0
glat sy_bmag soltype_Published Confirmed,-0.0
glat sy_bmag pl_tsystemref_BJD,-0.0
glat sy_bmag pl_tsystemref_BJD-TDB,0.0
glat sy_bmag pl_tsystemref_BJD-UTC,-0.0
glat sy_bmag pl_tsystemref_HJD,0.0
glat sy_bmag pl_tsystemref_JD,-0.0
glat sy_dist^2,0.0
glat sy_dist st_teff,-0.0
glat sy_dist sy_w2mag,0.0
glat sy_dist sy_w1mag,0.0
glat sy_dist sy_w3mag,-0.0
glat sy_dist sy_w4mag,-0.0
glat sy_dist sy_plx,-0.0
glat sy_dist st_logg,-0.0
glat sy_dist st_mass,-0.0
glat sy_dist soltype_Kepler Project Candidate (q1_q17_dr25_koi),-0.0
glat sy_dist soltype_Published Confirmed,0.0
glat sy_dist pl_tsystemref_BJD,-0.0
glat sy_dist pl_tsystemref_BJD-TDB,0.0
glat sy_dist pl_tsystemref_BJD-UTC,0.0
glat sy_dist pl_tsystemref_HJD,0.0
glat sy_dist pl_tsystemref_JD,-0.0
glat st_teff^2,-0.0
glat st_teff sy_w2mag,-0.0
glat st_teff sy_w1mag,-0.0
glat st_teff sy_w3mag,-0.0
glat st_teff sy_w4mag,-0.0
glat st_teff sy_plx,-0.0
glat st_teff st_logg,-0.0
glat st_teff st_mass,-0.0
glat st_teff soltype_Kepler Project Candidate (q1_q17_dr25_koi),-0.0
glat st_teff soltype_Published Confirmed,-0.0
glat st_teff pl_tsystemref_BJD,-0.0
glat st_teff pl_tsystemref_BJD-TDB,0.0
glat st_teff pl_tsystemref_BJD-UTC,-0.0
glat st_teff pl_tsystemref_HJD,0.0
glat st_teff pl_tsystemref_JD,-0.0
glat sy_w2mag^2,-0.0
glat sy_w2mag sy_w1mag,-0.0
glat sy_w2mag sy_w3mag,-0.0
glat sy_w2mag sy_w4mag,-0.0
glat sy_w2mag sy_plx,-0.0
glat sy_w2mag st_logg,-0.0
glat sy_w2mag st_mass,-0.0
glat sy_w2mag soltype_Kepler Project Candidate (q1_q17_dr25_koi),-0.0
glat sy_w2mag soltype_Published Confirmed,-0.0
glat sy_w2mag pl_tsystemref_BJD,-0.0
glat sy_w2mag pl_tsystemref_BJD-TDB,0.0
glat sy_w2mag pl_tsystemref_BJD-UTC,-0.0
glat sy_w2mag pl_tsystemref_HJD,0.0
glat sy_w2mag pl_tsystemref_JD,-0.0
glat sy_w1mag^2,-0.0
glat sy_w1mag sy_w3mag,-0.0
glat sy_w1mag sy_w4mag,-0.0
glat sy_w1mag sy_plx,-0.0
glat sy_w1mag st_logg,-0.0
glat sy_w1mag st_mass,-0.0
glat sy_w1mag soltype_Kepler Project Candidate (q1_q17_dr25_koi),-0.0
glat sy_w1mag soltype_Published Confirmed,-0.0
glat sy_w1mag pl_tsystemref_BJD,-0.0
glat sy_w1mag pl_tsystemref_BJD-TDB,0.0
glat sy_w1mag pl_tsystemref_BJD-UTC,-0.0
glat sy_w1mag pl_tsystemref_HJD,0.0
glat sy_w1mag pl_tsystemref_JD,-0.0
glat sy_w3mag^2,-0.0
glat sy_w3mag sy_w4mag,-0.0
glat sy_w3mag sy_plx,-0.0
glat sy_w3mag st_logg,-0.0
glat sy_w3mag st_mass,-0.0
glat sy_w3mag soltype_Kepler Project Candidate (q1_q17_dr25_koi),-0.0
glat sy_w3mag soltype_Published Confirmed,-0.0
glat sy_w3mag pl_tsystemref_BJD,-0.0
glat sy_w3mag pl_tsystemref_BJD-TDB,0.0
glat sy_w3mag pl_tsystemref_BJD-UTC,-0.0
glat sy_w3mag pl_tsystemref_HJD,0.0
glat sy_w3mag pl_tsystemref_JD,-0.0
glat sy_w4mag^2,-0.0
glat sy_w4mag sy_plx,-0.0
glat sy_w4mag st_logg,-0.0
glat sy_w4mag st_mass,-0.0
glat sy_w4mag soltype_Kepler Project Candidate (q1_q17_dr25_koi),-0.0
glat sy_w4mag soltype_Published Confirmed,-0.0
glat sy_w4mag pl_tsystemref_BJD,-0.0
glat sy_w4mag pl_tsystemref_BJD-TDB,0.0
glat sy_w4mag pl_tsystemref_BJD-UTC,-0.0
glat sy_w4mag pl_tsystemref_HJD,0.0
glat sy_w4mag pl_tsystemref_JD,-0.0
glat sy_plx^2,-0.0
glat sy_plx st_logg,-0.0
glat sy_plx st_mass,-0.0
glat sy_plx soltype_Kepler Project Candidate (q1_q17_dr25_koi),-0.0
glat sy_plx soltype_Published Confirmed,-0.0
glat sy_plx pl_tsystemref_BJD,-0.0
glat sy_plx pl_tsystemref_BJD-TDB,0.0
glat sy_plx pl_tsystemref_BJD-UTC,-0.0
glat sy_plx pl_tsystemref_HJD,0.0
glat sy_plx pl_tsystemref_JD,-0.0
glat st_logg^2,-0.0
glat st_logg st_mass,-0.0
glat st_logg soltype_Kepler Project Candidate (q1_q17_dr25_koi),-0.0
glat st_logg soltype_Published Confirmed,-0.0
glat st_logg pl_tsystemref_BJD,-0.0
glat st_logg pl_tsystemref_BJD-TDB,0.0
glat st_logg pl_tsystemref_BJD-UTC,-0.0
glat st_logg pl_tsystemref_HJD,0.0
glat st_logg pl_tsystemref_JD,-0.0
glat st_mass^2,-0.0
glat st_mass soltype_Kepler Project Candidate (q1_q17_dr25_koi),-0.0
glat st_mass soltype_Published Confirmed,-0.0
glat st_mass pl_tsystemref_BJD,-0.0
glat st_mass pl_tsystemref_BJD-TDB,0.0
glat st_mass pl_tsystemref_BJD-UTC,-0.0
glat st_mass pl_tsystemref_HJD,0.0
glat st_mass pl_tsystemref_JD,-0.0
glat soltype_Kepler Project Candidate (q1_q17_dr25_koi)^2,-0.0
glat soltype_Kepler Project Candidate (q1_q17_dr25_koi) soltype_Published Confirmed,0.0
glat soltype_Kepler Project Candidate (q1_q17_dr25_koi) pl_tsystemref_BJD,-0.0
glat soltype_Kepler Project Candidate (q1_q17_dr25_koi) pl_tsystemref_BJD-TDB,0.0
glat soltype_Kepler Project Candidate (q1_q17_dr25_koi) pl_tsystemref_BJD-UTC,0.0
glat soltype_Kepler Project Candidate (q1_q17_dr25_koi) pl_tsystemref_HJD,0.0
glat soltype_Kepler Project Candidate (q1_q17_dr25_koi) pl_tsystemref_JD,0.0
glat soltype_Published Confirmed^2,-0.0
glat soltype_Published Confirmed pl_tsystemref_BJD,-0.0
glat soltype_Published Confirmed pl_tsystemref_BJD-TDB,0.0
glat soltype_Published Confirmed pl_tsystemref_BJD-UTC,-0.0
glat soltype_Published Confirmed pl_tsystemref_HJD,0.0
glat soltype_Published Confirmed pl_tsystemref_JD,-0.0
glat pl_tsystemref_BJD^2,-0.0
glat pl_tsystemref_BJD pl_tsystemref_BJD-TDB,0.0
glat pl_tsystemref_BJD pl_tsystemref_BJD-UTC,0.0
glat pl_tsystemref_BJD pl_tsystemref_HJD,0.0
glat pl_tsystemref_BJD pl_tsystemref_JD,0.0
glat pl_tsystemref_BJD-TDB^2,0.0
glat pl_tsystemref_BJD-TDB pl_tsystemref_BJD-UTC,0.0
glat pl_tsystemref_BJD-TDB pl_tsystemref_HJD,0.0
glat pl_tsystemref_BJD-TDB pl_tsystemref_JD,0.0
glat pl_tsystemref_BJD-UTC^2,-0.0
glat pl_tsystemref_BJD-UTC pl_tsystemref_HJD,0.0
glat pl_tsystemref_BJD-UTC pl_tsystemref_JD,0.0
glat pl_tsystemref_HJD^2,0.0
glat pl_tsystemref_HJD pl_tsystemref_JD,0.0
glat pl_tsystemref_JD^2,-0.0
dec^3,-0.0
dec^2 ra,-0.0
dec^2 st_nspec,0.0
dec^2 pl_nespec,0.0
dec^2 pl_ntranspec,0.0
dec^2 pl_ndispec,0.0
dec^2 release_year,-0.0
dec^2 st_nphot,0.0
dec^2 st_nrvc,0.0
dec^2 pl_controv_flag,-0.0
dec^2 disc_year,-0.0
dec^2 sy_tmag,-0.0
dec^2 sy_kmag,-0.0
dec^2 sy_jmag,-0.0
dec^2 sy_hmag,-0.0
dec^2 sy_vmag,-0.0
dec^2 sy_pm,-0.0
dec^2 sy_pmdec,-0.0
dec^2 sy_pmra,-0.0
dec^2 pl_orbper,0.0
dec^2 sy_gaiamag,-0.0
dec^2 st_rad,-0.0
dec^2 sy_bmag,-0.0
dec^2 sy_dist,0.0
dec^2 st_teff,-0.0
dec^2 sy_w2mag,-0.0
dec^2 sy_w1mag,-0.0
dec^2 sy_w3mag,-0.0
dec^2 sy_w4mag,-0.0
dec^2 sy_plx,-0.0
dec^2 st_logg,-0.0
dec^2 st_mass,-0.0
dec^2 soltype_Kepler Project Candidate (q1_q17_dr25_koi),-0.0
dec^2 soltype_Published Confirmed,-0.0
dec^2 pl_tsystemref_BJD,0.0
dec^2 pl_tsystemref_BJD-TDB,0.0
dec^2 pl_tsystemref_BJD-UTC,-0.0
dec^2 pl_tsystemref_HJD,0.0
dec^2 pl_tsystemref_JD,-0.0
dec ra^2,-0.0
dec ra st_nspec,0.0
dec ra pl_nespec,0.0
dec ra pl_ntranspec,0.0
dec ra pl_ndispec,0.0
dec ra release_year,-0.0
dec ra st_nphot,0.0
dec ra st_nrvc,0.0
dec ra pl_controv_flag,-0.0
dec ra disc_year,-0.0
dec ra sy_tmag,-0.0
dec ra sy_kmag,-0.0
dec ra sy_jmag,-0.0
dec ra sy_hmag,-0.0
dec ra sy_vmag,-0.0
dec ra sy_pm,-0.0
dec ra sy_pmdec,-0.0
dec ra sy_pmra,-0.0
dec ra pl_orbper,0.0
dec ra sy_gaiamag,-0.0
dec ra st_rad,-0.0
dec ra sy_bmag,-0.0
dec ra sy_dist,0.0
dec ra st_teff,-0.0
dec ra sy_w2mag,-0.0
dec ra sy_w1mag,-0.0
dec ra sy_w3mag,-0.0
dec ra sy_w4mag,-0.0
dec ra sy_plx,-0.0
dec ra st_logg,-0.0
dec ra st_mass,-0.0
dec ra soltype_Kepler Project Candidate (q1_q17_dr25_koi),-0.0
dec ra soltype_Published Confirmed,-0.0
dec ra pl_tsystemref_BJD,-0.0
dec ra pl_tsystemref_BJD-TDB,0.0
dec ra pl_tsystemref_BJD-UTC,-0.0
dec ra pl_tsystemref_HJD,0.0
dec ra pl_tsystemref_JD,-0.0
dec st_nspec^2,0.0
dec st_nspec pl_nespec,0.0
dec st_nspec pl_ntranspec,0.0
dec st_nspec pl_ndispec,0.0
dec st_nspec release_year,0.0
dec st_nspec st_nphot,0.0
dec st_nspec st_nrvc,0.0
dec st_nspec pl_controv_flag,0.0
dec st_nspec disc_year,0.0
dec st_nspec sy_tmag,0.0
dec st_nspec sy_kmag,0.0
dec st_nspec sy_jmag,0.0
dec st_nspec sy_hmag,0.0
dec st_nspec sy_vmag,0.0
dec st_nspec sy_pm,0.0
dec st_nspec sy_pmdec,-0.0
dec st_nspec sy_pmra,0.0
dec st_nspec pl_orbper,0.0
dec st_nspec sy_gaiamag,0.0
dec st_nspec st_rad,0.0
dec st_nspec sy_bmag,0.0
dec st_nspec sy_dist,0.0
dec st_nspec st_teff,0.0
dec st_nspec sy_w2mag,0.0
dec st_nspec sy_w1mag,0.0
dec st_nspec sy_w3mag,0.0
dec st_nspec sy_w4mag,0.0
dec st_nspec sy_plx,0.0
dec st_nspec st_logg,0.0
dec st_nspec st_mass,0.0
dec st_nspec soltype_Kepler Project Candidate (q1_q17_dr25_koi),0.0
dec st_nspec soltype_Published Confirmed,0.0
dec st_nspec pl_tsystemref_BJD,0.0
dec st_nspec pl_tsystemref_BJD-TDB,0.0
dec st_nspec pl_tsystemref_BJD-UTC,0.0
dec st_nspec pl_tsystemref_HJD,0.0
dec st_nspec pl_tsystemref_JD,0.0
dec pl_nespec^2,0.0
dec pl_nespec pl_ntranspec,0.0
dec pl_nespec pl_ndispec,0.0
dec pl_nespec release_year,0.0
dec pl_nespec st_nphot,0.0
dec pl_nespec st_nrvc,0.0
dec pl_nespec pl_controv_flag,0.0
dec pl_nespec disc_year,0.0
dec pl_nespec sy_tmag,0.0
dec pl_nespec sy_kmag,0.0
dec pl_nespec sy_jmag,0.0
dec pl_nespec sy_hmag,0.0
dec pl_nespec sy_vmag,0.0
dec pl_nespec sy_pm,0.0
dec pl_nespec sy_pmdec,-0.0
dec pl_nespec sy_pmra,-0.0
dec pl_nespec pl_orbper,0.0
dec pl_nespec sy_gaiamag,0.0
dec pl_nespec st_rad,0.0
dec pl_nespec sy_bmag,0.0
dec pl_nespec sy_dist,0.0
dec pl_nespec st_teff,0.0
dec pl_nespec sy_w2mag,0.0
dec pl_nespec sy_w1mag,0.0
dec pl_nespec sy_w3mag,0.0
dec pl_nespec sy_w4mag,0.0
dec pl_nespec sy_plx,0.0
dec pl_nespec st_logg,0.0
dec pl_nespec st_mass,0.0
dec pl_nespec soltype_Kepler Project Candidate (q1_q17_dr25_koi),0.0
dec pl_nespec soltype_Published Confirmed,0.0
dec pl_nespec pl_tsystemref_BJD,0.0
dec pl_nespec pl_tsystemref_BJD-TDB,0.0
dec pl_nespec pl_tsystemref_BJD-UTC,0.0
dec pl_nespec pl_tsystemref_HJD,0.0
dec pl_nespec pl_tsystemref_JD,0.0
dec pl_ntranspec^2,0.0
dec pl_ntranspec pl_ndispec,0.0
dec pl_ntranspec release_year,0.0
dec pl_ntranspec st_nphot,0.0
dec pl_ntranspec st_nrvc,-0.0
dec pl_ntranspec pl_controv_flag,0.0
dec pl_ntranspec disc_year,0.0
dec pl_ntranspec sy_tmag,0.0
dec pl_ntranspec sy_kmag,0.0
dec pl_ntranspec sy_jmag,0.0
dec pl_ntranspec sy_hmag,0.0
dec pl_ntranspec sy_vmag,0.0
dec pl_ntranspec sy_pm,0.0
dec pl_ntranspec sy_pmdec,-0.0
dec pl_ntranspec sy_pmra,0.0
dec pl_ntranspec pl_orbper,0.0
dec pl_ntranspec sy_gaiamag,0.0
dec pl_ntranspec st_rad,0.0
dec pl_ntranspec sy_bmag,0.0
dec pl_ntranspec sy_dist,0.0
dec pl_ntranspec st_teff,0.0
dec pl_ntranspec sy_w2mag,0.0
dec pl_ntranspec sy_w1mag,0.0
dec pl_ntranspec sy_w3mag,0.0
dec pl_ntranspec sy_w4mag,0.0
dec pl_ntranspec sy_plx,0.0
dec pl_ntranspec st_logg,0.0
dec pl_ntranspec st_mass,0.0
dec pl_ntranspec soltype_Kepler Project Candidate (q1_q17_dr25_koi),0.0
dec pl_ntranspec soltype_Published Confirmed,0.0
dec pl_ntranspec pl_tsystemref_BJD,0.0
dec pl_ntranspec pl_tsystemref_BJD-TDB,0.0
dec pl_ntranspec pl_tsystemref_BJD-UTC,0.0
dec pl_ntranspec pl_tsystemref_HJD,0.0
dec pl_ntranspec pl_tsystemref_JD,0.0
dec pl_ndispec^2,0.0
dec pl_ndispec release_year,0.0
dec pl_ndispec st_nphot,0.0
dec pl_ndispec st_nrvc,0.0
dec pl_ndispec pl_controv_flag,0.0
dec pl_ndispec disc_year,0.0
dec pl_ndispec sy_tmag,0.0
dec pl_ndispec sy_kmag,0.0
dec pl_ndispec sy_jmag,0.0
dec pl_ndispec sy_hmag,0.0
dec pl_ndispec sy_vmag,0.0
dec pl_ndispec sy_pm,0.0
dec pl_ndispec sy_pmdec,0.0
dec pl_ndispec sy_pmra,0.0
dec pl_ndispec pl_orbper,0.0
dec pl_ndispec sy_gaiamag,0.0
dec pl_ndispec st_rad,0.0
dec pl_ndispec sy_bmag,0.0
dec pl_ndispec sy_dist,0.0
dec pl_ndispec st_teff,0.0
dec pl_ndispec sy_w2mag,0.0
dec pl_ndispec sy_w1mag,0.0
dec pl_ndispec sy_w3mag,0.0
dec pl_ndispec sy_w4mag,0.0
dec pl_ndispec sy_plx,0.0
dec pl_ndispec st_logg,0.0
dec pl_ndispec st_mass,0.0
dec pl_ndispec soltype_Kepler Project Candidate (q1_q17_dr25_koi),0.0
dec pl_ndispec soltype_Published Confirmed,0.0
dec pl_ndispec pl_tsystemref_BJD,0.0
dec pl_ndispec pl_tsystemref_BJD-TDB,0.0
dec pl_ndispec pl_tsystemref_BJD-UTC,0.0
dec pl_ndispec pl_tsystemref_HJD,0.0
dec pl_ndispec pl_tsystemref_JD,0.0
dec release_year^2,-0.0
dec release_year st_nphot,0.0
dec release_year st_nrvc,0.0
dec release_year pl_controv_flag,-0.0
dec release_year disc_year,-0.0
dec release_year sy_tmag,-0.0
dec release_year sy_kmag,-0.0
dec release_year sy_jmag,-0.0
dec release_year sy_hmag,-0.0
dec release_year sy_vmag,-0.0
dec release_year sy_pm,-0.0
dec release_year sy_pmdec,-0.0
dec release_year sy_pmra,-0.0
dec release_year pl_orbper,0.0
dec release_year sy_gaiamag,-0.0
dec release_year st_rad,-0.0
dec release_year sy_bmag,-0.0
dec release_year sy_dist,0.0
dec release_year st_teff,-0.0
dec release_year sy_w2mag,-0.0
dec release_year sy_w1mag,-0.0
dec release_year sy_w3mag,-0.0
dec release_year sy_w4mag,-0.0
dec release_year sy_plx,-0.0
dec release_year st_logg,-0.0
dec release_year st_mass,-0.0
dec release_year soltype_Kepler Project Candidate (q1_q17_dr25_koi),-0.0
dec release_year soltype_Published Confirmed,-0.0
dec release_year pl_tsystemref_BJD,-0.0
dec release_year pl_tsystemref_BJD-TDB,0.0
dec release_year pl_tsystemref_BJD-UTC,-0.0
dec release_year pl_tsystemref_HJD,0.0
dec release_year pl_tsystemref_JD,-0.0
dec st_nphot^2,0.0
dec st_nphot st_nrvc,0.0
dec st_nphot pl_controv_flag,0.0
dec st_nphot disc_year,0.0
dec st_nphot sy_tmag,0.0
dec st_nphot sy_kmag,0.0
dec st_nphot sy_jmag,0.0
dec st_nphot sy_hmag,0.0
dec st_nphot sy_vmag,0.0
dec st_nphot sy_pm,0.0
dec st_nphot sy_pmdec,-0.0
dec st_nphot sy_pmra,-0.0
dec st_nphot pl_orbper,0.0
dec st_nphot sy_gaiamag,0.0
dec st_nphot st_rad,0.0
dec st_nphot sy_bmag,0.0
dec st_nphot sy_dist,0.0
dec st_nphot st_teff,0.0
dec st_nphot sy_w2mag,0.0
dec st_nphot sy_w1mag,0.0
dec st_nphot sy_w3mag,0.0
dec st_nphot sy_w4mag,0.0
dec st_nphot sy_plx,0.0
dec st_nphot st_logg,0.0
dec st_nphot st_mass,0.0
dec st_nphot soltype_Kepler Project Candidate (q1_q17_dr25_koi),0.0
dec st_nphot soltype_Published Confirmed,0.0
dec st_nphot pl_tsystemref_BJD,0.0
dec st_nphot pl_tsystemref_BJD-TDB,0.0
dec st_nphot pl_tsystemref_BJD-UTC,0.0
dec st_nphot pl_tsystemref_HJD,-0.0
dec st_nphot pl_tsystemref_JD,0.0
dec st_nrvc^2,0.0
dec st_nrvc pl_controv_flag,0.0
dec st_nrvc disc_year,0.0
dec st_nrvc sy_tmag,0.0
dec st_nrvc sy_kmag,0.0
dec st_nrvc sy_jmag,0.0
dec st_nrvc sy_hmag,0.0
dec st_nrvc sy_vmag,0.0
dec st_nrvc sy_pm,-0.0
dec st_nrvc sy_pmdec,-0.0
dec st_nrvc sy_pmra,0.0
dec st_nrvc pl_orbper,-0.0
dec st_nrvc sy_gaiamag,0.0
dec st_nrvc st_rad,0.0
dec st_nrvc sy_bmag,0.0
dec st_nrvc sy_dist,0.0
dec st_nrvc st_teff,0.0
dec st_nrvc sy_w2mag,0.0
dec st_nrvc sy_w1mag,0.0
dec st_nrvc sy_w3mag,0.0
dec st_nrvc sy_w4mag,0.0
dec st_nrvc sy_plx,-0.0
dec st_nrvc st_logg,0.0
dec st_nrvc st_mass,0.0
dec st_nrvc soltype_Kepler Project Candidate (q1_q17_dr25_koi),0.0
dec st_nrvc soltype_Published Confirmed,0.0
dec st_nrvc pl_tsystemref_BJD,0.0
dec st_nrvc pl_tsystemref_BJD-TDB,0.0
dec st_nrvc pl_tsystemref_BJD-UTC,0.0
dec st_nrvc pl_tsystemref_HJD,0.0
dec st_nrvc pl_tsystemref_JD,0.0
dec pl_controv_flag^2,-0.0
dec pl_controv_flag disc_year,-0.0
dec pl_controv_flag sy_tmag,-0.0
dec pl_controv_flag sy_kmag,-0.0
dec pl_controv_flag sy_jmag,-0.0
dec pl_controv_flag sy_hmag,-0.0
dec pl_controv_flag sy_vmag,-0.0
dec pl_controv_flag sy_pm,-0.0
dec pl_controv_flag sy_pmdec,-0.0
dec pl_controv_flag sy_pmra,-0.0
dec pl_controv_flag pl_orbper,-0.0
dec pl_controv_flag sy_gaiamag,-0.0
dec pl_controv_flag st_rad,-0.0
dec pl_controv_flag sy_bmag,-0.0
dec pl_controv_flag sy_dist,0.0
dec pl_controv_flag st_teff,-0.0
dec pl_controv_flag sy_w2mag,-0.0
dec pl_controv_flag sy_w1mag,-0.0
dec pl_controv_flag sy_w3mag,-0.0
dec pl_controv_flag sy_w4mag,-0.0
dec pl_controv_flag sy_plx,-0.0
dec pl_controv_flag st_logg,-0.0
dec pl_controv_flag st_mass,-0.0
dec pl_controv_flag soltype_Kepler Project Candidate (q1_q17_dr25_koi),0.0
dec pl_controv_flag soltype_Published Confirmed,-0.0
dec pl_controv_flag pl_tsystemref_BJD,-0.0
dec pl_controv_flag pl_tsystemref_BJD-TDB,0.0
dec pl_controv_flag pl_tsystemref_BJD-UTC,-0.0
dec pl_controv_flag pl_tsystemref_HJD,0.0
dec pl_controv_flag pl_tsystemref_JD,0.0
dec disc_year^2,-0.0
dec disc_year sy_tmag,-0.0
dec disc_year sy_kmag,-0.0
dec disc_year sy_jmag,-0.0
dec disc_year sy_hmag,-0.0
dec disc_year sy_vmag,-0.0
dec disc_year sy_pm,-0.0
dec disc_year sy_pmdec,-0.0
dec disc_year sy_pmra,-0.0
dec disc_year pl_orbper,0.0
dec disc_year sy_gaiamag,-0.0
dec disc_year st_rad,-0.0
dec disc_year sy_bmag,-0.0
dec disc_year sy_dist,0.0
dec disc_year st_teff,-0.0
dec disc_year sy_w2mag,-0.0
dec disc_year sy_w1mag,-0.0
dec disc_year sy_w3mag,-0.0
dec disc_year sy_w4mag,-0.0
dec disc_year sy_plx,-0.0
dec disc_year st_logg,-0.0
dec disc_year st_mass,-0.0
dec disc_year soltype_Kepler Project Candidate (q1_q17_dr25_koi),-0.0
dec disc_year soltype_Published Confirmed,-0.0
dec disc_year pl_tsystemref_BJD,-0.0
dec disc_year pl_tsystemref_BJD-TDB,0.0
dec disc_year pl_tsystemref_BJD-UTC,-0.0
dec disc_year pl_tsystemref_HJD,0.0
dec disc_year pl_tsystemref_JD,-0.0
dec sy_tmag^2,0.0
dec sy_tmag sy_kmag,0.0
dec sy_tmag sy_jmag,0.0
dec sy_tmag sy_hmag,0.0
dec sy_tmag sy_vmag,0.0
dec sy_tmag sy_pm,-0.0
dec sy_tmag sy_pmdec,-0.0
dec sy_tmag sy_pmra,-0.0
dec sy_tmag pl_orbper,0.0
dec sy_tmag sy_gaiamag,0.0
dec sy_tmag st_rad,-0.0
dec sy_tmag sy_bmag,0.0
dec sy_tmag sy_dist,0.0
dec sy_tmag st_teff,-0.0
dec sy_tmag sy_w2mag,0.0
dec sy_tmag sy_w1mag,0.0
dec sy_tmag sy_w3mag,-0.0
dec sy_tmag sy_w4mag,-0.0
dec sy_tmag sy_plx,-0.0
dec sy_tmag st_logg,-0.0
dec sy_tmag st_mass,-0.0
dec sy_tmag soltype_Kepler Project Candidate (q1_q17_dr25_koi),-0.0
dec sy_tmag soltype_Published Confirmed,-0.0
dec sy_tmag pl_tsystemref_BJD,-0.0
dec sy_tmag pl_tsystemref_BJD-TDB,0.0
dec sy_tmag pl_tsystemref_BJD-UTC,-0.0
dec sy_tmag pl_tsystemref_HJD,0.0
dec sy_tmag pl_tsystemref_JD,-0.0
dec sy_kmag^2,0.0
dec sy_kmag sy_jmag,0.0
dec sy_kmag sy_hmag,0.0
dec sy_kmag sy_vmag,0.0
dec sy_kmag sy_pm,-0.0
dec sy_kmag sy_pmdec,-0.0
dec sy_kmag sy_pmra,-0.0
dec sy_kmag pl_orbper,0.0
dec sy_kmag sy_gaiamag,0.0
dec sy_kmag st_rad,-0.0
dec sy_kmag sy_bmag,0.0
dec sy_kmag sy_dist,0.0
dec sy_kmag st_teff,-0.0
dec sy_kmag sy_w2mag,0.0
dec sy_kmag sy_w1mag,0.0
dec sy_kmag sy_w3mag,-0.0
dec sy_kmag sy_w4mag,-0.0
dec sy_kmag sy_plx,-0.0
dec sy_kmag st_logg,-0.0
dec sy_kmag st_mass,-0.0
dec sy_kmag soltype_Kepler Project Candidate (q1_q17_dr25_koi),-0.0
dec sy_kmag soltype_Published Confirmed,0.0
dec sy_kmag pl_tsystemref_BJD,-0.0
dec sy_kmag pl_tsystemref_BJD-TDB,0.0
dec sy_kmag pl_tsystemref_BJD-UTC,-0.0
dec sy_kmag pl_tsystemref_HJD,0.0
dec sy_kmag pl_tsystemref_JD,-0.0
dec sy_jmag^2,0.0
dec sy_jmag sy_hmag,0.0
dec sy_jmag sy_vmag,0.0
dec sy_jmag sy_pm,-0.0
dec sy_jmag sy_pmdec,-0.0
dec sy_jmag sy_pmra,-0.0
dec sy_jmag pl_orbper,0.0
dec sy_jmag sy_gaiamag,0.0
dec sy_jmag st_rad,-0.0
dec sy_jmag sy_bmag,0.0
dec sy_jmag sy_dist,0.0
dec sy_jmag st_teff,-0.0
dec sy_jmag sy_w2mag,0.0
dec sy_jmag sy_w1mag,0.0
dec sy_jmag sy_w3mag,-0.0
dec sy_jmag sy_w4mag,-0.0
dec sy_jmag sy_plx,-0.0
dec sy_jmag st_logg,-0.0
dec sy_jmag st_mass,-0.0
dec sy_jmag soltype_Kepler Project Candidate (q1_q17_dr25_koi),-0.0
dec sy_jmag soltype_Published Confirmed,-0.0
dec sy_jmag pl_tsystemref_BJD,-0.0
dec sy_jmag pl_tsystemref_BJD-TDB,0.0
dec sy_jmag pl_tsystemref_BJD-UTC,-0.0
dec sy_jmag pl_tsystemref_HJD,0.0
dec sy_jmag pl_tsystemref_JD,-0.0
dec sy_hmag^2,0.0
dec sy_hmag sy_vmag,0.0
dec sy_hmag sy_pm,-0.0
dec sy_hmag sy_pmdec,-0.0
dec sy_hmag sy_pmra,-0.0
dec sy_hmag pl_orbper,0.0
dec sy_hmag sy_gaiamag,0.0
dec sy_hmag st_rad,-0.0
dec sy_hmag sy_bmag,0.0
dec sy_hmag sy_dist,0.0
dec sy_hmag st_teff,-0.0
dec sy_hmag sy_w2mag,0.0
dec sy_hmag sy_w1mag,0.0
dec sy_hmag sy_w3mag,-0.0
dec sy_hmag sy_w4mag,-0.0
dec sy_hmag sy_plx,-0.0
dec sy_hmag st_logg,-0.0
dec sy_hmag st_mass,-0.0
dec sy_hmag soltype_Kepler Project Candidate (q1_q17_dr25_koi),-0.0
dec sy_hmag soltype_Published Confirmed,0.0
dec sy_hmag pl_tsystemref_BJD,-0.0
dec sy_hmag pl_tsystemref_BJD-TDB,0.0
dec sy_hmag pl_tsystemref_BJD-UTC,-0.0
dec sy_hmag pl_tsystemref_HJD,0.0
dec sy_hmag pl_tsystemref_JD,-0.0
dec sy_vmag^2,0.0
dec sy_vmag sy_pm,-0.0
dec sy_vmag sy_pmdec,-0.0
dec sy_vmag sy_pmra,-0.0
dec sy_vmag pl_orbper,0.0
dec sy_vmag sy_gaiamag,0.0
dec sy_vmag st_rad,-0.0
dec sy_vmag sy_bmag,0.0
dec sy_vmag sy_dist,0.0
dec sy_vmag st_teff,-0.0
dec sy_vmag sy_w2mag,0.0
dec sy_vmag sy_w1mag,0.0
dec sy_vmag sy_w3mag,-0.0
dec sy_vmag sy_w4mag,-0.0
dec sy_vmag sy_plx,-0.0
dec sy_vmag st_logg,-0.0
dec sy_vmag st_mass,-0.0
dec sy_vmag soltype_Kepler Project Candidate (q1_q17_dr25_koi),-0.0
dec sy_vmag soltype_Published Confirmed,-0.0
dec sy_vmag pl_tsystemref_BJD,-0.0
dec sy_vmag pl_tsystemref_BJD-TDB,0.0
dec sy_vmag pl_tsystemref_BJD-UTC,-0.0
dec sy_vmag pl_tsystemref_HJD,0.0
dec sy_vmag pl_tsystemref_JD,-0.0
dec sy_pm^2,-0.0
dec sy_pm sy_pmdec,0.0
dec sy_pm sy_pmra,-0.0
dec sy_pm pl_orbper,0.0
dec sy_pm sy_gaiamag,-0.0
dec sy_pm st_rad,-0.0
dec sy_pm sy_bmag,-0.0
dec sy_pm sy_dist,-0.0
dec sy_pm st_teff,-0.0
dec sy_pm sy_w2mag,-0.0
dec sy_pm sy_w1mag,-0.0
dec sy_pm sy_w3mag,-0.0
dec sy_pm sy_w4mag,-0.0
dec sy_pm sy_plx,-0.0
dec sy_pm st_logg,-0.0
dec sy_pm st_mass,-0.0
dec sy_pm soltype_Kepler Project Candidate (q1_q17_dr25_koi),-0.0
dec sy_pm soltype_Published Confirmed,-0.0
dec sy_pm pl_tsystemref_BJD,-0.0
dec sy_pm pl_tsystemref_BJD-TDB,0.0
dec sy_pm pl_tsystemref_BJD-UTC,-0.0
dec sy_pm pl_tsystemref_HJD,0.0
dec sy_pm pl_tsystemref_JD,-0.0
dec sy_pmdec^2,-0.0
dec sy_pmdec sy_pmra,0.0
dec sy_pmdec pl_orbper,-0.0
dec sy_pmdec sy_gaiamag,-0.0
dec sy_pmdec st_rad,-0.0
dec sy_pmdec sy_bmag,-0.0
dec sy_pmdec sy_dist,-0.0
dec sy_pmdec st_teff,-0.0
dec sy_pmdec sy_w2mag,-0.0
dec sy_pmdec sy_w1mag,-0.0
dec sy_pmdec sy_w3mag,-0.0
dec sy_pmdec sy_w4mag,-0.0
dec sy_pmdec sy_plx,0.0
dec sy_pmdec st_logg,-0.0
dec sy_pmdec st_mass,-0.0
dec sy_pmdec soltype_Kepler Project Candidate (q1_q17_dr25_koi),0.0
dec sy_pmdec soltype_Published Confirmed,-0.0
dec sy_pmdec pl_tsystemref_BJD,0.0
dec sy_pmdec pl_tsystemref_BJD-TDB,-0.0
dec sy_pmdec pl_tsystemref_BJD-UTC,-0.0
dec sy_pmdec pl_tsystemref_HJD,0.0
dec sy_pmdec pl_tsystemref_JD,-0.0
dec sy_pmra^2,0.0
dec sy_pmra pl_orbper,-0.0
dec sy_pmra sy_gaiamag,-0.0
dec sy_pmra st_rad,-0.0
dec sy_pmra sy_bmag,-0.0
dec sy_pmra sy_dist,-0.0
dec sy_pmra st_teff,-0.0
dec sy_pmra sy_w2mag,-0.0
dec sy_pmra sy_w1mag,-0.0
dec sy_pmra sy_w3mag,-0.0
dec sy_pmra sy_w4mag,-0.0
dec sy_pmra sy_plx,-0.0
dec sy_pmra st_logg,-0.0
dec sy_pmra st_mass,-0.0
dec sy_pmra soltype_Kepler Project Candidate (q1_q17_dr25_koi),0.0
dec sy_pmra soltype_Published Confirmed,-0.0
dec sy_pmra pl_tsystemref_BJD,0.0
dec sy_pmra pl_tsystemref_BJD-TDB,-0.0
dec sy_pmra pl_tsystemref_BJD-UTC,-0.0
dec sy_pmra pl_tsystemref_HJD,-0.0
dec sy_pmra pl_tsystemref_JD,-0.0
dec pl_orbper^2,0.0
dec pl_orbper sy_gaiamag,0.0
dec pl_orbper st_rad,0.0
dec pl_orbper sy_bmag,0.0
dec pl_orbper sy_dist,0.0
dec pl_orbper st_teff,0.0
dec pl_orbper sy_w2mag,0.0
dec pl_orbper sy_w1mag,0.0
dec pl_orbper sy_w3mag,0.0
dec pl_orbper sy_w4mag,0.0
dec pl_orbper sy_plx,0.0
dec pl_orbper st_logg,0.0
dec pl_orbper st_mass,0.0
dec pl_orbper soltype_Kepler Project Candidate (q1_q17_dr25_koi),0.0
dec pl_orbper soltype_Published Confirmed,0.0
dec pl_orbper pl_tsystemref_BJD,0.0
dec pl_orbper pl_tsystemref_BJD-TDB,0.0
dec pl_orbper pl_tsystemref_BJD-UTC,-0.0
dec pl_orbper pl_tsystemref_HJD,0.0
dec pl_orbper pl_tsystemref_JD,0.0
dec sy_gaiamag^2,0.0
dec sy_gaiamag st_rad,-0.0
dec sy_gaiamag sy_bmag,0.0
dec sy_gaiamag sy_dist,0.0
dec sy_gaiamag st_teff,-0.0
dec sy_gaiamag sy_w2mag,0.0
dec sy_gaiamag sy_w1mag,0.0
dec sy_gaiamag sy_w3mag,-0.0
dec sy_gaiamag sy_w4mag,-0.0
dec sy_gaiamag sy_plx,-0.0
dec sy_gaiamag st_logg,-0.0
dec sy_gaiamag st_mass,-0.0
dec sy_gaiamag soltype_Kepler Project Candidate (q1_q17_dr25_koi),-0.0
dec sy_gaiamag soltype_Published Confirmed,-0.0
dec sy_gaiamag pl_tsystemref_BJD,-0.0
dec sy_gaiamag pl_tsystemref_BJD-TDB,0.0
dec sy_gaiamag pl_tsystemref_BJD-UTC,-0.0
dec sy_gaiamag pl_tsystemref_HJD,0.0
dec sy_gaiamag pl_tsystemref_JD,-0.0
dec st_rad^2,-0.0
dec st_rad sy_bmag,-0.0
dec st_rad sy_dist,0.0
dec st_rad st_teff,-0.0
dec st_rad sy_w2mag,-0.0
dec st_rad sy_w1mag,-0.0
dec st_rad sy_w3mag,-0.0
dec st_rad sy_w4mag,-0.0
dec st_rad sy_plx,-0.0
dec st_rad st_logg,-0.0
dec st_rad st_mass,-0.0
dec st_rad soltype_Kepler Project Candidate (q1_q17_dr25_koi),-0.0
dec st_rad soltype_Published Confirmed,-0.0
dec st_rad pl_tsystemref_BJD,0.0
dec st_rad pl_tsystemref_BJD-TDB,0.0
dec st_rad pl_tsystemref_BJD-UTC,0.0
dec st_rad pl_tsystemref_HJD,0.0
dec st_rad pl_tsystemref_JD,-0.0
dec sy_bmag^2,0.0
dec sy_bmag sy_dist,0.0
dec sy_bmag st_teff,-0.0
dec sy_bmag sy_w2mag,0.0
dec sy_bmag sy_w1mag,0.0
dec sy_bmag sy_w3mag,-0.0
dec sy_bmag sy_w4mag,-0.0
dec sy_bmag sy_plx,-0.0
dec sy_bmag st_logg,-0.0
dec sy_bmag st_mass,-0.0
dec sy_bmag soltype_Kepler Project Candidate (q1_q17_dr25_koi),-0.0
dec sy_bmag soltype_Published Confirmed,-0.0
dec sy_bmag pl_tsystemref_BJD,-0.0
dec sy_bmag pl_tsystemref_BJD-TDB,0.0
dec sy_bmag pl_tsystemref_BJD-UTC,-0.0
dec sy_bmag pl_tsystemref_HJD,0.0
dec sy_bmag pl_tsystemref_JD,-0.0
dec sy_dist^2,0.0
dec sy_dist st_teff,0.0
dec sy_dist sy_w2mag,0.0
dec sy_dist sy_w1mag,0.0
dec sy_dist sy_w3mag,0.0
dec sy_dist sy_w4mag,0.0
dec sy_dist sy_plx,-0.0
dec sy_dist st_logg,0.0
dec sy_dist st_mass,0.0
dec sy_dist soltype_Kepler Project Candidate (q1_q17_dr25_koi),-0.0
dec sy_dist soltype_Published Confirmed,0.0
dec sy_dist pl_tsystemref_BJD,0.0
dec sy_dist pl_tsystemref_BJD-TDB,0.0
dec sy_dist pl_tsystemref_BJD-UTC,0.0
dec sy_dist pl_tsystemref_HJD,0.0
dec sy_dist pl_tsystemref_JD,-0.0
dec st_teff^2,-0.0
dec st_teff sy_w2mag,-0.0
dec st_teff sy_w1mag,-0.0
dec st_teff sy_w3mag,-0.0
dec st_teff sy_w4mag,-0.0
dec st_teff sy_plx,-0.0
dec st_teff st_logg,-0.0
dec st_teff st_mass,-0.0
dec st_teff soltype_Kepler Project Candidate (q1_q17_dr25_koi),-0.0
dec st_teff soltype_Published Confirmed,-0.0
dec st_teff pl_tsystemref_BJD,-0.0
dec st_teff pl_tsystemref_BJD-TDB,0.0
dec st_teff pl_tsystemref_BJD-UTC,0.0
dec st_teff pl_tsystemref_HJD,0.0
dec st_teff pl_tsystemref_JD,-0.0
dec sy_w2mag^2,0.0
dec sy_w2mag sy_w1mag,0.0
dec sy_w2mag sy_w3mag,-0.0
dec sy_w2mag sy_w4mag,-0.0
dec sy_w2mag sy_plx,-0.0
dec sy_w2mag st_logg,-0.0
dec sy_w2mag st_mass,-0.0
dec sy_w2mag soltype_Kepler Project Candidate (q1_q17_dr25_koi),-0.0
dec sy_w2mag soltype_Published Confirmed,-0.0
dec sy_w2mag pl_tsystemref_BJD,-0.0
dec sy_w2mag pl_tsystemref_BJD-TDB,0.0
dec sy_w2mag pl_tsystemref_BJD-UTC,-0.0
dec sy_w2mag pl_tsystemref_HJD,0.0
dec sy_w2mag pl_tsystemref_JD,-0.0
dec sy_w1mag^2,0.0
dec sy_w1mag sy_w3mag,-0.0
dec sy_w1mag sy_w4mag,-0.0
dec sy_w1mag sy_plx,-0.0
dec sy_w1mag st_logg,-0.0
dec sy_w1mag st_mass,-0.0
dec sy_w1mag soltype_Kepler Project Candidate (q1_q17_dr25_koi),-0.0
dec sy_w1mag soltype_Published Confirmed,-0.0
dec sy_w1mag pl_tsystemref_BJD,-0.0
dec sy_w1mag pl_tsystemref_BJD-TDB,0.0
dec sy_w1mag pl_tsystemref_BJD-UTC,-0.0
dec sy_w1mag pl_tsystemref_HJD,0.0
dec sy_w1mag pl_tsystemref_JD,-0.0
dec sy_w3mag^2,-0.0
dec sy_w3mag sy_w4mag,-0.0
dec sy_w3mag sy_plx,-0.0
dec sy_w3mag st_logg,-0.0
dec sy_w3mag st_mass,-0.0
dec sy_w3mag soltype_Kepler Project Candidate (q1_q17_dr25_koi),-0.0
dec sy_w3mag soltype_Published Confirmed,-0.0
dec sy_w3mag pl_tsystemref_BJD,0.0
dec sy_w3mag pl_tsystemref_BJD-TDB,0.0
dec sy_w3mag pl_tsystemref_BJD-UTC,-0.0
dec sy_w3mag pl_tsystemref_HJD,0.0
dec sy_w3mag pl_tsystemref_JD,-0.0
dec sy_w4mag^2,-0.0
dec sy_w4mag sy_plx,-0.0
dec sy_w4mag st_logg,-0.0
dec sy_w4mag st_mass,-0.0
dec sy_w4mag soltype_Kepler Project Candidate (q1_q17_dr25_koi),-0.0
dec sy_w4mag soltype_Published Confirmed,-0.0
dec sy_w4mag pl_tsystemref_BJD,-0.0
dec sy_w4mag pl_tsystemref_BJD-TDB,0.0
dec sy_w4mag pl_tsystemref_BJD-UTC,-0.0
dec sy_w4mag pl_tsystemref_HJD,0.0
dec sy_w4mag pl_tsystemref_JD,-0.0
dec sy_plx^2,-0.0
dec sy_plx st_logg,-0.0
dec sy_plx st_mass,-0.0
dec sy_plx soltype_Kepler Project Candidate (q1_q17_dr25_koi),-0.0
dec sy_plx soltype_Published Confirmed,-0.0
dec sy_plx pl_tsystemref_BJD,-0.0
dec sy_plx pl_tsystemref_BJD-TDB,0.0
dec sy_plx pl_tsystemref_BJD-UTC,-0.0
dec sy_plx pl_tsystemref_HJD,0.0
dec sy_plx pl_tsystemref_JD,-0.0
dec st_logg^2,-0.0
dec st_logg st_mass,-0.0
dec st_logg soltype_Kepler Project Candidate (q1_q17_dr25_koi),-0.0
dec st_logg soltype_Published Confirmed,-0.0
dec st_logg pl_tsystemref_BJD,-0.0
dec st_logg pl_tsystemref_BJD-TDB,0.0
dec st_logg pl_tsystemref_BJD-UTC,-0.0
dec st_logg pl_tsystemref_HJD,0.0
dec st_logg pl_tsystemref_JD,-0.0
dec st_mass^2,-0.0
dec st_mass soltype_Kepler Project Candidate (q1_q17_dr25_koi),-0.0
dec st_mass soltype_Published Confirmed,-0.0
dec st_mass pl_tsystemref_BJD,0.0
dec st_mass pl_tsystemref_BJD-TDB,0.0
dec st_mass pl_tsystemref_BJD-UTC,0.0
dec st_mass pl_tsystemref_HJD,0.0
dec st_mass pl_tsystemref_JD,-0.0
dec soltype_Kepler Project Candidate (q1_q17_dr25_koi)^2,-0.0
dec soltype_Kepler Project Candidate (q1_q17_dr25_koi) soltype_Published Confirmed,0.0
dec soltype_Kepler Project Candidate (q1_q17_dr25_koi) pl_tsystemref_BJD,-0.0
dec soltype_Kepler Project Candidate (q1_q17_dr25_koi) pl_tsystemref_BJD-TDB,0.0
dec soltype_Kepler Project Candidate (q1_q17_dr25_koi) pl_tsystemref_BJD-UTC,0.0
dec soltype_Kepler Project Candidate (q1_q17_dr25_koi) pl_tsystemref_HJD,0.0
dec soltype_Kepler Project Candidate (q1_q17_dr25_koi) pl_tsystemref_JD,0.0
dec soltype_Published Confirmed^2,-0.0
dec soltype_Published Confirmed pl_tsystemref_BJD,0.0
dec soltype_Published Confirmed pl_tsystemref_BJD-TDB,0.0
dec soltype_Published Confirmed pl_tsystemref_BJD-UTC,-0.0
dec soltype_Published Confirmed pl_tsystemref_HJD,0.0
dec soltype_Published Confirmed pl_tsystemref_JD,-0.0
dec pl_tsystemref_BJD^2,-0.0
dec pl_tsystemref_BJD pl_tsystemref_BJD-TDB,0.0
dec pl_tsystemref_BJD pl_tsystemref_BJD-UTC,0.0
dec pl_tsystemref_BJD pl_tsystemref_HJD,0.0
dec pl_tsystemref_BJD pl_tsystemref_JD,0.0
dec pl_tsystemref_BJD-TDB^2,0.0
dec pl_tsystemref_BJD-TDB pl_tsystemref_BJD-UTC,0.0
dec pl_tsystemref_BJD-TDB pl_tsystemref_HJD,0.0
dec pl_tsystemref_BJD-TDB pl_tsystemref_JD,0.0
dec pl_tsystemref_BJD-UTC^2,-0.0
dec pl_tsystemref_BJD-UTC pl_tsystemref_HJD,0.0
dec pl_tsystemref_BJD-UTC pl_tsystemref_JD,0.0
dec pl_tsystemref_HJD^2,0.0
dec pl_tsystemref_HJD pl_tsystemref_JD,0.0
dec pl_tsystemref_JD^2,-0.0
ra^3,-0.0
ra^2 st_nspec,0.0
ra^2 pl_nespec,0.0
ra^2 pl_ntranspec,0.0
ra^2 pl_ndispec,0.0
ra^2 release_year,-0.0
ra^2 st_nphot,0.0
ra^2 st_nrvc,0.0
ra^2 pl_controv_flag,-0.0
ra^2 disc_year,-0.0
ra^2 sy_tmag,-0.0
ra^2 sy_kmag,-0.0
ra^2 sy_jmag,-0.0
ra^2 sy_hmag,-0.0
ra^2 sy_vmag,-0.0
ra^2 sy_pm,0.0
ra^2 sy_pmdec,-0.0
ra^2 sy_pmra,0.0
ra^2 pl_orbper,0.0
ra^2 sy_gaiamag,-0.0
ra^2 st_rad,0.0
ra^2 sy_bmag,-0.0
ra^2 sy_dist,0.0
ra^2 st_teff,-0.0
ra^2 sy_w2mag,-0.0
ra^2 sy_w1mag,-0.0
ra^2 sy_w3mag,-0.0
ra^2 sy_w4mag,-0.0
ra^2 sy_plx,-0.0
ra^2 st_logg,-0.0
ra^2 st_mass,-0.0
ra^2 soltype_Kepler Project Candidate (q1_q17_dr25_koi),-0.0
ra^2 soltype_Published Confirmed,-0.0
ra^2 pl_tsystemref_BJD,0.0
ra^2 pl_tsystemref_BJD-TDB,0.0
ra^2 pl_tsystemref_BJD-UTC,-0.0
ra^2 pl_tsystemref_HJD,0.0
ra^2 pl_tsystemref_JD,-0.0
ra st_nspec^2,0.0
ra st_nspec pl_nespec,0.0
ra st_nspec pl_ntranspec,0.0
ra st_nspec pl_ndispec,0.0
ra st_nspec release_year,0.0
ra st_nspec st_nphot,0.0
ra st_nspec st_nrvc,0.0
ra st_nspec pl_controv_flag,0.0
ra st_nspec disc_year,0.0
ra st_nspec sy_tmag,0.0
ra st_nspec sy_kmag,0.0
ra st_nspec sy_jmag,0.0
ra st_nspec sy_hmag,0.0
ra st_nspec sy_vmag,0.0
ra st_nspec sy_pm,0.0
ra st_nspec sy_pmdec,-0.0
ra st_nspec sy_pmra,0.0
ra st_nspec pl_orbper,0.0
ra st_nspec sy_gaiamag,0.0
ra st_nspec st_rad,0.0
ra st_nspec sy_bmag,0.0
ra st_nspec sy_dist,0.0
ra st_nspec st_teff,0.0
ra st_nspec sy_w2mag,0.0
ra st_nspec sy_w1mag,0.0
ra st_nspec sy_w3mag,0.0
ra st_nspec sy_w4mag,0.0
ra st_nspec sy_plx,0.0
ra st_nspec st_logg,0.0
ra st_nspec st_mass,0.0
ra st_nspec soltype_Kepler Project Candidate (q1_q17_dr25_koi),0.0
ra st_nspec soltype_Published Confirmed,0.0
ra st_nspec pl_tsystemref_BJD,0.0
ra st_nspec pl_tsystemref_BJD-TDB,0.0
ra st_nspec pl_tsystemref_BJD-UTC,0.0
ra st_nspec pl_tsystemref_HJD,0.0
ra st_nspec pl_tsystemref_JD,0.0
ra pl_nespec^2,0.0
ra pl_nespec pl_ntranspec,0.0
ra pl_nespec pl_ndispec,0.0
ra pl_nespec release_year,0.0
ra pl_nespec st_nphot,0.0
ra pl_nespec st_nrvc,0.0
ra pl_nespec pl_controv_flag,0.0
ra pl_nespec disc_year,0.0
ra pl_nespec sy_tmag,0.0
ra pl_nespec sy_kmag,0.0
ra pl_nespec sy_jmag,0.0
ra pl_nespec sy_hmag,0.0
ra pl_nespec sy_vmag,0.0
ra pl_nespec sy_pm,0.0
ra pl_nespec sy_pmdec,-0.0
ra pl_nespec sy_pmra,-0.0
ra pl_nespec pl_orbper,0.0
ra pl_nespec sy_gaiamag,0.0
ra pl_nespec st_rad,0.0
ra pl_nespec sy_bmag,0.0
ra pl_nespec sy_dist,0.0
ra pl_nespec st_teff,0.0
ra pl_nespec sy_w2mag,0.0
ra pl_nespec sy_w1mag,0.0
ra pl_nespec sy_w3mag,0.0
ra pl_nespec sy_w4mag,0.0
ra pl_nespec sy_plx,0.0
ra pl_nespec st_logg,0.0
ra pl_nespec st_mass,0.0
ra pl_nespec soltype_Kepler Project Candidate (q1_q17_dr25_koi),0.0
ra pl_nespec soltype_Published Confirmed,0.0
ra pl_nespec pl_tsystemref_BJD,0.0
ra pl_nespec pl_tsystemref_BJD-TDB,0.0
ra pl_nespec pl_tsystemref_BJD-UTC,0.0
ra pl_nespec pl_tsystemref_HJD,0.0
ra pl_nespec pl_tsystemref_JD,0.0
ra pl_ntranspec^2,0.0
ra pl_ntranspec pl_ndispec,0.0
ra pl_ntranspec release_year,0.0
ra pl_ntranspec st_nphot,0.0
ra pl_ntranspec st_nrvc,-0.0
ra pl_ntranspec pl_controv_flag,0.0
ra pl_ntranspec disc_year,0.0
ra pl_ntranspec sy_tmag,0.0
ra pl_ntranspec sy_kmag,0.0
ra pl_ntranspec sy_jmag,0.0
ra pl_ntranspec sy_hmag,0.0
ra pl_ntranspec sy_vmag,0.0
ra pl_ntranspec sy_pm,0.0
ra pl_ntranspec sy_pmdec,0.0
ra pl_ntranspec sy_pmra,-0.0
ra pl_ntranspec pl_orbper,0.0
ra pl_ntranspec sy_gaiamag,0.0
ra pl_ntranspec st_rad,0.0
ra pl_ntranspec sy_bmag,0.0
ra pl_ntranspec sy_dist,0.0
ra pl_ntranspec st_teff,0.0
ra pl_ntranspec sy_w2mag,0.0
ra pl_ntranspec sy_w1mag,0.0
ra pl_ntranspec sy_w3mag,0.0
ra pl_ntranspec sy_w4mag,0.0
ra pl_ntranspec sy_plx,0.0
ra pl_ntranspec st_logg,0.0
ra pl_ntranspec st_mass,0.0
ra pl_ntranspec soltype_Kepler Project Candidate (q1_q17_dr25_koi),0.0
ra pl_ntranspec soltype_Published Confirmed,0.0
ra pl_ntranspec pl_tsystemref_BJD,0.0
ra pl_ntranspec pl_tsystemref_BJD-TDB,0.0
ra pl_ntranspec pl_tsystemref_BJD-UTC,0.0
ra pl_ntranspec pl_tsystemref_HJD,0.0
ra pl_ntranspec pl_tsystemref_JD,0.0
ra pl_ndispec^2,0.0
ra pl_ndispec release_year,0.0
ra pl_ndispec st_nphot,0.0
ra pl_ndispec st_nrvc,0.0
ra pl_ndispec pl_controv_flag,0.0
ra pl_ndispec disc_year,0.0
ra pl_ndispec sy_tmag,0.0
ra pl_ndispec sy_kmag,0.0
ra pl_ndispec sy_jmag,0.0
ra pl_ndispec sy_hmag,0.0
ra pl_ndispec sy_vmag,0.0
ra pl_ndispec sy_pm,0.0
ra pl_ndispec sy_pmdec,0.0
ra pl_ndispec sy_pmra,0.0
ra pl_ndispec pl_orbper,0.0
ra pl_ndispec sy_gaiamag,0.0
ra pl_ndispec st_rad,0.0
ra pl_ndispec sy_bmag,0.0
ra pl_ndispec sy_dist,0.0
ra pl_ndispec st_teff,0.0
ra pl_ndispec sy_w2mag,0.0
ra pl_ndispec sy_w1mag,0.0
ra pl_ndispec sy_w3mag,0.0
ra pl_ndispec sy_w4mag,0.0
ra pl_ndispec sy_plx,0.0
ra pl_ndispec st_logg,0.0
ra pl_ndispec st_mass,0.0
ra pl_ndispec soltype_Kepler Project Candidate (q1_q17_dr25_koi),0.0
ra pl_ndispec soltype_Published Confirmed,0.0
ra pl_ndispec pl_tsystemref_BJD,0.0
ra pl_ndispec pl_tsystemref_BJD-TDB,0.0
ra pl_ndispec pl_tsystemref_BJD-UTC,0.0
ra pl_ndispec pl_tsystemref_HJD,0.0
ra pl_ndispec pl_tsystemref_JD,0.0
ra release_year^2,-0.0
ra release_year st_nphot,0.0
ra release_year st_nrvc,0.0
ra release_year pl_controv_flag,-0.0
ra release_year disc_year,-0.0
ra release_year sy_tmag,-0.0
ra release_year sy_kmag,-0.0
ra release_year sy_jmag,-0.0
ra release_year sy_hmag,-0.0
ra release_year sy_vmag,-0.0
ra release_year sy_pm,-0.0
ra release_year sy_pmdec,-0.0
ra release_year sy_pmra,-0.0
ra release_year pl_orbper,0.0
ra release_year sy_gaiamag,-0.0
ra release_year st_rad,0.0
ra release_year sy_bmag,-0.0
ra release_year sy_dist,0.0
ra release_year st_teff,-0.0
ra release_year sy_w2mag,-0.0
ra release_year sy_w1mag,-0.0
ra release_year sy_w3mag,-0.0
ra release_year sy_w4mag,-0.0
ra release_year sy_plx,-0.0
ra release_year st_logg,-0.0
ra release_year st_mass,-0.0
ra release_year soltype_Kepler Project Candidate (q1_q17_dr25_koi),-0.0
ra release_year soltype_Published Confirmed,0.0
ra release_year pl_tsystemref_BJD,0.0
ra release_year pl_tsystemref_BJD-TDB,0.0
ra release_year pl_tsystemref_BJD-UTC,-0.0
ra release_year pl_tsystemref_HJD,0.0
ra release_year pl_tsystemref_JD,-0.0
ra st_nphot^2,0.0
ra st_nphot st_nrvc,0.0
ra st_nphot pl_controv_flag,0.0
ra st_nphot disc_year,0.0
ra st_nphot sy_tmag,0.0
ra st_nphot sy_kmag,0.0
ra st_nphot sy_jmag,0.0
ra st_nphot sy_hmag,0.0
ra st_nphot sy_vmag,0.0
ra st_nphot sy_pm,0.0
ra st_nphot sy_pmdec,-0.0
ra st_nphot sy_pmra,-0.0
ra st_nphot pl_orbper,0.0
ra st_nphot sy_gaiamag,0.0
ra st_nphot st_rad,0.0
ra st_nphot sy_bmag,0.0
ra st_nphot sy_dist,0.0
ra st_nphot st_teff,0.0
ra st_nphot sy_w2mag,0.0
ra st_nphot sy_w1mag,0.0
ra st_nphot sy_w3mag,0.0
ra st_nphot sy_w4mag,0.0
ra st_nphot sy_plx,0.0
ra st_nphot st_logg,0.0
ra st_nphot st_mass,0.0
ra st_nphot soltype_Kepler Project Candidate (q1_q17_dr25_koi),0.0
ra st_nphot soltype_Published Confirmed,0.0
ra st_nphot pl_tsystemref_BJD,0.0
ra st_nphot pl_tsystemref_BJD-TDB,0.0
ra st_nphot pl_tsystemref_BJD-UTC,0.0
ra st_nphot pl_tsystemref_HJD,-0.0
ra st_nphot pl_tsystemref_JD,0.0
ra st_nrvc^2,0.0
ra st_nrvc pl_controv_flag,0.0
ra st_nrvc disc_year,0.0
ra st_nrvc sy_tmag,0.0
ra st_nrvc sy_kmag,0.0
ra st_nrvc sy_jmag,0.0
ra st_nrvc sy_hmag,0.0
ra st_nrvc sy_vmag,0.0
ra st_nrvc sy_pm,-0.0
ra st_nrvc sy_pmdec,-0.0
ra st_nrvc sy_pmra,0.0
ra st_nrvc pl_orbper,-0.0
ra st_nrvc sy_gaiamag,0.0
ra st_nrvc st_rad,0.0
ra st_nrvc sy_bmag,0.0
ra st_nrvc sy_dist,0.0
ra st_nrvc st_teff,0.0
ra st_nrvc sy_w2mag,0.0
ra st_nrvc sy_w1mag,0.0
ra st_nrvc sy_w3mag,0.0
ra st_nrvc sy_w4mag,0.0
ra st_nrvc sy_plx,0.0
ra st_nrvc st_logg,0.0
ra st_nrvc st_mass,0.0
ra st_nrvc soltype_Kepler Project Candidate (q1_q17_dr25_koi),0.0
ra st_nrvc soltype_Published Confirmed,0.0
ra st_nrvc pl_tsystemref_BJD,0.0
ra st_nrvc pl_tsystemref_BJD-TDB,0.0
ra st_nrvc pl_tsystemref_BJD-UTC,0.0
ra st_nrvc pl_tsystemref_HJD,0.0
ra st_nrvc pl_tsystemref_JD,0.0
ra pl_controv_flag^2,-0.0
ra pl_controv_flag disc_year,-0.0
ra pl_controv_flag sy_tmag,-0.0
ra pl_controv_flag sy_kmag,-0.0
ra pl_controv_flag sy_jmag,-0.0
ra pl_controv_flag sy_hmag,-0.0
ra pl_controv_flag sy_vmag,-0.0
ra pl_controv_flag sy_pm,-0.0
ra pl_controv_flag sy_pmdec,-0.0
ra pl_controv_flag sy_pmra,-0.0
ra pl_controv_flag pl_orbper,-0.0
ra pl_controv_flag sy_gaiamag,-0.0
ra pl_controv_flag st_rad,-0.0
ra pl_controv_flag sy_bmag,-0.0
ra pl_controv_flag sy_dist,0.0
ra pl_controv_flag st_teff,-0.0
ra pl_controv_flag sy_w2mag,-0.0
ra pl_controv_flag sy_w1mag,-0.0
ra pl_controv_flag sy_w3mag,-0.0
ra pl_controv_flag sy_w4mag,-0.0
ra pl_controv_flag sy_plx,-0.0
ra pl_controv_flag st_logg,-0.0
ra pl_controv_flag st_mass,-0.0
ra pl_controv_flag soltype_Kepler Project Candidate (q1_q17_dr25_koi),0.0
ra pl_controv_flag soltype_Published Confirmed,-0.0
ra pl_controv_flag pl_tsystemref_BJD,-0.0
ra pl_controv_flag pl_tsystemref_BJD-TDB,0.0
ra pl_controv_flag pl_tsystemref_BJD-UTC,-0.0
ra pl_controv_flag pl_tsystemref_HJD,0.0
ra pl_controv_flag pl_tsystemref_JD,0.0
ra disc_year^2,-0.0
ra disc_year sy_tmag,-0.0
ra disc_year sy_kmag,-0.0
ra disc_year sy_jmag,-0.0
ra disc_year sy_hmag,-0.0
ra disc_year sy_vmag,-0.0
ra disc_year sy_pm,-0.0
ra disc_year sy_pmdec,-0.0
ra disc_year sy_pmra,-0.0
ra disc_year pl_orbper,0.0
ra disc_year sy_gaiamag,-0.0
ra disc_year st_rad,0.0
ra disc_year sy_bmag,-0.0
ra disc_year sy_dist,0.0
ra disc_year st_teff,-0.0
ra disc_year sy_w2mag,-0.0
ra disc_year sy_w1mag,-0.0
ra disc_year sy_w3mag,-0.0
ra disc_year sy_w4mag,-0.0
ra disc_year sy_plx,-0.0
ra disc_year st_logg,-0.0
ra disc_year st_mass,-0.0
ra disc_year soltype_Kepler Project Candidate (q1_q17_dr25_koi),-0.0
ra disc_year soltype_Published Confirmed,0.0
ra disc_year pl_tsystemref_BJD,0.0
ra disc_year pl_tsystemref_BJD-TDB,0.0
ra disc_year pl_tsystemref_BJD-UTC,-0.0
ra disc_year pl_tsystemref_HJD,0.0
ra disc_year pl_tsystemref_JD,-0.0
ra sy_tmag^2,0.0
ra sy_tmag sy_kmag,0.0
ra sy_tmag sy_jmag,0.0
ra sy_tmag sy_hmag,0.0
ra sy_tmag sy_vmag,0.0
ra sy_tmag sy_pm,-0.0
ra sy_tmag sy_pmdec,-0.0
ra sy_tmag sy_pmra,-0.0
ra sy_tmag pl_orbper,0.0
ra sy_tmag sy_gaiamag,0.0
ra sy_tmag st_rad,0.0
ra sy_tmag sy_bmag,0.0
ra sy_tmag sy_dist,0.0
ra sy_tmag st_teff,-0.0
ra sy_tmag sy_w2mag,0.0
ra sy_tmag sy_w1mag,0.0
ra sy_tmag sy_w3mag,0.0
ra sy_tmag sy_w4mag,-0.0
ra sy_tmag sy_plx,-0.0
ra sy_tmag st_logg,-0.0
ra sy_tmag st_mass,0.0
ra sy_tmag soltype_Kepler Project Candidate (q1_q17_dr25_koi),-0.0
ra sy_tmag soltype_Published Confirmed,0.0
ra sy_tmag pl_tsystemref_BJD,0.0
ra sy_tmag pl_tsystemref_BJD-TDB,0.0
ra sy_tmag pl_tsystemref_BJD-UTC,-0.0
ra sy_tmag pl_tsystemref_HJD,0.0
ra sy_tmag pl_tsystemref_JD,-0.0
ra sy_kmag^2,0.0
ra sy_kmag sy_jmag,0.0
ra sy_kmag sy_hmag,0.0
ra sy_kmag sy_vmag,0.0
ra sy_kmag sy_pm,-0.0
ra sy_kmag sy_pmdec,-0.0
ra sy_kmag sy_pmra,-0.0
ra sy_kmag pl_orbper,0.0
ra sy_kmag sy_gaiamag,0.0
ra sy_kmag st_rad,0.0
ra sy_kmag sy_bmag,0.0
ra sy_kmag sy_dist,0.0
ra sy_kmag st_teff,-0.0
ra sy_kmag sy_w2mag,0.0
ra sy_kmag sy_w1mag,0.0
ra sy_kmag sy_w3mag,0.0
ra sy_kmag sy_w4mag,-0.0
ra sy_kmag sy_plx,-0.0
ra sy_kmag st_logg,-0.0
ra sy_kmag st_mass,0.0
ra sy_kmag soltype_Kepler Project Candidate (q1_q17_dr25_koi),-0.0
ra sy_kmag soltype_Published Confirmed,0.0
ra sy_kmag pl_tsystemref_BJD,0.0
ra sy_kmag pl_tsystemref_BJD-TDB,0.0
ra sy_kmag pl_tsystemref_BJD-UTC,-0.0
ra sy_kmag pl_tsystemref_HJD,0.0
ra sy_kmag pl_tsystemref_JD,-0.0
ra sy_jmag^2,0.0
ra sy_jmag sy_hmag,0.0
ra sy_jmag sy_vmag,0.0
ra sy_jmag sy_pm,-0.0
ra sy_jmag sy_pmdec,-0.0
ra sy_jmag sy_pmra,-0.0
ra sy_jmag pl_orbper,0.0
ra sy_jmag sy_gaiamag,0.0
ra sy_jmag st_rad,0.0
ra sy_jmag sy_bmag,0.0
ra sy_jmag sy_dist,0.0
ra sy_jmag st_teff,-0.0
ra sy_jmag sy_w2mag,0.0
ra sy_jmag sy_w1mag,0.0
ra sy_jmag sy_w3mag,0.0
ra sy_jmag sy_w4mag,-0.0
ra sy_jmag sy_plx,-0.0
ra sy_jmag st_logg,-0.0
ra sy_jmag st_mass,0.0
ra sy_jmag soltype_Kepler Project Candidate (q1_q17_dr25_koi),-0.0
ra sy_jmag soltype_Published Confirmed,0.0
ra sy_jmag pl_tsystemref_BJD,0.0
ra sy_jmag pl_tsystemref_BJD-TDB,0.0
ra sy_jmag pl_tsystemref_BJD-UTC,-0.0
ra sy_jmag pl_tsystemref_HJD,0.0
ra sy_jmag pl_tsystemref_JD,-0.0
ra sy_hmag^2,0.0
ra sy_hmag sy_vmag,0.0
ra sy_hmag sy_pm,-0.0
ra sy_hmag sy_pmdec,-0.0
ra sy_hmag sy_pmra,-0.0
ra sy_hmag pl_orbper,0.0
ra sy_hmag sy_gaiamag,0.0
ra sy_hmag st_rad,0.0
ra sy_hmag sy_bmag,0.0
ra sy_hmag sy_dist,0.0
ra sy_hmag st_teff,-0.0
ra sy_hmag sy_w2mag,0.0
ra sy_hmag sy_w1mag,0.0
ra sy_hmag sy_w3mag,0.0
ra sy_hmag sy_w4mag,-0.0
ra sy_hmag sy_plx,-0.0
ra sy_hmag st_logg,-0.0
ra sy_hmag st_mass,0.0
ra sy_hmag soltype_Kepler Project Candidate (q1_q17_dr25_koi),-0.0
ra sy_hmag soltype_Published Confirmed,0.0
ra sy_hmag pl_tsystemref_BJD,0.0
ra sy_hmag pl_tsystemref_BJD-TDB,0.0
ra sy_hmag pl_tsystemref_BJD-UTC,-0.0
ra sy_hmag pl_tsystemref_HJD,0.0
ra sy_hmag pl_tsystemref_JD,-0.0
ra sy_vmag^2,0.0
ra sy_vmag sy_pm,-0.0
ra sy_vmag sy_pmdec,-0.0
ra sy_vmag sy_pmra,0.0
ra sy_vmag pl_orbper,0.0
ra sy_vmag sy_gaiamag,0.0
ra sy_vmag st_rad,0.0
ra sy_vmag sy_bmag,0.0
ra sy_vmag sy_dist,0.0
ra sy_vmag st_teff,-0.0
ra sy_vmag sy_w2mag,0.0
ra sy_vmag sy_w1mag,0.0
ra sy_vmag sy_w3mag,0.0
ra sy_vmag sy_w4mag,-0.0
ra sy_vmag sy_plx,-0.0
ra sy_vmag st_logg,-0.0
ra sy_vmag st_mass,0.0
ra sy_vmag soltype_Kepler Project Candidate (q1_q17_dr25_koi),-0.0
ra sy_vmag soltype_Published Confirmed,0.0
ra sy_vmag pl_tsystemref_BJD,0.0
ra sy_vmag pl_tsystemref_BJD-TDB,0.0
ra sy_vmag pl_tsystemref_BJD-UTC,-0.0
ra sy_vmag pl_tsystemref_HJD,0.0
ra sy_vmag pl_tsystemref_JD,-0.0
ra sy_pm^2,0.0
ra sy_pm sy_pmdec,-0.0
ra sy_pm sy_pmra,0.0
ra sy_pm pl_orbper,0.0
ra sy_pm sy_gaiamag,-0.0
ra sy_pm st_rad,0.0
ra sy_pm sy_bmag,-0.0
ra sy_pm sy_dist,-0.0
ra sy_pm st_teff,-0.0
ra sy_pm sy_w2mag,-0.0
ra sy_pm sy_w1mag,-0.0
ra sy_pm sy_w3mag,-0.0
ra sy_pm sy_w4mag,-0.0
ra sy_pm sy_plx,0.0
ra sy_pm st_logg,-0.0
ra sy_pm st_mass,0.0
ra sy_pm soltype_Kepler Project Candidate (q1_q17_dr25_koi),-0.0
ra sy_pm soltype_Published Confirmed,0.0
ra sy_pm pl_tsystemref_BJD,0.0
ra sy_pm pl_tsystemref_BJD-TDB,-0.0
ra sy_pm pl_tsystemref_BJD-UTC,-0.0
ra sy_pm pl_tsystemref_HJD,0.0
ra sy_pm pl_tsystemref_JD,-0.0
ra sy_pmdec^2,0.0
ra sy_pmdec sy_pmra,0.0
ra sy_pmdec pl_orbper,-0.0
ra sy_pmdec sy_gaiamag,-0.0
ra sy_pmdec st_rad,-0.0
ra sy_pmdec sy_bmag,-0.0
ra sy_pmdec sy_dist,-0.0
ra sy_pmdec st_teff,-0.0
ra sy_pmdec sy_w2mag,-0.0
ra sy_pmdec sy_w1mag,-0.0
ra sy_pmdec sy_w3mag,-0.0
ra sy_pmdec sy_w4mag,-0.0
ra sy_pmdec sy_plx,-0.0
ra sy_pmdec st_logg,-0.0
ra sy_pmdec st_mass,-0.0
ra sy_pmdec soltype_Kepler Project Candidate (q1_q17_dr25_koi),0.0
ra sy_pmdec soltype_Published Confirmed,-0.0
ra sy_pmdec pl_tsystemref_BJD,-0.0
ra sy_pmdec pl_tsystemref_BJD-TDB,0.0
ra sy_pmdec pl_tsystemref_BJD-UTC,-0.0
ra sy_pmdec pl_tsystemref_HJD,0.0
ra sy_pmdec pl_tsystemref_JD,-0.0
ra sy_pmra^2,0.0
ra sy_pmra pl_orbper,0.0
ra sy_pmra sy_gaiamag,-0.0
ra sy_pmra st_rad,-0.0
ra sy_pmra sy_bmag,0.0
ra sy_pmra sy_dist,-0.0
ra sy_pmra st_teff,-0.0
ra sy_pmra sy_w2mag,-0.0
ra sy_pmra sy_w1mag,-0.0
ra sy_pmra sy_w3mag,-0.0
ra sy_pmra sy_w4mag,-0.0
ra sy_pmra sy_plx,0.0
ra sy_pmra st_logg,-0.0
ra sy_pmra st_mass,-0.0
ra sy_pmra soltype_Kepler Project Candidate (q1_q17_dr25_koi),0.0
ra sy_pmra soltype_Published Confirmed,-0.0
ra sy_pmra pl_tsystemref_BJD,0.0
ra sy_pmra pl_tsystemref_BJD-TDB,-0.0
ra sy_pmra pl_tsystemref_BJD-UTC,-0.0
ra sy_pmra pl_tsystemref_HJD,-0.0
ra sy_pmra pl_tsystemref_JD,-0.0
ra pl_orbper^2,-0.0
ra pl_orbper sy_gaiamag,0.0
ra pl_orbper st_rad,0.0
ra pl_orbper sy_bmag,0.0
ra pl_orbper sy_dist,0.0
ra pl_orbper st_teff,0.0
ra pl_orbper sy_w2mag,0.0
ra pl_orbper sy_w1mag,0.0
ra pl_orbper sy_w3mag,0.0
ra pl_orbper sy_w4mag,0.0
ra pl_orbper sy_plx,0.0
ra pl_orbper st_logg,0.0
ra pl_orbper st_mass,0.0
ra pl_orbper soltype_Kepler Project Candidate (q1_q17_dr25_koi),0.0
ra pl_orbper soltype_Published Confirmed,0.0
ra pl_orbper pl_tsystemref_BJD,0.0
ra pl_orbper pl_tsystemref_BJD-TDB,0.0
ra pl_orbper pl_tsystemref_BJD-UTC,-0.0
ra pl_orbper pl_tsystemref_HJD,0.0
ra pl_orbper pl_tsystemref_JD,0.0
ra sy_gaiamag^2,0.0
ra sy_gaiamag st_rad,0.0
ra sy_gaiamag sy_bmag,0.0
ra sy_gaiamag sy_dist,0.0
ra sy_gaiamag st_teff,-0.0
ra sy_gaiamag sy_w2mag,0.0
ra sy_gaiamag sy_w1mag,0.0
ra sy_gaiamag sy_w3mag,0.0
ra sy_gaiamag sy_w4mag,-0.0
ra sy_gaiamag sy_plx,-0.0
ra sy_gaiamag st_logg,-0.0
ra sy_gaiamag st_mass,0.0
ra sy_gaiamag soltype_Kepler Project Candidate (q1_q17_dr25_koi),-0.0
ra sy_gaiamag soltype_Published Confirmed,0.0
ra sy_gaiamag pl_tsystemref_BJD,0.0
ra sy_gaiamag pl_tsystemref_BJD-TDB,0.0
ra sy_gaiamag pl_tsystemref_BJD-UTC,-0.0
ra sy_gaiamag pl_tsystemref_HJD,0.0
ra sy_gaiamag pl_tsystemref_JD,-0.0
ra st_rad^2,0.0
ra st_rad sy_bmag,0.0
ra st_rad sy_dist,0.0
ra st_rad st_teff,0.0
ra st_rad sy_w2mag,0.0
ra st_rad sy_w1mag,0.0
ra st_rad sy_w3mag,0.0
ra st_rad sy_w4mag,0.0
ra st_rad sy_plx,0.0
ra st_rad st_logg,0.0
ra st_rad st_mass,0.0
ra st_rad soltype_Kepler Project Candidate (q1_q17_dr25_koi),-0.0
ra st_rad soltype_Published Confirmed,0.0
ra st_rad pl_tsystemref_BJD,0.0
ra st_rad pl_tsystemref_BJD-TDB,0.0
ra st_rad pl_tsystemref_BJD-UTC,0.0
ra st_rad pl_tsystemref_HJD,0.0
ra st_rad pl_tsystemref_JD,-0.0
ra sy_bmag^2,0.0
ra sy_bmag sy_dist,0.0
ra sy_bmag st_teff,-0.0
ra sy_bmag sy_w2mag,0.0
ra sy_bmag sy_w1mag,0.0
ra sy_bmag sy_w3mag,-0.0
ra sy_bmag sy_w4mag,-0.0
ra sy_bmag sy_plx,-0.0
ra sy_bmag st_logg,-0.0
ra sy_bmag st_mass,0.0
ra sy_bmag soltype_Kepler Project Candidate (q1_q17_dr25_koi),-0.0
ra sy_bmag soltype_Published Confirmed,0.0
ra sy_bmag pl_tsystemref_BJD,0.0
ra sy_bmag pl_tsystemref_BJD-TDB,0.0
ra sy_bmag pl_tsystemref_BJD-UTC,-0.0
ra sy_bmag pl_tsystemref_HJD,0.0
ra sy_bmag pl_tsystemref_JD,-0.0
ra sy_dist^2,0.0
ra sy_dist st_teff,0.0
ra sy_dist sy_w2mag,0.0
ra sy_dist sy_w1mag,0.0
ra sy_dist sy_w3mag,0.0
ra sy_dist sy_w4mag,0.0
ra sy_dist sy_plx,-0.0
ra sy_dist st_logg,0.0
ra sy_dist st_mass,0.0
ra sy_dist soltype_Kepler Project Candidate (q1_q17_dr25_koi),-0.0
ra sy_dist soltype_Published Confirmed,0.0
ra sy_dist pl_tsystemref_BJD,0.0
ra sy_dist pl_tsystemref_BJD-TDB,0.0
ra sy_dist pl_tsystemref_BJD-UTC,0.0
ra sy_dist pl_tsystemref_HJD,0.0
ra sy_dist pl_tsystemref_JD,-0.0
ra st_teff^2,-0.0
ra st_teff sy_w2mag,-0.0
ra st_teff sy_w1mag,-0.0
ra st_teff sy_w3mag,-0.0
ra st_teff sy_w4mag,-0.0
ra st_teff sy_plx,-0.0
ra st_teff st_logg,-0.0
ra st_teff st_mass,-0.0
ra st_teff soltype_Kepler Project Candidate (q1_q17_dr25_koi),-0.0
ra st_teff soltype_Published Confirmed,0.0
ra st_teff pl_tsystemref_BJD,0.0
ra st_teff pl_tsystemref_BJD-TDB,0.0
ra st_teff pl_tsystemref_BJD-UTC,0.0
ra st_teff pl_tsystemref_HJD,0.0
ra st_teff pl_tsystemref_JD,-0.0
ra sy_w2mag^2,0.0
ra sy_w2mag sy_w1mag,0.0
ra sy_w2mag sy_w3mag,0.0
ra sy_w2mag sy_w4mag,-0.0
ra sy_w2mag sy_plx,-0.0
ra sy_w2mag st_logg,-0.0
ra sy_w2mag st_mass,0.0
ra sy_w2mag soltype_Kepler Project Candidate (q1_q17_dr25_koi),-0.0
ra sy_w2mag soltype_Published Confirmed,0.0
ra sy_w2mag pl_tsystemref_BJD,0.0
ra sy_w2mag pl_tsystemref_BJD-TDB,0.0
ra sy_w2mag pl_tsystemref_BJD-UTC,-0.0
ra sy_w2mag pl_tsystemref_HJD,0.0
ra sy_w2mag pl_tsystemref_JD,-0.0
ra sy_w1mag^2,0.0
ra sy_w1mag sy_w3mag,0.0
ra sy_w1mag sy_w4mag,-0.0
ra sy_w1mag sy_plx,-0.0
ra sy_w1mag st_logg,-0.0
ra sy_w1mag st_mass,0.0
ra sy_w1mag soltype_Kepler Project Candidate (q1_q17_dr25_koi),-0.0
ra sy_w1mag soltype_Published Confirmed,0.0
ra sy_w1mag pl_tsystemref_BJD,0.0
ra sy_w1mag pl_tsystemref_BJD-TDB,0.0
ra sy_w1mag pl_tsystemref_BJD-UTC,-0.0
ra sy_w1mag pl_tsystemref_HJD,0.0
ra sy_w1mag pl_tsystemref_JD,-0.0
ra sy_w3mag^2,-0.0
ra sy_w3mag sy_w4mag,-0.0
ra sy_w3mag sy_plx,-0.0
ra sy_w3mag st_logg,-0.0
ra sy_w3mag st_mass,-0.0
ra sy_w3mag soltype_Kepler Project Candidate (q1_q17_dr25_koi),-0.0
ra sy_w3mag soltype_Published Confirmed,0.0
ra sy_w3mag pl_tsystemref_BJD,0.0
ra sy_w3mag pl_tsystemref_BJD-TDB,0.0
ra sy_w3mag pl_tsystemref_BJD-UTC,-0.0
ra sy_w3mag pl_tsystemref_HJD,0.0
ra sy_w3mag pl_tsystemref_JD,-0.0
ra sy_w4mag^2,-0.0
ra sy_w4mag sy_plx,-0.0
ra sy_w4mag st_logg,-0.0
ra sy_w4mag st_mass,-0.0
ra sy_w4mag soltype_Kepler Project Candidate (q1_q17_dr25_koi),-0.0
ra sy_w4mag soltype_Published Confirmed,-0.0
ra sy_w4mag pl_tsystemref_BJD,0.0
ra sy_w4mag pl_tsystemref_BJD-TDB,0.0
ra sy_w4mag pl_tsystemref_BJD-UTC,-0.0
ra sy_w4mag pl_tsystemref_HJD,0.0
ra sy_w4mag pl_tsystemref_JD,-0.0
ra sy_plx^2,-0.0
ra sy_plx st_logg,-0.0
ra sy_plx st_mass,-0.0
ra sy_plx soltype_Kepler Project Candidate (q1_q17_dr25_koi),-0.0
ra sy_plx soltype_Published Confirmed,-0.0
ra sy_plx pl_tsystemref_BJD,-0.0
ra sy_plx pl_tsystemref_BJD-TDB,-0.0
ra sy_plx pl_tsystemref_BJD-UTC,-0.0
ra sy_plx pl_tsystemref_HJD,0.0
ra sy_plx pl_tsystemref_JD,-0.0
ra st_logg^2,-0.0
ra st_logg st_mass,-0.0
ra st_logg soltype_Kepler Project Candidate (q1_q17_dr25_koi),-0.0
ra st_logg soltype_Published Confirmed,-0.0
ra st_logg pl_tsystemref_BJD,0.0
ra st_logg pl_tsystemref_BJD-TDB,0.0
ra st_logg pl_tsystemref_BJD-UTC,-0.0
ra st_logg pl_tsystemref_HJD,0.0
ra st_logg pl_tsystemref_JD,-0.0
ra st_mass^2,0.0
ra st_mass soltype_Kepler Project Candidate (q1_q17_dr25_koi),-0.0
ra st_mass soltype_Published Confirmed,0.0
ra st_mass pl_tsystemref_BJD,0.0
ra st_mass pl_tsystemref_BJD-TDB,0.0
ra st_mass pl_tsystemref_BJD-UTC,0.0
ra st_mass pl_tsystemref_HJD,0.0
ra st_mass pl_tsystemref_JD,-0.0
ra soltype_Kepler Project Candidate (q1_q17_dr25_koi)^2,-0.0
ra soltype_Kepler Project Candidate (q1_q17_dr25_koi) soltype_Published Confirmed,0.0
ra soltype_Kepler Project Candidate (q1_q17_dr25_koi) pl_tsystemref_BJD,-0.0
ra soltype_Kepler Project Candidate (q1_q17_dr25_koi) pl_tsystemref_BJD-TDB,0.0
ra soltype_Kepler Project Candidate (q1_q17_dr25_koi) pl_tsystemref_BJD-UTC,0.0
ra soltype_Kepler Project Candidate (q1_q17_dr25_koi) pl_tsystemref_HJD,0.0
ra soltype_Kepler Project Candidate (q1_q17_dr25_koi) pl_tsystemref_JD,0.0
ra soltype_Published Confirmed^2,0.0
ra soltype_Published Confirmed pl_tsystemref_BJD,0.0
ra soltype_Published Confirmed pl_tsystemref_BJD-TDB,0.0
ra soltype_Published Confirmed pl_tsystemref_BJD-UTC,-0.0
ra soltype_Published Confirmed pl_tsystemref_HJD,0.0
ra soltype_Published Confirmed pl_tsystemref_JD,-0.0
ra pl_tsystemref_BJD^2,0.0
ra pl_tsystemref_BJD pl_tsystemref_BJD-TDB,0.0
ra pl_tsystemref_BJD pl_tsystemref_BJD-UTC,0.0
ra pl_tsystemref_BJD pl_tsystemref_HJD,0.0
ra pl_tsystemref_BJD pl_tsystemref_JD,0.0
ra pl_tsystemref_BJD-TDB^2,0.0
ra pl_tsystemref_BJD-TDB pl_tsystemref_BJD-UTC,0.0
ra pl_tsystemref_BJD-TDB pl_tsystemref_HJD,0.0
ra pl_tsystemref_BJD-TDB pl_tsystemref_JD,0.0
ra pl_tsystemref_BJD-UTC^2,-0.0
ra pl_tsystemref_BJD-UTC pl_tsystemref_HJD,0.0
ra pl_tsystemref_BJD-UTC pl_tsystemref_JD,0.0
ra pl_tsystemref_HJD^2,0.0
ra pl_tsystemref_HJD pl_tsystemref_JD,0.0
ra pl_tsystemref_JD^2,-0.0
st_nspec^3,0.0
st_nspec^2 pl_nespec,0.0
st_nspec^2 pl_ntranspec,0.0
st_nspec^2 pl_ndispec,0.0
st_nspec^2 release_year,0.0
st_nspec^2 st_nphot,0.0
st_nspec^2 st_nrvc,0.0
st_nspec^2 pl_controv_flag,0.0
st_nspec^2 disc_year,0.0
st_nspec^2 sy_tmag,0.0
st_nspec^2 sy_kmag,0.0
st_nspec^2 sy_jmag,0.0
st_nspec^2 sy_hmag,0.0
st_nspec^2 sy_vmag,0.0
st_nspec^2 sy_pm,0.0
st_nspec^2 sy_pmdec,-0.0
st_nspec^2 sy_pmra,0.0
st_nspec^2 pl_orbper,0.0
st_nspec^2 sy_gaiamag,0.0
st_nspec^2 st_rad,0.0
st_nspec^2 sy_bmag,0.0
st_nspec^2 sy_dist,0.0
st_nspec^2 st_teff,0.0
st_nspec^2 sy_w2mag,0.0
st_nspec^2 sy_w1mag,0.0
st_nspec^2 sy_w3mag,0.0
st_nspec^2 sy_w4mag,0.0
st_nspec^2 sy_plx,0.0
st_nspec^2 st_logg,0.0
st_nspec^2 st_mass,0.0
st_nspec^2 soltype_Kepler Project Candidate (q1_q17_dr25_koi),0.0
st_nspec^2 soltype_Published Confirmed,0.0
st_nspec^2 pl_tsystemref_BJD,0.0
st_nspec^2 pl_tsystemref_BJD-TDB,0.0
st_nspec^2 pl_tsystemref_BJD-UTC,0.0
st_nspec^2 pl_tsystemref_HJD,0.0
st_nspec^2 pl_tsystemref_JD,0.0
st_nspec pl_nespec^2,0.0
st_nspec pl_nespec pl_ntranspec,0.0
st_nspec pl_nespec pl_ndispec,0.0
st_nspec pl_nespec release_year,0.0
st_nspec pl_nespec st_nphot,0.0
st_nspec pl_nespec st_nrvc,0.0
st_nspec pl_nespec pl_controv_flag,0.0
st_nspec pl_nespec disc_year,0.0
st_nspec pl_nespec sy_tmag,0.0
st_nspec pl_nespec sy_kmag,0.0
st_nspec pl_nespec sy_jmag,0.0
st_nspec pl_nespec sy_hmag,0.0
st_nspec pl_nespec sy_vmag,0.0
st_nspec pl_nespec sy_pm,0.0
st_nspec pl_nespec sy_pmdec,0.0
st_nspec pl_nespec sy_pmra,0.0
st_nspec pl_nespec pl_orbper,0.0
st_nspec pl_nespec sy_gaiamag,0.0
st_nspec pl_nespec st_rad,0.0
st_nspec pl_nespec sy_bmag,0.0
st_nspec pl_nespec sy_dist,0.0
st_nspec pl_nespec st_teff,0.0
st_nspec pl_nespec sy_w2mag,0.0
st_nspec pl_nespec sy_w1mag,0.0
st_nspec pl_nespec sy_w3mag,0.0
st_nspec pl_nespec sy_w4mag,0.0
st_nspec pl_nespec sy_plx,0.0
st_nspec pl_nespec st_logg,0.0
st_nspec pl_nespec st_mass,0.0
st_nspec pl_nespec soltype_Kepler Project Candidate (q1_q17_dr25_koi),0.0
st_nspec pl_nespec soltype_Published Confirmed,0.0
st_nspec pl_nespec pl_tsystemref_BJD,0.0
st_nspec pl_nespec pl_tsystemref_BJD-TDB,0.0
st_nspec pl_nespec pl_tsystemref_BJD-UTC,0.0
st_nspec pl_nespec pl_tsystemref_HJD,0.0
st_nspec pl_nespec pl_tsystemref_JD,0.0
st_nspec pl_ntranspec^2,0.0
st_nspec pl_ntranspec pl_ndispec,0.0
st_nspec pl_ntranspec release_year,0.0
st_nspec pl_ntranspec st_nphot,0.0
st_nspec pl_ntranspec st_nrvc,0.0
st_nspec pl_ntranspec pl_controv_flag,0.0
st_nspec pl_ntranspec disc_year,0.0
st_nspec pl_ntranspec sy_tmag,0.0
st_nspec pl_ntranspec sy_kmag,0.0
st_nspec pl_ntranspec sy_jmag,0.0
st_nspec pl_ntranspec sy_hmag,0.0
st_nspec pl_ntranspec sy_vmag,0.0
st_nspec pl_ntranspec sy_pm,0.0
st_nspec pl_ntranspec sy_pmdec,0.0
st_nspec pl_ntranspec sy_pmra,0.0
st_nspec pl_ntranspec pl_orbper,0.0
st_nspec pl_ntranspec sy_gaiamag,0.0
st_nspec pl_ntranspec st_rad,0.0
st_nspec pl_ntranspec sy_bmag,0.0
st_nspec pl_ntranspec sy_dist,0.0
st_nspec pl_ntranspec st_teff,0.0
st_nspec pl_ntranspec sy_w2mag,0.0
st_nspec pl_ntranspec sy_w1mag,0.0
st_nspec pl_ntranspec sy_w3mag,0.0
st_nspec pl_ntranspec sy_w4mag,0.0
st_nspec pl_ntranspec sy_plx,0.0
st_nspec pl_ntranspec st_logg,0.0
st_nspec pl_ntranspec st_mass,0.0
st_nspec pl_ntranspec soltype_Kepler Project Candidate (q1_q17_dr25_koi),0.0
st_nspec pl_ntranspec soltype_Published Confirmed,0.0
st_nspec pl_ntranspec pl_tsystemref_BJD,0.0
st_nspec pl_ntranspec pl_tsystemref_BJD-TDB,0.0
st_nspec pl_ntranspec pl_tsystemref_BJD-UTC,0.0
st_nspec pl_ntranspec pl_tsystemref_HJD,0.0
st_nspec pl_ntranspec pl_tsystemref_JD,0.0
st_nspec pl_ndispec^2,0.0
st_nspec pl_ndispec release_year,0.0
st_nspec pl_ndispec st_nphot,0.0
st_nspec pl_ndispec st_nrvc,0.0
st_nspec pl_ndispec pl_controv_flag,0.0
st_nspec pl_ndispec disc_year,0.0
st_nspec pl_ndispec sy_tmag,0.0
st_nspec pl_ndispec sy_kmag,0.0
st_nspec pl_ndispec sy_jmag,0.0
st_nspec pl_ndispec sy_hmag,0.0
st_nspec pl_ndispec sy_vmag,0.0
st_nspec pl_ndispec sy_pm,0.0
st_nspec pl_ndispec sy_pmdec,0.0
st_nspec pl_ndispec sy_pmra,0.0
st_nspec pl_ndispec pl_orbper,0.0
st_nspec pl_ndispec sy_gaiamag,0.0
st_nspec pl_ndispec st_rad,0.0
st_nspec pl_ndispec sy_bmag,0.0
st_nspec pl_ndispec sy_dist,0.0
st_nspec pl_ndispec st_teff,0.0
st_nspec pl_ndispec sy_w2mag,0.0
st_nspec pl_ndispec sy_w1mag,0.0
st_nspec pl_ndispec sy_w3mag,0.0
st_nspec pl_ndispec sy_w4mag,0.0
st_nspec pl_ndispec sy_plx,0.0
st_nspec pl_ndispec st_logg,0.0
st_nspec pl_ndispec st_mass,0.0
st_nspec pl_ndispec soltype_Kepler Project Candidate (q1_q17_dr25_koi),0.0
st_nspec pl_ndispec soltype_Published Confirmed,0.0
st_nspec pl_ndispec pl_tsystemref_BJD,0.0
st_nspec pl_ndispec pl_tsystemref_BJD-TDB,0.0
st_nspec pl_ndispec pl_tsystemref_BJD-UTC,0.0
st_nspec pl_ndispec pl_tsystemref_HJD,0.0
st_nspec pl_ndispec pl_tsystemref_JD,0.0
st_nspec release_year^2,0.0
st_nspec release_year st_nphot,0.0
st_nspec release_year st_nrvc,0.0
st_nspec release_year pl_controv_flag,0.0
st_nspec release_year disc_year,0.0
st_nspec release_year sy_tmag,0.0
st_nspec release_year sy_kmag,0.0
st_nspec release_year sy_jmag,0.0
st_nspec release_year sy_hmag,0.0
st_nspec release_year sy_vmag,0.0
st_nspec release_year sy_pm,0.0
st_nspec release_year sy_pmdec,-0.0
st_nspec release_year sy_pmra,0.0
st_nspec release_year pl_orbper,0.0
st_nspec release_year sy_gaiamag,0.0
st_nspec release_year st_rad,0.0
st_nspec release_year sy_bmag,0.0
st_nspec release_year sy_dist,0.0
st_nspec release_year st_teff,0.0
st_nspec release_year sy_w2mag,0.0
st_nspec release_year sy_w1mag,0.0
st_nspec release_year sy_w3mag,0.0
st_nspec release_year sy_w4mag,0.0
st_nspec release_year sy_plx,0.0
st_nspec release_year st_logg,0.0
st_nspec release_year st_mass,0.0
st_nspec release_year soltype_Kepler Project Candidate (q1_q17_dr25_koi),0.0
st_nspec release_year soltype_Published Confirmed,0.0
st_nspec release_year pl_tsystemref_BJD,0.0
st_nspec release_year pl_tsystemref_BJD-TDB,0.0
st_nspec release_year pl_tsystemref_BJD-UTC,0.0
st_nspec release_year pl_tsystemref_HJD,0.0
st_nspec release_year pl_tsystemref_JD,0.0
st_nspec st_nphot^2,0.0
st_nspec st_nphot st_nrvc,0.0
st_nspec st_nphot pl_controv_flag,0.0
st_nspec st_nphot disc_year,0.0
st_nspec st_nphot sy_tmag,0.0
st_nspec st_nphot sy_kmag,0.0
st_nspec st_nphot sy_jmag,0.0
st_nspec st_nphot sy_hmag,0.0
st_nspec st_nphot sy_vmag,0.0
st_nspec st_nphot sy_pm,0.0
st_nspec st_nphot sy_pmdec,0.0
st_nspec st_nphot sy_pmra,0.0
st_nspec st_nphot pl_orbper,0.0
st_nspec st_nphot sy_gaiamag,0.0
st_nspec st_nphot st_rad,0.0
st_nspec st_nphot sy_bmag,0.0
st_nspec st_nphot sy_dist,0.0
st_nspec st_nphot st_teff,0.0
st_nspec st_nphot sy_w2mag,0.0
st_nspec st_nphot sy_w1mag,0.0
st_nspec st_nphot sy_w3mag,0.0
st_nspec st_nphot sy_w4mag,0.0
st_nspec st_nphot sy_plx,0.0
st_nspec st_nphot st_logg,0.0
st_nspec st_nphot st_mass,0.0
st_nspec st_nphot soltype_Kepler Project Candidate (q1_q17_dr25_koi),0.0
st_nspec st_nphot soltype_Published Confirmed,0.0
st_nspec st_nphot pl_tsystemref_BJD,0.0
st_nspec st_nphot pl_tsystemref_BJD-TDB,0.0
st_nspec st_nphot pl_tsystemref_BJD-UTC,0.0
st_nspec st_nphot pl_tsystemref_HJD,0.0
st_nspec st_nphot pl_tsystemref_JD,0.0
st_nspec st_nrvc^2,0.0
st_nspec st_nrvc pl_controv_flag,0.0
st_nspec st_nrvc disc_year,0.0
st_nspec st_nrvc sy_tmag,0.0
st_nspec st_nrvc sy_kmag,0.0
st_nspec st_nrvc sy_jmag,0.0
st_nspec st_nrvc sy_hmag,0.0
st_nspec st_nrvc sy_vmag,0.0
st_nspec st_nrvc sy_pm,0.0
st_nspec st_nrvc sy_pmdec,0.0
st_nspec st_nrvc sy_pmra,0.0
st_nspec st_nrvc pl_orbper,0.0
st_nspec st_nrvc sy_gaiamag,0.0
st_nspec st_nrvc st_rad,0.0
st_nspec st_nrvc sy_bmag,0.0
st_nspec st_nrvc sy_dist,0.0
st_nspec st_nrvc st_teff,0.0
st_nspec st_nrvc sy_w2mag,0.0
st_nspec st_nrvc sy_w1mag,0.0
st_nspec st_nrvc sy_w3mag,0.0
st_nspec st_nrvc sy_w4mag,0.0
st_nspec st_nrvc sy_plx,0.0
st_nspec st_nrvc st_logg,0.0
st_nspec st_nrvc st_mass,0.0
st_nspec st_nrvc soltype_Kepler Project Candidate (q1_q17_dr25_koi),0.0
st_nspec st_nrvc soltype_Published Confirmed,0.0
st_nspec st_nrvc pl_tsystemref_BJD,0.0
st_nspec st_nrvc pl_tsystemref_BJD-TDB,0.0
st_nspec st_nrvc pl_tsystemref_BJD-UTC,0.0
st_nspec st_nrvc pl_tsystemref_HJD,0.0
st_nspec st_nrvc pl_tsystemref_JD,0.0
st_nspec pl_controv_flag^2,0.0
st_nspec pl_controv_flag disc_year,0.0
st_nspec pl_controv_flag sy_tmag,0.0
st_nspec pl_controv_flag sy_kmag,0.0
st_nspec pl_controv_flag sy_jmag,0.0
st_nspec pl_controv_flag sy_hmag,0.0
st_nspec pl_controv_flag sy_vmag,0.0
st_nspec pl_controv_flag sy_pm,0.0
st_nspec pl_controv_flag sy_pmdec,0.0
st_nspec pl_controv_flag sy_pmra,0.0
st_nspec pl_controv_flag pl_orbper,0.0
st_nspec pl_controv_flag sy_gaiamag,0.0
st_nspec pl_controv_flag st_rad,0.0
st_nspec pl_controv_flag sy_bmag,0.0
st_nspec pl_controv_flag sy_dist,0.0
st_nspec pl_controv_flag st_teff,0.0
st_nspec pl_controv_flag sy_w2mag,0.0
st_nspec pl_controv_flag sy_w1mag,0.0
st_nspec pl_controv_flag sy_w3mag,0.0
st_nspec pl_controv_flag sy_w4mag,0.0
st_nspec pl_controv_flag sy_plx,0.0
st_nspec pl_controv_flag st_logg,0.0
st_nspec pl_controv_flag st_mass,0.0
st_nspec pl_controv_flag soltype_Kepler Project Candidate (q1_q17_dr25_koi),0.0
st_nspec pl_controv_flag soltype_Published Confirmed,0.0
st_nspec pl_controv_flag pl_tsystemref_BJD,0.0
st_nspec pl_controv_flag pl_tsystemref_BJD-TDB,0.0
st_nspec pl_controv_flag pl_tsystemref_BJD-UTC,0.0
st_nspec pl_controv_flag pl_tsystemref_HJD,0.0
st_nspec pl_controv_flag pl_tsystemref_JD,0.0
st_nspec disc_year^2,0.0
st_nspec disc_year sy_tmag,0.0
st_nspec disc_year sy_kmag,0.0
st_nspec disc_year sy_jmag,0.0
st_nspec disc_year sy_hmag,0.0
st_nspec disc_year sy_vmag,0.0
st_nspec disc_year sy_pm,0.0
st_nspec disc_year sy_pmdec,-0.0
st_nspec disc_year sy_pmra,0.0
st_nspec disc_year pl_orbper,0.0
st_nspec disc_year sy_gaiamag,0.0
st_nspec disc_year st_rad,0.0
st_nspec disc_year sy_bmag,0.0
st_nspec disc_year sy_dist,0.0
st_nspec disc_year st_teff,0.0
st_nspec disc_year sy_w2mag,0.0
st_nspec disc_year sy_w1mag,0.0
st_nspec disc_year sy_w3mag,0.0
st_nspec disc_year sy_w4mag,0.0
st_nspec disc_year sy_plx,0.0
st_nspec disc_year st_logg,0.0
st_nspec disc_year st_mass,0.0
st_nspec disc_year soltype_Kepler Project Candidate (q1_q17_dr25_koi),0.0
st_nspec disc_year soltype_Published Confirmed,0.0
st_nspec disc_year pl_tsystemref_BJD,0.0
st_nspec disc_year pl_tsystemref_BJD-TDB,0.0
st_nspec disc_year pl_tsystemref_BJD-UTC,0.0
st_nspec disc_year pl_tsystemref_HJD,0.0
st_nspec disc_year pl_tsystemref_JD,0.0
st_nspec sy_tmag^2,0.0
st_nspec sy_tmag sy_kmag,0.0
st_nspec sy_tmag sy_jmag,0.0
st_nspec sy_tmag sy_hmag,0.0
st_nspec sy_tmag sy_vmag,0.0
st_nspec sy_tmag sy_pm,0.0
st_nspec sy_tmag sy_pmdec,-0.0
st_nspec sy_tmag sy_pmra,0.0
st_nspec sy_tmag pl_orbper,0.0
st_nspec sy_tmag sy_gaiamag,0.0
st_nspec sy_tmag st_rad,0.0
st_nspec sy_tmag sy_bmag,0.0
st_nspec sy_tmag sy_dist,0.0
st_nspec sy_tmag st_teff,0.0
st_nspec sy_tmag sy_w2mag,0.0
st_nspec sy_tmag sy_w1mag,0.0
st_nspec sy_tmag sy_w3mag,0.0
st_nspec sy_tmag sy_w4mag,0.0
st_nspec sy_tmag sy_plx,0.0
st_nspec sy_tmag st_logg,0.0
st_nspec sy_tmag st_mass,0.0
st_nspec sy_tmag soltype_Kepler Project Candidate (q1_q17_dr25_koi),0.0
st_nspec sy_tmag soltype_Published Confirmed,0.0
st_nspec sy_tmag pl_tsystemref_BJD,0.0
st_nspec sy_tmag pl_tsystemref_BJD-TDB,0.0
st_nspec sy_tmag pl_tsystemref_BJD-UTC,0.0
st_nspec sy_tmag pl_tsystemref_HJD,0.0
st_nspec sy_tmag pl_tsystemref_JD,0.0
st_nspec sy_kmag^2,0.0
st_nspec sy_kmag sy_jmag,0.0
st_nspec sy_kmag sy_hmag,0.0
st_nspec sy_kmag sy_vmag,0.0
st_nspec sy_kmag sy_pm,0.0
st_nspec sy_kmag sy_pmdec,-0.0
st_nspec sy_kmag sy_pmra,0.0
st_nspec sy_kmag pl_orbper,0.0
st_nspec sy_kmag sy_gaiamag,0.0
st_nspec sy_kmag st_rad,0.0
st_nspec sy_kmag sy_bmag,0.0
st_nspec sy_kmag sy_dist,0.0
st_nspec sy_kmag st_teff,0.0
st_nspec sy_kmag sy_w2mag,0.0
st_nspec sy_kmag sy_w1mag,0.0
st_nspec sy_kmag sy_w3mag,0.0
st_nspec sy_kmag sy_w4mag,0.0
st_nspec sy_kmag sy_plx,0.0
st_nspec sy_kmag st_logg,0.0
st_nspec sy_kmag st_mass,0.0
st_nspec sy_kmag soltype_Kepler Project Candidate (q1_q17_dr25_koi),0.0
st_nspec sy_kmag soltype_Published Confirmed,0.0
st_nspec sy_kmag pl_tsystemref_BJD,0.0
st_nspec sy_kmag pl_tsystemref_BJD-TDB,0.0
st_nspec sy_kmag pl_tsystemref_BJD-UTC,0.0
st_nspec sy_kmag pl_tsystemref_HJD,0.0
st_nspec sy_kmag pl_tsystemref_JD,0.0
st_nspec sy_jmag^2,0.0
st_nspec sy_jmag sy_hmag,0.0
st_nspec sy_jmag sy_vmag,0.0
st_nspec sy_jmag sy_pm,0.0
st_nspec sy_jmag sy_pmdec,-0.0
st_nspec sy_jmag sy_pmra,0.0
st_nspec sy_jmag pl_orbper,0.0
st_nspec sy_jmag sy_gaiamag,0.0
st_nspec sy_jmag st_rad,0.0
st_nspec sy_jmag sy_bmag,0.0
st_nspec sy_jmag sy_dist,0.0
st_nspec sy_jmag st_teff,0.0
st_nspec sy_jmag sy_w2mag,0.0
st_nspec sy_jmag sy_w1mag,0.0
st_nspec sy_jmag sy_w3mag,0.0
st_nspec sy_jmag sy_w4mag,0.0
st_nspec sy_jmag sy_plx,0.0
st_nspec sy_jmag st_logg,0.0
st_nspec sy_jmag st_mass,0.0
st_nspec sy_jmag soltype_Kepler Project Candidate (q1_q17_dr25_koi),0.0
st_nspec sy_jmag soltype_Published Confirmed,0.0
st_nspec sy_jmag pl_tsystemref_BJD,0.0
st_nspec sy_jmag pl_tsystemref_BJD-TDB,0.0
st_nspec sy_jmag pl_tsystemref_BJD-UTC,0.0
st_nspec sy_jmag pl_tsystemref_HJD,0.0
st_nspec sy_jmag pl_tsystemref_JD,0.0
st_nspec sy_hmag^2,0.0
st_nspec sy_hmag sy_vmag,0.0
st_nspec sy_hmag sy_pm,0.0
st_nspec sy_hmag sy_pmdec,-0.0
st_nspec sy_hmag sy_pmra,0.0
st_nspec sy_hmag pl_orbper,0.0
st_nspec sy_hmag sy_gaiamag,0.0
st_nspec sy_hmag st_rad,0.0
st_nspec sy_hmag sy_bmag,0.0
st_nspec sy_hmag sy_dist,0.0
st_nspec sy_hmag st_teff,0.0
st_nspec sy_hmag sy_w2mag,0.0
st_nspec sy_hmag sy_w1mag,0.0
st_nspec sy_hmag sy_w3mag,0.0
st_nspec sy_hmag sy_w4mag,0.0
st_nspec sy_hmag sy_plx,0.0
st_nspec sy_hmag st_logg,0.0
st_nspec sy_hmag st_mass,0.0
st_nspec sy_hmag soltype_Kepler Project Candidate (q1_q17_dr25_koi),0.0
st_nspec sy_hmag soltype_Published Confirmed,0.0
st_nspec sy_hmag pl_tsystemref_BJD,0.0
st_nspec sy_hmag pl_tsystemref_BJD-TDB,0.0
st_nspec sy_hmag pl_tsystemref_BJD-UTC,0.0
st_nspec sy_hmag pl_tsystemref_HJD,0.0
st_nspec sy_hmag pl_tsystemref_JD,0.0
st_nspec sy_vmag^2,0.0
st_nspec sy_vmag sy_pm,0.0
st_nspec sy_vmag sy_pmdec,-0.0
st_nspec sy_vmag sy_pmra,0.0
st_nspec sy_vmag pl_orbper,0.0
st_nspec sy_vmag sy_gaiamag,0.0
st_nspec sy_vmag st_rad,0.0
st_nspec sy_vmag sy_bmag,0.0
st_nspec sy_vmag sy_dist,0.0
st_nspec sy_vmag st_teff,0.0
st_nspec sy_vmag sy_w2mag,0.0
st_nspec sy_vmag sy_w1mag,0.0
st_nspec sy_vmag sy_w3mag,0.0
st_nspec sy_vmag sy_w4mag,0.0
st_nspec sy_vmag sy_plx,0.0
st_nspec sy_vmag st_logg,0.0
st_nspec sy_vmag st_mass,0.0
st_nspec sy_vmag soltype_Kepler Project Candidate (q1_q17_dr25_koi),0.0
st_nspec sy_vmag soltype_Published Confirmed,0.0
st_nspec sy_vmag pl_tsystemref_BJD,0.0
st_nspec sy_vmag pl_tsystemref_BJD-TDB,0.0
st_nspec sy_vmag pl_tsystemref_BJD-UTC,0.0
st_nspec sy_vmag pl_tsystemref_HJD,0.0
st_nspec sy_vmag pl_tsystemref_JD,0.0
st_nspec sy_pm^2,0.0
st_nspec sy_pm sy_pmdec,-0.0
st_nspec sy_pm sy_pmra,0.0
st_nspec sy_pm pl_orbper,0.0
st_nspec sy_pm sy_gaiamag,0.0
st_nspec sy_pm st_rad,0.0
st_nspec sy_pm sy_bmag,0.0
st_nspec sy_pm sy_dist,0.0
st_nspec sy_pm st_teff,0.0
st_nspec sy_pm sy_w2mag,0.0
st_nspec sy_pm sy_w1mag,0.0
st_nspec sy_pm sy_w3mag,0.0
st_nspec sy_pm sy_w4mag,0.0
st_nspec sy_pm sy_plx,0.0
st_nspec sy_pm st_logg,0.0
st_nspec sy_pm st_mass,0.0
st_nspec sy_pm soltype_Kepler Project Candidate (q1_q17_dr25_koi),0.0
st_nspec sy_pm soltype_Published Confirmed,0.0
st_nspec sy_pm pl_tsystemref_BJD,0.0
st_nspec sy_pm pl_tsystemref_BJD-TDB,0.0
st_nspec sy_pm pl_tsystemref_BJD-UTC,0.0
st_nspec sy_pm pl_tsystemref_HJD,0.0
st_nspec sy_pm pl_tsystemref_JD,0.0
st_nspec sy_pmdec^2,0.0
st_nspec sy_pmdec sy_pmra,-0.0
st_nspec sy_pmdec pl_orbper,-0.0
st_nspec sy_pmdec sy_gaiamag,-0.0
st_nspec sy_pmdec st_rad,-0.0
st_nspec sy_pmdec sy_bmag,-0.0
st_nspec sy_pmdec sy_dist,-0.0
st_nspec sy_pmdec st_teff,-0.0
st_nspec sy_pmdec sy_w2mag,-0.0
st_nspec sy_pmdec sy_w1mag,-0.0
st_nspec sy_pmdec sy_w3mag,-0.0
st_nspec sy_pmdec sy_w4mag,-0.0
st_nspec sy_pmdec sy_plx,-0.0
st_nspec sy_pmdec st_logg,-0.0
st_nspec sy_pmdec st_mass,-0.0
st_nspec sy_pmdec soltype_Kepler Project Candidate (q1_q17_dr25_koi),0.0
st_nspec sy_pmdec soltype_Published Confirmed,-0.0
st_nspec sy_pmdec pl_tsystemref_BJD,-0.0
st_nspec sy_pmdec pl_tsystemref_BJD-TDB,0.0
st_nspec sy_pmdec pl_tsystemref_BJD-UTC,0.0
st_nspec sy_pmdec pl_tsystemref_HJD,0.0
st_nspec sy_pmdec pl_tsystemref_JD,0.0
st_nspec sy_pmra^2,0.0
st_nspec sy_pmra pl_orbper,0.0
st_nspec sy_pmra sy_gaiamag,0.0
st_nspec sy_pmra st_rad,0.0
st_nspec sy_pmra sy_bmag,0.0
st_nspec sy_pmra sy_dist,0.0
st_nspec sy_pmra st_teff,0.0
st_nspec sy_pmra sy_w2mag,0.0
st_nspec sy_pmra sy_w1mag,0.0
st_nspec sy_pmra sy_w3mag,0.0
st_nspec sy_pmra sy_w4mag,0.0
st_nspec sy_pmra sy_plx,0.0
st_nspec sy_pmra st_logg,0.0
st_nspec sy_pmra st_mass,0.0
st_nspec sy_pmra soltype_Kepler Project Candidate (q1_q17_dr25_koi),0.0
st_nspec sy_pmra soltype_Published Confirmed,0.0
st_nspec sy_pmra pl_tsystemref_BJD,0.0
st_nspec sy_pmra pl_tsystemref_BJD-TDB,0.0
st_nspec sy_pmra pl_tsystemref_BJD-UTC,0.0
st_nspec sy_pmra pl_tsystemref_HJD,0.0
st_nspec sy_pmra pl_tsystemref_JD,0.0
st_nspec pl_orbper^2,0.0
st_nspec pl_orbper sy_gaiamag,0.0
st_nspec pl_orbper st_rad,0.0
st_nspec pl_orbper sy_bmag,0.0
st_nspec pl_orbper sy_dist,0.0
st_nspec pl_orbper st_teff,0.0
st_nspec pl_orbper sy_w2mag,0.0
st_nspec pl_orbper sy_w1mag,0.0
st_nspec pl_orbper sy_w3mag,0.0
st_nspec pl_orbper sy_w4mag,0.0
st_nspec pl_orbper sy_plx,0.0
st_nspec pl_orbper st_logg,0.0
st_nspec pl_orbper st_mass,0.0
st_nspec pl_orbper soltype_Kepler Project Candidate (q1_q17_dr25_koi),0.0
st_nspec pl_orbper soltype_Published Confirmed,0.0
st_nspec pl_orbper pl_tsystemref_BJD,0.0
st_nspec pl_orbper pl_tsystemref_BJD-TDB,0.0
st_nspec pl_orbper pl_tsystemref_BJD-UTC,0.0
st_nspec pl_orbper pl_tsystemref_HJD,0.0
st_nspec pl_orbper pl_tsystemref_JD,0.0
st_nspec sy_gaiamag^2,0.0
st_nspec sy_gaiamag st_rad,0.0
st_nspec sy_gaiamag sy_bmag,0.0
st_nspec sy_gaiamag sy_dist,0.0
st_nspec sy_gaiamag st_teff,0.0
st_nspec sy_gaiamag sy_w2mag,0.0
st_nspec sy_gaiamag sy_w1mag,0.0
st_nspec sy_gaiamag sy_w3mag,0.0
st_nspec sy_gaiamag sy_w4mag,0.0
st_nspec sy_gaiamag sy_plx,0.0
st_nspec sy_gaiamag st_logg,0.0
st_nspec sy_gaiamag st_mass,0.0
st_nspec sy_gaiamag soltype_Kepler Project Candidate (q1_q17_dr25_koi),0.0
st_nspec sy_gaiamag soltype_Published Confirmed,0.0
st_nspec sy_gaiamag pl_tsystemref_BJD,0.0
st_nspec sy_gaiamag pl_tsystemref_BJD-TDB,0.0
st_nspec sy_gaiamag pl_tsystemref_BJD-UTC,0.0
st_nspec sy_gaiamag pl_tsystemref_HJD,0.0
st_nspec sy_gaiamag pl_tsystemref_JD,0.0
st_nspec st_rad^2,0.0
st_nspec st_rad sy_bmag,0.0
st_nspec st_rad sy_dist,0.0
st_nspec st_rad st_teff,0.0
st_nspec st_rad sy_w2mag,0.0
st_nspec st_rad sy_w1mag,0.0
st_nspec st_rad sy_w3mag,0.0
st_nspec st_rad sy_w4mag,0.0
st_nspec st_rad sy_plx,0.0
st_nspec st_rad st_logg,0.0
st_nspec st_rad st_mass,0.0
st_nspec st_rad soltype_Kepler Project Candidate (q1_q17_dr25_koi),0.0
st_nspec st_rad soltype_Published Confirmed,0.0
st_nspec st_rad pl_tsystemref_BJD,0.0
st_nspec st_rad pl_tsystemref_BJD-TDB,0.0
st_nspec st_rad pl_tsystemref_BJD-UTC,0.0
st_nspec st_rad pl_tsystemref_HJD,0.0
st_nspec st_rad pl_tsystemref_JD,0.0
st_nspec sy_bmag^2,0.0
st_nspec sy_bmag sy_dist,0.0
st_nspec sy_bmag st_teff,0.0
st_nspec sy_bmag sy_w2mag,0.0
st_nspec sy_bmag sy_w1mag,0.0
st_nspec sy_bmag sy_w3mag,0.0
st_nspec sy_bmag sy_w4mag,0.0
st_nspec sy_bmag sy_plx,0.0
st_nspec sy_bmag st_logg,0.0
st_nspec sy_bmag st_mass,0.0
st_nspec sy_bmag soltype_Kepler Project Candidate (q1_q17_dr25_koi),0.0
st_nspec sy_bmag soltype_Published Confirmed,0.0
st_nspec sy_bmag pl_tsystemref_BJD,0.0
st_nspec sy_bmag pl_tsystemref_BJD-TDB,0.0
st_nspec sy_bmag pl_tsystemref_BJD-UTC,0.0
st_nspec sy_bmag pl_tsystemref_HJD,0.0
st_nspec sy_bmag pl_tsystemref_JD,0.0
st_nspec sy_dist^2,0.0
st_nspec sy_dist st_teff,0.0
st_nspec sy_dist sy_w2mag,0.0
st_nspec sy_dist sy_w1mag,0.0
st_nspec sy_dist sy_w3mag,0.0
st_nspec sy_dist sy_w4mag,0.0
st_nspec sy_dist sy_plx,0.0
st_nspec sy_dist st_logg,0.0
st_nspec sy_dist st_mass,0.0
st_nspec sy_dist soltype_Kepler Project Candidate (q1_q17_dr25_koi),0.0
st_nspec sy_dist soltype_Published Confirmed,0.0
st_nspec sy_dist pl_tsystemref_BJD,0.0
st_nspec sy_dist pl_tsystemref_BJD-TDB,0.0
st_nspec sy_dist pl_tsystemref_BJD-UTC,0.0
st_nspec sy_dist pl_tsystemref_HJD,0.0
st_nspec sy_dist pl_tsystemref_JD,0.0
st_nspec st_teff^2,0.0
st_nspec st_teff sy_w2mag,0.0
st_nspec st_teff sy_w1mag,0.0
st_nspec st_teff sy_w3mag,0.0
st_nspec st_teff sy_w4mag,0.0
st_nspec st_teff sy_plx,0.0
st_nspec st_teff st_logg,0.0
st_nspec st_teff st_mass,0.0
st_nspec st_teff soltype_Kepler Project Candidate (q1_q17_dr25_koi),0.0
st_nspec st_teff soltype_Published Confirmed,0.0
st_nspec st_teff pl_tsystemref_BJD,0.0
st_nspec st_teff pl_tsystemref_BJD-TDB,0.0
st_nspec st_teff pl_tsystemref_BJD-UTC,0.0
st_nspec st_teff pl_tsystemref_HJD,0.0
st_nspec st_teff pl_tsystemref_JD,0.0
st_nspec sy_w2mag^2,0.0
st_nspec sy_w2mag sy_w1mag,0.0
st_nspec sy_w2mag sy_w3mag,0.0
st_nspec sy_w2mag sy_w4mag,0.0
st_nspec sy_w2mag sy_plx,0.0
st_nspec sy_w2mag st_logg,0.0
st_nspec sy_w2mag st_mass,0.0
st_nspec sy_w2mag soltype_Kepler Project Candidate (q1_q17_dr25_koi),0.0
st_nspec sy_w2mag soltype_Published Confirmed,0.0
st_nspec sy_w2mag pl_tsystemref_BJD,0.0
st_nspec sy_w2mag pl_tsystemref_BJD-TDB,0.0
st_nspec sy_w2mag pl_tsystemref_BJD-UTC,0.0
st_nspec sy_w2mag pl_tsystemref_HJD,0.0
st_nspec sy_w2mag pl_tsystemref_JD,0.0
st_nspec sy_w1mag^2,0.0
st_nspec sy_w1mag sy_w3mag,0.0
st_nspec sy_w1mag sy_w4mag,0.0
st_nspec sy_w1mag sy_plx,0.0
st_nspec sy_w1mag st_logg,0.0
st_nspec sy_w1mag st_mass,0.0
st_nspec sy_w1mag soltype_Kepler Project Candidate (q1_q17_dr25_koi),0.0
st_nspec sy_w1mag soltype_Published Confirmed,0.0
st_nspec sy_w1mag pl_tsystemref_BJD,0.0
st_nspec sy_w1mag pl_tsystemref_BJD-TDB,0.0
st_nspec sy_w1mag pl_tsystemref_BJD-UTC,0.0
st_nspec sy_w1mag pl_tsystemref_HJD,0.0
st_nspec sy_w1mag pl_tsystemref_JD,0.0
st_nspec sy_w3mag^2,0.0
st_nspec sy_w3mag sy_w4mag,0.0
st_nspec sy_w3mag sy_plx,0.0
st_nspec sy_w3mag st_logg,0.0
st_nspec sy_w3mag st_mass,0.0
st_nspec sy_w3mag soltype_Kepler Project Candidate (q1_q17_dr25_koi),0.0
st_nspec sy_w3mag soltype_Published Confirmed,0.0
st_nspec sy_w3mag pl_tsystemref_BJD,0.0
st_nspec sy_w3mag pl_tsystemref_BJD-TDB,0.0
st_nspec sy_w3mag pl_tsystemref_BJD-UTC,0.0
st_nspec sy_w3mag pl_tsystemref_HJD,0.0
st_nspec sy_w3mag pl_tsystemref_JD,0.0
st_nspec sy_w4mag^2,0.0
st_nspec sy_w4mag sy_plx,0.0
st_nspec sy_w4mag st_logg,0.0
st_nspec sy_w4mag st_mass,0.0
st_nspec sy_w4mag soltype_Kepler Project Candidate (q1_q17_dr25_koi),0.0
st_nspec sy_w4mag soltype_Published Confirmed,0.0
st_nspec sy_w4mag pl_tsystemref_BJD,0.0
st_nspec sy_w4mag pl_tsystemref_BJD-TDB,0.0
st_nspec sy_w4mag pl_tsystemref_BJD-UTC,0.0
st_nspec sy_w4mag pl_tsystemref_HJD,0.0
st_nspec sy_w4mag pl_tsystemref_JD,0.0
st_nspec sy_plx^2,0.0
st_nspec sy_plx st_logg,0.0
st_nspec sy_plx st_mass,0.0
st_nspec sy_plx soltype_Kepler Project Candidate (q1_q17_dr25_koi),0.0
st_nspec sy_plx soltype_Published Confirmed,0.0
st_nspec sy_plx pl_tsystemref_BJD,0.0
st_nspec sy_plx pl_tsystemref_BJD-TDB,0.0
st_nspec sy_plx pl_tsystemref_BJD-UTC,0.0
st_nspec sy_plx pl_tsystemref_HJD,0.0
st_nspec sy_plx pl_tsystemref_JD,0.0
st_nspec st_logg^2,0.0
st_nspec st_logg st_mass,0.0
st_nspec st_logg soltype_Kepler Project Candidate (q1_q17_dr25_koi),0.0
st_nspec st_logg soltype_Published Confirmed,0.0
st_nspec st_logg pl_tsystemref_BJD,0.0
st_nspec st_logg pl_tsystemref_BJD-TDB,0.0
st_nspec st_logg pl_tsystemref_BJD-UTC,0.0
st_nspec st_logg pl_tsystemref_HJD,0.0
st_nspec st_logg pl_tsystemref_JD,0.0
st_nspec st_mass^2,0.0
st_nspec st_mass soltype_Kepler Project Candidate (q1_q17_dr25_koi),0.0
st_nspec st_mass soltype_Published Confirmed,0.0
st_nspec st_mass pl_tsystemref_BJD,0.0
st_nspec st_mass pl_tsystemref_BJD-TDB,0.0
st_nspec st_mass pl_tsystemref_BJD-UTC,0.0
st_nspec st_mass pl_tsystemref_HJD,0.0
st_nspec st_mass pl_tsystemref_JD,0.0
st_nspec soltype_Kepler Project Candidate (q1_q17_dr25_koi)^2,0.0
st_nspec soltype_Kepler Project Candidate (q1_q17_dr25_koi) soltype_Published Confirmed,0.0
st_nspec soltype_Kepler Project Candidate (q1_q17_dr25_koi) pl_tsystemref_BJD,0.0
st_nspec soltype_Kepler Project Candidate (q1_q17_dr25_koi) pl_tsystemref_BJD-TDB,0.0
st_nspec soltype_Kepler Project Candidate (q1_q17_dr25_koi) pl_tsystemref_BJD-UTC,0.0
st_nspec soltype_Kepler Project Candidate (q1_q17_dr25_koi) pl_tsystemref_HJD,0.0
st_nspec soltype_Kepler Project Candidate (q1_q17_dr25_koi) pl_tsystemref_JD,0.0
st_nspec soltype_Published Confirmed^2,0.0
st_nspec soltype_Published Confirmed pl_tsystemref_BJD,0.0
st_nspec soltype_Published Confirmed pl_tsystemref_BJD-TDB,0.0
st_nspec soltype_Published Confirmed pl_tsystemref_BJD-UTC,0.0
st_nspec soltype_Published Confirmed pl_tsystemref_HJD,0.0
st_nspec soltype_Published Confirmed pl_tsystemref_JD,0.0
st_nspec pl_tsystemref_BJD^2,0.0
st_nspec pl_tsystemref_BJD pl_tsystemref_BJD-TDB,0.0
st_nspec pl_tsystemref_BJD pl_tsystemref_BJD-UTC,0.0
st_nspec pl_tsystemref_BJD pl_tsystemref_HJD,0.0
st_nspec pl_tsystemref_BJD pl_tsystemref_JD,0.0
st_nspec pl_tsystemref_BJD-TDB^2,0.0
st_nspec pl_tsystemref_BJD-TDB pl_tsystemref_BJD-UTC,0.0
st_nspec pl_tsystemref_BJD-TDB pl_tsystemref_HJD,0.0
st_nspec pl_tsystemref_BJD-TDB pl_tsystemref_JD,0.0
st_nspec pl_tsystemref_BJD-UTC^2,0.0
st_nspec pl_tsystemref_BJD-UTC pl_tsystemref_HJD,0.0
st_nspec pl_tsystemref_BJD-UTC pl_tsystemref_JD,0.0
st_nspec pl_tsystemref_HJD^2,0.0
st_nspec pl_tsystemref_HJD pl_tsystemref_JD,0.0
st_nspec pl_tsystemref_JD^2,0.0
pl_nespec^3,0.0
pl_nespec^2 pl_ntranspec,0.0
pl_nespec^2 pl_ndispec,0.0
pl_nespec^2 release_year,0.0
pl_nespec^2 st_nphot,0.0
pl_nespec^2 st_nrvc,0.0
pl_nespec^2 pl_controv_flag,0.0
pl_nespec^2 disc_year,0.0
pl_nespec^2 sy_tmag,0.0
pl_nespec^2 sy_kmag,0.0
pl_nespec^2 sy_jmag,0.0
pl_nespec^2 sy_hmag,0.0
pl_nespec^2 sy_vmag,0.0
pl_nespec^2 sy_pm,0.0
pl_nespec^2 sy_pmdec,-0.0
pl_nespec^2 sy_pmra,-0.0
pl_nespec^2 pl_orbper,0.0
pl_nespec^2 sy_gaiamag,0.0
pl_nespec^2 st_rad,0.0
pl_nespec^2 sy_bmag,0.0
pl_nespec^2 sy_dist,0.0
pl_nespec^2 st_teff,0.0
pl_nespec^2 sy_w2mag,0.0
pl_nespec^2 sy_w1mag,0.0
pl_nespec^2 sy_w3mag,0.0
pl_nespec^2 sy_w4mag,0.0
pl_nespec^2 sy_plx,0.0
pl_nespec^2 st_logg,0.0
pl_nespec^2 st_mass,0.0
pl_nespec^2 soltype_Kepler Project Candidate (q1_q17_dr25_koi),0.0
pl_nespec^2 soltype_Published Confirmed,0.0
pl_nespec^2 pl_tsystemref_BJD,0.0
pl_nespec^2 pl_tsystemref_BJD-TDB,0.0
pl_nespec^2 pl_tsystemref_BJD-UTC,0.0
pl_nespec^2 pl_tsystemref_HJD,0.0
pl_nespec^2 pl_tsystemref_JD,0.0
pl_nespec pl_ntranspec^2,0.0
pl_nespec pl_ntranspec pl_ndispec,0.0
pl_nespec pl_ntranspec release_year,0.0
pl_nespec pl_ntranspec st_nphot,0.0
pl_nespec pl_ntranspec st_nrvc,0.0
pl_nespec pl_ntranspec pl_controv_flag,0.0
pl_nespec pl_ntranspec disc_year,0.0
pl_nespec pl_ntranspec sy_tmag,0.0
pl_nespec pl_ntranspec sy_kmag,0.0
pl_nespec pl_ntranspec sy_jmag,0.0
pl_nespec pl_ntranspec sy_hmag,0.0
pl_nespec pl_ntranspec sy_vmag,0.0
pl_nespec pl_ntranspec sy_pm,0.0
pl_nespec pl_ntranspec sy_pmdec,-0.0
pl_nespec pl_ntranspec sy_pmra,-0.0
pl_nespec pl_ntranspec pl_orbper,0.0
pl_nespec pl_ntranspec sy_gaiamag,0.0
pl_nespec pl_ntranspec st_rad,0.0
pl_nespec pl_ntranspec sy_bmag,0.0
pl_nespec pl_ntranspec sy_dist,0.0
pl_nespec pl_ntranspec st_teff,0.0
pl_nespec pl_ntranspec sy_w2mag,0.0
pl_nespec pl_ntranspec sy_w1mag,0.0
pl_nespec pl_ntranspec sy_w3mag,0.0
pl_nespec pl_ntranspec sy_w4mag,0.0
pl_nespec pl_ntranspec sy_plx,0.0
pl_nespec pl_ntranspec st_logg,0.0
pl_nespec pl_ntranspec st_mass,0.0
pl_nespec pl_ntranspec soltype_Kepler Project Candidate (q1_q17_dr25_koi),0.0
pl_nespec pl_ntranspec soltype_Published Confirmed,0.0
pl_nespec pl_ntranspec pl_tsystemref_BJD,0.0
pl_nespec pl_ntranspec pl_tsystemref_BJD-TDB,0.0
pl_nespec pl_ntranspec pl_tsystemref_BJD-UTC,0.0
pl_nespec pl_ntranspec pl_tsystemref_HJD,0.0
pl_nespec pl_ntranspec pl_tsystemref_JD,0.0
pl_nespec pl_ndispec^2,0.0
pl_nespec pl_ndispec release_year,0.0
pl_nespec pl_ndispec st_nphot,0.0
pl_nespec pl_ndispec st_nrvc,0.0
pl_nespec pl_ndispec pl_controv_flag,0.0
pl_nespec pl_ndispec disc_year,0.0
pl_nespec pl_ndispec sy_tmag,0.0
pl_nespec pl_ndispec sy_kmag,0.0
pl_nespec pl_ndispec sy_jmag,0.0
pl_nespec pl_ndispec sy_hmag,0.0
pl_nespec pl_ndispec sy_vmag,0.0
pl_nespec pl_ndispec sy_pm,0.0
pl_nespec pl_ndispec sy_pmdec,0.0
pl_nespec pl_ndispec sy_pmra,0.0
pl_nespec pl_ndispec pl_orbper,0.0
pl_nespec pl_ndispec sy_gaiamag,0.0
pl_nespec pl_ndispec st_rad,0.0
pl_nespec pl_ndispec sy_bmag,0.0
pl_nespec pl_ndispec sy_dist,0.0
pl_nespec pl_ndispec st_teff,0.0
pl_nespec pl_ndispec sy_w2mag,0.0
pl_nespec pl_ndispec sy_w1mag,0.0
pl_nespec pl_ndispec sy_w3mag,0.0
pl_nespec pl_ndispec sy_w4mag,0.0
pl_nespec pl_ndispec sy_plx,0.0
pl_nespec pl_ndispec st_logg,0.0
pl_nespec pl_ndispec st_mass,0.0
pl_nespec pl_ndispec soltype_Kepler Project Candidate (q1_q17_dr25_koi),0.0
pl_nespec pl_ndispec soltype_Published Confirmed,0.0
pl_nespec pl_ndispec pl_tsystemref_BJD,0.0
pl_nespec pl_ndispec pl_tsystemref_BJD-TDB,0.0
pl_nespec pl_ndispec pl_tsystemref_BJD-UTC,0.0
pl_nespec pl_ndispec pl_tsystemref_HJD,0.0
pl_nespec pl_ndispec pl_tsystemref_JD,0.0
pl_nespec release_year^2,0.0
pl_nespec release_year st_nphot,0.0
pl_nespec release_year st_nrvc,0.0
pl_nespec release_year pl_controv_flag,0.0
pl_nespec release_year disc_year,0.0
pl_nespec release_year sy_tmag,0.0
pl_nespec release_year sy_kmag,0.0
pl_nespec release_year sy_jmag,0.0
pl_nespec release_year sy_hmag,0.0
pl_nespec release_year sy_vmag,0.0
pl_nespec release_year sy_pm,0.0
pl_nespec release_year sy_pmdec,-0.0
pl_nespec release_year sy_pmra,-0.0
pl_nespec release_year pl_orbper,0.0
pl_nespec release_year sy_gaiamag,0.0
pl_nespec release_year st_rad,0.0
pl_nespec release_year sy_bmag,0.0
pl_nespec release_year sy_dist,0.0
pl_nespec release_year st_teff,0.0
pl_nespec release_year sy_w2mag,0.0
pl_nespec release_year sy_w1mag,0.0
pl_nespec release_year sy_w3mag,0.0
pl_nespec release_year sy_w4mag,0.0
pl_nespec release_year sy_plx,0.0
pl_nespec release_year st_logg,0.0
pl_nespec release_year st_mass,0.0
pl_nespec release_year soltype_Kepler Project Candidate (q1_q17_dr25_koi),0.0
pl_nespec release_year soltype_Published Confirmed,0.0
pl_nespec release_year pl_tsystemref_BJD,0.0
pl_nespec release_year pl_tsystemref_BJD-TDB,0.0
pl_nespec release_year pl_tsystemref_BJD-UTC,0.0
pl_nespec release_year pl_tsystemref_HJD,0.0
pl_nespec release_year pl_tsystemref_JD,0.0
pl_nespec st_nphot^2,0.0
pl_nespec st_nphot st_nrvc,0.0
pl_nespec st_nphot pl_controv_flag,0.0
pl_nespec st_nphot disc_year,0.0
pl_nespec st_nphot sy_tmag,0.0
pl_nespec st_nphot sy_kmag,0.0
pl_nespec st_nphot sy_jmag,0.0
pl_nespec st_nphot sy_hmag,0.0
pl_nespec st_nphot sy_vmag,0.0
pl_nespec st_nphot sy_pm,0.0
pl_nespec st_nphot sy_pmdec,0.0
pl_nespec st_nphot sy_pmra,0.0
pl_nespec st_nphot pl_orbper,0.0
pl_nespec st_nphot sy_gaiamag,0.0
pl_nespec st_nphot st_rad,0.0
pl_nespec st_nphot sy_bmag,0.0
pl_nespec st_nphot sy_dist,0.0
pl_nespec st_nphot st_teff,0.0
pl_nespec st_nphot sy_w2mag,0.0
pl_nespec st_nphot sy_w1mag,0.0
pl_nespec st_nphot sy_w3mag,0.0
pl_nespec st_nphot sy_w4mag,0.0
pl_nespec st_nphot sy_plx,0.0
pl_nespec st_nphot st_logg,0.0
pl_nespec st_nphot st_mass,0.0
pl_nespec st_nphot soltype_Kepler Project Candidate (q1_q17_dr25_koi),0.0
pl_nespec st_nphot soltype_Published Confirmed,0.0
pl_nespec st_nphot pl_tsystemref_BJD,0.0
pl_nespec st_nphot pl_tsystemref_BJD-TDB,0.0
pl_nespec st_nphot pl_tsystemref_BJD-UTC,0.0
pl_nespec st_nphot pl_tsystemref_HJD,0.0
pl_nespec st_nphot pl_tsystemref_JD,0.0
pl_nespec st_nrvc^2,0.0
pl_nespec st_nrvc pl_controv_flag,0.0
pl_nespec st_nrvc disc_year,0.0
pl_nespec st_nrvc sy_tmag,0.0
pl_nespec st_nrvc sy_kmag,0.0
pl_nespec st_nrvc sy_jmag,0.0
pl_nespec st_nrvc sy_hmag,0.0
pl_nespec st_nrvc sy_vmag,0.0
pl_nespec st_nrvc sy_pm,0.0
pl_nespec st_nrvc sy_pmdec,0.0
pl_nespec st_nrvc sy_pmra,0.0
pl_nespec st_nrvc pl_orbper,0.0
pl_nespec st_nrvc sy_gaiamag,0.0
pl_nespec st_nrvc st_rad,0.0
pl_nespec st_nrvc sy_bmag,0.0
pl_nespec st_nrvc sy_dist,0.0
pl_nespec st_nrvc st_teff,0.0
pl_nespec st_nrvc sy_w2mag,0.0
pl_nespec st_nrvc sy_w1mag,0.0
pl_nespec st_nrvc sy_w3mag,0.0
pl_nespec st_nrvc sy_w4mag,0.0
pl_nespec st_nrvc sy_plx,0.0
pl_nespec st_nrvc st_logg,0.0
pl_nespec st_nrvc st_mass,0.0
pl_nespec st_nrvc soltype_Kepler Project Candidate (q1_q17_dr25_koi),0.0
pl_nespec st_nrvc soltype_Published Confirmed,0.0
pl_nespec st_nrvc pl_tsystemref_BJD,0.0
pl_nespec st_nrvc pl_tsystemref_BJD-TDB,0.0
pl_nespec st_nrvc pl_tsystemref_BJD-UTC,0.0
pl_nespec st_nrvc pl_tsystemref_HJD,0.0
pl_nespec st_nrvc pl_tsystemref_JD,0.0
pl_nespec pl_controv_flag^2,0.0
pl_nespec pl_controv_flag disc_year,0.0
pl_nespec pl_controv_flag sy_tmag,0.0
pl_nespec pl_controv_flag sy_kmag,0.0
pl_nespec pl_controv_flag sy_jmag,0.0
pl_nespec pl_controv_flag sy_hmag,0.0
pl_nespec pl_controv_flag sy_vmag,0.0
pl_nespec pl_controv_flag sy_pm,0.0
pl_nespec pl_controv_flag sy_pmdec,0.0
pl_nespec pl_controv_flag sy_pmra,0.0
pl_nespec pl_controv_flag pl_orbper,0.0
pl_nespec pl_controv_flag sy_gaiamag,0.0
pl_nespec pl_controv_flag st_rad,0.0
pl_nespec pl_controv_flag sy_bmag,0.0
pl_nespec pl_controv_flag sy_dist,0.0
pl_nespec pl_controv_flag st_teff,0.0
pl_nespec pl_controv_flag sy_w2mag,0.0
pl_nespec pl_controv_flag sy_w1mag,0.0
pl_nespec pl_controv_flag sy_w3mag,0.0
pl_nespec pl_controv_flag sy_w4mag,0.0
pl_nespec pl_controv_flag sy_plx,0.0
pl_nespec pl_controv_flag st_logg,0.0
pl_nespec pl_controv_flag st_mass,0.0
pl_nespec pl_controv_flag soltype_Kepler Project Candidate (q1_q17_dr25_koi),0.0
pl_nespec pl_controv_flag soltype_Published Confirmed,0.0
pl_nespec pl_controv_flag pl_tsystemref_BJD,0.0
pl_nespec pl_controv_flag pl_tsystemref_BJD-TDB,0.0
pl_nespec pl_controv_flag pl_tsystemref_BJD-UTC,0.0
pl_nespec pl_controv_flag pl_tsystemref_HJD,0.0
pl_nespec pl_controv_flag pl_tsystemref_JD,0.0
pl_nespec disc_year^2,0.0
pl_nespec disc_year sy_tmag,0.0
pl_nespec disc_year sy_kmag,0.0
pl_nespec disc_year sy_jmag,0.0
pl_nespec disc_year sy_hmag,0.0
pl_nespec disc_year sy_vmag,0.0
pl_nespec disc_year sy_pm,0.0
pl_nespec disc_year sy_pmdec,-0.0
pl_nespec disc_year sy_pmra,-0.0
pl_nespec disc_year pl_orbper,0.0
pl_nespec disc_year sy_gaiamag,0.0
pl_nespec disc_year st_rad,0.0
pl_nespec disc_year sy_bmag,0.0
pl_nespec disc_year sy_dist,0.0
pl_nespec disc_year st_teff,0.0
pl_nespec disc_year sy_w2mag,0.0
pl_nespec disc_year sy_w1mag,0.0
pl_nespec disc_year sy_w3mag,0.0
pl_nespec disc_year sy_w4mag,0.0
pl_nespec disc_year sy_plx,0.0
pl_nespec disc_year st_logg,0.0
pl_nespec disc_year st_mass,0.0
pl_nespec disc_year soltype_Kepler Project Candidate (q1_q17_dr25_koi),0.0
pl_nespec disc_year soltype_Published Confirmed,0.0
pl_nespec disc_year pl_tsystemref_BJD,0.0
pl_nespec disc_year pl_tsystemref_BJD-TDB,0.0
pl_nespec disc_year pl_tsystemref_BJD-UTC,0.0
pl_nespec disc_year pl_tsystemref_HJD,0.0
pl_nespec disc_year pl_tsystemref_JD,0.0
pl_nespec sy_tmag^2,0.0
pl_nespec sy_tmag sy_kmag,0.0
pl_nespec sy_tmag sy_jmag,0.0
pl_nespec sy_tmag sy_hmag,0.0
pl_nespec sy_tmag sy_vmag,0.0
pl_nespec sy_tmag sy_pm,0.0
pl_nespec sy_tmag sy_pmdec,-0.0
pl_nespec sy_tmag sy_pmra,-0.0
pl_nespec sy_tmag pl_orbper,0.0
pl_nespec sy_tmag sy_gaiamag,0.0
pl_nespec sy_tmag st_rad,0.0
pl_nespec sy_tmag sy_bmag,0.0
pl_nespec sy_tmag sy_dist,0.0
pl_nespec sy_tmag st_teff,0.0
pl_nespec sy_tmag sy_w2mag,0.0
pl_nespec sy_tmag sy_w1mag,0.0
pl_nespec sy_tmag sy_w3mag,0.0
pl_nespec sy_tmag sy_w4mag,0.0
pl_nespec sy_tmag sy_plx,0.0
pl_nespec sy_tmag st_logg,0.0
pl_nespec sy_tmag st_mass,0.0
pl_nespec sy_tmag soltype_Kepler Project Candidate (q1_q17_dr25_koi),0.0
pl_nespec sy_tmag soltype_Published Confirmed,0.0
pl_nespec sy_tmag pl_tsystemref_BJD,0.0
pl_nespec sy_tmag pl_tsystemref_BJD-TDB,0.0
pl_nespec sy_tmag pl_tsystemref_BJD-UTC,0.0
pl_nespec sy_tmag pl_tsystemref_HJD,0.0
pl_nespec sy_tmag pl_tsystemref_JD,0.0
pl_nespec sy_kmag^2,0.0
pl_nespec sy_kmag sy_jmag,0.0
pl_nespec sy_kmag sy_hmag,0.0
pl_nespec sy_kmag sy_vmag,0.0
pl_nespec sy_kmag sy_pm,0.0
pl_nespec sy_kmag sy_pmdec,-0.0
pl_nespec sy_kmag sy_pmra,-0.0
pl_nespec sy_kmag pl_orbper,0.0
pl_nespec sy_kmag sy_gaiamag,0.0
pl_nespec sy_kmag st_rad,0.0
pl_nespec sy_kmag sy_bmag,0.0
pl_nespec sy_kmag sy_dist,0.0
pl_nespec sy_kmag st_teff,0.0
pl_nespec sy_kmag sy_w2mag,0.0
pl_nespec sy_kmag sy_w1mag,0.0
pl_nespec sy_kmag sy_w3mag,0.0
pl_nespec sy_kmag sy_w4mag,0.0
pl_nespec sy_kmag sy_plx,0.0
pl_nespec sy_kmag st_logg,0.0
pl_nespec sy_kmag st_mass,0.0
pl_nespec sy_kmag soltype_Kepler Project Candidate (q1_q17_dr25_koi),0.0
pl_nespec sy_kmag soltype_Published Confirmed,0.0
pl_nespec sy_kmag pl_tsystemref_BJD,0.0
pl_nespec sy_kmag pl_tsystemref_BJD-TDB,0.0
pl_nespec sy_kmag pl_tsystemref_BJD-UTC,0.0
pl_nespec sy_kmag pl_tsystemref_HJD,0.0
pl_nespec sy_kmag pl_tsystemref_JD,0.0
pl_nespec sy_jmag^2,0.0
pl_nespec sy_jmag sy_hmag,0.0
pl_nespec sy_jmag sy_vmag,0.0
pl_nespec sy_jmag sy_pm,0.0
pl_nespec sy_jmag sy_pmdec,-0.0
pl_nespec sy_jmag sy_pmra,-0.0
pl_nespec sy_jmag pl_orbper,0.0
pl_nespec sy_jmag sy_gaiamag,0.0
pl_nespec sy_jmag st_rad,0.0
pl_nespec sy_jmag sy_bmag,0.0
pl_nespec sy_jmag sy_dist,0.0
pl_nespec sy_jmag st_teff,0.0
pl_nespec sy_jmag sy_w2mag,0.0
pl_nespec sy_jmag sy_w1mag,0.0
pl_nespec sy_jmag sy_w3mag,0.0
pl_nespec sy_jmag sy_w4mag,0.0
pl_nespec sy_jmag sy_plx,0.0
pl_nespec sy_jmag st_logg,0.0
pl_nespec sy_jmag st_mass,0.0
pl_nespec sy_jmag soltype_Kepler Project Candidate (q1_q17_dr25_koi),0.0
pl_nespec sy_jmag soltype_Published Confirmed,0.0
pl_nespec sy_jmag pl_tsystemref_BJD,0.0
pl_nespec sy_jmag pl_tsystemref_BJD-TDB,0.0
pl_nespec sy_jmag pl_tsystemref_BJD-UTC,0.0
pl_nespec sy_jmag pl_tsystemref_HJD,0.0
pl_nespec sy_jmag pl_tsystemref_JD,0.0
pl_nespec sy_hmag^2,0.0
pl_nespec sy_hmag sy_vmag,0.0
pl_nespec sy_hmag sy_pm,0.0
pl_nespec sy_hmag sy_pmdec,-0.0
pl_nespec sy_hmag sy_pmra,-0.0
pl_nespec sy_hmag pl_orbper,0.0
pl_nespec sy_hmag sy_gaiamag,0.0
pl_nespec sy_hmag st_rad,0.0
pl_nespec sy_hmag sy_bmag,0.0
pl_nespec sy_hmag sy_dist,0.0
pl_nespec sy_hmag st_teff,0.0
pl_nespec sy_hmag sy_w2mag,0.0
pl_nespec sy_hmag sy_w1mag,0.0
pl_nespec sy_hmag sy_w3mag,0.0
pl_nespec sy_hmag sy_w4mag,0.0
pl_nespec sy_hmag sy_plx,0.0
pl_nespec sy_hmag st_logg,0.0
pl_nespec sy_hmag st_mass,0.0
pl_nespec sy_hmag soltype_Kepler Project Candidate (q1_q17_dr25_koi),0.0
pl_nespec sy_hmag soltype_Published Confirmed,0.0
pl_nespec sy_hmag pl_tsystemref_BJD,0.0
pl_nespec sy_hmag pl_tsystemref_BJD-TDB,0.0
pl_nespec sy_hmag pl_tsystemref_BJD-UTC,0.0
pl_nespec sy_hmag pl_tsystemref_HJD,0.0
pl_nespec sy_hmag pl_tsystemref_JD,0.0
pl_nespec sy_vmag^2,0.0
pl_nespec sy_vmag sy_pm,0.0
pl_nespec sy_vmag sy_pmdec,-0.0
pl_nespec sy_vmag sy_pmra,-0.0
pl_nespec sy_vmag pl_orbper,0.0
pl_nespec sy_vmag sy_gaiamag,0.0
pl_nespec sy_vmag st_rad,0.0
pl_nespec sy_vmag sy_bmag,0.0
pl_nespec sy_vmag sy_dist,0.0
pl_nespec sy_vmag st_teff,0.0
pl_nespec sy_vmag sy_w2mag,0.0
pl_nespec sy_vmag sy_w1mag,0.0
pl_nespec sy_vmag sy_w3mag,0.0044350723652125034
pl_nespec sy_vmag sy_w4mag,0.0
pl_nespec sy_vmag sy_plx,0.0
pl_nespec sy_vmag st_logg,0.0
pl_nespec sy_vmag st_mass,0.0
pl_nespec sy_vmag soltype_Kepler Project Candidate (q1_q17_dr25_koi),0.0
pl_nespec sy_vmag soltype_Published Confirmed,0.0
pl_nespec sy_vmag pl_tsystemref_BJD,0.0
pl_nespec sy_vmag pl_tsystemref_BJD-TDB,0.0
pl_nespec sy_vmag pl_tsystemref_BJD-UTC,0.0
pl_nespec sy_vmag pl_tsystemref_HJD,0.0
pl_nespec sy_vmag pl_tsystemref_JD,0.0
pl_nespec sy_pm^2,0.0
pl_nespec sy_pm sy_pmdec,-0.0
pl_nespec sy_pm sy_pmra,-0.0
pl_nespec sy_pm pl_orbper,0.0
pl_nespec sy_pm sy_gaiamag,0.0
pl_nespec sy_pm st_rad,0.0
pl_nespec sy_pm sy_bmag,0.0
pl_nespec sy_pm sy_dist,0.0
pl_nespec sy_pm st_teff,0.0
pl_nespec sy_pm sy_w2mag,0.0
pl_nespec sy_pm sy_w1mag,0.0
pl_nespec sy_pm sy_w3mag,0.0
pl_nespec sy_pm sy_w4mag,0.0
pl_nespec sy_pm sy_plx,0.0
pl_nespec sy_pm st_logg,0.0
pl_nespec sy_pm st_mass,0.0
pl_nespec sy_pm soltype_Kepler Project Candidate (q1_q17_dr25_koi),0.0
pl_nespec sy_pm soltype_Published Confirmed,0.0
pl_nespec sy_pm pl_tsystemref_BJD,0.0
pl_nespec sy_pm pl_tsystemref_BJD-TDB,0.0
pl_nespec sy_pm pl_tsystemref_BJD-UTC,0.0
pl_nespec sy_pm pl_tsystemref_HJD,0.0
pl_nespec sy_pm pl_tsystemref_JD,0.0
pl_nespec sy_pmdec^2,0.0
pl_nespec sy_pmdec sy_pmra,0.0
pl_nespec sy_pmdec pl_orbper,0.0
pl_nespec sy_pmdec sy_gaiamag,-0.0
pl_nespec sy_pmdec st_rad,-0.0
pl_nespec sy_pmdec sy_bmag,-0.0
pl_nespec sy_pmdec sy_dist,-0.0
pl_nespec sy_pmdec st_teff,-0.0
pl_nespec sy_pmdec sy_w2mag,-0.0
pl_nespec sy_pmdec sy_w1mag,-0.0
pl_nespec sy_pmdec sy_w3mag,-0.0
pl_nespec sy_pmdec sy_w4mag,-0.0
pl_nespec sy_pmdec sy_plx,-0.0
pl_nespec sy_pmdec st_logg,-0.0
pl_nespec sy_pmdec st_mass,-0.0
pl_nespec sy_pmdec soltype_Kepler Project Candidate (q1_q17_dr25_koi),0.0
pl_nespec sy_pmdec soltype_Published Confirmed,-0.0
pl_nespec sy_pmdec pl_tsystemref_BJD,0.0
pl_nespec sy_pmdec pl_tsystemref_BJD-TDB,0.0
pl_nespec sy_pmdec pl_tsystemref_BJD-UTC,-0.0
pl_nespec sy_pmdec pl_tsystemref_HJD,0.0
pl_nespec sy_pmdec pl_tsystemref_JD,0.0
pl_nespec sy_pmra^2,0.0
pl_nespec sy_pmra pl_orbper,0.0
pl_nespec sy_pmra sy_gaiamag,-0.0
pl_nespec sy_pmra st_rad,0.0
pl_nespec sy_pmra sy_bmag,-0.0
pl_nespec sy_pmra sy_dist,0.0
pl_nespec sy_pmra st_teff,-0.0
pl_nespec sy_pmra sy_w2mag,-0.0
pl_nespec sy_pmra sy_w1mag,-0.0
pl_nespec sy_pmra sy_w3mag,-0.0
pl_nespec sy_pmra sy_w4mag,-0.0
pl_nespec sy_pmra sy_plx,-0.0
pl_nespec sy_pmra st_logg,-0.0
pl_nespec sy_pmra st_mass,-0.0
pl_nespec sy_pmra soltype_Kepler Project Candidate (q1_q17_dr25_koi),0.0
pl_nespec sy_pmra soltype_Published Confirmed,-0.0
pl_nespec sy_pmra pl_tsystemref_BJD,0.0
pl_nespec sy_pmra pl_tsystemref_BJD-TDB,0.0
pl_nespec sy_pmra pl_tsystemref_BJD-UTC,-0.0
pl_nespec sy_pmra pl_tsystemref_HJD,0.0
pl_nespec sy_pmra pl_tsystemref_JD,0.0
pl_nespec pl_orbper^2,0.0
pl_nespec pl_orbper sy_gaiamag,0.0
pl_nespec pl_orbper st_rad,0.0
pl_nespec pl_orbper sy_bmag,0.0
pl_nespec pl_orbper sy_dist,0.0
pl_nespec pl_orbper st_teff,0.0
pl_nespec pl_orbper sy_w2mag,0.0
pl_nespec pl_orbper sy_w1mag,0.0
pl_nespec pl_orbper sy_w3mag,0.0
pl_nespec pl_orbper sy_w4mag,0.0
pl_nespec pl_orbper sy_plx,0.0
pl_nespec pl_orbper st_logg,0.0
pl_nespec pl_orbper st_mass,0.0
pl_nespec pl_orbper soltype_Kepler Project Candidate (q1_q17_dr25_koi),0.0
pl_nespec pl_orbper soltype_Published Confirmed,0.0
pl_nespec pl_orbper pl_tsystemref_BJD,0.0
pl_nespec pl_orbper pl_tsystemref_BJD-TDB,0.0
pl_nespec pl_orbper pl_tsystemref_BJD-UTC,0.0
pl_nespec pl_orbper pl_tsystemref_HJD,0.0
pl_nespec pl_orbper pl_tsystemref_JD,0.0
pl_nespec sy_gaiamag^2,0.0
pl_nespec sy_gaiamag st_rad,0.0
pl_nespec sy_gaiamag sy_bmag,0.0
pl_nespec sy_gaiamag sy_dist,0.0
pl_nespec sy_gaiamag st_teff,0.0
pl_nespec sy_gaiamag sy_w2mag,0.0
pl_nespec sy_gaiamag sy_w1mag,0.0
pl_nespec sy_gaiamag sy_w3mag,0.0
pl_nespec sy_gaiamag sy_w4mag,0.0
pl_nespec sy_gaiamag sy_plx,0.0
pl_nespec sy_gaiamag st_logg,0.0
pl_nespec sy_gaiamag st_mass,0.0
pl_nespec sy_gaiamag soltype_Kepler Project Candidate (q1_q17_dr25_koi),0.0
pl_nespec sy_gaiamag soltype_Published Confirmed,0.0
pl_nespec sy_gaiamag pl_tsystemref_BJD,0.0
pl_nespec sy_gaiamag pl_tsystemref_BJD-TDB,0.0
pl_nespec sy_gaiamag pl_tsystemref_BJD-UTC,0.0
pl_nespec sy_gaiamag pl_tsystemref_HJD,0.0
pl_nespec sy_gaiamag pl_tsystemref_JD,0.0
pl_nespec st_rad^2,0.0
pl_nespec st_rad sy_bmag,0.0
pl_nespec st_rad sy_dist,0.0
pl_nespec st_rad st_teff,0.0
pl_nespec st_rad sy_w2mag,0.0
pl_nespec st_rad sy_w1mag,0.0
pl_nespec st_rad sy_w3mag,0.0
pl_nespec st_rad sy_w4mag,0.0
pl_nespec st_rad sy_plx,0.0
pl_nespec st_rad st_logg,0.0
pl_nespec st_rad st_mass,0.0
pl_nespec st_rad soltype_Kepler Project Candidate (q1_q17_dr25_koi),0.0
pl_nespec st_rad soltype_Published Confirmed,0.0
pl_nespec st_rad pl_tsystemref_BJD,0.0
pl_nespec st_rad pl_tsystemref_BJD-TDB,0.0
pl_nespec st_rad pl_tsystemref_BJD-UTC,0.0
pl_nespec st_rad pl_tsystemref_HJD,0.0
pl_nespec st_rad pl_tsystemref_JD,0.0
pl_nespec sy_bmag^2,0.0
pl_nespec sy_bmag sy_dist,0.0
pl_nespec sy_bmag st_teff,0.0
pl_nespec sy_bmag sy_w2mag,0.0
pl_nespec sy_bmag sy_w1mag,0.0
pl_nespec sy_bmag sy_w3mag,0.0
pl_nespec sy_bmag sy_w4mag,0.0
pl_nespec sy_bmag sy_plx,0.0
pl_nespec sy_bmag st_logg,0.0
pl_nespec sy_bmag st_mass,0.0
pl_nespec sy_bmag soltype_Kepler Project Candidate (q1_q17_dr25_koi),0.0
pl_nespec sy_bmag soltype_Published Confirmed,0.0
pl_nespec sy_bmag pl_tsystemref_BJD,0.0
pl_nespec sy_bmag pl_tsystemref_BJD-TDB,0.0
pl_nespec sy_bmag pl_tsystemref_BJD-UTC,0.0
pl_nespec sy_bmag pl_tsystemref_HJD,0.0
pl_nespec sy_bmag pl_tsystemref_JD,0.0
pl_nespec sy_dist^2,0.0
pl_nespec sy_dist st_teff,0.0
pl_nespec sy_dist sy_w2mag,0.0
pl_nespec sy_dist sy_w1mag,0.0
pl_nespec sy_dist sy_w3mag,0.002437311970239879
pl_nespec sy_dist sy_w4mag,0.0
pl_nespec sy_dist sy_plx,0.0
pl_nespec sy_dist st_logg,0.0
pl_nespec sy_dist st_mass,0.0
pl_nespec sy_dist soltype_Kepler Project Candidate (q1_q17_dr25_koi),0.0
pl_nespec sy_dist soltype_Published Confirmed,0.0
pl_nespec sy_dist pl_tsystemref_BJD,0.0
pl_nespec sy_dist pl_tsystemref_BJD-TDB,0.0
pl_nespec sy_dist pl_tsystemref_BJD-UTC,0.0
pl_nespec sy_dist pl_tsystemref_HJD,0.0
pl_nespec sy_dist pl_tsystemref_JD,0.0
pl_nespec st_teff^2,0.0
pl_nespec st_teff sy_w2mag,0.0
pl_nespec st_teff sy_w1mag,0.0
pl_nespec st_teff sy_w3mag,0.0
pl_nespec st_teff sy_w4mag,0.0
pl_nespec st_teff sy_plx,0.0
pl_nespec st_teff st_logg,0.0
pl_nespec st_teff st_mass,0.0
pl_nespec st_teff soltype_Kepler Project Candidate (q1_q17_dr25_koi),0.0
pl_nespec st_teff soltype_Published Confirmed,0.0
pl_nespec st_teff pl_tsystemref_BJD,0.0
pl_nespec st_teff pl_tsystemref_BJD-TDB,0.0
pl_nespec st_teff pl_tsystemref_BJD-UTC,0.0
pl_nespec st_teff pl_tsystemref_HJD,0.0
pl_nespec st_teff pl_tsystemref_JD,0.0
pl_nespec sy_w2mag^2,0.0
pl_nespec sy_w2mag sy_w1mag,0.0
pl_nespec sy_w2mag sy_w3mag,0.0
pl_nespec sy_w2mag sy_w4mag,0.0
pl_nespec sy_w2mag sy_plx,0.0
pl_nespec sy_w2mag st_logg,0.0
pl_nespec sy_w2mag st_mass,0.0
pl_nespec sy_w2mag soltype_Kepler Project Candidate (q1_q17_dr25_koi),0.0
pl_nespec sy_w2mag soltype_Published Confirmed,0.0
pl_nespec sy_w2mag pl_tsystemref_BJD,0.0
pl_nespec sy_w2mag pl_tsystemref_BJD-TDB,0.0
pl_nespec sy_w2mag pl_tsystemref_BJD-UTC,0.0
pl_nespec sy_w2mag pl_tsystemref_HJD,0.0
pl_nespec sy_w2mag pl_tsystemref_JD,0.0
pl_nespec sy_w1mag^2,0.0
pl_nespec sy_w1mag sy_w3mag,0.0
pl_nespec sy_w1mag sy_w4mag,0.0
pl_nespec sy_w1mag sy_plx,0.0
pl_nespec sy_w1mag st_logg,0.0
pl_nespec sy_w1mag st_mass,0.0
pl_nespec sy_w1mag soltype_Kepler Project Candidate (q1_q17_dr25_koi),0.0
pl_nespec sy_w1mag soltype_Published Confirmed,0.0
pl_nespec sy_w1mag pl_tsystemref_BJD,0.0
pl_nespec sy_w1mag pl_tsystemref_BJD-TDB,0.0
pl_nespec sy_w1mag pl_tsystemref_BJD-UTC,0.0
pl_nespec sy_w1mag pl_tsystemref_HJD,0.0
pl_nespec sy_w1mag pl_tsystemref_JD,0.0
pl_nespec sy_w3mag^2,0.0
pl_nespec sy_w3mag sy_w4mag,0.0
pl_nespec sy_w3mag sy_plx,0.0
pl_nespec sy_w3mag st_logg,0.0
pl_nespec sy_w3mag st_mass,0.0
pl_nespec sy_w3mag soltype_Kepler Project Candidate (q1_q17_dr25_koi),0.0
pl_nespec sy_w3mag soltype_Published Confirmed,0.0
pl_nespec sy_w3mag pl_tsystemref_BJD,0.0
pl_nespec sy_w3mag pl_tsystemref_BJD-TDB,0.0
pl_nespec sy_w3mag pl_tsystemref_BJD-UTC,0.0
pl_nespec sy_w3mag pl_tsystemref_HJD,0.0
pl_nespec sy_w3mag pl_tsystemref_JD,0.0
pl_nespec sy_w4mag^2,0.0
pl_nespec sy_w4mag sy_plx,0.0
pl_nespec sy_w4mag st_logg,0.0
pl_nespec sy_w4mag st_mass,0.0
pl_nespec sy_w4mag soltype_Kepler Project Candidate (q1_q17_dr25_koi),0.0
pl_nespec sy_w4mag soltype_Published Confirmed,0.0
pl_nespec sy_w4mag pl_tsystemref_BJD,0.0
pl_nespec sy_w4mag pl_tsystemref_BJD-TDB,0.0
pl_nespec sy_w4mag pl_tsystemref_BJD-UTC,0.0
pl_nespec sy_w4mag pl_tsystemref_HJD,0.0
pl_nespec sy_w4mag pl_tsystemref_JD,0.0
pl_nespec sy_plx^2,0.0
pl_nespec sy_plx st_logg,0.0
pl_nespec sy_plx st_mass,0.0
pl_nespec sy_plx soltype_Kepler Project Candidate (q1_q17_dr25_koi),0.0
pl_nespec sy_plx soltype_Published Confirmed,0.0
pl_nespec sy_plx pl_tsystemref_BJD,0.0
pl_nespec sy_plx pl_tsystemref_BJD-TDB,0.0
pl_nespec sy_plx pl_tsystemref_BJD-UTC,0.0
pl_nespec sy_plx pl_tsystemref_HJD,0.0
pl_nespec sy_plx pl_tsystemref_JD,0.0
pl_nespec st_logg^2,0.0
pl_nespec st_logg st_mass,0.0
pl_nespec st_logg soltype_Kepler Project Candidate (q1_q17_dr25_koi),0.0
pl_nespec st_logg soltype_Published Confirmed,0.0
pl_nespec st_logg pl_tsystemref_BJD,0.0
pl_nespec st_logg pl_tsystemref_BJD-TDB,0.0
pl_nespec st_logg pl_tsystemref_BJD-UTC,0.0
pl_nespec st_logg pl_tsystemref_HJD,0.0
pl_nespec st_logg pl_tsystemref_JD,0.0
pl_nespec st_mass^2,0.0
pl_nespec st_mass soltype_Kepler Project Candidate (q1_q17_dr25_koi),0.0
pl_nespec st_mass soltype_Published Confirmed,0.0
pl_nespec st_mass pl_tsystemref_BJD,0.0
pl_nespec st_mass pl_tsystemref_BJD-TDB,0.0
pl_nespec st_mass pl_tsystemref_BJD-UTC,0.0
pl_nespec st_mass pl_tsystemref_HJD,0.0
pl_nespec st_mass pl_tsystemref_JD,0.0
pl_nespec soltype_Kepler Project Candidate (q1_q17_dr25_koi)^2,0.0
pl_nespec soltype_Kepler Project Candidate (q1_q17_dr25_koi) soltype_Published Confirmed,0.0
pl_nespec soltype_Kepler Project Candidate (q1_q17_dr25_koi) pl_tsystemref_BJD,0.0
pl_nespec soltype_Kepler Project Candidate (q1_q17_dr25_koi) pl_tsystemref_BJD-TDB,0.0
pl_nespec soltype_Kepler Project Candidate (q1_q17_dr25_koi) pl_tsystemref_BJD-UTC,0.0
pl_nespec soltype_Kepler Project Candidate (q1_q17_dr25_koi) pl_tsystemref_HJD,0.0
pl_nespec soltype_Kepler Project Candidate (q1_q17_dr25_koi) pl_tsystemref_JD,0.0
pl_nespec soltype_Published Confirmed^2,0.0
pl_nespec soltype_Published Confirmed pl_tsystemref_BJD,0.0
pl_nespec soltype_Published Confirmed pl_tsystemref_BJD-TDB,0.0
pl_nespec soltype_Published Confirmed pl_tsystemref_BJD-UTC,0.0
pl_nespec soltype_Published Confirmed pl_tsystemref_HJD,0.0
pl_nespec soltype_Published Confirmed pl_tsystemref_JD,0.0
pl_nespec pl_tsystemref_BJD^2,0.0
pl_nespec pl_tsystemref_BJD pl_tsystemref_BJD-TDB,0.0
pl_nespec pl_tsystemref_BJD pl_tsystemref_BJD-UTC,0.0
pl_nespec pl_tsystemref_BJD pl_tsystemref_HJD,0.0
pl_nespec pl_tsystemref_BJD pl_tsystemref_JD,0.0
pl_nespec pl_tsystemref_BJD-TDB^2,0.0
pl_nespec pl_tsystemref_BJD-TDB pl_tsystemref_BJD-UTC,0.0
pl_nespec pl_tsystemref_BJD-TDB pl_tsystemref_HJD,0.0
pl_nespec pl_tsystemref_BJD-TDB pl_tsystemref_JD,0.0
pl_nespec pl_tsystemref_BJD-UTC^2,0.0
pl_nespec pl_tsystemref_BJD-UTC pl_tsystemref_HJD,0.0
pl_nespec pl_tsystemref_BJD-UTC pl_tsystemref_JD,0.0
pl_nespec pl_tsystemref_HJD^2,0.0
pl_nespec pl_tsystemref_HJD pl_tsystemref_JD,0.0
pl_nespec pl_tsystemref_JD^2,0.0
pl_ntranspec^3,0.0
pl_ntranspec^2 pl_ndispec,0.0
pl_ntranspec^2 release_year,0.0
pl_ntranspec^2 st_nphot,0.0
pl_ntranspec^2 st_nrvc,-0.0
pl_ntranspec^2 pl_controv_flag,0.0
pl_ntranspec^2 disc_year,0.0
pl_ntranspec^2 sy_tmag,0.0
pl_ntranspec^2 sy_kmag,0.0
pl_ntranspec^2 sy_jmag,0.0
pl_ntranspec^2 sy_hmag,0.0
pl_ntranspec^2 sy_vmag,0.0
pl_ntranspec^2 sy_pm,-0.0
pl_ntranspec^2 sy_pmdec,0.0
pl_ntranspec^2 sy_pmra,-0.0
pl_ntranspec^2 pl_orbper,0.0
pl_ntranspec^2 sy_gaiamag,0.0
pl_ntranspec^2 st_rad,0.0
pl_ntranspec^2 sy_bmag,0.0
pl_ntranspec^2 sy_dist,0.0
pl_ntranspec^2 st_teff,0.0
pl_ntranspec^2 sy_w2mag,0.0
pl_ntranspec^2 sy_w1mag,0.0
pl_ntranspec^2 sy_w3mag,0.0
pl_ntranspec^2 sy_w4mag,0.0
pl_ntranspec^2 sy_plx,0.0
pl_ntranspec^2 st_logg,0.0
pl_ntranspec^2 st_mass,0.0
pl_ntranspec^2 soltype_Kepler Project Candidate (q1_q17_dr25_koi),0.0
pl_ntranspec^2 soltype_Published Confirmed,0.0
pl_ntranspec^2 pl_tsystemref_BJD,0.0
pl_ntranspec^2 pl_tsystemref_BJD-TDB,-0.0
pl_ntranspec^2 pl_tsystemref_BJD-UTC,0.0
pl_ntranspec^2 pl_tsystemref_HJD,0.0
pl_ntranspec^2 pl_tsystemref_JD,0.0
pl_ntranspec pl_ndispec^2,0.0
pl_ntranspec pl_ndispec release_year,0.0
pl_ntranspec pl_ndispec st_nphot,0.0
pl_ntranspec pl_ndispec st_nrvc,0.0
pl_ntranspec pl_ndispec pl_controv_flag,0.0
pl_ntranspec pl_ndispec disc_year,0.0
pl_ntranspec pl_ndispec sy_tmag,0.0
pl_ntranspec pl_ndispec sy_kmag,0.0
pl_ntranspec pl_ndispec sy_jmag,0.0
pl_ntranspec pl_ndispec sy_hmag,0.0
pl_ntranspec pl_ndispec sy_vmag,0.0
pl_ntranspec pl_ndispec sy_pm,0.0
pl_ntranspec pl_ndispec sy_pmdec,0.0
pl_ntranspec pl_ndispec sy_pmra,0.0
pl_ntranspec pl_ndispec pl_orbper,0.0
pl_ntranspec pl_ndispec sy_gaiamag,0.0
pl_ntranspec pl_ndispec st_rad,0.0
pl_ntranspec pl_ndispec sy_bmag,0.0
pl_ntranspec pl_ndispec sy_dist,0.0
pl_ntranspec pl_ndispec st_teff,0.0
pl_ntranspec pl_ndispec sy_w2mag,0.0
pl_ntranspec pl_ndispec sy_w1mag,0.0
pl_ntranspec pl_ndispec sy_w3mag,0.0
pl_ntranspec pl_ndispec sy_w4mag,0.0
pl_ntranspec pl_ndispec sy_plx,0.0
pl_ntranspec pl_ndispec st_logg,0.0
pl_ntranspec pl_ndispec st_mass,0.0
pl_ntranspec pl_ndispec soltype_Kepler Project Candidate (q1_q17_dr25_koi),0.0
pl_ntranspec pl_ndispec soltype_Published Confirmed,0.0
pl_ntranspec pl_ndispec pl_tsystemref_BJD,0.0
pl_ntranspec pl_ndispec pl_tsystemref_BJD-TDB,0.0
pl_ntranspec pl_ndispec pl_tsystemref_BJD-UTC,0.0
pl_ntranspec pl_ndispec pl_tsystemref_HJD,0.0
pl_ntranspec pl_ndispec pl_tsystemref_JD,0.0
pl_ntranspec release_year^2,0.0
pl_ntranspec release_year st_nphot,0.0
pl_ntranspec release_year st_nrvc,-0.0
pl_ntranspec release_year pl_controv_flag,0.0
pl_ntranspec release_year disc_year,0.0
pl_ntranspec release_year sy_tmag,0.0
pl_ntranspec release_year sy_kmag,0.0
pl_ntranspec release_year sy_jmag,0.0
pl_ntranspec release_year sy_hmag,0.0
pl_ntranspec release_year sy_vmag,0.0
pl_ntranspec release_year sy_pm,0.0
pl_ntranspec release_year sy_pmdec,0.0
pl_ntranspec release_year sy_pmra,-0.0
pl_ntranspec release_year pl_orbper,0.0
pl_ntranspec release_year sy_gaiamag,0.0
pl_ntranspec release_year st_rad,0.0
pl_ntranspec release_year sy_bmag,0.0
pl_ntranspec release_year sy_dist,0.0
pl_ntranspec release_year st_teff,0.0
pl_ntranspec release_year sy_w2mag,0.0
pl_ntranspec release_year sy_w1mag,0.0
pl_ntranspec release_year sy_w3mag,0.0
pl_ntranspec release_year sy_w4mag,0.0
pl_ntranspec release_year sy_plx,0.0
pl_ntranspec release_year st_logg,0.0
pl_ntranspec release_year st_mass,0.0
pl_ntranspec release_year soltype_Kepler Project Candidate (q1_q17_dr25_koi),0.0
pl_ntranspec release_year soltype_Published Confirmed,0.0
pl_ntranspec release_year pl_tsystemref_BJD,0.0
pl_ntranspec release_year pl_tsystemref_BJD-TDB,0.0
pl_ntranspec release_year pl_tsystemref_BJD-UTC,0.0
pl_ntranspec release_year pl_tsystemref_HJD,0.0
pl_ntranspec release_year pl_tsystemref_JD,0.0
pl_ntranspec st_nphot^2,0.0
pl_ntranspec st_nphot st_nrvc,0.0
pl_ntranspec st_nphot pl_controv_flag,0.0
pl_ntranspec st_nphot disc_year,0.0
pl_ntranspec st_nphot sy_tmag,0.0
pl_ntranspec st_nphot sy_kmag,0.0
pl_ntranspec st_nphot sy_jmag,0.0
pl_ntranspec st_nphot sy_hmag,0.0
pl_ntranspec st_nphot sy_vmag,0.0
pl_ntranspec st_nphot sy_pm,0.0
pl_ntranspec st_nphot sy_pmdec,0.0
pl_ntranspec st_nphot sy_pmra,-0.0
pl_ntranspec st_nphot pl_orbper,0.0
pl_ntranspec st_nphot sy_gaiamag,0.0
pl_ntranspec st_nphot st_rad,0.0
pl_ntranspec st_nphot sy_bmag,0.0
pl_ntranspec st_nphot sy_dist,0.0
pl_ntranspec st_nphot st_teff,0.0
pl_ntranspec st_nphot sy_w2mag,0.0
pl_ntranspec st_nphot sy_w1mag,0.0
pl_ntranspec st_nphot sy_w3mag,0.0
pl_ntranspec st_nphot sy_w4mag,0.0
pl_ntranspec st_nphot sy_plx,0.0
pl_ntranspec st_nphot st_logg,0.0
pl_ntranspec st_nphot st_mass,0.0
pl_ntranspec st_nphot soltype_Kepler Project Candidate (q1_q17_dr25_koi),0.0
pl_ntranspec st_nphot soltype_Published Confirmed,0.0
pl_ntranspec st_nphot pl_tsystemref_BJD,0.0
pl_ntranspec st_nphot pl_tsystemref_BJD-TDB,0.0
pl_ntranspec st_nphot pl_tsystemref_BJD-UTC,0.0
pl_ntranspec st_nphot pl_tsystemref_HJD,0.0
pl_ntranspec st_nphot pl_tsystemref_JD,0.0
pl_ntranspec st_nrvc^2,-0.0
pl_ntranspec st_nrvc pl_controv_flag,0.0
pl_ntranspec st_nrvc disc_year,-0.0
pl_ntranspec st_nrvc sy_tmag,-0.0
pl_ntranspec st_nrvc sy_kmag,-0.0
pl_ntranspec st_nrvc sy_jmag,-0.0
pl_ntranspec st_nrvc sy_hmag,-0.0
pl_ntranspec st_nrvc sy_vmag,-0.0
pl_ntranspec st_nrvc sy_pm,-0.0
pl_ntranspec st_nrvc sy_pmdec,-0.0
pl_ntranspec st_nrvc sy_pmra,0.0
pl_ntranspec st_nrvc pl_orbper,-0.0
pl_ntranspec st_nrvc sy_gaiamag,-0.0
pl_ntranspec st_nrvc st_rad,-0.0
pl_ntranspec st_nrvc sy_bmag,-0.0
pl_ntranspec st_nrvc sy_dist,-0.0
pl_ntranspec st_nrvc st_teff,-0.0
pl_ntranspec st_nrvc sy_w2mag,-0.0
pl_ntranspec st_nrvc sy_w1mag,-0.0
pl_ntranspec st_nrvc sy_w3mag,-0.0
pl_ntranspec st_nrvc sy_w4mag,-0.0
pl_ntranspec st_nrvc sy_plx,-0.0
pl_ntranspec st_nrvc st_logg,-0.0
pl_ntranspec st_nrvc st_mass,-0.0
pl_ntranspec st_nrvc soltype_Kepler Project Candidate (q1_q17_dr25_koi),0.0
pl_ntranspec st_nrvc soltype_Published Confirmed,-0.0
pl_ntranspec st_nrvc pl_tsystemref_BJD,0.0
pl_ntranspec st_nrvc pl_tsystemref_BJD-TDB,-0.0
pl_ntranspec st_nrvc pl_tsystemref_BJD-UTC,0.0
pl_ntranspec st_nrvc pl_tsystemref_HJD,0.0
pl_ntranspec st_nrvc pl_tsystemref_JD,0.0
pl_ntranspec pl_controv_flag^2,0.0
pl_ntranspec pl_controv_flag disc_year,0.0
pl_ntranspec pl_controv_flag sy_tmag,0.0
pl_ntranspec pl_controv_flag sy_kmag,0.0
pl_ntranspec pl_controv_flag sy_jmag,0.0
pl_ntranspec pl_controv_flag sy_hmag,0.0
pl_ntranspec pl_controv_flag sy_vmag,0.0
pl_ntranspec pl_controv_flag sy_pm,0.0
pl_ntranspec pl_controv_flag sy_pmdec,0.0
pl_ntranspec pl_controv_flag sy_pmra,0.0
pl_ntranspec pl_controv_flag pl_orbper,0.0
pl_ntranspec pl_controv_flag sy_gaiamag,0.0
pl_ntranspec pl_controv_flag st_rad,0.0
pl_ntranspec pl_controv_flag sy_bmag,0.0
pl_ntranspec pl_controv_flag sy_dist,0.0
pl_ntranspec pl_controv_flag st_teff,0.0
pl_ntranspec pl_controv_flag sy_w2mag,0.0
pl_ntranspec pl_controv_flag sy_w1mag,0.0
pl_ntranspec pl_controv_flag sy_w3mag,0.0
pl_ntranspec pl_controv_flag sy_w4mag,0.0
pl_ntranspec pl_controv_flag sy_plx,0.0
pl_ntranspec pl_controv_flag st_logg,0.0
pl_ntranspec pl_controv_flag st_mass,0.0
pl_ntranspec pl_controv_flag soltype_Kepler Project Candidate (q1_q17_dr25_koi),0.0
pl_ntranspec pl_controv_flag soltype_Published Confirmed,0.0
pl_ntranspec pl_controv_flag pl_tsystemref_BJD,0.0
pl_ntranspec pl_controv_flag pl_tsystemref_BJD-TDB,0.0
pl_ntranspec pl_controv_flag pl_tsystemref_BJD-UTC,0.0
pl_ntranspec pl_controv_flag pl_tsystemref_HJD,0.0
pl_ntranspec pl_controv_flag pl_tsystemref_JD,0.0
pl_ntranspec disc_year^2,0.0
pl_ntranspec disc_year sy_tmag,0.0
pl_ntranspec disc_year sy_kmag,0.0
pl_ntranspec disc_year sy_jmag,0.0
pl_ntranspec disc_year sy_hmag,0.0
pl_ntranspec disc_year sy_vmag,0.0
pl_ntranspec disc_year sy_pm,0.0
pl_ntranspec disc_year sy_pmdec,0.0
pl_ntranspec disc_year sy_pmra,-0.0
pl_ntranspec disc_year pl_orbper,0.0
pl_ntranspec disc_year sy_gaiamag,0.0
pl_ntranspec disc_year st_rad,0.0
pl_ntranspec disc_year sy_bmag,0.0
pl_ntranspec disc_year sy_dist,0.0
pl_ntranspec disc_year st_teff,0.0
pl_ntranspec disc_year sy_w2mag,0.0
pl_ntranspec disc_year sy_w1mag,0.0
pl_ntranspec disc_year sy_w3mag,0.0
pl_ntranspec disc_year sy_w4mag,0.0
pl_ntranspec disc_year sy_plx,0.0
pl_ntranspec disc_year st_logg,0.0
pl_ntranspec disc_year st_mass,0.0
pl_ntranspec disc_year soltype_Kepler Project Candidate (q1_q17_dr25_koi),0.0
pl_ntranspec disc_year soltype_Published Confirmed,0.0
pl_ntranspec disc_year pl_tsystemref_BJD,0.0
pl_ntranspec disc_year pl_tsystemref_BJD-TDB,0.0
pl_ntranspec disc_year pl_tsystemref_BJD-UTC,0.0
pl_ntranspec disc_year pl_tsystemref_HJD,0.0
pl_ntranspec disc_year pl_tsystemref_JD,0.0
pl_ntranspec sy_tmag^2,0.0
pl_ntranspec sy_tmag sy_kmag,0.0
pl_ntranspec sy_tmag sy_jmag,0.0
pl_ntranspec sy_tmag sy_hmag,0.0
pl_ntranspec sy_tmag sy_vmag,0.0
pl_ntranspec sy_tmag sy_pm,0.0
pl_ntranspec sy_tmag sy_pmdec,0.0
pl_ntranspec sy_tmag sy_pmra,-0.0
pl_ntranspec sy_tmag pl_orbper,0.0
pl_ntranspec sy_tmag sy_gaiamag,0.0
pl_ntranspec sy_tmag st_rad,0.0
pl_ntranspec sy_tmag sy_bmag,0.0
pl_ntranspec sy_tmag sy_dist,0.0
pl_ntranspec sy_tmag st_teff,0.0
pl_ntranspec sy_tmag sy_w2mag,0.0
pl_ntranspec sy_tmag sy_w1mag,0.0
pl_ntranspec sy_tmag sy_w3mag,0.0
pl_ntranspec sy_tmag sy_w4mag,0.0
pl_ntranspec sy_tmag sy_plx,0.0
pl_ntranspec sy_tmag st_logg,0.0
pl_ntranspec sy_tmag st_mass,0.0
pl_ntranspec sy_tmag soltype_Kepler Project Candidate (q1_q17_dr25_koi),0.0
pl_ntranspec sy_tmag soltype_Published Confirmed,0.0
pl_ntranspec sy_tmag pl_tsystemref_BJD,0.0
pl_ntranspec sy_tmag pl_tsystemref_BJD-TDB,0.0
pl_ntranspec sy_tmag pl_tsystemref_BJD-UTC,0.0
pl_ntranspec sy_tmag pl_tsystemref_HJD,0.0
pl_ntranspec sy_tmag pl_tsystemref_JD,0.0
pl_ntranspec sy_kmag^2,0.0
pl_ntranspec sy_kmag sy_jmag,0.0
pl_ntranspec sy_kmag sy_hmag,0.0
pl_ntranspec sy_kmag sy_vmag,0.0
pl_ntranspec sy_kmag sy_pm,0.0
pl_ntranspec sy_kmag sy_pmdec,0.0
pl_ntranspec sy_kmag sy_pmra,-0.0
pl_ntranspec sy_kmag pl_orbper,0.0
pl_ntranspec sy_kmag sy_gaiamag,0.0
pl_ntranspec sy_kmag st_rad,0.0
pl_ntranspec sy_kmag sy_bmag,0.0
pl_ntranspec sy_kmag sy_dist,0.0
pl_ntranspec sy_kmag st_teff,0.0
pl_ntranspec sy_kmag sy_w2mag,0.0
pl_ntranspec sy_kmag sy_w1mag,0.0
pl_ntranspec sy_kmag sy_w3mag,0.0
pl_ntranspec sy_kmag sy_w4mag,0.0
pl_ntranspec sy_kmag sy_plx,0.0
pl_ntranspec sy_kmag st_logg,0.0
pl_ntranspec sy_kmag st_mass,0.0
pl_ntranspec sy_kmag soltype_Kepler Project Candidate (q1_q17_dr25_koi),0.0
pl_ntranspec sy_kmag soltype_Published Confirmed,0.0
pl_ntranspec sy_kmag pl_tsystemref_BJD,0.0
pl_ntranspec sy_kmag pl_tsystemref_BJD-TDB,0.0
pl_ntranspec sy_kmag pl_tsystemref_BJD-UTC,0.0
pl_ntranspec sy_kmag pl_tsystemref_HJD,0.0
pl_ntranspec sy_kmag pl_tsystemref_JD,0.0
pl_ntranspec sy_jmag^2,0.0
pl_ntranspec sy_jmag sy_hmag,0.0
pl_ntranspec sy_jmag sy_vmag,0.0
pl_ntranspec sy_jmag sy_pm,0.0
pl_ntranspec sy_jmag sy_pmdec,0.0
pl_ntranspec sy_jmag sy_pmra,-0.0
pl_ntranspec sy_jmag pl_orbper,0.0
pl_ntranspec sy_jmag sy_gaiamag,0.0
pl_ntranspec sy_jmag st_rad,0.0
pl_ntranspec sy_jmag sy_bmag,0.0
pl_ntranspec sy_jmag sy_dist,0.0
pl_ntranspec sy_jmag st_teff,0.0
pl_ntranspec sy_jmag sy_w2mag,0.0
pl_ntranspec sy_jmag sy_w1mag,0.0
pl_ntranspec sy_jmag sy_w3mag,0.0
pl_ntranspec sy_jmag sy_w4mag,0.0
pl_ntranspec sy_jmag sy_plx,0.0
pl_ntranspec sy_jmag st_logg,0.0
pl_ntranspec sy_jmag st_mass,0.0
pl_ntranspec sy_jmag soltype_Kepler Project Candidate (q1_q17_dr25_koi),0.0
pl_ntranspec sy_jmag soltype_Published Confirmed,0.0
pl_ntranspec sy_jmag pl_tsystemref_BJD,0.0
pl_ntranspec sy_jmag pl_tsystemref_BJD-TDB,0.0
pl_ntranspec sy_jmag pl_tsystemref_BJD-UTC,0.0
pl_ntranspec sy_jmag pl_tsystemref_HJD,0.0
pl_ntranspec sy_jmag pl_tsystemref_JD,0.0
pl_ntranspec sy_hmag^2,0.0
pl_ntranspec sy_hmag sy_vmag,0.0
pl_ntranspec sy_hmag sy_pm,0.0
pl_ntranspec sy_hmag sy_pmdec,0.0
pl_ntranspec sy_hmag sy_pmra,-0.0
pl_ntranspec sy_hmag pl_orbper,0.0
pl_ntranspec sy_hmag sy_gaiamag,0.0
pl_ntranspec sy_hmag st_rad,0.0
pl_ntranspec sy_hmag sy_bmag,0.0
pl_ntranspec sy_hmag sy_dist,0.0
pl_ntranspec sy_hmag st_teff,0.0
pl_ntranspec sy_hmag sy_w2mag,0.0
pl_ntranspec sy_hmag sy_w1mag,0.0
pl_ntranspec sy_hmag sy_w3mag,0.0
pl_ntranspec sy_hmag sy_w4mag,0.0
pl_ntranspec sy_hmag sy_plx,0.0
pl_ntranspec sy_hmag st_logg,0.0
pl_ntranspec sy_hmag st_mass,0.0
pl_ntranspec sy_hmag soltype_Kepler Project Candidate (q1_q17_dr25_koi),0.0
pl_ntranspec sy_hmag soltype_Published Confirmed,0.0
pl_ntranspec sy_hmag pl_tsystemref_BJD,0.0
pl_ntranspec sy_hmag pl_tsystemref_BJD-TDB,0.0
pl_ntranspec sy_hmag pl_tsystemref_BJD-UTC,0.0
pl_ntranspec sy_hmag pl_tsystemref_HJD,0.0
pl_ntranspec sy_hmag pl_tsystemref_JD,0.0
pl_ntranspec sy_vmag^2,0.0
pl_ntranspec sy_vmag sy_pm,0.0
pl_ntranspec sy_vmag sy_pmdec,0.0
pl_ntranspec sy_vmag sy_pmra,-0.0
pl_ntranspec sy_vmag pl_orbper,0.0
pl_ntranspec sy_vmag sy_gaiamag,0.0
pl_ntranspec sy_vmag st_rad,0.0
pl_ntranspec sy_vmag sy_bmag,0.0
pl_ntranspec sy_vmag sy_dist,0.0
pl_ntranspec sy_vmag st_teff,0.0
pl_ntranspec sy_vmag sy_w2mag,0.0
pl_ntranspec sy_vmag sy_w1mag,0.0
pl_ntranspec sy_vmag sy_w3mag,0.0
pl_ntranspec sy_vmag sy_w4mag,0.0
pl_ntranspec sy_vmag sy_plx,0.0
pl_ntranspec sy_vmag st_logg,0.0
pl_ntranspec sy_vmag st_mass,0.0
pl_ntranspec sy_vmag soltype_Kepler Project Candidate (q1_q17_dr25_koi),0.0
pl_ntranspec sy_vmag soltype_Published Confirmed,0.0
pl_ntranspec sy_vmag pl_tsystemref_BJD,0.0
pl_ntranspec sy_vmag pl_tsystemref_BJD-TDB,0.0
pl_ntranspec sy_vmag pl_tsystemref_BJD-UTC,0.0
pl_ntranspec sy_vmag pl_tsystemref_HJD,0.0
pl_ntranspec sy_vmag pl_tsystemref_JD,0.0
pl_ntranspec sy_pm^2,-0.0
pl_ntranspec sy_pm sy_pmdec,0.0
pl_ntranspec sy_pm sy_pmra,-0.0
pl_ntranspec sy_pm pl_orbper,0.0
pl_ntranspec sy_pm sy_gaiamag,0.0
pl_ntranspec sy_pm st_rad,0.0
pl_ntranspec sy_pm sy_bmag,0.0
pl_ntranspec sy_pm sy_dist,0.0
pl_ntranspec sy_pm st_teff,0.0
pl_ntranspec sy_pm sy_w2mag,0.0
pl_ntranspec sy_pm sy_w1mag,0.0
pl_ntranspec sy_pm sy_w3mag,0.0
pl_ntranspec sy_pm sy_w4mag,0.0
pl_ntranspec sy_pm sy_plx,-0.0
pl_ntranspec sy_pm st_logg,0.0
pl_ntranspec sy_pm st_mass,0.0
pl_ntranspec sy_pm soltype_Kepler Project Candidate (q1_q17_dr25_koi),0.0
pl_ntranspec sy_pm soltype_Published Confirmed,0.0
pl_ntranspec sy_pm pl_tsystemref_BJD,0.0
pl_ntranspec sy_pm pl_tsystemref_BJD-TDB,-0.0
pl_ntranspec sy_pm pl_tsystemref_BJD-UTC,0.0
pl_ntranspec sy_pm pl_tsystemref_HJD,0.0
pl_ntranspec sy_pm pl_tsystemref_JD,0.0
pl_ntranspec sy_pmdec^2,-0.0
pl_ntranspec sy_pmdec sy_pmra,0.0
pl_ntranspec sy_pmdec pl_orbper,0.0
pl_ntranspec sy_pmdec sy_gaiamag,0.0
pl_ntranspec sy_pmdec st_rad,-0.0
pl_ntranspec sy_pmdec sy_bmag,0.0
pl_ntranspec sy_pmdec sy_dist,-0.0
pl_ntranspec sy_pmdec st_teff,0.0
pl_ntranspec sy_pmdec sy_w2mag,0.0
pl_ntranspec sy_pmdec sy_w1mag,0.0
pl_ntranspec sy_pmdec sy_w3mag,0.0
pl_ntranspec sy_pmdec sy_w4mag,0.0
pl_ntranspec sy_pmdec sy_plx,0.0
pl_ntranspec sy_pmdec st_logg,0.0
pl_ntranspec sy_pmdec st_mass,-0.0
pl_ntranspec sy_pmdec soltype_Kepler Project Candidate (q1_q17_dr25_koi),0.0
pl_ntranspec sy_pmdec soltype_Published Confirmed,0.0
pl_ntranspec sy_pmdec pl_tsystemref_BJD,0.0
pl_ntranspec sy_pmdec pl_tsystemref_BJD-TDB,0.0
pl_ntranspec sy_pmdec pl_tsystemref_BJD-UTC,0.0
pl_ntranspec sy_pmdec pl_tsystemref_HJD,0.0
pl_ntranspec sy_pmdec pl_tsystemref_JD,-0.0
pl_ntranspec sy_pmra^2,-0.0
pl_ntranspec sy_pmra pl_orbper,-0.0
pl_ntranspec sy_pmra sy_gaiamag,-0.0
pl_ntranspec sy_pmra st_rad,-0.0
pl_ntranspec sy_pmra sy_bmag,-0.0
pl_ntranspec sy_pmra sy_dist,-0.0
pl_ntranspec sy_pmra st_teff,-0.0
pl_ntranspec sy_pmra sy_w2mag,-0.0
pl_ntranspec sy_pmra sy_w1mag,-0.0
pl_ntranspec sy_pmra sy_w3mag,-0.0
pl_ntranspec sy_pmra sy_w4mag,-0.0
pl_ntranspec sy_pmra sy_plx,-0.0
pl_ntranspec sy_pmra st_logg,-0.0
pl_ntranspec sy_pmra st_mass,-0.0
pl_ntranspec sy_pmra soltype_Kepler Project Candidate (q1_q17_dr25_koi),0.0
pl_ntranspec sy_pmra soltype_Published Confirmed,-0.0
pl_ntranspec sy_pmra pl_tsystemref_BJD,-0.0
pl_ntranspec sy_pmra pl_tsystemref_BJD-TDB,-0.0
pl_ntranspec sy_pmra pl_tsystemref_BJD-UTC,0.0
pl_ntranspec sy_pmra pl_tsystemref_HJD,0.0
pl_ntranspec sy_pmra pl_tsystemref_JD,-0.0
pl_ntranspec pl_orbper^2,0.0
pl_ntranspec pl_orbper sy_gaiamag,0.0
pl_ntranspec pl_orbper st_rad,0.0
pl_ntranspec pl_orbper sy_bmag,0.0
pl_ntranspec pl_orbper sy_dist,0.0
pl_ntranspec pl_orbper st_teff,0.0
pl_ntranspec pl_orbper sy_w2mag,0.0
pl_ntranspec pl_orbper sy_w1mag,0.0
pl_ntranspec pl_orbper sy_w3mag,0.0
pl_ntranspec pl_orbper sy_w4mag,0.0
pl_ntranspec pl_orbper sy_plx,0.0
pl_ntranspec pl_orbper st_logg,0.0
pl_ntranspec pl_orbper st_mass,0.0
pl_ntranspec pl_orbper soltype_Kepler Project Candidate (q1_q17_dr25_koi),0.0
pl_ntranspec pl_orbper soltype_Published Confirmed,0.0
pl_ntranspec pl_orbper pl_tsystemref_BJD,0.0
pl_ntranspec pl_orbper pl_tsystemref_BJD-TDB,-0.0
pl_ntranspec pl_orbper pl_tsystemref_BJD-UTC,0.0
pl_ntranspec pl_orbper pl_tsystemref_HJD,0.0
pl_ntranspec pl_orbper pl_tsystemref_JD,0.0
pl_ntranspec sy_gaiamag^2,0.0
pl_ntranspec sy_gaiamag st_rad,0.0
pl_ntranspec sy_gaiamag sy_bmag,0.0
pl_ntranspec sy_gaiamag sy_dist,0.0
pl_ntranspec sy_gaiamag st_teff,0.0
pl_ntranspec sy_gaiamag sy_w2mag,0.0
pl_ntranspec sy_gaiamag sy_w1mag,0.0
pl_ntranspec sy_gaiamag sy_w3mag,0.0
pl_ntranspec sy_gaiamag sy_w4mag,0.0
pl_ntranspec sy_gaiamag sy_plx,0.0
pl_ntranspec sy_gaiamag st_logg,0.0
pl_ntranspec sy_gaiamag st_mass,0.0
pl_ntranspec sy_gaiamag soltype_Kepler Project Candidate (q1_q17_dr25_koi),0.0
pl_ntranspec sy_gaiamag soltype_Published Confirmed,0.0
pl_ntranspec sy_gaiamag pl_tsystemref_BJD,0.0
pl_ntranspec sy_gaiamag pl_tsystemref_BJD-TDB,0.0
pl_ntranspec sy_gaiamag pl_tsystemref_BJD-UTC,0.0
pl_ntranspec sy_gaiamag pl_tsystemref_HJD,0.0
pl_ntranspec sy_gaiamag pl_tsystemref_JD,0.0
pl_ntranspec st_rad^2,0.0
pl_ntranspec st_rad sy_bmag,0.0
pl_ntranspec st_rad sy_dist,0.0
pl_ntranspec st_rad st_teff,0.0
pl_ntranspec st_rad sy_w2mag,0.0
pl_ntranspec st_rad sy_w1mag,0.0
pl_ntranspec st_rad sy_w3mag,0.009369500480859593
pl_ntranspec st_rad sy_w4mag,0.0
pl_ntranspec st_rad sy_plx,0.0
pl_ntranspec st_rad st_logg,0.0
pl_ntranspec st_rad st_mass,0.0
pl_ntranspec st_rad soltype_Kepler Project Candidate (q1_q17_dr25_koi),0.0
pl_ntranspec st_rad soltype_Published Confirmed,0.0
pl_ntranspec st_rad pl_tsystemref_BJD,0.0
pl_ntranspec st_rad pl_tsystemref_BJD-TDB,0.0
pl_ntranspec st_rad pl_tsystemref_BJD-UTC,0.0
pl_ntranspec st_rad pl_tsystemref_HJD,0.0
pl_ntranspec st_rad pl_tsystemref_JD,0.0
pl_ntranspec sy_bmag^2,0.0
pl_ntranspec sy_bmag sy_dist,0.001616243121185201
pl_ntranspec sy_bmag st_teff,0.0
pl_ntranspec sy_bmag sy_w2mag,0.0
pl_ntranspec sy_bmag sy_w1mag,0.0
pl_ntranspec sy_bmag sy_w3mag,0.0
pl_ntranspec sy_bmag sy_w4mag,0.0
pl_ntranspec sy_bmag sy_plx,0.0
pl_ntranspec sy_bmag st_logg,0.0
pl_ntranspec sy_bmag st_mass,0.0
pl_ntranspec sy_bmag soltype_Kepler Project Candidate (q1_q17_dr25_koi),0.0
pl_ntranspec sy_bmag soltype_Published Confirmed,0.0
pl_ntranspec sy_bmag pl_tsystemref_BJD,0.0
pl_ntranspec sy_bmag pl_tsystemref_BJD-TDB,0.0
pl_ntranspec sy_bmag pl_tsystemref_BJD-UTC,0.0
pl_ntranspec sy_bmag pl_tsystemref_HJD,0.0
pl_ntranspec sy_bmag pl_tsystemref_JD,0.0
pl_ntranspec sy_dist^2,0.0
pl_ntranspec sy_dist st_teff,0.0
pl_ntranspec sy_dist sy_w2mag,0.0
pl_ntranspec sy_dist sy_w1mag,0.0
pl_ntranspec sy_dist sy_w3mag,0.0
pl_ntranspec sy_dist sy_w4mag,0.0
pl_ntranspec sy_dist sy_plx,0.0
pl_ntranspec sy_dist st_logg,0.0
pl_ntranspec sy_dist st_mass,0.0
pl_ntranspec sy_dist soltype_Kepler Project Candidate (q1_q17_dr25_koi),0.0
pl_ntranspec sy_dist soltype_Published Confirmed,0.0
pl_ntranspec sy_dist pl_tsystemref_BJD,0.0
pl_ntranspec sy_dist pl_tsystemref_BJD-TDB,0.0
pl_ntranspec sy_dist pl_tsystemref_BJD-UTC,0.0
pl_ntranspec sy_dist pl_tsystemref_HJD,0.0
pl_ntranspec sy_dist pl_tsystemref_JD,0.0
pl_ntranspec st_teff^2,0.0
pl_ntranspec st_teff sy_w2mag,0.0
pl_ntranspec st_teff sy_w1mag,0.0
pl_ntranspec st_teff sy_w3mag,0.0
pl_ntranspec st_teff sy_w4mag,0.0
pl_ntranspec st_teff sy_plx,0.0
pl_ntranspec st_teff st_logg,0.0
pl_ntranspec st_teff st_mass,0.0
pl_ntranspec st_teff soltype_Kepler Project Candidate (q1_q17_dr25_koi),0.0
pl_ntranspec st_teff soltype_Published Confirmed,0.0
pl_ntranspec st_teff pl_tsystemref_BJD,0.0
pl_ntranspec st_teff pl_tsystemref_BJD-TDB,0.0
pl_ntranspec st_teff pl_tsystemref_BJD-UTC,0.0
pl_ntranspec st_teff pl_tsystemref_HJD,0.0
pl_ntranspec st_teff pl_tsystemref_JD,0.0
pl_ntranspec sy_w2mag^2,0.0
pl_ntranspec sy_w2mag sy_w1mag,0.0
pl_ntranspec sy_w2mag sy_w3mag,0.0
pl_ntranspec sy_w2mag sy_w4mag,0.0
pl_ntranspec sy_w2mag sy_plx,0.0
pl_ntranspec sy_w2mag st_logg,0.0
pl_ntranspec sy_w2mag st_mass,0.0
pl_ntranspec sy_w2mag soltype_Kepler Project Candidate (q1_q17_dr25_koi),0.0
pl_ntranspec sy_w2mag soltype_Published Confirmed,0.0
pl_ntranspec sy_w2mag pl_tsystemref_BJD,0.0
pl_ntranspec sy_w2mag pl_tsystemref_BJD-TDB,0.0
pl_ntranspec sy_w2mag pl_tsystemref_BJD-UTC,0.0
pl_ntranspec sy_w2mag pl_tsystemref_HJD,0.0
pl_ntranspec sy_w2mag pl_tsystemref_JD,0.0
pl_ntranspec sy_w1mag^2,0.0
pl_ntranspec sy_w1mag sy_w3mag,0.0
pl_ntranspec sy_w1mag sy_w4mag,0.0
pl_ntranspec sy_w1mag sy_plx,0.0
pl_ntranspec sy_w1mag st_logg,0.0
pl_ntranspec sy_w1mag st_mass,0.0
pl_ntranspec sy_w1mag soltype_Kepler Project Candidate (q1_q17_dr25_koi),0.0
pl_ntranspec sy_w1mag soltype_Published Confirmed,0.0
pl_ntranspec sy_w1mag pl_tsystemref_BJD,0.0
pl_ntranspec sy_w1mag pl_tsystemref_BJD-TDB,0.0
pl_ntranspec sy_w1mag pl_tsystemref_BJD-UTC,0.0
pl_ntranspec sy_w1mag pl_tsystemref_HJD,0.0
pl_ntranspec sy_w1mag pl_tsystemref_JD,0.0
pl_ntranspec sy_w3mag^2,0.0
pl_ntranspec sy_w3mag sy_w4mag,0.0
pl_ntranspec sy_w3mag sy_plx,0.0
pl_ntranspec sy_w3mag st_logg,0.0
pl_ntranspec sy_w3mag st_mass,0.0
pl_ntranspec sy_w3mag soltype_Kepler Project Candidate (q1_q17_dr25_koi),0.0
pl_ntranspec sy_w3mag soltype_Published Confirmed,0.0
pl_ntranspec sy_w3mag pl_tsystemref_BJD,0.0
pl_ntranspec sy_w3mag pl_tsystemref_BJD-TDB,0.0
pl_ntranspec sy_w3mag pl_tsystemref_BJD-UTC,0.0
pl_ntranspec sy_w3mag pl_tsystemref_HJD,0.0
pl_ntranspec sy_w3mag pl_tsystemref_JD,0.0
pl_ntranspec sy_w4mag^2,0.0
pl_ntranspec sy_w4mag sy_plx,0.0
pl_ntranspec sy_w4mag st_logg,0.0
pl_ntranspec sy_w4mag st_mass,0.0
pl_ntranspec sy_w4mag soltype_Kepler Project Candidate (q1_q17_dr25_koi),0.0
pl_ntranspec sy_w4mag soltype_Published Confirmed,0.0
pl_ntranspec sy_w4mag pl_tsystemref_BJD,0.0
pl_ntranspec sy_w4mag pl_tsystemref_BJD-TDB,0.0
pl_ntranspec sy_w4mag pl_tsystemref_BJD-UTC,0.0
pl_ntranspec sy_w4mag pl_tsystemref_HJD,0.0
pl_ntranspec sy_w4mag pl_tsystemref_JD,0.0
pl_ntranspec sy_plx^2,-0.0
pl_ntranspec sy_plx st_logg,0.0
pl_ntranspec sy_plx st_mass,0.0
pl_ntranspec sy_plx soltype_Kepler Project Candidate (q1_q17_dr25_koi),0.0
pl_ntranspec sy_plx soltype_Published Confirmed,0.0
pl_ntranspec sy_plx pl_tsystemref_BJD,0.0
pl_ntranspec sy_plx pl_tsystemref_BJD-TDB,-0.0
pl_ntranspec sy_plx pl_tsystemref_BJD-UTC,0.0
pl_ntranspec sy_plx pl_tsystemref_HJD,0.0
pl_ntranspec sy_plx pl_tsystemref_JD,0.0
pl_ntranspec st_logg^2,0.0
pl_ntranspec st_logg st_mass,0.0
pl_ntranspec st_logg soltype_Kepler Project Candidate (q1_q17_dr25_koi),0.0
pl_ntranspec st_logg soltype_Published Confirmed,0.0
pl_ntranspec st_logg pl_tsystemref_BJD,0.0
pl_ntranspec st_logg pl_tsystemref_BJD-TDB,0.0
pl_ntranspec st_logg pl_tsystemref_BJD-UTC,0.0
pl_ntranspec st_logg pl_tsystemref_HJD,0.0
pl_ntranspec st_logg pl_tsystemref_JD,0.0
pl_ntranspec st_mass^2,0.0
pl_ntranspec st_mass soltype_Kepler Project Candidate (q1_q17_dr25_koi),0.0
pl_ntranspec st_mass soltype_Published Confirmed,0.0
pl_ntranspec st_mass pl_tsystemref_BJD,0.0
pl_ntranspec st_mass pl_tsystemref_BJD-TDB,0.0
pl_ntranspec st_mass pl_tsystemref_BJD-UTC,0.0
pl_ntranspec st_mass pl_tsystemref_HJD,0.0
pl_ntranspec st_mass pl_tsystemref_JD,0.0
pl_ntranspec soltype_Kepler Project Candidate (q1_q17_dr25_koi)^2,0.0
pl_ntranspec soltype_Kepler Project Candidate (q1_q17_dr25_koi) soltype_Published Confirmed,0.0
pl_ntranspec soltype_Kepler Project Candidate (q1_q17_dr25_koi) pl_tsystemref_BJD,0.0
pl_ntranspec soltype_Kepler Project Candidate (q1_q17_dr25_koi) pl_tsystemref_BJD-TDB,0.0
pl_ntranspec soltype_Kepler Project Candidate (q1_q17_dr25_koi) pl_tsystemref_BJD-UTC,0.0
pl_ntranspec soltype_Kepler Project Candidate (q1_q17_dr25_koi) pl_tsystemref_HJD,0.0
pl_ntranspec soltype_Kepler Project Candidate (q1_q17_dr25_koi) pl_tsystemref_JD,0.0
pl_ntranspec soltype_Published Confirmed^2,0.0
pl_ntranspec soltype_Published Confirmed pl_tsystemref_BJD,0.0
pl_ntranspec soltype_Published Confirmed pl_tsystemref_BJD-TDB,0.0
pl_ntranspec soltype_Published Confirmed pl_tsystemref_BJD-UTC,0.0
pl_ntranspec soltype_Published Confirmed pl_tsystemref_HJD,0.0
pl_ntranspec soltype_Published Confirmed pl_tsystemref_JD,0.0
pl_ntranspec pl_tsystemref_BJD^2,0.0
pl_ntranspec pl_tsystemref_BJD pl_tsystemref_BJD-TDB,0.0
pl_ntranspec pl_tsystemref_BJD pl_tsystemref_BJD-UTC,0.0
pl_ntranspec pl_tsystemref_BJD pl_tsystemref_HJD,0.0
pl_ntranspec pl_tsystemref_BJD pl_tsystemref_JD,0.0
pl_ntranspec pl_tsystemref_BJD-TDB^2,0.0
pl_ntranspec pl_tsystemref_BJD-TDB pl_tsystemref_BJD-UTC,0.0
pl_ntranspec pl_tsystemref_BJD-TDB pl_tsystemref_HJD,0.0
pl_ntranspec pl_tsystemref_BJD-TDB pl_tsystemref_JD,0.0
pl_ntranspec pl_tsystemref_BJD-UTC^2,0.0
pl_ntranspec pl_tsystemref_BJD-UTC pl_tsystemref_HJD,0.0
pl_ntranspec pl_tsystemref_BJD-UTC pl_tsystemref_JD,0.0
pl_ntranspec pl_tsystemref_HJD^2,0.0
pl_ntranspec pl_tsystemref_HJD pl_tsystemref_JD,0.0
pl_ntranspec pl_tsystemref_JD^2,0.0
pl_ndispec^3,0.0
pl_ndispec^2 release_year,0.0
pl_ndispec^2 st_nphot,0.0
pl_ndispec^2 st_nrvc,0.0
pl_ndispec^2 pl_controv_flag,0.0
pl_ndispec^2 disc_year,0.0
pl_ndispec^2 sy_tmag,0.0
pl_ndispec^2 sy_kmag,0.0
pl_ndispec^2 sy_jmag,0.0
pl_ndispec^2 sy_hmag,0.0
pl_ndispec^2 sy_vmag,0.0
pl_ndispec^2 sy_pm,0.0
pl_ndispec^2 sy_pmdec,0.0
pl_ndispec^2 sy_pmra,0.0
pl_ndispec^2 pl_orbper,0.0
pl_ndispec^2 sy_gaiamag,0.0
pl_ndispec^2 st_rad,0.0
pl_ndispec^2 sy_bmag,0.0
pl_ndispec^2 sy_dist,0.0
pl_ndispec^2 st_teff,0.0
pl_ndispec^2 sy_w2mag,0.0
pl_ndispec^2 sy_w1mag,0.0
pl_ndispec^2 sy_w3mag,0.0
pl_ndispec^2 sy_w4mag,0.0
pl_ndispec^2 sy_plx,0.0
pl_ndispec^2 st_logg,0.0
pl_ndispec^2 st_mass,0.0
pl_ndispec^2 soltype_Kepler Project Candidate (q1_q17_dr25_koi),0.0
pl_ndispec^2 soltype_Published Confirmed,0.0
pl_ndispec^2 pl_tsystemref_BJD,0.0
pl_ndispec^2 pl_tsystemref_BJD-TDB,0.0
pl_ndispec^2 pl_tsystemref_BJD-UTC,0.0
pl_ndispec^2 pl_tsystemref_HJD,0.0
pl_ndispec^2 pl_tsystemref_JD,0.0
pl_ndispec release_year^2,0.0
pl_ndispec release_year st_nphot,0.0
pl_ndispec release_year st_nrvc,0.0
pl_ndispec release_year pl_controv_flag,0.0
pl_ndispec release_year disc_year,0.0
pl_ndispec release_year sy_tmag,0.0
pl_ndispec release_year sy_kmag,0.0
pl_ndispec release_year sy_jmag,0.0
pl_ndispec release_year sy_hmag,0.0
pl_ndispec release_year sy_vmag,0.0
pl_ndispec release_year sy_pm,0.0
pl_ndispec release_year sy_pmdec,0.0
pl_ndispec release_year sy_pmra,0.0
pl_ndispec release_year pl_orbper,0.0
pl_ndispec release_year sy_gaiamag,0.0
pl_ndispec release_year st_rad,0.0
pl_ndispec release_year sy_bmag,0.0
pl_ndispec release_year sy_dist,0.0
pl_ndispec release_year st_teff,0.0
pl_ndispec release_year sy_w2mag,0.0
pl_ndispec release_year sy_w1mag,0.0
pl_ndispec release_year sy_w3mag,0.0
pl_ndispec release_year sy_w4mag,0.0
pl_ndispec release_year sy_plx,0.0
pl_ndispec release_year st_logg,0.0
pl_ndispec release_year st_mass,0.0
pl_ndispec release_year soltype_Kepler Project Candidate (q1_q17_dr25_koi),0.0
pl_ndispec release_year soltype_Published Confirmed,0.0
pl_ndispec release_year pl_tsystemref_BJD,0.0
pl_ndispec release_year pl_tsystemref_BJD-TDB,0.0
pl_ndispec release_year pl_tsystemref_BJD-UTC,0.0
pl_ndispec release_year pl_tsystemref_HJD,0.0
pl_ndispec release_year pl_tsystemref_JD,0.0
pl_ndispec st_nphot^2,0.0
pl_ndispec st_nphot st_nrvc,0.0
pl_ndispec st_nphot pl_controv_flag,0.0
pl_ndispec st_nphot disc_year,0.0
pl_ndispec st_nphot sy_tmag,0.0
pl_ndispec st_nphot sy_kmag,0.0
pl_ndispec st_nphot sy_jmag,0.0
pl_ndispec st_nphot sy_hmag,0.0
pl_ndispec st_nphot sy_vmag,0.0
pl_ndispec st_nphot sy_pm,0.0
pl_ndispec st_nphot sy_pmdec,0.0
pl_ndispec st_nphot sy_pmra,0.0
pl_ndispec st_nphot pl_orbper,0.0
pl_ndispec st_nphot sy_gaiamag,0.0
pl_ndispec st_nphot st_rad,0.0
pl_ndispec st_nphot sy_bmag,0.0
pl_ndispec st_nphot sy_dist,0.0
pl_ndispec st_nphot st_teff,0.0
pl_ndispec st_nphot sy_w2mag,0.0
pl_ndispec st_nphot sy_w1mag,0.0
pl_ndispec st_nphot sy_w3mag,0.0
pl_ndispec st_nphot sy_w4mag,0.0
pl_ndispec st_nphot sy_plx,0.0
pl_ndispec st_nphot st_logg,0.0
pl_ndispec st_nphot st_mass,0.0
pl_ndispec st_nphot soltype_Kepler Project Candidate (q1_q17_dr25_koi),0.0
pl_ndispec st_nphot soltype_Published Confirmed,0.0
pl_ndispec st_nphot pl_tsystemref_BJD,0.0
pl_ndispec st_nphot pl_tsystemref_BJD-TDB,0.0
pl_ndispec st_nphot pl_tsystemref_BJD-UTC,0.0
pl_ndispec st_nphot pl_tsystemref_HJD,0.0
pl_ndispec st_nphot pl_tsystemref_JD,0.0
pl_ndispec st_nrvc^2,0.0
pl_ndispec st_nrvc pl_controv_flag,0.0
pl_ndispec st_nrvc disc_year,0.0
pl_ndispec st_nrvc sy_tmag,0.0
pl_ndispec st_nrvc sy_kmag,0.0
pl_ndispec st_nrvc sy_jmag,0.0
pl_ndispec st_nrvc sy_hmag,0.0
pl_ndispec st_nrvc sy_vmag,0.0
pl_ndispec st_nrvc sy_pm,0.0
pl_ndispec st_nrvc sy_pmdec,0.0
pl_ndispec st_nrvc sy_pmra,0.0
pl_ndispec st_nrvc pl_orbper,0.0
pl_ndispec st_nrvc sy_gaiamag,0.0
pl_ndispec st_nrvc st_rad,0.0
pl_ndispec st_nrvc sy_bmag,0.0
pl_ndispec st_nrvc sy_dist,0.0
pl_ndispec st_nrvc st_teff,0.0
pl_ndispec st_nrvc sy_w2mag,0.0
pl_ndispec st_nrvc sy_w1mag,0.0
pl_ndispec st_nrvc sy_w3mag,0.0
pl_ndispec st_nrvc sy_w4mag,0.0
pl_ndispec st_nrvc sy_plx,0.0
pl_ndispec st_nrvc st_logg,0.0
pl_ndispec st_nrvc st_mass,0.0
pl_ndispec st_nrvc soltype_Kepler Project Candidate (q1_q17_dr25_koi),0.0
pl_ndispec st_nrvc soltype_Published Confirmed,0.0
pl_ndispec st_nrvc pl_tsystemref_BJD,0.0
pl_ndispec st_nrvc pl_tsystemref_BJD-TDB,0.0
pl_ndispec st_nrvc pl_tsystemref_BJD-UTC,0.0
pl_ndispec st_nrvc pl_tsystemref_HJD,0.0
pl_ndispec st_nrvc pl_tsystemref_JD,0.0
pl_ndispec pl_controv_flag^2,0.0
pl_ndispec pl_controv_flag disc_year,0.0
pl_ndispec pl_controv_flag sy_tmag,0.0
pl_ndispec pl_controv_flag sy_kmag,0.0
pl_ndispec pl_controv_flag sy_jmag,0.0
pl_ndispec pl_controv_flag sy_hmag,0.0
pl_ndispec pl_controv_flag sy_vmag,0.0
pl_ndispec pl_controv_flag sy_pm,0.0
pl_ndispec pl_controv_flag sy_pmdec,0.0
pl_ndispec pl_controv_flag sy_pmra,0.0
pl_ndispec pl_controv_flag pl_orbper,0.0
pl_ndispec pl_controv_flag sy_gaiamag,0.0
pl_ndispec pl_controv_flag st_rad,0.0
pl_ndispec pl_controv_flag sy_bmag,0.0
pl_ndispec pl_controv_flag sy_dist,0.0
pl_ndispec pl_controv_flag st_teff,0.0
pl_ndispec pl_controv_flag sy_w2mag,0.0
pl_ndispec pl_controv_flag sy_w1mag,0.0
pl_ndispec pl_controv_flag sy_w3mag,0.0
pl_ndispec pl_controv_flag sy_w4mag,0.0
pl_ndispec pl_controv_flag sy_plx,0.0
pl_ndispec pl_controv_flag st_logg,0.0
pl_ndispec pl_controv_flag st_mass,0.0
pl_ndispec pl_controv_flag soltype_Kepler Project Candidate (q1_q17_dr25_koi),0.0
pl_ndispec pl_controv_flag soltype_Published Confirmed,0.0
pl_ndispec pl_controv_flag pl_tsystemref_BJD,0.0
pl_ndispec pl_controv_flag pl_tsystemref_BJD-TDB,0.0
pl_ndispec pl_controv_flag pl_tsystemref_BJD-UTC,0.0
pl_ndispec pl_controv_flag pl_tsystemref_HJD,0.0
pl_ndispec pl_controv_flag pl_tsystemref_JD,0.0
pl_ndispec disc_year^2,0.0
pl_ndispec disc_year sy_tmag,0.0
pl_ndispec disc_year sy_kmag,0.0
pl_ndispec disc_year sy_jmag,0.0
pl_ndispec disc_year sy_hmag,0.0
pl_ndispec disc_year sy_vmag,0.0
pl_ndispec disc_year sy_pm,0.0
pl_ndispec disc_year sy_pmdec,0.0
pl_ndispec disc_year sy_pmra,0.0
pl_ndispec disc_year pl_orbper,0.0
pl_ndispec disc_year sy_gaiamag,0.0
pl_ndispec disc_year st_rad,0.0
pl_ndispec disc_year sy_bmag,0.0
pl_ndispec disc_year sy_dist,0.0
pl_ndispec disc_year st_teff,0.0
pl_ndispec disc_year sy_w2mag,0.0
pl_ndispec disc_year sy_w1mag,0.0
pl_ndispec disc_year sy_w3mag,0.0
pl_ndispec disc_year sy_w4mag,0.0
pl_ndispec disc_year sy_plx,0.0
pl_ndispec disc_year st_logg,0.0
pl_ndispec disc_year st_mass,0.0
pl_ndispec disc_year soltype_Kepler Project Candidate (q1_q17_dr25_koi),0.0
pl_ndispec disc_year soltype_Published Confirmed,0.0
pl_ndispec disc_year pl_tsystemref_BJD,0.0
pl_ndispec disc_year pl_tsystemref_BJD-TDB,0.0
pl_ndispec disc_year pl_tsystemref_BJD-UTC,0.0
pl_ndispec disc_year pl_tsystemref_HJD,0.0
pl_ndispec disc_year pl_tsystemref_JD,0.0
pl_ndispec sy_tmag^2,0.0
pl_ndispec sy_tmag sy_kmag,0.0
pl_ndispec sy_tmag sy_jmag,0.0
pl_ndispec sy_tmag sy_hmag,0.0
pl_ndispec sy_tmag sy_vmag,0.0
pl_ndispec sy_tmag sy_pm,0.0
pl_ndispec sy_tmag sy_pmdec,0.0
pl_ndispec sy_tmag sy_pmra,0.0
pl_ndispec sy_tmag pl_orbper,0.0
pl_ndispec sy_tmag sy_gaiamag,0.0
pl_ndispec sy_tmag st_rad,0.0
pl_ndispec sy_tmag sy_bmag,0.0
pl_ndispec sy_tmag sy_dist,0.0
pl_ndispec sy_tmag st_teff,0.0
pl_ndispec sy_tmag sy_w2mag,0.0
pl_ndispec sy_tmag sy_w1mag,0.0
pl_ndispec sy_tmag sy_w3mag,0.0
pl_ndispec sy_tmag sy_w4mag,0.0
pl_ndispec sy_tmag sy_plx,0.0
pl_ndispec sy_tmag st_logg,0.0
pl_ndispec sy_tmag st_mass,0.0
pl_ndispec sy_tmag soltype_Kepler Project Candidate (q1_q17_dr25_koi),0.0
pl_ndispec sy_tmag soltype_Published Confirmed,0.0
pl_ndispec sy_tmag pl_tsystemref_BJD,0.0
pl_ndispec sy_tmag pl_tsystemref_BJD-TDB,0.0
pl_ndispec sy_tmag pl_tsystemref_BJD-UTC,0.0
pl_ndispec sy_tmag pl_tsystemref_HJD,0.0
pl_ndispec sy_tmag pl_tsystemref_JD,0.0
pl_ndispec sy_kmag^2,0.0
pl_ndispec sy_kmag sy_jmag,0.0
pl_ndispec sy_kmag sy_hmag,0.0
pl_ndispec sy_kmag sy_vmag,0.0
pl_ndispec sy_kmag sy_pm,0.0
pl_ndispec sy_kmag sy_pmdec,0.0
pl_ndispec sy_kmag sy_pmra,0.0
pl_ndispec sy_kmag pl_orbper,0.0
pl_ndispec sy_kmag sy_gaiamag,0.0
pl_ndispec sy_kmag st_rad,0.0
pl_ndispec sy_kmag sy_bmag,0.0
pl_ndispec sy_kmag sy_dist,0.0
pl_ndispec sy_kmag st_teff,0.0
pl_ndispec sy_kmag sy_w2mag,0.0
pl_ndispec sy_kmag sy_w1mag,0.0
pl_ndispec sy_kmag sy_w3mag,0.0
pl_ndispec sy_kmag sy_w4mag,0.0
pl_ndispec sy_kmag sy_plx,0.0
pl_ndispec sy_kmag st_logg,0.0
pl_ndispec sy_kmag st_mass,0.0
pl_ndispec sy_kmag soltype_Kepler Project Candidate (q1_q17_dr25_koi),0.0
pl_ndispec sy_kmag soltype_Published Confirmed,0.0
pl_ndispec sy_kmag pl_tsystemref_BJD,0.0
pl_ndispec sy_kmag pl_tsystemref_BJD-TDB,0.0
pl_ndispec sy_kmag pl_tsystemref_BJD-UTC,0.0
pl_ndispec sy_kmag pl_tsystemref_HJD,0.0
pl_ndispec sy_kmag pl_tsystemref_JD,0.0
pl_ndispec sy_jmag^2,0.0
pl_ndispec sy_jmag sy_hmag,0.0
pl_ndispec sy_jmag sy_vmag,0.0
pl_ndispec sy_jmag sy_pm,0.0
pl_ndispec sy_jmag sy_pmdec,0.0
pl_ndispec sy_jmag sy_pmra,0.0
pl_ndispec sy_jmag pl_orbper,0.0
pl_ndispec sy_jmag sy_gaiamag,0.0
pl_ndispec sy_jmag st_rad,0.0
pl_ndispec sy_jmag sy_bmag,0.0
pl_ndispec sy_jmag sy_dist,0.0
pl_ndispec sy_jmag st_teff,0.0
pl_ndispec sy_jmag sy_w2mag,0.0
pl_ndispec sy_jmag sy_w1mag,0.0
pl_ndispec sy_jmag sy_w3mag,0.0
pl_ndispec sy_jmag sy_w4mag,0.0
pl_ndispec sy_jmag sy_plx,0.0
pl_ndispec sy_jmag st_logg,0.0
pl_ndispec sy_jmag st_mass,0.0
pl_ndispec sy_jmag soltype_Kepler Project Candidate (q1_q17_dr25_koi),0.0
pl_ndispec sy_jmag soltype_Published Confirmed,0.0
pl_ndispec sy_jmag pl_tsystemref_BJD,0.0
pl_ndispec sy_jmag pl_tsystemref_BJD-TDB,0.0
pl_ndispec sy_jmag pl_tsystemref_BJD-UTC,0.0
pl_ndispec sy_jmag pl_tsystemref_HJD,0.0
pl_ndispec sy_jmag pl_tsystemref_JD,0.0
pl_ndispec sy_hmag^2,0.0
pl_ndispec sy_hmag sy_vmag,0.0
pl_ndispec sy_hmag sy_pm,0.0
pl_ndispec sy_hmag sy_pmdec,0.0
pl_ndispec sy_hmag sy_pmra,0.0
pl_ndispec sy_hmag pl_orbper,0.0
pl_ndispec sy_hmag sy_gaiamag,0.0
pl_ndispec sy_hmag st_rad,0.0
pl_ndispec sy_hmag sy_bmag,0.0
pl_ndispec sy_hmag sy_dist,0.0
pl_ndispec sy_hmag st_teff,0.0
pl_ndispec sy_hmag sy_w2mag,0.0
pl_ndispec sy_hmag sy_w1mag,0.0
pl_ndispec sy_hmag sy_w3mag,0.0
pl_ndispec sy_hmag sy_w4mag,0.0
pl_ndispec sy_hmag sy_plx,0.0
pl_ndispec sy_hmag st_logg,0.0
pl_ndispec sy_hmag st_mass,0.0
pl_ndispec sy_hmag soltype_Kepler Project Candidate (q1_q17_dr25_koi),0.0
pl_ndispec sy_hmag soltype_Published Confirmed,0.0
pl_ndispec sy_hmag pl_tsystemref_BJD,0.0
pl_ndispec sy_hmag pl_tsystemref_BJD-TDB,0.0
pl_ndispec sy_hmag pl_tsystemref_BJD-UTC,0.0
pl_ndispec sy_hmag pl_tsystemref_HJD,0.0
pl_ndispec sy_hmag pl_tsystemref_JD,0.0
pl_ndispec sy_vmag^2,0.0
pl_ndispec sy_vmag sy_pm,0.0
pl_ndispec sy_vmag sy_pmdec,0.0
pl_ndispec sy_vmag sy_pmra,0.0
pl_ndispec sy_vmag pl_orbper,0.0
pl_ndispec sy_vmag sy_gaiamag,0.0
pl_ndispec sy_vmag st_rad,0.0
pl_ndispec sy_vmag sy_bmag,0.0
pl_ndispec sy_vmag sy_dist,0.0
pl_ndispec sy_vmag st_teff,0.0
pl_ndispec sy_vmag sy_w2mag,0.0
pl_ndispec sy_vmag sy_w1mag,0.0
pl_ndispec sy_vmag sy_w3mag,0.0
pl_ndispec sy_vmag sy_w4mag,0.0
pl_ndispec sy_vmag sy_plx,0.0
pl_ndispec sy_vmag st_logg,0.0
pl_ndispec sy_vmag st_mass,0.0
pl_ndispec sy_vmag soltype_Kepler Project Candidate (q1_q17_dr25_koi),0.0
pl_ndispec sy_vmag soltype_Published Confirmed,0.0
pl_ndispec sy_vmag pl_tsystemref_BJD,0.0
pl_ndispec sy_vmag pl_tsystemref_BJD-TDB,0.0
pl_ndispec sy_vmag pl_tsystemref_BJD-UTC,0.0
pl_ndispec sy_vmag pl_tsystemref_HJD,0.0
pl_ndispec sy_vmag pl_tsystemref_JD,0.0
pl_ndispec sy_pm^2,0.0
pl_ndispec sy_pm sy_pmdec,0.0
pl_ndispec sy_pm sy_pmra,0.0
pl_ndispec sy_pm pl_orbper,0.0
pl_ndispec sy_pm sy_gaiamag,0.0
pl_ndispec sy_pm st_rad,0.0
pl_ndispec sy_pm sy_bmag,0.0
pl_ndispec sy_pm sy_dist,0.0
pl_ndispec sy_pm st_teff,0.0
pl_ndispec sy_pm sy_w2mag,0.0
pl_ndispec sy_pm sy_w1mag,0.0
pl_ndispec sy_pm sy_w3mag,0.0
pl_ndispec sy_pm sy_w4mag,0.0
pl_ndispec sy_pm sy_plx,0.0
pl_ndispec sy_pm st_logg,0.0
pl_ndispec sy_pm st_mass,0.0
pl_ndispec sy_pm soltype_Kepler Project Candidate (q1_q17_dr25_koi),0.0
pl_ndispec sy_pm soltype_Published Confirmed,0.0
pl_ndispec sy_pm pl_tsystemref_BJD,0.0
pl_ndispec sy_pm pl_tsystemref_BJD-TDB,0.0
pl_ndispec sy_pm pl_tsystemref_BJD-UTC,0.0
pl_ndispec sy_pm pl_tsystemref_HJD,0.0
pl_ndispec sy_pm pl_tsystemref_JD,0.0
pl_ndispec sy_pmdec^2,0.0
pl_ndispec sy_pmdec sy_pmra,0.0
pl_ndispec sy_pmdec pl_orbper,0.0
pl_ndispec sy_pmdec sy_gaiamag,0.0
pl_ndispec sy_pmdec st_rad,0.0
pl_ndispec sy_pmdec sy_bmag,0.0
pl_ndispec sy_pmdec sy_dist,0.0
pl_ndispec sy_pmdec st_teff,0.0
pl_ndispec sy_pmdec sy_w2mag,0.0
pl_ndispec sy_pmdec sy_w1mag,0.0
pl_ndispec sy_pmdec sy_w3mag,0.0
pl_ndispec sy_pmdec sy_w4mag,0.0
pl_ndispec sy_pmdec sy_plx,0.0
pl_ndispec sy_pmdec st_logg,0.0
pl_ndispec sy_pmdec st_mass,0.0
pl_ndispec sy_pmdec soltype_Kepler Project Candidate (q1_q17_dr25_koi),0.0
pl_ndispec sy_pmdec soltype_Published Confirmed,0.0
pl_ndispec sy_pmdec pl_tsystemref_BJD,0.0
pl_ndispec sy_pmdec pl_tsystemref_BJD-TDB,0.0
pl_ndispec sy_pmdec pl_tsystemref_BJD-UTC,0.0
pl_ndispec sy_pmdec pl_tsystemref_HJD,0.0
pl_ndispec sy_pmdec pl_tsystemref_JD,0.0
pl_ndispec sy_pmra^2,0.0
pl_ndispec sy_pmra pl_orbper,0.0
pl_ndispec sy_pmra sy_gaiamag,0.0
pl_ndispec sy_pmra st_rad,0.0
pl_ndispec sy_pmra sy_bmag,0.0
pl_ndispec sy_pmra sy_dist,0.0
pl_ndispec sy_pmra st_teff,0.0
pl_ndispec sy_pmra sy_w2mag,0.0
pl_ndispec sy_pmra sy_w1mag,0.0
pl_ndispec sy_pmra sy_w3mag,0.0
pl_ndispec sy_pmra sy_w4mag,0.0
pl_ndispec sy_pmra sy_plx,0.0
pl_ndispec sy_pmra st_logg,0.0
pl_ndispec sy_pmra st_mass,0.0
pl_ndispec sy_pmra soltype_Kepler Project Candidate (q1_q17_dr25_koi),0.0
pl_ndispec sy_pmra soltype_Published Confirmed,0.0
pl_ndispec sy_pmra pl_tsystemref_BJD,0.0
pl_ndispec sy_pmra pl_tsystemref_BJD-TDB,0.0
pl_ndispec sy_pmra pl_tsystemref_BJD-UTC,0.0
pl_ndispec sy_pmra pl_tsystemref_HJD,0.0
pl_ndispec sy_pmra pl_tsystemref_JD,0.0
pl_ndispec pl_orbper^2,0.0
pl_ndispec pl_orbper sy_gaiamag,0.0
pl_ndispec pl_orbper st_rad,0.0
pl_ndispec pl_orbper sy_bmag,0.0
pl_ndispec pl_orbper sy_dist,0.0
pl_ndispec pl_orbper st_teff,0.0
pl_ndispec pl_orbper sy_w2mag,0.0
pl_ndispec pl_orbper sy_w1mag,0.0
pl_ndispec pl_orbper sy_w3mag,0.0
pl_ndispec pl_orbper sy_w4mag,0.0
pl_ndispec pl_orbper sy_plx,0.0
pl_ndispec pl_orbper st_logg,0.0
pl_ndispec pl_orbper st_mass,0.0
pl_ndispec pl_orbper soltype_Kepler Project Candidate (q1_q17_dr25_koi),0.0
pl_ndispec pl_orbper soltype_Published Confirmed,0.0
pl_ndispec pl_orbper pl_tsystemref_BJD,0.0
pl_ndispec pl_orbper pl_tsystemref_BJD-TDB,0.0
pl_ndispec pl_orbper pl_tsystemref_BJD-UTC,0.0
pl_ndispec pl_orbper pl_tsystemref_HJD,0.0
pl_ndispec pl_orbper pl_tsystemref_JD,0.0
pl_ndispec sy_gaiamag^2,0.0
pl_ndispec sy_gaiamag st_rad,0.0
pl_ndispec sy_gaiamag sy_bmag,0.0
pl_ndispec sy_gaiamag sy_dist,0.0
pl_ndispec sy_gaiamag st_teff,0.0
pl_ndispec sy_gaiamag sy_w2mag,0.0
pl_ndispec sy_gaiamag sy_w1mag,0.0
pl_ndispec sy_gaiamag sy_w3mag,0.0
pl_ndispec sy_gaiamag sy_w4mag,0.0
pl_ndispec sy_gaiamag sy_plx,0.0
pl_ndispec sy_gaiamag st_logg,0.0
pl_ndispec sy_gaiamag st_mass,0.0
pl_ndispec sy_gaiamag soltype_Kepler Project Candidate (q1_q17_dr25_koi),0.0
pl_ndispec sy_gaiamag soltype_Published Confirmed,0.0
pl_ndispec sy_gaiamag pl_tsystemref_BJD,0.0
pl_ndispec sy_gaiamag pl_tsystemref_BJD-TDB,0.0
pl_ndispec sy_gaiamag pl_tsystemref_BJD-UTC,0.0
pl_ndispec sy_gaiamag pl_tsystemref_HJD,0.0
pl_ndispec sy_gaiamag pl_tsystemref_JD,0.0
pl_ndispec st_rad^2,0.0
pl_ndispec st_rad sy_bmag,0.0
pl_ndispec st_rad sy_dist,0.0
pl_ndispec st_rad st_teff,0.0
pl_ndispec st_rad sy_w2mag,0.0
pl_ndispec st_rad sy_w1mag,0.0
pl_ndispec st_rad sy_w3mag,0.0
pl_ndispec st_rad sy_w4mag,0.0
pl_ndispec st_rad sy_plx,0.0
pl_ndispec st_rad st_logg,0.0
pl_ndispec st_rad st_mass,0.0
pl_ndispec st_rad soltype_Kepler Project Candidate (q1_q17_dr25_koi),0.0
pl_ndispec st_rad soltype_Published Confirmed,0.0
pl_ndispec st_rad pl_tsystemref_BJD,0.0
pl_ndispec st_rad pl_tsystemref_BJD-TDB,0.0
pl_ndispec st_rad pl_tsystemref_BJD-UTC,0.0
pl_ndispec st_rad pl_tsystemref_HJD,0.0
pl_ndispec st_rad pl_tsystemref_JD,0.0
pl_ndispec sy_bmag^2,0.0
pl_ndispec sy_bmag sy_dist,0.0
pl_ndispec sy_bmag st_teff,0.0
pl_ndispec sy_bmag sy_w2mag,0.0
pl_ndispec sy_bmag sy_w1mag,0.0
pl_ndispec sy_bmag sy_w3mag,0.0
pl_ndispec sy_bmag sy_w4mag,0.0
pl_ndispec sy_bmag sy_plx,0.0
pl_ndispec sy_bmag st_logg,0.0
pl_ndispec sy_bmag st_mass,0.0
pl_ndispec sy_bmag soltype_Kepler Project Candidate (q1_q17_dr25_koi),0.0
pl_ndispec sy_bmag soltype_Published Confirmed,0.0
pl_ndispec sy_bmag pl_tsystemref_BJD,0.0
pl_ndispec sy_bmag pl_tsystemref_BJD-TDB,0.0
pl_ndispec sy_bmag pl_tsystemref_BJD-UTC,0.0
pl_ndispec sy_bmag pl_tsystemref_HJD,0.0
pl_ndispec sy_bmag pl_tsystemref_JD,0.0
pl_ndispec sy_dist^2,0.0
pl_ndispec sy_dist st_teff,0.0
pl_ndispec sy_dist sy_w2mag,0.0
pl_ndispec sy_dist sy_w1mag,0.0
pl_ndispec sy_dist sy_w3mag,0.0
pl_ndispec sy_dist sy_w4mag,0.0
pl_ndispec sy_dist sy_plx,0.0
pl_ndispec sy_dist st_logg,0.0
pl_ndispec sy_dist st_mass,0.0
pl_ndispec sy_dist soltype_Kepler Project Candidate (q1_q17_dr25_koi),0.0
pl_ndispec sy_dist soltype_Published Confirmed,0.0
pl_ndispec sy_dist pl_tsystemref_BJD,0.0
pl_ndispec sy_dist pl_tsystemref_BJD-TDB,0.0
pl_ndispec sy_dist pl_tsystemref_BJD-UTC,0.0
pl_ndispec sy_dist pl_tsystemref_HJD,0.0
pl_ndispec sy_dist pl_tsystemref_JD,0.0
pl_ndispec st_teff^2,0.0
pl_ndispec st_teff sy_w2mag,0.0
pl_ndispec st_teff sy_w1mag,0.0
pl_ndispec st_teff sy_w3mag,0.0
pl_ndispec st_teff sy_w4mag,0.0
pl_ndispec st_teff sy_plx,0.0
pl_ndispec st_teff st_logg,0.0
pl_ndispec st_teff st_mass,0.0
pl_ndispec st_teff soltype_Kepler Project Candidate (q1_q17_dr25_koi),0.0
pl_ndispec st_teff soltype_Published Confirmed,0.0
pl_ndispec st_teff pl_tsystemref_BJD,0.0
pl_ndispec st_teff pl_tsystemref_BJD-TDB,0.0
pl_ndispec st_teff pl_tsystemref_BJD-UTC,0.0
pl_ndispec st_teff pl_tsystemref_HJD,0.0
pl_ndispec st_teff pl_tsystemref_JD,0.0
pl_ndispec sy_w2mag^2,0.0
pl_ndispec sy_w2mag sy_w1mag,0.0
pl_ndispec sy_w2mag sy_w3mag,0.0
pl_ndispec sy_w2mag sy_w4mag,0.0
pl_ndispec sy_w2mag sy_plx,0.0
pl_ndispec sy_w2mag st_logg,0.0
pl_ndispec sy_w2mag st_mass,0.0
pl_ndispec sy_w2mag soltype_Kepler Project Candidate (q1_q17_dr25_koi),0.0
pl_ndispec sy_w2mag soltype_Published Confirmed,0.0
pl_ndispec sy_w2mag pl_tsystemref_BJD,0.0
pl_ndispec sy_w2mag pl_tsystemref_BJD-TDB,0.0
pl_ndispec sy_w2mag pl_tsystemref_BJD-UTC,0.0
pl_ndispec sy_w2mag pl_tsystemref_HJD,0.0
pl_ndispec sy_w2mag pl_tsystemref_JD,0.0
pl_ndispec sy_w1mag^2,0.0
pl_ndispec sy_w1mag sy_w3mag,0.0
pl_ndispec sy_w1mag sy_w4mag,0.0
pl_ndispec sy_w1mag sy_plx,0.0
pl_ndispec sy_w1mag st_logg,0.0
pl_ndispec sy_w1mag st_mass,0.0
pl_ndispec sy_w1mag soltype_Kepler Project Candidate (q1_q17_dr25_koi),0.0
pl_ndispec sy_w1mag soltype_Published Confirmed,0.0
pl_ndispec sy_w1mag pl_tsystemref_BJD,0.0
pl_ndispec sy_w1mag pl_tsystemref_BJD-TDB,0.0
pl_ndispec sy_w1mag pl_tsystemref_BJD-UTC,0.0
pl_ndispec sy_w1mag pl_tsystemref_HJD,0.0
pl_ndispec sy_w1mag pl_tsystemref_JD,0.0
pl_ndispec sy_w3mag^2,0.0
pl_ndispec sy_w3mag sy_w4mag,0.0
pl_ndispec sy_w3mag sy_plx,0.0
pl_ndispec sy_w3mag st_logg,0.0
pl_ndispec sy_w3mag st_mass,0.0
pl_ndispec sy_w3mag soltype_Kepler Project Candidate (q1_q17_dr25_koi),0.0
pl_ndispec sy_w3mag soltype_Published Confirmed,0.0
pl_ndispec sy_w3mag pl_tsystemref_BJD,0.0
pl_ndispec sy_w3mag pl_tsystemref_BJD-TDB,0.0
pl_ndispec sy_w3mag pl_tsystemref_BJD-UTC,0.0
pl_ndispec sy_w3mag pl_tsystemref_HJD,0.0
pl_ndispec sy_w3mag pl_tsystemref_JD,0.0
pl_ndispec sy_w4mag^2,0.0
pl_ndispec sy_w4mag sy_plx,0.0
pl_ndispec sy_w4mag st_logg,0.0
pl_ndispec sy_w4mag st_mass,0.0
pl_ndispec sy_w4mag soltype_Kepler Project Candidate (q1_q17_dr25_koi),0.0
pl_ndispec sy_w4mag soltype_Published Confirmed,0.0
pl_ndispec sy_w4mag pl_tsystemref_BJD,0.0
pl_ndispec sy_w4mag pl_tsystemref_BJD-TDB,0.0
pl_ndispec sy_w4mag pl_tsystemref_BJD-UTC,0.0
pl_ndispec sy_w4mag pl_tsystemref_HJD,0.0
pl_ndispec sy_w4mag pl_tsystemref_JD,0.0
pl_ndispec sy_plx^2,0.0
pl_ndispec sy_plx st_logg,0.0
pl_ndispec sy_plx st_mass,0.0
pl_ndispec sy_plx soltype_Kepler Project Candidate (q1_q17_dr25_koi),0.0
pl_ndispec sy_plx soltype_Published Confirmed,0.0
pl_ndispec sy_plx pl_tsystemref_BJD,0.0
pl_ndispec sy_plx pl_tsystemref_BJD-TDB,0.0
pl_ndispec sy_plx pl_tsystemref_BJD-UTC,0.0
pl_ndispec sy_plx pl_tsystemref_HJD,0.0
pl_ndispec sy_plx pl_tsystemref_JD,0.0
pl_ndispec st_logg^2,0.0
pl_ndispec st_logg st_mass,0.0
pl_ndispec st_logg soltype_Kepler Project Candidate (q1_q17_dr25_koi),0.0
pl_ndispec st_logg soltype_Published Confirmed,0.0
pl_ndispec st_logg pl_tsystemref_BJD,0.0
pl_ndispec st_logg pl_tsystemref_BJD-TDB,0.0
pl_ndispec st_logg pl_tsystemref_BJD-UTC,0.0
pl_ndispec st_logg pl_tsystemref_HJD,0.0
pl_ndispec st_logg pl_tsystemref_JD,0.0
pl_ndispec st_mass^2,0.0
pl_ndispec st_mass soltype_Kepler Project Candidate (q1_q17_dr25_koi),0.0
pl_ndispec st_mass soltype_Published Confirmed,0.0
pl_ndispec st_mass pl_tsystemref_BJD,0.0
pl_ndispec st_mass pl_tsystemref_BJD-TDB,0.0
pl_ndispec st_mass pl_tsystemref_BJD-UTC,0.0
pl_ndispec st_mass pl_tsystemref_HJD,0.0
pl_ndispec st_mass pl_tsystemref_JD,0.0
pl_ndispec soltype_Kepler Project Candidate (q1_q17_dr25_koi)^2,0.0
pl_ndispec soltype_Kepler Project Candidate (q1_q17_dr25_koi) soltype_Published Confirmed,0.0
pl_ndispec soltype_Kepler Project Candidate (q1_q17_dr25_koi) pl_tsystemref_BJD,0.0
pl_ndispec soltype_Kepler Project Candidate (q1_q17_dr25_koi) pl_tsystemref_BJD-TDB,0.0
pl_ndispec soltype_Kepler Project Candidate (q1_q17_dr25_koi) pl_tsystemref_BJD-UTC,0.0
pl_ndispec soltype_Kepler Project Candidate (q1_q17_dr25_koi) pl_tsystemref_HJD,0.0
pl_ndispec soltype_Kepler Project Candidate (q1_q17_dr25_koi) pl_tsystemref_JD,0.0
pl_ndispec soltype_Published Confirmed^2,0.0
pl_ndispec soltype_Published Confirmed pl_tsystemref_BJD,0.0
pl_ndispec soltype_Published Confirmed pl_tsystemref_BJD-TDB,0.0
pl_ndispec soltype_Published Confirmed pl_tsystemref_BJD-UTC,0.0
pl_ndispec soltype_Published Confirmed pl_tsystemref_HJD,0.0
pl_ndispec soltype_Published Confirmed pl_tsystemref_JD,0.0
pl_ndispec pl_tsystemref_BJD^2,0.0
pl_ndispec pl_tsystemref_BJD pl_tsystemref_BJD-TDB,0.0
pl_ndispec pl_tsystemref_BJD pl_tsystemref_BJD-UTC,0.0
pl_ndispec pl_tsystemref_BJD pl_tsystemref_HJD,0.0
pl_ndispec pl_tsystemref_BJD pl_tsystemref_JD,0.0
pl_ndispec pl_tsystemref_BJD-TDB^2,0.0
pl_ndispec pl_tsystemref_BJD-TDB pl_tsystemref_BJD-UTC,0.0
pl_ndispec pl_tsystemref_BJD-TDB pl_tsystemref_HJD,0.0
pl_ndispec pl_tsystemref_BJD-TDB pl_tsystemref_JD,0.0
pl_ndispec pl_tsystemref_BJD-UTC^2,0.0
pl_ndispec pl_tsystemref_BJD-UTC pl_tsystemref_HJD,0.0
pl_ndispec pl_tsystemref_BJD-UTC pl_tsystemref_JD,0.0
pl_ndispec pl_tsystemref_HJD^2,0.0
pl_ndispec pl_tsystemref_HJD pl_tsystemref_JD,0.0
pl_ndispec pl_tsystemref_JD^2,0.0
release_year^3,-0.0
release_year^2 st_nphot,0.0
release_year^2 st_nrvc,0.0
release_year^2 pl_controv_flag,-0.0
release_year^2 disc_year,-0.0
release_year^2 sy_tmag,0.0
release_year^2 sy_kmag,0.0
release_year^2 sy_jmag,0.0
release_year^2 sy_hmag,0.0
release_year^2 sy_vmag,0.0
release_year^2 sy_pm,-0.0
release_year^2 sy_pmdec,-0.0
release_year^2 sy_pmra,-0.0
release_year^2 pl_orbper,0.0
release_year^2 sy_gaiamag,0.0
release_year^2 st_rad,0.0
release_year^2 sy_bmag,0.0
release_year^2 sy_dist,0.0
release_year^2 st_teff,0.0
release_year^2 sy_w2mag,0.0
release_year^2 sy_w1mag,0.0
release_year^2 sy_w3mag,0.0
release_year^2 sy_w4mag,-0.0
release_year^2 sy_plx,-0.0
release_year^2 st_logg,-0.0
release_year^2 st_mass,0.0
release_year^2 soltype_Kepler Project Candidate (q1_q17_dr25_koi),-0.0
release_year^2 soltype_Published Confirmed,0.0
release_year^2 pl_tsystemref_BJD,0.0
release_year^2 pl_tsystemref_BJD-TDB,0.0
release_year^2 pl_tsystemref_BJD-UTC,-0.0
release_year^2 pl_tsystemref_HJD,0.0
release_year^2 pl_tsystemref_JD,-0.0
release_year st_nphot^2,0.0
release_year st_nphot st_nrvc,0.0
release_year st_nphot pl_controv_flag,0.0
release_year st_nphot disc_year,0.0
release_year st_nphot sy_tmag,0.0
release_year st_nphot sy_kmag,0.0
release_year st_nphot sy_jmag,0.0
release_year st_nphot sy_hmag,0.0
release_year st_nphot sy_vmag,0.0
release_year st_nphot sy_pm,0.0
release_year st_nphot sy_pmdec,-0.0
release_year st_nphot sy_pmra,-0.0
release_year st_nphot pl_orbper,0.0
release_year st_nphot sy_gaiamag,0.0
release_year st_nphot st_rad,0.0
release_year st_nphot sy_bmag,0.0
release_year st_nphot sy_dist,0.0
release_year st_nphot st_teff,0.0
release_year st_nphot sy_w2mag,0.0
release_year st_nphot sy_w1mag,0.0
release_year st_nphot sy_w3mag,0.0
release_year st_nphot sy_w4mag,0.0
release_year st_nphot sy_plx,0.0
release_year st_nphot st_logg,0.0
release_year st_nphot st_mass,0.0
release_year st_nphot soltype_Kepler Project Candidate (q1_q17_dr25_koi),0.0
release_year st_nphot soltype_Published Confirmed,0.0
release_year st_nphot pl_tsystemref_BJD,0.0
release_year st_nphot pl_tsystemref_BJD-TDB,0.0
release_year st_nphot pl_tsystemref_BJD-UTC,0.0
release_year st_nphot pl_tsystemref_HJD,-0.0
release_year st_nphot pl_tsystemref_JD,0.0
release_year st_nrvc^2,0.0
release_year st_nrvc pl_controv_flag,0.0
release_year st_nrvc disc_year,0.0
release_year st_nrvc sy_tmag,0.0
release_year st_nrvc sy_kmag,0.0
release_year st_nrvc sy_jmag,0.0
release_year st_nrvc sy_hmag,0.0
release_year st_nrvc sy_vmag,0.0
release_year st_nrvc sy_pm,-0.0
release_year st_nrvc sy_pmdec,-0.0
release_year st_nrvc sy_pmra,0.0
release_year st_nrvc pl_orbper,-0.0
release_year st_nrvc sy_gaiamag,0.0
release_year st_nrvc st_rad,0.0
release_year st_nrvc sy_bmag,0.0
release_year st_nrvc sy_dist,0.0
release_year st_nrvc st_teff,0.0
release_year st_nrvc sy_w2mag,0.0
release_year st_nrvc sy_w1mag,0.0
release_year st_nrvc sy_w3mag,0.0
release_year st_nrvc sy_w4mag,0.0
release_year st_nrvc sy_plx,0.0
release_year st_nrvc st_logg,0.0
release_year st_nrvc st_mass,0.0
release_year st_nrvc soltype_Kepler Project Candidate (q1_q17_dr25_koi),0.0
release_year st_nrvc soltype_Published Confirmed,0.0
release_year st_nrvc pl_tsystemref_BJD,0.0
release_year st_nrvc pl_tsystemref_BJD-TDB,0.0
release_year st_nrvc pl_tsystemref_BJD-UTC,0.0
release_year st_nrvc pl_tsystemref_HJD,0.0
release_year st_nrvc pl_tsystemref_JD,0.0
release_year pl_controv_flag^2,-0.0
release_year pl_controv_flag disc_year,-0.0
release_year pl_controv_flag sy_tmag,-0.0
release_year pl_controv_flag sy_kmag,-0.0
release_year pl_controv_flag sy_jmag,-0.0
release_year pl_controv_flag sy_hmag,-0.0
release_year pl_controv_flag sy_vmag,-0.0
release_year pl_controv_flag sy_pm,-0.0
release_year pl_controv_flag sy_pmdec,-0.0
release_year pl_controv_flag sy_pmra,-0.0
release_year pl_controv_flag pl_orbper,-0.0
release_year pl_controv_flag sy_gaiamag,-0.0
release_year pl_controv_flag st_rad,-0.0
release_year pl_controv_flag sy_bmag,-0.0
release_year pl_controv_flag sy_dist,0.0
release_year pl_controv_flag st_teff,-0.0
release_year pl_controv_flag sy_w2mag,-0.0
release_year pl_controv_flag sy_w1mag,-0.0
release_year pl_controv_flag sy_w3mag,-0.0
release_year pl_controv_flag sy_w4mag,-0.0
release_year pl_controv_flag sy_plx,-0.0
release_year pl_controv_flag st_logg,-0.0
release_year pl_controv_flag st_mass,-0.0
release_year pl_controv_flag soltype_Kepler Project Candidate (q1_q17_dr25_koi),0.0
release_year pl_controv_flag soltype_Published Confirmed,-0.0
release_year pl_controv_flag pl_tsystemref_BJD,-0.0
release_year pl_controv_flag pl_tsystemref_BJD-TDB,0.0
release_year pl_controv_flag pl_tsystemref_BJD-UTC,-0.0
release_year pl_controv_flag pl_tsystemref_HJD,0.0
release_year pl_controv_flag pl_tsystemref_JD,0.0
release_year disc_year^2,-0.0
release_year disc_year sy_tmag,0.0
release_year disc_year sy_kmag,0.0
release_year disc_year sy_jmag,0.0
release_year disc_year sy_hmag,0.0
release_year disc_year sy_vmag,0.0
release_year disc_year sy_pm,-0.0
release_year disc_year sy_pmdec,-0.0
release_year disc_year sy_pmra,-0.0
release_year disc_year pl_orbper,0.0
release_year disc_year sy_gaiamag,0.0
release_year disc_year st_rad,0.0
release_year disc_year sy_bmag,0.0
release_year disc_year sy_dist,0.0
release_year disc_year st_teff,0.0
release_year disc_year sy_w2mag,0.0
release_year disc_year sy_w1mag,0.0
release_year disc_year sy_w3mag,0.0
release_year disc_year sy_w4mag,-0.0
release_year disc_year sy_plx,-0.0
release_year disc_year st_logg,-0.0
release_year disc_year st_mass,0.0
release_year disc_year soltype_Kepler Project Candidate (q1_q17_dr25_koi),-0.0
release_year disc_year soltype_Published Confirmed,0.0
release_year disc_year pl_tsystemref_BJD,0.0
release_year disc_year pl_tsystemref_BJD-TDB,0.0
release_year disc_year pl_tsystemref_BJD-UTC,-0.0
release_year disc_year pl_tsystemref_HJD,0.0
release_year disc_year pl_tsystemref_JD,-0.0
release_year sy_tmag^2,0.0
release_year sy_tmag sy_kmag,0.0
release_year sy_tmag sy_jmag,0.0
release_year sy_tmag sy_hmag,0.0
release_year sy_tmag sy_vmag,0.0
release_year sy_tmag sy_pm,-0.0
release_year sy_tmag sy_pmdec,-0.0
release_year sy_tmag sy_pmra,-0.0
release_year sy_tmag pl_orbper,0.0
release_year sy_tmag sy_gaiamag,0.0
release_year sy_tmag st_rad,0.0
release_year sy_tmag sy_bmag,0.0
release_year sy_tmag sy_dist,0.0
release_year sy_tmag st_teff,0.0
release_year sy_tmag sy_w2mag,0.0
release_year sy_tmag sy_w1mag,0.0
release_year sy_tmag sy_w3mag,0.0
release_year sy_tmag sy_w4mag,0.0
release_year sy_tmag sy_plx,-0.0
release_year sy_tmag st_logg,0.0
release_year sy_tmag st_mass,0.0
release_year sy_tmag soltype_Kepler Project Candidate (q1_q17_dr25_koi),-0.0
release_year sy_tmag soltype_Published Confirmed,0.0
release_year sy_tmag pl_tsystemref_BJD,0.0
release_year sy_tmag pl_tsystemref_BJD-TDB,0.0
release_year sy_tmag pl_tsystemref_BJD-UTC,-0.0
release_year sy_tmag pl_tsystemref_HJD,0.0
release_year sy_tmag pl_tsystemref_JD,-0.0
release_year sy_kmag^2,0.0
release_year sy_kmag sy_jmag,0.0
release_year sy_kmag sy_hmag,0.0
release_year sy_kmag sy_vmag,0.0
release_year sy_kmag sy_pm,-0.0
release_year sy_kmag sy_pmdec,-0.0
release_year sy_kmag sy_pmra,-0.0
release_year sy_kmag pl_orbper,0.0
release_year sy_kmag sy_gaiamag,0.0
release_year sy_kmag st_rad,0.0
release_year sy_kmag sy_bmag,0.0
release_year sy_kmag sy_dist,0.0
release_year sy_kmag st_teff,0.0
release_year sy_kmag sy_w2mag,0.0
release_year sy_kmag sy_w1mag,0.0
release_year sy_kmag sy_w3mag,0.0
release_year sy_kmag sy_w4mag,0.0
release_year sy_kmag sy_plx,-0.0
release_year sy_kmag st_logg,0.0
release_year sy_kmag st_mass,0.0
release_year sy_kmag soltype_Kepler Project Candidate (q1_q17_dr25_koi),-0.0
release_year sy_kmag soltype_Published Confirmed,0.0
release_year sy_kmag pl_tsystemref_BJD,0.0
release_year sy_kmag pl_tsystemref_BJD-TDB,0.0
release_year sy_kmag pl_tsystemref_BJD-UTC,-0.0
release_year sy_kmag pl_tsystemref_HJD,0.0
release_year sy_kmag pl_tsystemref_JD,-0.0
release_year sy_jmag^2,0.0
release_year sy_jmag sy_hmag,0.0
release_year sy_jmag sy_vmag,0.0
release_year sy_jmag sy_pm,-0.0
release_year sy_jmag sy_pmdec,-0.0
release_year sy_jmag sy_pmra,-0.0
release_year sy_jmag pl_orbper,0.0
release_year sy_jmag sy_gaiamag,0.0
release_year sy_jmag st_rad,0.0
release_year sy_jmag sy_bmag,0.0
release_year sy_jmag sy_dist,0.0
release_year sy_jmag st_teff,0.0
release_year sy_jmag sy_w2mag,0.0
release_year sy_jmag sy_w1mag,0.0
release_year sy_jmag sy_w3mag,0.0
release_year sy_jmag sy_w4mag,0.0
release_year sy_jmag sy_plx,-0.0
release_year sy_jmag st_logg,0.0
release_year sy_jmag st_mass,0.0
release_year sy_jmag soltype_Kepler Project Candidate (q1_q17_dr25_koi),-0.0
release_year sy_jmag soltype_Published Confirmed,0.0
release_year sy_jmag pl_tsystemref_BJD,0.0
release_year sy_jmag pl_tsystemref_BJD-TDB,0.0
release_year sy_jmag pl_tsystemref_BJD-UTC,-0.0
release_year sy_jmag pl_tsystemref_HJD,0.0
release_year sy_jmag pl_tsystemref_JD,-0.0
release_year sy_hmag^2,0.0
release_year sy_hmag sy_vmag,0.0
release_year sy_hmag sy_pm,-0.0
release_year sy_hmag sy_pmdec,-0.0
release_year sy_hmag sy_pmra,-0.0
release_year sy_hmag pl_orbper,0.0
release_year sy_hmag sy_gaiamag,0.0
release_year sy_hmag st_rad,0.0
release_year sy_hmag sy_bmag,0.0
release_year sy_hmag sy_dist,0.0
release_year sy_hmag st_teff,0.0
release_year sy_hmag sy_w2mag,0.0
release_year sy_hmag sy_w1mag,0.0
release_year sy_hmag sy_w3mag,0.0
release_year sy_hmag sy_w4mag,0.0
release_year sy_hmag sy_plx,-0.0
release_year sy_hmag st_logg,0.0
release_year sy_hmag st_mass,0.0
release_year sy_hmag soltype_Kepler Project Candidate (q1_q17_dr25_koi),-0.0
release_year sy_hmag soltype_Published Confirmed,0.0
release_year sy_hmag pl_tsystemref_BJD,0.0
release_year sy_hmag pl_tsystemref_BJD-TDB,0.0
release_year sy_hmag pl_tsystemref_BJD-UTC,-0.0
release_year sy_hmag pl_tsystemref_HJD,0.0
release_year sy_hmag pl_tsystemref_JD,-0.0
release_year sy_vmag^2,0.0
release_year sy_vmag sy_pm,-0.0
release_year sy_vmag sy_pmdec,-0.0
release_year sy_vmag sy_pmra,-0.0
release_year sy_vmag pl_orbper,0.0
release_year sy_vmag sy_gaiamag,0.0
release_year sy_vmag st_rad,0.0
release_year sy_vmag sy_bmag,0.0
release_year sy_vmag sy_dist,0.0
release_year sy_vmag st_teff,0.0
release_year sy_vmag sy_w2mag,0.0
release_year sy_vmag sy_w1mag,0.0
release_year sy_vmag sy_w3mag,0.0
release_year sy_vmag sy_w4mag,0.0
release_year sy_vmag sy_plx,-0.0
release_year sy_vmag st_logg,0.0
release_year sy_vmag st_mass,0.0
release_year sy_vmag soltype_Kepler Project Candidate (q1_q17_dr25_koi),-0.0
release_year sy_vmag soltype_Published Confirmed,0.0
release_year sy_vmag pl_tsystemref_BJD,0.0
release_year sy_vmag pl_tsystemref_BJD-TDB,0.0
release_year sy_vmag pl_tsystemref_BJD-UTC,-0.0
release_year sy_vmag pl_tsystemref_HJD,0.0
release_year sy_vmag pl_tsystemref_JD,-0.0
release_year sy_pm^2,0.0
release_year sy_pm sy_pmdec,-0.0
release_year sy_pm sy_pmra,0.0
release_year sy_pm pl_orbper,0.0
release_year sy_pm sy_gaiamag,-0.0
release_year sy_pm st_rad,0.0
release_year sy_pm sy_bmag,-0.0
release_year sy_pm sy_dist,-0.0
release_year sy_pm st_teff,0.0
release_year sy_pm sy_w2mag,-0.0
release_year sy_pm sy_w1mag,-0.0
release_year sy_pm sy_w3mag,-0.0
release_year sy_pm sy_w4mag,-0.0
release_year sy_pm sy_plx,-0.0
release_year sy_pm st_logg,-0.0
release_year sy_pm st_mass,0.0
release_year sy_pm soltype_Kepler Project Candidate (q1_q17_dr25_koi),-0.0
release_year sy_pm soltype_Published Confirmed,0.0
release_year sy_pm pl_tsystemref_BJD,0.0
release_year sy_pm pl_tsystemref_BJD-TDB,-0.0
release_year sy_pm pl_tsystemref_BJD-UTC,-0.0
release_year sy_pm pl_tsystemref_HJD,0.0
release_year sy_pm pl_tsystemref_JD,-0.0
release_year sy_pmdec^2,0.0
release_year sy_pmdec sy_pmra,0.0
release_year sy_pmdec pl_orbper,-0.0
release_year sy_pmdec sy_gaiamag,-0.0
release_year sy_pmdec st_rad,-0.0
release_year sy_pmdec sy_bmag,-0.0
release_year sy_pmdec sy_dist,-0.0
release_year sy_pmdec st_teff,-0.0
release_year sy_pmdec sy_w2mag,-0.0
release_year sy_pmdec sy_w1mag,-0.0
release_year sy_pmdec sy_w3mag,-0.0
release_year sy_pmdec sy_w4mag,-0.0
release_year sy_pmdec sy_plx,-0.0
release_year sy_pmdec st_logg,-0.0
release_year sy_pmdec st_mass,-0.0
release_year sy_pmdec soltype_Kepler Project Candidate (q1_q17_dr25_koi),0.0
release_year sy_pmdec soltype_Published Confirmed,-0.0
release_year sy_pmdec pl_tsystemref_BJD,-0.0
release_year sy_pmdec pl_tsystemref_BJD-TDB,0.0
release_year sy_pmdec pl_tsystemref_BJD-UTC,-0.0
release_year sy_pmdec pl_tsystemref_HJD,0.0
release_year sy_pmdec pl_tsystemref_JD,-0.0
release_year sy_pmra^2,0.0
release_year sy_pmra pl_orbper,0.0
release_year sy_pmra sy_gaiamag,-0.0
release_year sy_pmra st_rad,-0.0
release_year sy_pmra sy_bmag,-0.0
release_year sy_pmra sy_dist,-0.0
release_year sy_pmra st_teff,-0.0
release_year sy_pmra sy_w2mag,-0.0
release_year sy_pmra sy_w1mag,-0.0
release_year sy_pmra sy_w3mag,-0.0
release_year sy_pmra sy_w4mag,-0.0
release_year sy_pmra sy_plx,0.0
release_year sy_pmra st_logg,-0.0
release_year sy_pmra st_mass,-0.0
release_year sy_pmra soltype_Kepler Project Candidate (q1_q17_dr25_koi),0.0
release_year sy_pmra soltype_Published Confirmed,-0.0
release_year sy_pmra pl_tsystemref_BJD,0.0
release_year sy_pmra pl_tsystemref_BJD-TDB,-0.0
release_year sy_pmra pl_tsystemref_BJD-UTC,-0.0
release_year sy_pmra pl_tsystemref_HJD,-0.0
release_year sy_pmra pl_tsystemref_JD,-0.0
release_year pl_orbper^2,-0.0
release_year pl_orbper sy_gaiamag,0.0
release_year pl_orbper st_rad,0.0
release_year pl_orbper sy_bmag,0.0
release_year pl_orbper sy_dist,0.0
release_year pl_orbper st_teff,0.0
release_year pl_orbper sy_w2mag,0.0
release_year pl_orbper sy_w1mag,0.0
release_year pl_orbper sy_w3mag,0.0
release_year pl_orbper sy_w4mag,0.0
release_year pl_orbper sy_plx,0.0
release_year pl_orbper st_logg,0.0
release_year pl_orbper st_mass,0.0
release_year pl_orbper soltype_Kepler Project Candidate (q1_q17_dr25_koi),0.0
release_year pl_orbper soltype_Published Confirmed,0.0
release_year pl_orbper pl_tsystemref_BJD,0.0
release_year pl_orbper pl_tsystemref_BJD-TDB,0.0
release_year pl_orbper pl_tsystemref_BJD-UTC,-0.0
release_year pl_orbper pl_tsystemref_HJD,0.0
release_year pl_orbper pl_tsystemref_JD,0.0
release_year sy_gaiamag^2,0.0
release_year sy_gaiamag st_rad,0.0
release_year sy_gaiamag sy_bmag,0.0
release_year sy_gaiamag sy_dist,0.0
release_year sy_gaiamag st_teff,0.0
release_year sy_gaiamag sy_w2mag,0.0
release_year sy_gaiamag sy_w1mag,0.0
release_year sy_gaiamag sy_w3mag,0.0
release_year sy_gaiamag sy_w4mag,0.0
release_year sy_gaiamag sy_plx,-0.0
release_year sy_gaiamag st_logg,0.0
release_year sy_gaiamag st_mass,0.0
release_year sy_gaiamag soltype_Kepler Project Candidate (q1_q17_dr25_koi),-0.0
release_year sy_gaiamag soltype_Published Confirmed,0.0
release_year sy_gaiamag pl_tsystemref_BJD,0.0
release_year sy_gaiamag pl_tsystemref_BJD-TDB,0.0
release_year sy_gaiamag pl_tsystemref_BJD-UTC,-0.0
release_year sy_gaiamag pl_tsystemref_HJD,0.0
release_year sy_gaiamag pl_tsystemref_JD,-0.0
release_year st_rad^2,0.0
release_year st_rad sy_bmag,0.0
release_year st_rad sy_dist,0.0
release_year st_rad st_teff,0.0
release_year st_rad sy_w2mag,0.0
release_year st_rad sy_w1mag,0.0
release_year st_rad sy_w3mag,0.0
release_year st_rad sy_w4mag,0.0
release_year st_rad sy_plx,0.0
release_year st_rad st_logg,0.0
release_year st_rad st_mass,0.0
release_year st_rad soltype_Kepler Project Candidate (q1_q17_dr25_koi),-0.0
release_year st_rad soltype_Published Confirmed,0.0
release_year st_rad pl_tsystemref_BJD,0.0
release_year st_rad pl_tsystemref_BJD-TDB,0.0
release_year st_rad pl_tsystemref_BJD-UTC,0.0
release_year st_rad pl_tsystemref_HJD,0.0
release_year st_rad pl_tsystemref_JD,-0.0
release_year sy_bmag^2,0.0
release_year sy_bmag sy_dist,0.0
release_year sy_bmag st_teff,0.0
release_year sy_bmag sy_w2mag,0.0
release_year sy_bmag sy_w1mag,0.0
release_year sy_bmag sy_w3mag,0.0
release_year sy_bmag sy_w4mag,0.0
release_year sy_bmag sy_plx,-0.0
release_year sy_bmag st_logg,0.0
release_year sy_bmag st_mass,0.0
release_year sy_bmag soltype_Kepler Project Candidate (q1_q17_dr25_koi),-0.0
release_year sy_bmag soltype_Published Confirmed,0.0
release_year sy_bmag pl_tsystemref_BJD,0.0
release_year sy_bmag pl_tsystemref_BJD-TDB,0.0
release_year sy_bmag pl_tsystemref_BJD-UTC,-0.0
release_year sy_bmag pl_tsystemref_HJD,0.0
release_year sy_bmag pl_tsystemref_JD,-0.0
release_year sy_dist^2,0.0
release_year sy_dist st_teff,0.0
release_year sy_dist sy_w2mag,0.0
release_year sy_dist sy_w1mag,0.0
release_year sy_dist sy_w3mag,0.0
release_year sy_dist sy_w4mag,0.0
release_year sy_dist sy_plx,-0.0
release_year sy_dist st_logg,0.0
release_year sy_dist st_mass,0.0
release_year sy_dist soltype_Kepler Project Candidate (q1_q17_dr25_koi),-0.0
release_year sy_dist soltype_Published Confirmed,0.0
release_year sy_dist pl_tsystemref_BJD,0.0
release_year sy_dist pl_tsystemref_BJD-TDB,0.0
release_year sy_dist pl_tsystemref_BJD-UTC,0.0
release_year sy_dist pl_tsystemref_HJD,0.0
release_year sy_dist pl_tsystemref_JD,-0.0
release_year st_teff^2,0.0
release_year st_teff sy_w2mag,0.0
release_year st_teff sy_w1mag,0.0
release_year st_teff sy_w3mag,0.0
release_year st_teff sy_w4mag,-0.0
release_year st_teff sy_plx,-0.0
release_year st_teff st_logg,-0.0
release_year st_teff st_mass,0.0
release_year st_teff soltype_Kepler Project Candidate (q1_q17_dr25_koi),-0.0
release_year st_teff soltype_Published Confirmed,0.0
release_year st_teff pl_tsystemref_BJD,0.0
release_year st_teff pl_tsystemref_BJD-TDB,0.0
release_year st_teff pl_tsystemref_BJD-UTC,0.0
release_year st_teff pl_tsystemref_HJD,0.0
release_year st_teff pl_tsystemref_JD,-0.0
release_year sy_w2mag^2,0.0
release_year sy_w2mag sy_w1mag,0.0
release_year sy_w2mag sy_w3mag,0.0
release_year sy_w2mag sy_w4mag,0.0
release_year sy_w2mag sy_plx,-0.0
release_year sy_w2mag st_logg,0.0
release_year sy_w2mag st_mass,0.0
release_year sy_w2mag soltype_Kepler Project Candidate (q1_q17_dr25_koi),-0.0
release_year sy_w2mag soltype_Published Confirmed,0.0
release_year sy_w2mag pl_tsystemref_BJD,0.0
release_year sy_w2mag pl_tsystemref_BJD-TDB,0.0
release_year sy_w2mag pl_tsystemref_BJD-UTC,-0.0
release_year sy_w2mag pl_tsystemref_HJD,0.0
release_year sy_w2mag pl_tsystemref_JD,-0.0
release_year sy_w1mag^2,0.0
release_year sy_w1mag sy_w3mag,0.0
release_year sy_w1mag sy_w4mag,0.0
release_year sy_w1mag sy_plx,-0.0
release_year sy_w1mag st_logg,0.0
release_year sy_w1mag st_mass,0.0
release_year sy_w1mag soltype_Kepler Project Candidate (q1_q17_dr25_koi),-0.0
release_year sy_w1mag soltype_Published Confirmed,0.0
release_year sy_w1mag pl_tsystemref_BJD,0.0
release_year sy_w1mag pl_tsystemref_BJD-TDB,0.0
release_year sy_w1mag pl_tsystemref_BJD-UTC,-0.0
release_year sy_w1mag pl_tsystemref_HJD,0.0
release_year sy_w1mag pl_tsystemref_JD,-0.0
release_year sy_w3mag^2,0.0
release_year sy_w3mag sy_w4mag,-0.0
release_year sy_w3mag sy_plx,-0.0
release_year sy_w3mag st_logg,-0.0
release_year sy_w3mag st_mass,0.0
release_year sy_w3mag soltype_Kepler Project Candidate (q1_q17_dr25_koi),-0.0
release_year sy_w3mag soltype_Published Confirmed,0.0
release_year sy_w3mag pl_tsystemref_BJD,0.0
release_year sy_w3mag pl_tsystemref_BJD-TDB,0.0
release_year sy_w3mag pl_tsystemref_BJD-UTC,-0.0
release_year sy_w3mag pl_tsystemref_HJD,0.0
release_year sy_w3mag pl_tsystemref_JD,-0.0
release_year sy_w4mag^2,-0.0
release_year sy_w4mag sy_plx,-0.0
release_year sy_w4mag st_logg,-0.0
release_year sy_w4mag st_mass,0.0
release_year sy_w4mag soltype_Kepler Project Candidate (q1_q17_dr25_koi),-0.0
release_year sy_w4mag soltype_Published Confirmed,0.0
release_year sy_w4mag pl_tsystemref_BJD,0.0
release_year sy_w4mag pl_tsystemref_BJD-TDB,0.0
release_year sy_w4mag pl_tsystemref_BJD-UTC,-0.0
release_year sy_w4mag pl_tsystemref_HJD,0.0
release_year sy_w4mag pl_tsystemref_JD,-0.0
release_year sy_plx^2,-0.0
release_year sy_plx st_logg,-0.0
release_year sy_plx st_mass,0.0
release_year sy_plx soltype_Kepler Project Candidate (q1_q17_dr25_koi),-0.0
release_year sy_plx soltype_Published Confirmed,-0.0
release_year sy_plx pl_tsystemref_BJD,-0.0
release_year sy_plx pl_tsystemref_BJD-TDB,-0.0
release_year sy_plx pl_tsystemref_BJD-UTC,-0.0
release_year sy_plx pl_tsystemref_HJD,0.0
release_year sy_plx pl_tsystemref_JD,-0.0
release_year st_logg^2,-0.0
release_year st_logg st_mass,0.0
release_year st_logg soltype_Kepler Project Candidate (q1_q17_dr25_koi),-0.0
release_year st_logg soltype_Published Confirmed,0.0
release_year st_logg pl_tsystemref_BJD,0.0
release_year st_logg pl_tsystemref_BJD-TDB,0.0
release_year st_logg pl_tsystemref_BJD-UTC,-0.0
release_year st_logg pl_tsystemref_HJD,0.0
release_year st_logg pl_tsystemref_JD,-0.0
release_year st_mass^2,0.0
release_year st_mass soltype_Kepler Project Candidate (q1_q17_dr25_koi),-0.0
release_year st_mass soltype_Published Confirmed,0.0
release_year st_mass pl_tsystemref_BJD,0.0
release_year st_mass pl_tsystemref_BJD-TDB,0.0
release_year st_mass pl_tsystemref_BJD-UTC,0.0
release_year st_mass pl_tsystemref_HJD,0.0
release_year st_mass pl_tsystemref_JD,-0.0
release_year soltype_Kepler Project Candidate (q1_q17_dr25_koi)^2,-0.0
release_year soltype_Kepler Project Candidate (q1_q17_dr25_koi) soltype_Published Confirmed,0.0
release_year soltype_Kepler Project Candidate (q1_q17_dr25_koi) pl_tsystemref_BJD,-0.0
release_year soltype_Kepler Project Candidate (q1_q17_dr25_koi) pl_tsystemref_BJD-TDB,0.0
release_year soltype_Kepler Project Candidate (q1_q17_dr25_koi) pl_tsystemref_BJD-UTC,0.0
release_year soltype_Kepler Project Candidate (q1_q17_dr25_koi) pl_tsystemref_HJD,0.0
release_year soltype_Kepler Project Candidate (q1_q17_dr25_koi) pl_tsystemref_JD,0.0
release_year soltype_Published Confirmed^2,0.0
release_year soltype_Published Confirmed pl_tsystemref_BJD,0.0
release_year soltype_Published Confirmed pl_tsystemref_BJD-TDB,0.0
release_year soltype_Published Confirmed pl_tsystemref_BJD-UTC,-0.0
release_year soltype_Published Confirmed pl_tsystemref_HJD,0.0
release_year soltype_Published Confirmed pl_tsystemref_JD,-0.0
release_year pl_tsystemref_BJD^2,0.0
release_year pl_tsystemref_BJD pl_tsystemref_BJD-TDB,0.0
release_year pl_tsystemref_BJD pl_tsystemref_BJD-UTC,0.0
release_year pl_tsystemref_BJD pl_tsystemref_HJD,0.0
release_year pl_tsystemref_BJD pl_tsystemref_JD,0.0
release_year pl_tsystemref_BJD-TDB^2,0.0
release_year pl_tsystemref_BJD-TDB pl_tsystemref_BJD-UTC,0.0
release_year pl_tsystemref_BJD-TDB pl_tsystemref_HJD,0.0
release_year pl_tsystemref_BJD-TDB pl_tsystemref_JD,0.0
release_year pl_tsystemref_BJD-UTC^2,-0.0
release_year pl_tsystemref_BJD-UTC pl_tsystemref_HJD,0.0
release_year pl_tsystemref_BJD-UTC pl_tsystemref_JD,0.0
release_year pl_tsystemref_HJD^2,0.0
release_year pl_tsystemref_HJD pl_tsystemref_JD,0.0
release_year pl_tsystemref_JD^2,-0.0
st_nphot^3,0.0
st_nphot^2 st_nrvc,0.0
st_nphot^2 pl_controv_flag,0.0
st_nphot^2 disc_year,0.0
st_nphot^2 sy_tmag,0.0
st_nphot^2 sy_kmag,0.0
st_nphot^2 sy_jmag,0.0
st_nphot^2 sy_hmag,0.0
st_nphot^2 sy_vmag,0.0
st_nphot^2 sy_pm,0.0
st_nphot^2 sy_pmdec,-0.0
st_nphot^2 sy_pmra,-0.0
st_nphot^2 pl_orbper,0.0
st_nphot^2 sy_gaiamag,0.0
st_nphot^2 st_rad,0.0
st_nphot^2 sy_bmag,0.0
st_nphot^2 sy_dist,0.0
st_nphot^2 st_teff,0.0
st_nphot^2 sy_w2mag,0.0
st_nphot^2 sy_w1mag,0.0
st_nphot^2 sy_w3mag,0.0
st_nphot^2 sy_w4mag,0.0
st_nphot^2 sy_plx,0.0
st_nphot^2 st_logg,0.0
st_nphot^2 st_mass,0.0
st_nphot^2 soltype_Kepler Project Candidate (q1_q17_dr25_koi),0.0
st_nphot^2 soltype_Published Confirmed,0.0
st_nphot^2 pl_tsystemref_BJD,0.0
st_nphot^2 pl_tsystemref_BJD-TDB,0.0
st_nphot^2 pl_tsystemref_BJD-UTC,0.0
st_nphot^2 pl_tsystemref_HJD,-0.0
st_nphot^2 pl_tsystemref_JD,0.0
st_nphot st_nrvc^2,0.0
st_nphot st_nrvc pl_controv_flag,0.0
st_nphot st_nrvc disc_year,0.0
st_nphot st_nrvc sy_tmag,0.0
st_nphot st_nrvc sy_kmag,0.0
st_nphot st_nrvc sy_jmag,0.0
st_nphot st_nrvc sy_hmag,0.0
st_nphot st_nrvc sy_vmag,0.0
st_nphot st_nrvc sy_pm,0.0
st_nphot st_nrvc sy_pmdec,-0.0
st_nphot st_nrvc sy_pmra,-0.0
st_nphot st_nrvc pl_orbper,0.0
st_nphot st_nrvc sy_gaiamag,0.0
st_nphot st_nrvc st_rad,0.0
st_nphot st_nrvc sy_bmag,0.0
st_nphot st_nrvc sy_dist,0.0
st_nphot st_nrvc st_teff,0.0
st_nphot st_nrvc sy_w2mag,0.0
st_nphot st_nrvc sy_w1mag,0.0
st_nphot st_nrvc sy_w3mag,0.0
st_nphot st_nrvc sy_w4mag,0.0
st_nphot st_nrvc sy_plx,0.0
st_nphot st_nrvc st_logg,0.0
st_nphot st_nrvc st_mass,0.0
st_nphot st_nrvc soltype_Kepler Project Candidate (q1_q17_dr25_koi),0.0
st_nphot st_nrvc soltype_Published Confirmed,0.0
st_nphot st_nrvc pl_tsystemref_BJD,0.0
st_nphot st_nrvc pl_tsystemref_BJD-TDB,0.0
st_nphot st_nrvc pl_tsystemref_BJD-UTC,0.0
st_nphot st_nrvc pl_tsystemref_HJD,0.0
st_nphot st_nrvc pl_tsystemref_JD,0.0
st_nphot pl_controv_flag^2,0.0
st_nphot pl_controv_flag disc_year,0.0
st_nphot pl_controv_flag sy_tmag,0.0
st_nphot pl_controv_flag sy_kmag,0.0
st_nphot pl_controv_flag sy_jmag,0.0
st_nphot pl_controv_flag sy_hmag,0.0
st_nphot pl_controv_flag sy_vmag,0.0
st_nphot pl_controv_flag sy_pm,0.0
st_nphot pl_controv_flag sy_pmdec,0.0
st_nphot pl_controv_flag sy_pmra,0.0
st_nphot pl_controv_flag pl_orbper,0.0
st_nphot pl_controv_flag sy_gaiamag,0.0
st_nphot pl_controv_flag st_rad,0.0
st_nphot pl_controv_flag sy_bmag,0.0
st_nphot pl_controv_flag sy_dist,0.0
st_nphot pl_controv_flag st_teff,0.0
st_nphot pl_controv_flag sy_w2mag,0.0
st_nphot pl_controv_flag sy_w1mag,0.0
st_nphot pl_controv_flag sy_w3mag,0.0
st_nphot pl_controv_flag sy_w4mag,0.0
st_nphot pl_controv_flag sy_plx,0.0
st_nphot pl_controv_flag st_logg,0.0
st_nphot pl_controv_flag st_mass,0.0
st_nphot pl_controv_flag soltype_Kepler Project Candidate (q1_q17_dr25_koi),0.0
st_nphot pl_controv_flag soltype_Published Confirmed,0.0
st_nphot pl_controv_flag pl_tsystemref_BJD,0.0
st_nphot pl_controv_flag pl_tsystemref_BJD-TDB,0.0
st_nphot pl_controv_flag pl_tsystemref_BJD-UTC,0.0
st_nphot pl_controv_flag pl_tsystemref_HJD,0.0
st_nphot pl_controv_flag pl_tsystemref_JD,0.0
st_nphot disc_year^2,0.0
st_nphot disc_year sy_tmag,0.0
st_nphot disc_year sy_kmag,0.0
st_nphot disc_year sy_jmag,0.0
st_nphot disc_year sy_hmag,0.0
st_nphot disc_year sy_vmag,0.0
st_nphot disc_year sy_pm,0.0
st_nphot disc_year sy_pmdec,-0.0
st_nphot disc_year sy_pmra,-0.0
st_nphot disc_year pl_orbper,0.0
st_nphot disc_year sy_gaiamag,0.0
st_nphot disc_year st_rad,0.0
st_nphot disc_year sy_bmag,0.0
st_nphot disc_year sy_dist,0.0
st_nphot disc_year st_teff,0.0
st_nphot disc_year sy_w2mag,0.0
st_nphot disc_year sy_w1mag,0.0
st_nphot disc_year sy_w3mag,0.0
st_nphot disc_year sy_w4mag,0.0
st_nphot disc_year sy_plx,0.0
st_nphot disc_year st_logg,0.0
st_nphot disc_year st_mass,0.0
st_nphot disc_year soltype_Kepler Project Candidate (q1_q17_dr25_koi),0.0
st_nphot disc_year soltype_Published Confirmed,0.0
st_nphot disc_year pl_tsystemref_BJD,0.0
st_nphot disc_year pl_tsystemref_BJD-TDB,0.0
st_nphot disc_year pl_tsystemref_BJD-UTC,0.0
st_nphot disc_year pl_tsystemref_HJD,-0.0
st_nphot disc_year pl_tsystemref_JD,0.0
st_nphot sy_tmag^2,0.0
st_nphot sy_tmag sy_kmag,0.0
st_nphot sy_tmag sy_jmag,0.0
st_nphot sy_tmag sy_hmag,0.0
st_nphot sy_tmag sy_vmag,0.0
st_nphot sy_tmag sy_pm,0.0
st_nphot sy_tmag sy_pmdec,-0.0
st_nphot sy_tmag sy_pmra,-0.0
st_nphot sy_tmag pl_orbper,0.0
st_nphot sy_tmag sy_gaiamag,0.0
st_nphot sy_tmag st_rad,0.0
st_nphot sy_tmag sy_bmag,0.0
st_nphot sy_tmag sy_dist,0.0
st_nphot sy_tmag st_teff,0.0
st_nphot sy_tmag sy_w2mag,0.0
st_nphot sy_tmag sy_w1mag,0.0
st_nphot sy_tmag sy_w3mag,0.0
st_nphot sy_tmag sy_w4mag,0.0
st_nphot sy_tmag sy_plx,0.0
st_nphot sy_tmag st_logg,0.0
st_nphot sy_tmag st_mass,0.0
st_nphot sy_tmag soltype_Kepler Project Candidate (q1_q17_dr25_koi),0.0
st_nphot sy_tmag soltype_Published Confirmed,0.0
st_nphot sy_tmag pl_tsystemref_BJD,0.0
st_nphot sy_tmag pl_tsystemref_BJD-TDB,0.0
st_nphot sy_tmag pl_tsystemref_BJD-UTC,0.0
st_nphot sy_tmag pl_tsystemref_HJD,-0.0
st_nphot sy_tmag pl_tsystemref_JD,0.0
st_nphot sy_kmag^2,0.0
st_nphot sy_kmag sy_jmag,0.0
st_nphot sy_kmag sy_hmag,0.0
st_nphot sy_kmag sy_vmag,0.0
st_nphot sy_kmag sy_pm,0.0
st_nphot sy_kmag sy_pmdec,-0.0
st_nphot sy_kmag sy_pmra,-0.0
st_nphot sy_kmag pl_orbper,0.0
st_nphot sy_kmag sy_gaiamag,0.0
st_nphot sy_kmag st_rad,0.0
st_nphot sy_kmag sy_bmag,0.0
st_nphot sy_kmag sy_dist,0.0
st_nphot sy_kmag st_teff,0.0
st_nphot sy_kmag sy_w2mag,0.0
st_nphot sy_kmag sy_w1mag,0.0
st_nphot sy_kmag sy_w3mag,0.0
st_nphot sy_kmag sy_w4mag,0.0
st_nphot sy_kmag sy_plx,0.0
st_nphot sy_kmag st_logg,0.0
st_nphot sy_kmag st_mass,0.0
st_nphot sy_kmag soltype_Kepler Project Candidate (q1_q17_dr25_koi),0.0
st_nphot sy_kmag soltype_Published Confirmed,0.0
st_nphot sy_kmag pl_tsystemref_BJD,0.0
st_nphot sy_kmag pl_tsystemref_BJD-TDB,0.0
st_nphot sy_kmag pl_tsystemref_BJD-UTC,0.0
st_nphot sy_kmag pl_tsystemref_HJD,-0.0
st_nphot sy_kmag pl_tsystemref_JD,0.0
st_nphot sy_jmag^2,0.0
st_nphot sy_jmag sy_hmag,0.0
st_nphot sy_jmag sy_vmag,0.0
st_nphot sy_jmag sy_pm,0.0
st_nphot sy_jmag sy_pmdec,-0.0
st_nphot sy_jmag sy_pmra,-0.0
st_nphot sy_jmag pl_orbper,0.0
st_nphot sy_jmag sy_gaiamag,0.0
st_nphot sy_jmag st_rad,0.0
st_nphot sy_jmag sy_bmag,0.0
st_nphot sy_jmag sy_dist,0.0
st_nphot sy_jmag st_teff,0.0
st_nphot sy_jmag sy_w2mag,0.0
st_nphot sy_jmag sy_w1mag,0.0
st_nphot sy_jmag sy_w3mag,0.0
st_nphot sy_jmag sy_w4mag,0.0
st_nphot sy_jmag sy_plx,0.0
st_nphot sy_jmag st_logg,0.0
st_nphot sy_jmag st_mass,0.0
st_nphot sy_jmag soltype_Kepler Project Candidate (q1_q17_dr25_koi),0.0
st_nphot sy_jmag soltype_Published Confirmed,0.0
st_nphot sy_jmag pl_tsystemref_BJD,0.0
st_nphot sy_jmag pl_tsystemref_BJD-TDB,0.0
st_nphot sy_jmag pl_tsystemref_BJD-UTC,0.0
st_nphot sy_jmag pl_tsystemref_HJD,-0.0
st_nphot sy_jmag pl_tsystemref_JD,0.0
st_nphot sy_hmag^2,0.0
st_nphot sy_hmag sy_vmag,0.0
st_nphot sy_hmag sy_pm,0.0
st_nphot sy_hmag sy_pmdec,-0.0
st_nphot sy_hmag sy_pmra,-0.0
st_nphot sy_hmag pl_orbper,0.0
st_nphot sy_hmag sy_gaiamag,0.0
st_nphot sy_hmag st_rad,0.0
st_nphot sy_hmag sy_bmag,0.0
st_nphot sy_hmag sy_dist,0.0
st_nphot sy_hmag st_teff,0.0
st_nphot sy_hmag sy_w2mag,0.0
st_nphot sy_hmag sy_w1mag,0.0
st_nphot sy_hmag sy_w3mag,0.0
st_nphot sy_hmag sy_w4mag,0.0
st_nphot sy_hmag sy_plx,0.0
st_nphot sy_hmag st_logg,0.0
st_nphot sy_hmag st_mass,0.0
st_nphot sy_hmag soltype_Kepler Project Candidate (q1_q17_dr25_koi),0.0
st_nphot sy_hmag soltype_Published Confirmed,0.0
st_nphot sy_hmag pl_tsystemref_BJD,0.0
st_nphot sy_hmag pl_tsystemref_BJD-TDB,0.0
st_nphot sy_hmag pl_tsystemref_BJD-UTC,0.0
st_nphot sy_hmag pl_tsystemref_HJD,-0.0
st_nphot sy_hmag pl_tsystemref_JD,0.0
st_nphot sy_vmag^2,0.0
st_nphot sy_vmag sy_pm,0.0
st_nphot sy_vmag sy_pmdec,-0.0
st_nphot sy_vmag sy_pmra,-0.0
st_nphot sy_vmag pl_orbper,0.0
st_nphot sy_vmag sy_gaiamag,0.0
st_nphot sy_vmag st_rad,0.0
st_nphot sy_vmag sy_bmag,0.0
st_nphot sy_vmag sy_dist,0.0
st_nphot sy_vmag st_teff,0.0
st_nphot sy_vmag sy_w2mag,0.0
st_nphot sy_vmag sy_w1mag,0.0
st_nphot sy_vmag sy_w3mag,0.0
st_nphot sy_vmag sy_w4mag,0.0
st_nphot sy_vmag sy_plx,0.0
st_nphot sy_vmag st_logg,0.0
st_nphot sy_vmag st_mass,0.0
st_nphot sy_vmag soltype_Kepler Project Candidate (q1_q17_dr25_koi),0.0
st_nphot sy_vmag soltype_Published Confirmed,0.0
st_nphot sy_vmag pl_tsystemref_BJD,0.0
st_nphot sy_vmag pl_tsystemref_BJD-TDB,0.0
st_nphot sy_vmag pl_tsystemref_BJD-UTC,0.0
st_nphot sy_vmag pl_tsystemref_HJD,-0.0
st_nphot sy_vmag pl_tsystemref_JD,0.0
st_nphot sy_pm^2,0.0
st_nphot sy_pm sy_pmdec,-0.0
st_nphot sy_pm sy_pmra,-0.0
st_nphot sy_pm pl_orbper,0.0
st_nphot sy_pm sy_gaiamag,0.0
st_nphot sy_pm st_rad,0.0
st_nphot sy_pm sy_bmag,0.0
st_nphot sy_pm sy_dist,0.0
st_nphot sy_pm st_teff,0.0
st_nphot sy_pm sy_w2mag,0.0
st_nphot sy_pm sy_w1mag,0.0
st_nphot sy_pm sy_w3mag,0.0
st_nphot sy_pm sy_w4mag,0.0
st_nphot sy_pm sy_plx,0.0
st_nphot sy_pm st_logg,0.0
st_nphot sy_pm st_mass,0.0
st_nphot sy_pm soltype_Kepler Project Candidate (q1_q17_dr25_koi),0.0
st_nphot sy_pm soltype_Published Confirmed,0.0
st_nphot sy_pm pl_tsystemref_BJD,0.0
st_nphot sy_pm pl_tsystemref_BJD-TDB,0.0
st_nphot sy_pm pl_tsystemref_BJD-UTC,0.0
st_nphot sy_pm pl_tsystemref_HJD,-0.0
st_nphot sy_pm pl_tsystemref_JD,0.0
st_nphot sy_pmdec^2,0.0
st_nphot sy_pmdec sy_pmra,0.0
st_nphot sy_pmdec pl_orbper,-0.0
st_nphot sy_pmdec sy_gaiamag,-0.0
st_nphot sy_pmdec st_rad,-0.0
st_nphot sy_pmdec sy_bmag,-0.0
st_nphot sy_pmdec sy_dist,-0.0
st_nphot sy_pmdec st_teff,-0.0
st_nphot sy_pmdec sy_w2mag,-0.0
st_nphot sy_pmdec sy_w1mag,-0.0
st_nphot sy_pmdec sy_w3mag,-0.0
st_nphot sy_pmdec sy_w4mag,-0.0
st_nphot sy_pmdec sy_plx,-0.0
st_nphot sy_pmdec st_logg,-0.0
st_nphot sy_pmdec st_mass,-0.0
st_nphot sy_pmdec soltype_Kepler Project Candidate (q1_q17_dr25_koi),0.0
st_nphot sy_pmdec soltype_Published Confirmed,-0.0
st_nphot sy_pmdec pl_tsystemref_BJD,-0.0
st_nphot sy_pmdec pl_tsystemref_BJD-TDB,-0.0
st_nphot sy_pmdec pl_tsystemref_BJD-UTC,0.0
st_nphot sy_pmdec pl_tsystemref_HJD,-0.0
st_nphot sy_pmdec pl_tsystemref_JD,0.0
st_nphot sy_pmra^2,0.0
st_nphot sy_pmra pl_orbper,-0.0
st_nphot sy_pmra sy_gaiamag,-0.0
st_nphot sy_pmra st_rad,-0.0
st_nphot sy_pmra sy_bmag,-0.0
st_nphot sy_pmra sy_dist,-0.0
st_nphot sy_pmra st_teff,-0.0
st_nphot sy_pmra sy_w2mag,-0.0
st_nphot sy_pmra sy_w1mag,-0.0
st_nphot sy_pmra sy_w3mag,-0.0
st_nphot sy_pmra sy_w4mag,-0.0
st_nphot sy_pmra sy_plx,-0.0
st_nphot sy_pmra st_logg,-0.0
st_nphot sy_pmra st_mass,-0.0
st_nphot sy_pmra soltype_Kepler Project Candidate (q1_q17_dr25_koi),0.0
st_nphot sy_pmra soltype_Published Confirmed,-0.0
st_nphot sy_pmra pl_tsystemref_BJD,-0.0
st_nphot sy_pmra pl_tsystemref_BJD-TDB,-0.0
st_nphot sy_pmra pl_tsystemref_BJD-UTC,0.0
st_nphot sy_pmra pl_tsystemref_HJD,-0.0
st_nphot sy_pmra pl_tsystemref_JD,0.0
st_nphot pl_orbper^2,0.0
st_nphot pl_orbper sy_gaiamag,0.0
st_nphot pl_orbper st_rad,0.0
st_nphot pl_orbper sy_bmag,0.0
st_nphot pl_orbper sy_dist,0.0
st_nphot pl_orbper st_teff,0.0
st_nphot pl_orbper sy_w2mag,0.0
st_nphot pl_orbper sy_w1mag,0.0
st_nphot pl_orbper sy_w3mag,0.0
st_nphot pl_orbper sy_w4mag,0.0
st_nphot pl_orbper sy_plx,0.0
st_nphot pl_orbper st_logg,0.0
st_nphot pl_orbper st_mass,0.0
st_nphot pl_orbper soltype_Kepler Project Candidate (q1_q17_dr25_koi),0.0
st_nphot pl_orbper soltype_Published Confirmed,0.0
st_nphot pl_orbper pl_tsystemref_BJD,0.0
st_nphot pl_orbper pl_tsystemref_BJD-TDB,0.0
st_nphot pl_orbper pl_tsystemref_BJD-UTC,0.0
st_nphot pl_orbper pl_tsystemref_HJD,-0.0
st_nphot pl_orbper pl_tsystemref_JD,0.0
st_nphot sy_gaiamag^2,0.0
st_nphot sy_gaiamag st_rad,0.0
st_nphot sy_gaiamag sy_bmag,0.0
st_nphot sy_gaiamag sy_dist,0.0
st_nphot sy_gaiamag st_teff,0.0
st_nphot sy_gaiamag sy_w2mag,0.0
st_nphot sy_gaiamag sy_w1mag,0.0
st_nphot sy_gaiamag sy_w3mag,0.0
st_nphot sy_gaiamag sy_w4mag,0.0
st_nphot sy_gaiamag sy_plx,0.0
st_nphot sy_gaiamag st_logg,0.0
st_nphot sy_gaiamag st_mass,0.0
st_nphot sy_gaiamag soltype_Kepler Project Candidate (q1_q17_dr25_koi),0.0
st_nphot sy_gaiamag soltype_Published Confirmed,0.0
st_nphot sy_gaiamag pl_tsystemref_BJD,0.0
st_nphot sy_gaiamag pl_tsystemref_BJD-TDB,0.0
st_nphot sy_gaiamag pl_tsystemref_BJD-UTC,0.0
st_nphot sy_gaiamag pl_tsystemref_HJD,-0.0
st_nphot sy_gaiamag pl_tsystemref_JD,0.0
st_nphot st_rad^2,0.003701679563603735
st_nphot st_rad sy_bmag,0.0
st_nphot st_rad sy_dist,0.0
st_nphot st_rad st_teff,0.0
st_nphot st_rad sy_w2mag,0.0
st_nphot st_rad sy_w1mag,0.0
st_nphot st_rad sy_w3mag,0.00205671421312613
st_nphot st_rad sy_w4mag,0.0
st_nphot st_rad sy_plx,0.0
st_nphot st_rad st_logg,0.0
st_nphot st_rad st_mass,0.0
st_nphot st_rad soltype_Kepler Project Candidate (q1_q17_dr25_koi),0.0
st_nphot st_rad soltype_Published Confirmed,0.0
st_nphot st_rad pl_tsystemref_BJD,0.0
st_nphot st_rad pl_tsystemref_BJD-TDB,0.0
st_nphot st_rad pl_tsystemref_BJD-UTC,0.0
st_nphot st_rad pl_tsystemref_HJD,-0.0
st_nphot st_rad pl_tsystemref_JD,0.0
st_nphot sy_bmag^2,0.0
st_nphot sy_bmag sy_dist,0.0
st_nphot sy_bmag st_teff,0.0
st_nphot sy_bmag sy_w2mag,0.0
st_nphot sy_bmag sy_w1mag,0.0
st_nphot sy_bmag sy_w3mag,0.0
st_nphot sy_bmag sy_w4mag,0.0
st_nphot sy_bmag sy_plx,0.0
st_nphot sy_bmag st_logg,0.0
st_nphot sy_bmag st_mass,0.0
st_nphot sy_bmag soltype_Kepler Project Candidate (q1_q17_dr25_koi),0.0
st_nphot sy_bmag soltype_Published Confirmed,0.0
st_nphot sy_bmag pl_tsystemref_BJD,0.0
st_nphot sy_bmag pl_tsystemref_BJD-TDB,0.0
st_nphot sy_bmag pl_tsystemref_BJD-UTC,0.0
st_nphot sy_bmag pl_tsystemref_HJD,-0.0
st_nphot sy_bmag pl_tsystemref_JD,0.0
st_nphot sy_dist^2,0.0
st_nphot sy_dist st_teff,0.0
st_nphot sy_dist sy_w2mag,0.0
st_nphot sy_dist sy_w1mag,0.0
st_nphot sy_dist sy_w3mag,0.0
st_nphot sy_dist sy_w4mag,0.0
st_nphot sy_dist sy_plx,0.0
st_nphot sy_dist st_logg,0.0
st_nphot sy_dist st_mass,0.0
st_nphot sy_dist soltype_Kepler Project Candidate (q1_q17_dr25_koi),0.0
st_nphot sy_dist soltype_Published Confirmed,0.0
st_nphot sy_dist pl_tsystemref_BJD,0.0
st_nphot sy_dist pl_tsystemref_BJD-TDB,0.0
st_nphot sy_dist pl_tsystemref_BJD-UTC,0.0
st_nphot sy_dist pl_tsystemref_HJD,-0.0
st_nphot sy_dist pl_tsystemref_JD,0.0
st_nphot st_teff^2,0.0
st_nphot st_teff sy_w2mag,0.0
st_nphot st_teff sy_w1mag,0.0
st_nphot st_teff sy_w3mag,0.0
st_nphot st_teff sy_w4mag,0.0
st_nphot st_teff sy_plx,0.0
st_nphot st_teff st_logg,0.0
st_nphot st_teff st_mass,0.0
st_nphot st_teff soltype_Kepler Project Candidate (q1_q17_dr25_koi),0.0
st_nphot st_teff soltype_Published Confirmed,0.0
st_nphot st_teff pl_tsystemref_BJD,0.0
st_nphot st_teff pl_tsystemref_BJD-TDB,0.0
st_nphot st_teff pl_tsystemref_BJD-UTC,0.0
st_nphot st_teff pl_tsystemref_HJD,-0.0
st_nphot st_teff pl_tsystemref_JD,0.0
st_nphot sy_w2mag^2,0.0
st_nphot sy_w2mag sy_w1mag,0.0
st_nphot sy_w2mag sy_w3mag,0.0
st_nphot sy_w2mag sy_w4mag,0.0
st_nphot sy_w2mag sy_plx,0.0
st_nphot sy_w2mag st_logg,0.0
st_nphot sy_w2mag st_mass,0.0
st_nphot sy_w2mag soltype_Kepler Project Candidate (q1_q17_dr25_koi),0.0
st_nphot sy_w2mag soltype_Published Confirmed,0.0
st_nphot sy_w2mag pl_tsystemref_BJD,0.0
st_nphot sy_w2mag pl_tsystemref_BJD-TDB,0.0
st_nphot sy_w2mag pl_tsystemref_BJD-UTC,0.0
st_nphot sy_w2mag pl_tsystemref_HJD,-0.0
st_nphot sy_w2mag pl_tsystemref_JD,0.0
st_nphot sy_w1mag^2,0.0
st_nphot sy_w1mag sy_w3mag,0.0
st_nphot sy_w1mag sy_w4mag,0.0
st_nphot sy_w1mag sy_plx,0.0
st_nphot sy_w1mag st_logg,0.0
st_nphot sy_w1mag st_mass,0.0
st_nphot sy_w1mag soltype_Kepler Project Candidate (q1_q17_dr25_koi),0.0
st_nphot sy_w1mag soltype_Published Confirmed,0.0
st_nphot sy_w1mag pl_tsystemref_BJD,0.0
st_nphot sy_w1mag pl_tsystemref_BJD-TDB,0.0
st_nphot sy_w1mag pl_tsystemref_BJD-UTC,0.0
st_nphot sy_w1mag pl_tsystemref_HJD,-0.0
st_nphot sy_w1mag pl_tsystemref_JD,0.0
st_nphot sy_w3mag^2,0.0
st_nphot sy_w3mag sy_w4mag,0.0
st_nphot sy_w3mag sy_plx,0.0
st_nphot sy_w3mag st_logg,0.0
st_nphot sy_w3mag st_mass,0.0
st_nphot sy_w3mag soltype_Kepler Project Candidate (q1_q17_dr25_koi),0.0
st_nphot sy_w3mag soltype_Published Confirmed,0.0
st_nphot sy_w3mag pl_tsystemref_BJD,0.0
st_nphot sy_w3mag pl_tsystemref_BJD-TDB,0.0
st_nphot sy_w3mag pl_tsystemref_BJD-UTC,0.0
st_nphot sy_w3mag pl_tsystemref_HJD,-0.0
st_nphot sy_w3mag pl_tsystemref_JD,0.0
st_nphot sy_w4mag^2,0.0
st_nphot sy_w4mag sy_plx,0.0
st_nphot sy_w4mag st_logg,0.0
st_nphot sy_w4mag st_mass,0.0
st_nphot sy_w4mag soltype_Kepler Project Candidate (q1_q17_dr25_koi),0.0
st_nphot sy_w4mag soltype_Published Confirmed,0.0
st_nphot sy_w4mag pl_tsystemref_BJD,0.0
st_nphot sy_w4mag pl_tsystemref_BJD-TDB,0.0
st_nphot sy_w4mag pl_tsystemref_BJD-UTC,0.0
st_nphot sy_w4mag pl_tsystemref_HJD,-0.0
st_nphot sy_w4mag pl_tsystemref_JD,0.0
st_nphot sy_plx^2,0.0
st_nphot sy_plx st_logg,0.0
st_nphot sy_plx st_mass,0.0
st_nphot sy_plx soltype_Kepler Project Candidate (q1_q17_dr25_koi),0.0
st_nphot sy_plx soltype_Published Confirmed,0.0
st_nphot sy_plx pl_tsystemref_BJD,0.0
st_nphot sy_plx pl_tsystemref_BJD-TDB,0.0
st_nphot sy_plx pl_tsystemref_BJD-UTC,0.0
st_nphot sy_plx pl_tsystemref_HJD,-0.0
st_nphot sy_plx pl_tsystemref_JD,0.0
st_nphot st_logg^2,0.0
st_nphot st_logg st_mass,0.0
st_nphot st_logg soltype_Kepler Project Candidate (q1_q17_dr25_koi),0.0
st_nphot st_logg soltype_Published Confirmed,0.0
st_nphot st_logg pl_tsystemref_BJD,0.0
st_nphot st_logg pl_tsystemref_BJD-TDB,0.0
st_nphot st_logg pl_tsystemref_BJD-UTC,0.0
st_nphot st_logg pl_tsystemref_HJD,-0.0
st_nphot st_logg pl_tsystemref_JD,0.0
st_nphot st_mass^2,0.0
st_nphot st_mass soltype_Kepler Project Candidate (q1_q17_dr25_koi),0.0
st_nphot st_mass soltype_Published Confirmed,0.0
st_nphot st_mass pl_tsystemref_BJD,0.0
st_nphot st_mass pl_tsystemref_BJD-TDB,0.0
st_nphot st_mass pl_tsystemref_BJD-UTC,0.0
st_nphot st_mass pl_tsystemref_HJD,-0.0
st_nphot st_mass pl_tsystemref_JD,0.0
st_nphot soltype_Kepler Project Candidate (q1_q17_dr25_koi)^2,0.0
st_nphot soltype_Kepler Project Candidate (q1_q17_dr25_koi) soltype_Published Confirmed,0.0
st_nphot soltype_Kepler Project Candidate (q1_q17_dr25_koi) pl_tsystemref_BJD,0.0
st_nphot soltype_Kepler Project Candidate (q1_q17_dr25_koi) pl_tsystemref_BJD-TDB,0.0
st_nphot soltype_Kepler Project Candidate (q1_q17_dr25_koi) pl_tsystemref_BJD-UTC,0.0
st_nphot soltype_Kepler Project Candidate (q1_q17_dr25_koi) pl_tsystemref_HJD,0.0
st_nphot soltype_Kepler Project Candidate (q1_q17_dr25_koi) pl_tsystemref_JD,0.0
st_nphot soltype_Published Confirmed^2,0.0
st_nphot soltype_Published Confirmed pl_tsystemref_BJD,0.0
st_nphot soltype_Published Confirmed pl_tsystemref_BJD-TDB,0.0
st_nphot soltype_Published Confirmed pl_tsystemref_BJD-UTC,0.0
st_nphot soltype_Published Confirmed pl_tsystemref_HJD,-0.0
st_nphot soltype_Published Confirmed pl_tsystemref_JD,0.0
st_nphot pl_tsystemref_BJD^2,0.0
st_nphot pl_tsystemref_BJD pl_tsystemref_BJD-TDB,0.0
st_nphot pl_tsystemref_BJD pl_tsystemref_BJD-UTC,0.0
st_nphot pl_tsystemref_BJD pl_tsystemref_HJD,0.0
st_nphot pl_tsystemref_BJD pl_tsystemref_JD,0.0
st_nphot pl_tsystemref_BJD-TDB^2,0.0
st_nphot pl_tsystemref_BJD-TDB pl_tsystemref_BJD-UTC,0.0
st_nphot pl_tsystemref_BJD-TDB pl_tsystemref_HJD,0.0
st_nphot pl_tsystemref_BJD-TDB pl_tsystemref_JD,0.0
st_nphot pl_tsystemref_BJD-UTC^2,0.0
st_nphot pl_tsystemref_BJD-UTC pl_tsystemref_HJD,0.0
st_nphot pl_tsystemref_BJD-UTC pl_tsystemref_JD,0.0
st_nphot pl_tsystemref_HJD^2,-0.0
st_nphot pl_tsystemref_HJD pl_tsystemref_JD,0.0
st_nphot pl_tsystemref_JD^2,0.0
st_nrvc^3,0.0
st_nrvc^2 pl_controv_flag,0.0
st_nrvc^2 disc_year,0.0
st_nrvc^2 sy_tmag,0.0
st_nrvc^2 sy_kmag,0.0
st_nrvc^2 sy_jmag,0.0
st_nrvc^2 sy_hmag,0.0
st_nrvc^2 sy_vmag,0.0
st_nrvc^2 sy_pm,-0.0
st_nrvc^2 sy_pmdec,-0.0
st_nrvc^2 sy_pmra,0.0
st_nrvc^2 pl_orbper,-0.0
st_nrvc^2 sy_gaiamag,0.0
st_nrvc^2 st_rad,0.0
st_nrvc^2 sy_bmag,0.0
st_nrvc^2 sy_dist,0.0
st_nrvc^2 st_teff,0.0
st_nrvc^2 sy_w2mag,0.0
st_nrvc^2 sy_w1mag,0.0
st_nrvc^2 sy_w3mag,0.0
st_nrvc^2 sy_w4mag,0.0
st_nrvc^2 sy_plx,0.0
st_nrvc^2 st_logg,0.0
st_nrvc^2 st_mass,0.0
st_nrvc^2 soltype_Kepler Project Candidate (q1_q17_dr25_koi),0.0
st_nrvc^2 soltype_Published Confirmed,0.0
st_nrvc^2 pl_tsystemref_BJD,0.0
st_nrvc^2 pl_tsystemref_BJD-TDB,0.0
st_nrvc^2 pl_tsystemref_BJD-UTC,0.0
st_nrvc^2 pl_tsystemref_HJD,0.0
st_nrvc^2 pl_tsystemref_JD,0.0
st_nrvc pl_controv_flag^2,0.0
st_nrvc pl_controv_flag disc_year,0.0
st_nrvc pl_controv_flag sy_tmag,0.0
st_nrvc pl_controv_flag sy_kmag,0.0
st_nrvc pl_controv_flag sy_jmag,0.0
st_nrvc pl_controv_flag sy_hmag,0.0
st_nrvc pl_controv_flag sy_vmag,0.0
st_nrvc pl_controv_flag sy_pm,0.0
st_nrvc pl_controv_flag sy_pmdec,0.0
st_nrvc pl_controv_flag sy_pmra,0.0
st_nrvc pl_controv_flag pl_orbper,0.0
st_nrvc pl_controv_flag sy_gaiamag,0.0
st_nrvc pl_controv_flag st_rad,0.0
st_nrvc pl_controv_flag sy_bmag,0.0
st_nrvc pl_controv_flag sy_dist,0.0
st_nrvc pl_controv_flag st_teff,0.0
st_nrvc pl_controv_flag sy_w2mag,0.0
st_nrvc pl_controv_flag sy_w1mag,0.0
st_nrvc pl_controv_flag sy_w3mag,0.0
st_nrvc pl_controv_flag sy_w4mag,0.0
st_nrvc pl_controv_flag sy_plx,0.0
st_nrvc pl_controv_flag st_logg,0.0
st_nrvc pl_controv_flag st_mass,0.0
st_nrvc pl_controv_flag soltype_Kepler Project Candidate (q1_q17_dr25_koi),0.0
st_nrvc pl_controv_flag soltype_Published Confirmed,0.0
st_nrvc pl_controv_flag pl_tsystemref_BJD,0.0
st_nrvc pl_controv_flag pl_tsystemref_BJD-TDB,0.0
st_nrvc pl_controv_flag pl_tsystemref_BJD-UTC,0.0
st_nrvc pl_controv_flag pl_tsystemref_HJD,0.0
st_nrvc pl_controv_flag pl_tsystemref_JD,0.0
st_nrvc disc_year^2,0.0
st_nrvc disc_year sy_tmag,0.0
st_nrvc disc_year sy_kmag,0.0
st_nrvc disc_year sy_jmag,0.0
st_nrvc disc_year sy_hmag,0.0
st_nrvc disc_year sy_vmag,0.0
st_nrvc disc_year sy_pm,-0.0
st_nrvc disc_year sy_pmdec,-0.0
st_nrvc disc_year sy_pmra,0.0
st_nrvc disc_year pl_orbper,-0.0
st_nrvc disc_year sy_gaiamag,0.0
st_nrvc disc_year st_rad,0.0
st_nrvc disc_year sy_bmag,0.0
st_nrvc disc_year sy_dist,0.0
st_nrvc disc_year st_teff,0.0
st_nrvc disc_year sy_w2mag,0.0
st_nrvc disc_year sy_w1mag,0.0
st_nrvc disc_year sy_w3mag,0.0
st_nrvc disc_year sy_w4mag,0.0
st_nrvc disc_year sy_plx,0.0
st_nrvc disc_year st_logg,0.0
st_nrvc disc_year st_mass,0.0
st_nrvc disc_year soltype_Kepler Project Candidate (q1_q17_dr25_koi),0.0
st_nrvc disc_year soltype_Published Confirmed,0.0
st_nrvc disc_year pl_tsystemref_BJD,0.0
st_nrvc disc_year pl_tsystemref_BJD-TDB,0.0
st_nrvc disc_year pl_tsystemref_BJD-UTC,0.0
st_nrvc disc_year pl_tsystemref_HJD,0.0
st_nrvc disc_year pl_tsystemref_JD,0.0
st_nrvc sy_tmag^2,0.0
st_nrvc sy_tmag sy_kmag,0.0
st_nrvc sy_tmag sy_jmag,0.0
st_nrvc sy_tmag sy_hmag,0.0
st_nrvc sy_tmag sy_vmag,0.0
st_nrvc sy_tmag sy_pm,0.0
st_nrvc sy_tmag sy_pmdec,-0.0
st_nrvc sy_tmag sy_pmra,0.0
st_nrvc sy_tmag pl_orbper,0.0
st_nrvc sy_tmag sy_gaiamag,0.0
st_nrvc sy_tmag st_rad,0.0
st_nrvc sy_tmag sy_bmag,0.0
st_nrvc sy_tmag sy_dist,0.0
st_nrvc sy_tmag st_teff,0.0
st_nrvc sy_tmag sy_w2mag,0.0
st_nrvc sy_tmag sy_w1mag,0.0
st_nrvc sy_tmag sy_w3mag,0.0
st_nrvc sy_tmag sy_w4mag,0.0
st_nrvc sy_tmag sy_plx,0.0
st_nrvc sy_tmag st_logg,0.0
st_nrvc sy_tmag st_mass,0.0
st_nrvc sy_tmag soltype_Kepler Project Candidate (q1_q17_dr25_koi),0.0
st_nrvc sy_tmag soltype_Published Confirmed,0.0
st_nrvc sy_tmag pl_tsystemref_BJD,0.0
st_nrvc sy_tmag pl_tsystemref_BJD-TDB,0.0
st_nrvc sy_tmag pl_tsystemref_BJD-UTC,0.0
st_nrvc sy_tmag pl_tsystemref_HJD,0.0
st_nrvc sy_tmag pl_tsystemref_JD,0.0
st_nrvc sy_kmag^2,0.0
st_nrvc sy_kmag sy_jmag,0.0
st_nrvc sy_kmag sy_hmag,0.0
st_nrvc sy_kmag sy_vmag,0.0
st_nrvc sy_kmag sy_pm,0.0
st_nrvc sy_kmag sy_pmdec,-0.0
st_nrvc sy_kmag sy_pmra,0.0
st_nrvc sy_kmag pl_orbper,0.0
st_nrvc sy_kmag sy_gaiamag,0.0
st_nrvc sy_kmag st_rad,0.0
st_nrvc sy_kmag sy_bmag,0.0
st_nrvc sy_kmag sy_dist,0.0
st_nrvc sy_kmag st_teff,0.0
st_nrvc sy_kmag sy_w2mag,0.0
st_nrvc sy_kmag sy_w1mag,0.0
st_nrvc sy_kmag sy_w3mag,0.0
st_nrvc sy_kmag sy_w4mag,0.0
st_nrvc sy_kmag sy_plx,0.0
st_nrvc sy_kmag st_logg,0.0
st_nrvc sy_kmag st_mass,0.0
st_nrvc sy_kmag soltype_Kepler Project Candidate (q1_q17_dr25_koi),0.0
st_nrvc sy_kmag soltype_Published Confirmed,0.0
st_nrvc sy_kmag pl_tsystemref_BJD,0.0
st_nrvc sy_kmag pl_tsystemref_BJD-TDB,0.0
st_nrvc sy_kmag pl_tsystemref_BJD-UTC,0.0
st_nrvc sy_kmag pl_tsystemref_HJD,0.0
st_nrvc sy_kmag pl_tsystemref_JD,0.0
st_nrvc sy_jmag^2,0.0
st_nrvc sy_jmag sy_hmag,0.0
st_nrvc sy_jmag sy_vmag,0.0
st_nrvc sy_jmag sy_pm,0.0
st_nrvc sy_jmag sy_pmdec,-0.0
st_nrvc sy_jmag sy_pmra,0.0
st_nrvc sy_jmag pl_orbper,0.0
st_nrvc sy_jmag sy_gaiamag,0.0
st_nrvc sy_jmag st_rad,0.0
st_nrvc sy_jmag sy_bmag,0.0
st_nrvc sy_jmag sy_dist,0.0
st_nrvc sy_jmag st_teff,0.0
st_nrvc sy_jmag sy_w2mag,0.0
st_nrvc sy_jmag sy_w1mag,0.0
st_nrvc sy_jmag sy_w3mag,0.0
st_nrvc sy_jmag sy_w4mag,0.0
st_nrvc sy_jmag sy_plx,0.0
st_nrvc sy_jmag st_logg,0.0
st_nrvc sy_jmag st_mass,0.0
st_nrvc sy_jmag soltype_Kepler Project Candidate (q1_q17_dr25_koi),0.0
st_nrvc sy_jmag soltype_Published Confirmed,0.0
st_nrvc sy_jmag pl_tsystemref_BJD,0.0
st_nrvc sy_jmag pl_tsystemref_BJD-TDB,0.0
st_nrvc sy_jmag pl_tsystemref_BJD-UTC,0.0
st_nrvc sy_jmag pl_tsystemref_HJD,0.0
st_nrvc sy_jmag pl_tsystemref_JD,0.0
st_nrvc sy_hmag^2,0.0
st_nrvc sy_hmag sy_vmag,0.0
st_nrvc sy_hmag sy_pm,0.0
st_nrvc sy_hmag sy_pmdec,-0.0
st_nrvc sy_hmag sy_pmra,0.0
st_nrvc sy_hmag pl_orbper,0.0
st_nrvc sy_hmag sy_gaiamag,0.0
st_nrvc sy_hmag st_rad,0.0
st_nrvc sy_hmag sy_bmag,0.0
st_nrvc sy_hmag sy_dist,0.0
st_nrvc sy_hmag st_teff,0.0
st_nrvc sy_hmag sy_w2mag,0.0
st_nrvc sy_hmag sy_w1mag,0.0
st_nrvc sy_hmag sy_w3mag,0.0
st_nrvc sy_hmag sy_w4mag,0.0
st_nrvc sy_hmag sy_plx,0.0
st_nrvc sy_hmag st_logg,0.0
st_nrvc sy_hmag st_mass,0.0
st_nrvc sy_hmag soltype_Kepler Project Candidate (q1_q17_dr25_koi),0.0
st_nrvc sy_hmag soltype_Published Confirmed,0.0
st_nrvc sy_hmag pl_tsystemref_BJD,0.0
st_nrvc sy_hmag pl_tsystemref_BJD-TDB,0.0
st_nrvc sy_hmag pl_tsystemref_BJD-UTC,0.0
st_nrvc sy_hmag pl_tsystemref_HJD,0.0
st_nrvc sy_hmag pl_tsystemref_JD,0.0
st_nrvc sy_vmag^2,0.0
st_nrvc sy_vmag sy_pm,0.0
st_nrvc sy_vmag sy_pmdec,-0.0
st_nrvc sy_vmag sy_pmra,0.0
st_nrvc sy_vmag pl_orbper,0.0
st_nrvc sy_vmag sy_gaiamag,0.0
st_nrvc sy_vmag st_rad,0.0
st_nrvc sy_vmag sy_bmag,0.0
st_nrvc sy_vmag sy_dist,0.0
st_nrvc sy_vmag st_teff,0.0
st_nrvc sy_vmag sy_w2mag,0.0
st_nrvc sy_vmag sy_w1mag,0.0
st_nrvc sy_vmag sy_w3mag,0.0
st_nrvc sy_vmag sy_w4mag,0.0
st_nrvc sy_vmag sy_plx,0.0
st_nrvc sy_vmag st_logg,0.0
st_nrvc sy_vmag st_mass,0.0
st_nrvc sy_vmag soltype_Kepler Project Candidate (q1_q17_dr25_koi),0.0
st_nrvc sy_vmag soltype_Published Confirmed,0.0
st_nrvc sy_vmag pl_tsystemref_BJD,0.0
st_nrvc sy_vmag pl_tsystemref_BJD-TDB,0.0
st_nrvc sy_vmag pl_tsystemref_BJD-UTC,0.0
st_nrvc sy_vmag pl_tsystemref_HJD,0.0
st_nrvc sy_vmag pl_tsystemref_JD,0.0
st_nrvc sy_pm^2,-0.0
st_nrvc sy_pm sy_pmdec,-0.0
st_nrvc sy_pm sy_pmra,0.0
st_nrvc sy_pm pl_orbper,-0.0
st_nrvc sy_pm sy_gaiamag,0.0
st_nrvc sy_pm st_rad,0.0
st_nrvc sy_pm sy_bmag,-0.0
st_nrvc sy_pm sy_dist,0.0
st_nrvc sy_pm st_teff,-0.0
st_nrvc sy_pm sy_w2mag,0.0
st_nrvc sy_pm sy_w1mag,0.0
st_nrvc sy_pm sy_w3mag,0.0
st_nrvc sy_pm sy_w4mag,-0.0
st_nrvc sy_pm sy_plx,-0.0
st_nrvc sy_pm st_logg,-0.0
st_nrvc sy_pm st_mass,-0.0
st_nrvc sy_pm soltype_Kepler Project Candidate (q1_q17_dr25_koi),0.0
st_nrvc sy_pm soltype_Published Confirmed,-0.0
st_nrvc sy_pm pl_tsystemref_BJD,0.0
st_nrvc sy_pm pl_tsystemref_BJD-TDB,-0.0
st_nrvc sy_pm pl_tsystemref_BJD-UTC,0.0
st_nrvc sy_pm pl_tsystemref_HJD,0.0
st_nrvc sy_pm pl_tsystemref_JD,0.0
st_nrvc sy_pmdec^2,-0.0
st_nrvc sy_pmdec sy_pmra,0.0
st_nrvc sy_pmdec pl_orbper,-0.0
st_nrvc sy_pmdec sy_gaiamag,-0.0
st_nrvc sy_pmdec st_rad,-0.0
st_nrvc sy_pmdec sy_bmag,-0.0
st_nrvc sy_pmdec sy_dist,-0.0
st_nrvc sy_pmdec st_teff,-0.0
st_nrvc sy_pmdec sy_w2mag,-0.0
st_nrvc sy_pmdec sy_w1mag,-0.0
st_nrvc sy_pmdec sy_w3mag,-0.0
st_nrvc sy_pmdec sy_w4mag,-0.0
st_nrvc sy_pmdec sy_plx,-0.0
st_nrvc sy_pmdec st_logg,-0.0
st_nrvc sy_pmdec st_mass,-0.0
st_nrvc sy_pmdec soltype_Kepler Project Candidate (q1_q17_dr25_koi),0.0
st_nrvc sy_pmdec soltype_Published Confirmed,-0.0
st_nrvc sy_pmdec pl_tsystemref_BJD,-0.0
st_nrvc sy_pmdec pl_tsystemref_BJD-TDB,-0.0
st_nrvc sy_pmdec pl_tsystemref_BJD-UTC,0.0
st_nrvc sy_pmdec pl_tsystemref_HJD,-0.0
st_nrvc sy_pmdec pl_tsystemref_JD,0.0
st_nrvc sy_pmra^2,-0.0
st_nrvc sy_pmra pl_orbper,0.0
st_nrvc sy_pmra sy_gaiamag,0.0
st_nrvc sy_pmra st_rad,0.0
st_nrvc sy_pmra sy_bmag,0.0
st_nrvc sy_pmra sy_dist,0.0
st_nrvc sy_pmra st_teff,0.0
st_nrvc sy_pmra sy_w2mag,0.0
st_nrvc sy_pmra sy_w1mag,0.0
st_nrvc sy_pmra sy_w3mag,0.0
st_nrvc sy_pmra sy_w4mag,0.0
st_nrvc sy_pmra sy_plx,0.0
st_nrvc sy_pmra st_logg,0.0
st_nrvc sy_pmra st_mass,0.0
st_nrvc sy_pmra soltype_Kepler Project Candidate (q1_q17_dr25_koi),0.0
st_nrvc sy_pmra soltype_Published Confirmed,0.0
st_nrvc sy_pmra pl_tsystemref_BJD,-0.0
st_nrvc sy_pmra pl_tsystemref_BJD-TDB,0.0
st_nrvc sy_pmra pl_tsystemref_BJD-UTC,0.0
st_nrvc sy_pmra pl_tsystemref_HJD,-0.0
st_nrvc sy_pmra pl_tsystemref_JD,0.0
st_nrvc pl_orbper^2,-0.0
st_nrvc pl_orbper sy_gaiamag,0.0
st_nrvc pl_orbper st_rad,-0.0
st_nrvc pl_orbper sy_bmag,0.0
st_nrvc pl_orbper sy_dist,0.0
st_nrvc pl_orbper st_teff,-0.0
st_nrvc pl_orbper sy_w2mag,0.0
st_nrvc pl_orbper sy_w1mag,0.0
st_nrvc pl_orbper sy_w3mag,0.0
st_nrvc pl_orbper sy_w4mag,-0.0
st_nrvc pl_orbper sy_plx,-0.0
st_nrvc pl_orbper st_logg,-0.0
st_nrvc pl_orbper st_mass,-0.0
st_nrvc pl_orbper soltype_Kepler Project Candidate (q1_q17_dr25_koi),0.0
st_nrvc pl_orbper soltype_Published Confirmed,-0.0
st_nrvc pl_orbper pl_tsystemref_BJD,-0.0
st_nrvc pl_orbper pl_tsystemref_BJD-TDB,-0.0
st_nrvc pl_orbper pl_tsystemref_BJD-UTC,0.0
st_nrvc pl_orbper pl_tsystemref_HJD,0.0
st_nrvc pl_orbper pl_tsystemref_JD,0.0
st_nrvc sy_gaiamag^2,0.0
st_nrvc sy_gaiamag st_rad,0.0
st_nrvc sy_gaiamag sy_bmag,0.0
st_nrvc sy_gaiamag sy_dist,0.0
st_nrvc sy_gaiamag st_teff,0.0
st_nrvc sy_gaiamag sy_w2mag,0.0
st_nrvc sy_gaiamag sy_w1mag,0.0
st_nrvc sy_gaiamag sy_w3mag,0.0
st_nrvc sy_gaiamag sy_w4mag,0.0
st_nrvc sy_gaiamag sy_plx,0.0
st_nrvc sy_gaiamag st_logg,0.0
st_nrvc sy_gaiamag st_mass,0.0
st_nrvc sy_gaiamag soltype_Kepler Project Candidate (q1_q17_dr25_koi),0.0
st_nrvc sy_gaiamag soltype_Published Confirmed,0.0
st_nrvc sy_gaiamag pl_tsystemref_BJD,0.0
st_nrvc sy_gaiamag pl_tsystemref_BJD-TDB,0.0
st_nrvc sy_gaiamag pl_tsystemref_BJD-UTC,0.0
st_nrvc sy_gaiamag pl_tsystemref_HJD,0.0
st_nrvc sy_gaiamag pl_tsystemref_JD,0.0
st_nrvc st_rad^2,0.0
st_nrvc st_rad sy_bmag,0.0
st_nrvc st_rad sy_dist,0.0
st_nrvc st_rad st_teff,0.0
st_nrvc st_rad sy_w2mag,0.0
st_nrvc st_rad sy_w1mag,0.0
st_nrvc st_rad sy_w3mag,0.0
st_nrvc st_rad sy_w4mag,0.0
st_nrvc st_rad sy_plx,0.0
st_nrvc st_rad st_logg,0.0
st_nrvc st_rad st_mass,0.0
st_nrvc st_rad soltype_Kepler Project Candidate (q1_q17_dr25_koi),0.0
st_nrvc st_rad soltype_Published Confirmed,0.0
st_nrvc st_rad pl_tsystemref_BJD,0.0
st_nrvc st_rad pl_tsystemref_BJD-TDB,0.0
st_nrvc st_rad pl_tsystemref_BJD-UTC,0.0
st_nrvc st_rad pl_tsystemref_HJD,0.0
st_nrvc st_rad pl_tsystemref_JD,0.0
st_nrvc sy_bmag^2,0.0
st_nrvc sy_bmag sy_dist,0.0
st_nrvc sy_bmag st_teff,0.0
st_nrvc sy_bmag sy_w2mag,0.0
st_nrvc sy_bmag sy_w1mag,0.0
st_nrvc sy_bmag sy_w3mag,0.0
st_nrvc sy_bmag sy_w4mag,0.0
st_nrvc sy_bmag sy_plx,0.0
st_nrvc sy_bmag st_logg,0.0
st_nrvc sy_bmag st_mass,0.0
st_nrvc sy_bmag soltype_Kepler Project Candidate (q1_q17_dr25_koi),0.0
st_nrvc sy_bmag soltype_Published Confirmed,0.0
st_nrvc sy_bmag pl_tsystemref_BJD,0.0
st_nrvc sy_bmag pl_tsystemref_BJD-TDB,0.0
st_nrvc sy_bmag pl_tsystemref_BJD-UTC,0.0
st_nrvc sy_bmag pl_tsystemref_HJD,0.0
st_nrvc sy_bmag pl_tsystemref_JD,0.0
st_nrvc sy_dist^2,0.0
st_nrvc sy_dist st_teff,0.0
st_nrvc sy_dist sy_w2mag,0.0
st_nrvc sy_dist sy_w1mag,0.0
st_nrvc sy_dist sy_w3mag,0.0
st_nrvc sy_dist sy_w4mag,0.0
st_nrvc sy_dist sy_plx,0.0
st_nrvc sy_dist st_logg,0.0
st_nrvc sy_dist st_mass,0.0
st_nrvc sy_dist soltype_Kepler Project Candidate (q1_q17_dr25_koi),0.0
st_nrvc sy_dist soltype_Published Confirmed,0.0
st_nrvc sy_dist pl_tsystemref_BJD,0.0
st_nrvc sy_dist pl_tsystemref_BJD-TDB,0.0
st_nrvc sy_dist pl_tsystemref_BJD-UTC,0.0
st_nrvc sy_dist pl_tsystemref_HJD,0.0
st_nrvc sy_dist pl_tsystemref_JD,0.0
st_nrvc st_teff^2,0.0
st_nrvc st_teff sy_w2mag,0.0
st_nrvc st_teff sy_w1mag,0.0
st_nrvc st_teff sy_w3mag,0.0
st_nrvc st_teff sy_w4mag,0.0
st_nrvc st_teff sy_plx,0.0
st_nrvc st_teff st_logg,0.0
st_nrvc st_teff st_mass,0.0
st_nrvc st_teff soltype_Kepler Project Candidate (q1_q17_dr25_koi),0.0
st_nrvc st_teff soltype_Published Confirmed,0.0
st_nrvc st_teff pl_tsystemref_BJD,0.0
st_nrvc st_teff pl_tsystemref_BJD-TDB,0.0
st_nrvc st_teff pl_tsystemref_BJD-UTC,0.0
st_nrvc st_teff pl_tsystemref_HJD,0.0
st_nrvc st_teff pl_tsystemref_JD,0.0
st_nrvc sy_w2mag^2,0.0
st_nrvc sy_w2mag sy_w1mag,0.0
st_nrvc sy_w2mag sy_w3mag,0.0
st_nrvc sy_w2mag sy_w4mag,0.0
st_nrvc sy_w2mag sy_plx,0.0
st_nrvc sy_w2mag st_logg,0.0
st_nrvc sy_w2mag st_mass,0.0
st_nrvc sy_w2mag soltype_Kepler Project Candidate (q1_q17_dr25_koi),0.0
st_nrvc sy_w2mag soltype_Published Confirmed,0.0
st_nrvc sy_w2mag pl_tsystemref_BJD,0.0
st_nrvc sy_w2mag pl_tsystemref_BJD-TDB,0.0
st_nrvc sy_w2mag pl_tsystemref_BJD-UTC,0.0
st_nrvc sy_w2mag pl_tsystemref_HJD,0.0
st_nrvc sy_w2mag pl_tsystemref_JD,0.0
st_nrvc sy_w1mag^2,0.0
st_nrvc sy_w1mag sy_w3mag,0.0
st_nrvc sy_w1mag sy_w4mag,0.0
st_nrvc sy_w1mag sy_plx,0.0
st_nrvc sy_w1mag st_logg,0.0
st_nrvc sy_w1mag st_mass,0.0
st_nrvc sy_w1mag soltype_Kepler Project Candidate (q1_q17_dr25_koi),0.0
st_nrvc sy_w1mag soltype_Published Confirmed,0.0
st_nrvc sy_w1mag pl_tsystemref_BJD,0.0
st_nrvc sy_w1mag pl_tsystemref_BJD-TDB,0.0
st_nrvc sy_w1mag pl_tsystemref_BJD-UTC,0.0
st_nrvc sy_w1mag pl_tsystemref_HJD,0.0
st_nrvc sy_w1mag pl_tsystemref_JD,0.0
st_nrvc sy_w3mag^2,0.0
st_nrvc sy_w3mag sy_w4mag,0.0
st_nrvc sy_w3mag sy_plx,0.0
st_nrvc sy_w3mag st_logg,0.0
st_nrvc sy_w3mag st_mass,0.0
st_nrvc sy_w3mag soltype_Kepler Project Candidate (q1_q17_dr25_koi),0.0
st_nrvc sy_w3mag soltype_Published Confirmed,0.0
st_nrvc sy_w3mag pl_tsystemref_BJD,0.0
st_nrvc sy_w3mag pl_tsystemref_BJD-TDB,0.0
st_nrvc sy_w3mag pl_tsystemref_BJD-UTC,0.0
st_nrvc sy_w3mag pl_tsystemref_HJD,0.0
st_nrvc sy_w3mag pl_tsystemref_JD,0.0
st_nrvc sy_w4mag^2,0.0
st_nrvc sy_w4mag sy_plx,0.0
st_nrvc sy_w4mag st_logg,0.0
st_nrvc sy_w4mag st_mass,0.0
st_nrvc sy_w4mag soltype_Kepler Project Candidate (q1_q17_dr25_koi),0.0
st_nrvc sy_w4mag soltype_Published Confirmed,0.0
st_nrvc sy_w4mag pl_tsystemref_BJD,0.0
st_nrvc sy_w4mag pl_tsystemref_BJD-TDB,0.0
st_nrvc sy_w4mag pl_tsystemref_BJD-UTC,0.0
st_nrvc sy_w4mag pl_tsystemref_HJD,0.0
st_nrvc sy_w4mag pl_tsystemref_JD,0.0
st_nrvc sy_plx^2,-0.0
st_nrvc sy_plx st_logg,0.0
st_nrvc sy_plx st_mass,0.0
st_nrvc sy_plx soltype_Kepler Project Candidate (q1_q17_dr25_koi),0.0
st_nrvc sy_plx soltype_Published Confirmed,0.0
st_nrvc sy_plx pl_tsystemref_BJD,0.0
st_nrvc sy_plx pl_tsystemref_BJD-TDB,-0.0
st_nrvc sy_plx pl_tsystemref_BJD-UTC,0.0
st_nrvc sy_plx pl_tsystemref_HJD,0.0
st_nrvc sy_plx pl_tsystemref_JD,0.0
st_nrvc st_logg^2,0.0
st_nrvc st_logg st_mass,0.0
st_nrvc st_logg soltype_Kepler Project Candidate (q1_q17_dr25_koi),0.0
st_nrvc st_logg soltype_Published Confirmed,0.0
st_nrvc st_logg pl_tsystemref_BJD,0.0
st_nrvc st_logg pl_tsystemref_BJD-TDB,0.0
st_nrvc st_logg pl_tsystemref_BJD-UTC,0.0
st_nrvc st_logg pl_tsystemref_HJD,0.0
st_nrvc st_logg pl_tsystemref_JD,0.0
st_nrvc st_mass^2,0.0
st_nrvc st_mass soltype_Kepler Project Candidate (q1_q17_dr25_koi),0.0
st_nrvc st_mass soltype_Published Confirmed,0.0
st_nrvc st_mass pl_tsystemref_BJD,0.0
st_nrvc st_mass pl_tsystemref_BJD-TDB,0.0
st_nrvc st_mass pl_tsystemref_BJD-UTC,0.0
st_nrvc st_mass pl_tsystemref_HJD,0.0
st_nrvc st_mass pl_tsystemref_JD,0.0
st_nrvc soltype_Kepler Project Candidate (q1_q17_dr25_koi)^2,0.0
st_nrvc soltype_Kepler Project Candidate (q1_q17_dr25_koi) soltype_Published Confirmed,0.0
st_nrvc soltype_Kepler Project Candidate (q1_q17_dr25_koi) pl_tsystemref_BJD,0.0
st_nrvc soltype_Kepler Project Candidate (q1_q17_dr25_koi) pl_tsystemref_BJD-TDB,0.0
st_nrvc soltype_Kepler Project Candidate (q1_q17_dr25_koi) pl_tsystemref_BJD-UTC,0.0
st_nrvc soltype_Kepler Project Candidate (q1_q17_dr25_koi) pl_tsystemref_HJD,0.0
st_nrvc soltype_Kepler Project Candidate (q1_q17_dr25_koi) pl_tsystemref_JD,0.0
st_nrvc soltype_Published Confirmed^2,0.0
st_nrvc soltype_Published Confirmed pl_tsystemref_BJD,0.0
st_nrvc soltype_Published Confirmed pl_tsystemref_BJD-TDB,0.0
st_nrvc soltype_Published Confirmed pl_tsystemref_BJD-UTC,0.0
st_nrvc soltype_Published Confirmed pl_tsystemref_HJD,0.0
st_nrvc soltype_Published Confirmed pl_tsystemref_JD,0.0
st_nrvc pl_tsystemref_BJD^2,0.0
st_nrvc pl_tsystemref_BJD pl_tsystemref_BJD-TDB,0.0
st_nrvc pl_tsystemref_BJD pl_tsystemref_BJD-UTC,0.0
st_nrvc pl_tsystemref_BJD pl_tsystemref_HJD,0.0
st_nrvc pl_tsystemref_BJD pl_tsystemref_JD,0.0
st_nrvc pl_tsystemref_BJD-TDB^2,0.0
st_nrvc pl_tsystemref_BJD-TDB pl_tsystemref_BJD-UTC,0.0
st_nrvc pl_tsystemref_BJD-TDB pl_tsystemref_HJD,0.0
st_nrvc pl_tsystemref_BJD-TDB pl_tsystemref_JD,0.0
st_nrvc pl_tsystemref_BJD-UTC^2,0.0
st_nrvc pl_tsystemref_BJD-UTC pl_tsystemref_HJD,0.0
st_nrvc pl_tsystemref_BJD-UTC pl_tsystemref_JD,0.0
st_nrvc pl_tsystemref_HJD^2,0.0
st_nrvc pl_tsystemref_HJD pl_tsystemref_JD,0.0
st_nrvc pl_tsystemref_JD^2,0.0
pl_controv_flag^3,-0.0
pl_controv_flag^2 disc_year,-0.0
pl_controv_flag^2 sy_tmag,-0.0
pl_controv_flag^2 sy_kmag,-0.0
pl_controv_flag^2 sy_jmag,-0.0
pl_controv_flag^2 sy_hmag,-0.0
pl_controv_flag^2 sy_vmag,-0.0
pl_controv_flag^2 sy_pm,-0.0
pl_controv_flag^2 sy_pmdec,-0.0
pl_controv_flag^2 sy_pmra,-0.0
pl_controv_flag^2 pl_orbper,-0.0
pl_controv_flag^2 sy_gaiamag,-0.0
pl_controv_flag^2 st_rad,-0.0
pl_controv_flag^2 sy_bmag,-0.0
pl_controv_flag^2 sy_dist,0.0
pl_controv_flag^2 st_teff,-0.0
pl_controv_flag^2 sy_w2mag,-0.0
pl_controv_flag^2 sy_w1mag,-0.0
pl_controv_flag^2 sy_w3mag,-0.0
pl_controv_flag^2 sy_w4mag,-0.0
pl_controv_flag^2 sy_plx,-0.0
pl_controv_flag^2 st_logg,-0.0
pl_controv_flag^2 st_mass,-0.0
pl_controv_flag^2 soltype_Kepler Project Candidate (q1_q17_dr25_koi),0.0
pl_controv_flag^2 soltype_Published Confirmed,-0.0
pl_controv_flag^2 pl_tsystemref_BJD,-0.0
pl_controv_flag^2 pl_tsystemref_BJD-TDB,0.0
pl_controv_flag^2 pl_tsystemref_BJD-UTC,-0.0
pl_controv_flag^2 pl_tsystemref_HJD,0.0
pl_controv_flag^2 pl_tsystemref_JD,0.0
pl_controv_flag disc_year^2,-0.0
pl_controv_flag disc_year sy_tmag,-0.0
pl_controv_flag disc_year sy_kmag,-0.0
pl_controv_flag disc_year sy_jmag,-0.0
pl_controv_flag disc_year sy_hmag,-0.0
pl_controv_flag disc_year sy_vmag,-0.0
pl_controv_flag disc_year sy_pm,-0.0
pl_controv_flag disc_year sy_pmdec,-0.0
pl_controv_flag disc_year sy_pmra,-0.0
pl_controv_flag disc_year pl_orbper,-0.0
pl_controv_flag disc_year sy_gaiamag,-0.0
pl_controv_flag disc_year st_rad,-0.0
pl_controv_flag disc_year sy_bmag,-0.0
pl_controv_flag disc_year sy_dist,0.0
pl_controv_flag disc_year st_teff,-0.0
pl_controv_flag disc_year sy_w2mag,-0.0
pl_controv_flag disc_year sy_w1mag,-0.0
pl_controv_flag disc_year sy_w3mag,-0.0
pl_controv_flag disc_year sy_w4mag,-0.0
pl_controv_flag disc_year sy_plx,-0.0
pl_controv_flag disc_year st_logg,-0.0
pl_controv_flag disc_year st_mass,-0.0
pl_controv_flag disc_year soltype_Kepler Project Candidate (q1_q17_dr25_koi),0.0
pl_controv_flag disc_year soltype_Published Confirmed,-0.0
pl_controv_flag disc_year pl_tsystemref_BJD,-0.0
pl_controv_flag disc_year pl_tsystemref_BJD-TDB,0.0
pl_controv_flag disc_year pl_tsystemref_BJD-UTC,-0.0
pl_controv_flag disc_year pl_tsystemref_HJD,0.0
pl_controv_flag disc_year pl_tsystemref_JD,0.0
pl_controv_flag sy_tmag^2,-0.0
pl_controv_flag sy_tmag sy_kmag,-0.0
pl_controv_flag sy_tmag sy_jmag,-0.0
pl_controv_flag sy_tmag sy_hmag,-0.0
pl_controv_flag sy_tmag sy_vmag,-0.0
pl_controv_flag sy_tmag sy_pm,-0.0
pl_controv_flag sy_tmag sy_pmdec,-0.0
pl_controv_flag sy_tmag sy_pmra,-0.0
pl_controv_flag sy_tmag pl_orbper,-0.0
pl_controv_flag sy_tmag sy_gaiamag,-0.0
pl_controv_flag sy_tmag st_rad,-0.0
pl_controv_flag sy_tmag sy_bmag,-0.0
pl_controv_flag sy_tmag sy_dist,0.0
pl_controv_flag sy_tmag st_teff,-0.0
pl_controv_flag sy_tmag sy_w2mag,-0.0
pl_controv_flag sy_tmag sy_w1mag,-0.0
pl_controv_flag sy_tmag sy_w3mag,-0.0
pl_controv_flag sy_tmag sy_w4mag,-0.0
pl_controv_flag sy_tmag sy_plx,-0.0
pl_controv_flag sy_tmag st_logg,-0.0
pl_controv_flag sy_tmag st_mass,-0.0
pl_controv_flag sy_tmag soltype_Kepler Project Candidate (q1_q17_dr25_koi),0.0
pl_controv_flag sy_tmag soltype_Published Confirmed,-0.0
pl_controv_flag sy_tmag pl_tsystemref_BJD,-0.0
pl_controv_flag sy_tmag pl_tsystemref_BJD-TDB,0.0
pl_controv_flag sy_tmag pl_tsystemref_BJD-UTC,-0.0
pl_controv_flag sy_tmag pl_tsystemref_HJD,0.0
pl_controv_flag sy_tmag pl_tsystemref_JD,0.0
pl_controv_flag sy_kmag^2,-0.0
pl_controv_flag sy_kmag sy_jmag,-0.0
pl_controv_flag sy_kmag sy_hmag,-0.0
pl_controv_flag sy_kmag sy_vmag,-0.0
pl_controv_flag sy_kmag sy_pm,-0.0
pl_controv_flag sy_kmag sy_pmdec,-0.0
pl_controv_flag sy_kmag sy_pmra,-0.0
pl_controv_flag sy_kmag pl_orbper,-0.0
pl_controv_flag sy_kmag sy_gaiamag,-0.0
pl_controv_flag sy_kmag st_rad,-0.0
pl_controv_flag sy_kmag sy_bmag,-0.0
pl_controv_flag sy_kmag sy_dist,0.0
pl_controv_flag sy_kmag st_teff,-0.0
pl_controv_flag sy_kmag sy_w2mag,-0.0
pl_controv_flag sy_kmag sy_w1mag,-0.0
pl_controv_flag sy_kmag sy_w3mag,-0.0
pl_controv_flag sy_kmag sy_w4mag,-0.0
pl_controv_flag sy_kmag sy_plx,-0.0
pl_controv_flag sy_kmag st_logg,-0.0
pl_controv_flag sy_kmag st_mass,-0.0
pl_controv_flag sy_kmag soltype_Kepler Project Candidate (q1_q17_dr25_koi),0.0
pl_controv_flag sy_kmag soltype_Published Confirmed,-0.0
pl_controv_flag sy_kmag pl_tsystemref_BJD,-0.0
pl_controv_flag sy_kmag pl_tsystemref_BJD-TDB,0.0
pl_controv_flag sy_kmag pl_tsystemref_BJD-UTC,-0.0
pl_controv_flag sy_kmag pl_tsystemref_HJD,0.0
pl_controv_flag sy_kmag pl_tsystemref_JD,0.0
pl_controv_flag sy_jmag^2,-0.0
pl_controv_flag sy_jmag sy_hmag,-0.0
pl_controv_flag sy_jmag sy_vmag,-0.0
pl_controv_flag sy_jmag sy_pm,-0.0
pl_controv_flag sy_jmag sy_pmdec,-0.0
pl_controv_flag sy_jmag sy_pmra,-0.0
pl_controv_flag sy_jmag pl_orbper,-0.0
pl_controv_flag sy_jmag sy_gaiamag,-0.0
pl_controv_flag sy_jmag st_rad,-0.0
pl_controv_flag sy_jmag sy_bmag,-0.0
pl_controv_flag sy_jmag sy_dist,0.0
pl_controv_flag sy_jmag st_teff,-0.0
pl_controv_flag sy_jmag sy_w2mag,-0.0
pl_controv_flag sy_jmag sy_w1mag,-0.0
pl_controv_flag sy_jmag sy_w3mag,-0.0
pl_controv_flag sy_jmag sy_w4mag,-0.0
pl_controv_flag sy_jmag sy_plx,-0.0
pl_controv_flag sy_jmag st_logg,-0.0
pl_controv_flag sy_jmag st_mass,-0.0
pl_controv_flag sy_jmag soltype_Kepler Project Candidate (q1_q17_dr25_koi),0.0
pl_controv_flag sy_jmag soltype_Published Confirmed,-0.0
pl_controv_flag sy_jmag pl_tsystemref_BJD,-0.0
pl_controv_flag sy_jmag pl_tsystemref_BJD-TDB,0.0
pl_controv_flag sy_jmag pl_tsystemref_BJD-UTC,-0.0
pl_controv_flag sy_jmag pl_tsystemref_HJD,0.0
pl_controv_flag sy_jmag pl_tsystemref_JD,0.0
pl_controv_flag sy_hmag^2,-0.0
pl_controv_flag sy_hmag sy_vmag,-0.0
pl_controv_flag sy_hmag sy_pm,-0.0
pl_controv_flag sy_hmag sy_pmdec,-0.0
pl_controv_flag sy_hmag sy_pmra,-0.0
pl_controv_flag sy_hmag pl_orbper,-0.0
pl_controv_flag sy_hmag sy_gaiamag,-0.0
pl_controv_flag sy_hmag st_rad,-0.0
pl_controv_flag sy_hmag sy_bmag,-0.0
pl_controv_flag sy_hmag sy_dist,0.0
pl_controv_flag sy_hmag st_teff,-0.0
pl_controv_flag sy_hmag sy_w2mag,-0.0
pl_controv_flag sy_hmag sy_w1mag,-0.0
pl_controv_flag sy_hmag sy_w3mag,-0.0
pl_controv_flag sy_hmag sy_w4mag,-0.0
pl_controv_flag sy_hmag sy_plx,-0.0
pl_controv_flag sy_hmag st_logg,-0.0
pl_controv_flag sy_hmag st_mass,-0.0
pl_controv_flag sy_hmag soltype_Kepler Project Candidate (q1_q17_dr25_koi),0.0
pl_controv_flag sy_hmag soltype_Published Confirmed,-0.0
pl_controv_flag sy_hmag pl_tsystemref_BJD,-0.0
pl_controv_flag sy_hmag pl_tsystemref_BJD-TDB,0.0
pl_controv_flag sy_hmag pl_tsystemref_BJD-UTC,-0.0
pl_controv_flag sy_hmag pl_tsystemref_HJD,0.0
pl_controv_flag sy_hmag pl_tsystemref_JD,0.0
pl_controv_flag sy_vmag^2,-0.0
pl_controv_flag sy_vmag sy_pm,-0.0
pl_controv_flag sy_vmag sy_pmdec,-0.0
pl_controv_flag sy_vmag sy_pmra,-0.0
pl_controv_flag sy_vmag pl_orbper,-0.0
pl_controv_flag sy_vmag sy_gaiamag,-0.0
pl_controv_flag sy_vmag st_rad,-0.0
pl_controv_flag sy_vmag sy_bmag,-0.0
pl_controv_flag sy_vmag sy_dist,0.0
pl_controv_flag sy_vmag st_teff,-0.0
pl_controv_flag sy_vmag sy_w2mag,-0.0
pl_controv_flag sy_vmag sy_w1mag,-0.0
pl_controv_flag sy_vmag sy_w3mag,-0.0
pl_controv_flag sy_vmag sy_w4mag,-0.0
pl_controv_flag sy_vmag sy_plx,-0.0
pl_controv_flag sy_vmag st_logg,-0.0
pl_controv_flag sy_vmag st_mass,-0.0
pl_controv_flag sy_vmag soltype_Kepler Project Candidate (q1_q17_dr25_koi),0.0
pl_controv_flag sy_vmag soltype_Published Confirmed,-0.0
pl_controv_flag sy_vmag pl_tsystemref_BJD,-0.0
pl_controv_flag sy_vmag pl_tsystemref_BJD-TDB,0.0
pl_controv_flag sy_vmag pl_tsystemref_BJD-UTC,-0.0
pl_controv_flag sy_vmag pl_tsystemref_HJD,0.0
pl_controv_flag sy_vmag pl_tsystemref_JD,0.0
pl_controv_flag sy_pm^2,-0.0
pl_controv_flag sy_pm sy_pmdec,-0.0
pl_controv_flag sy_pm sy_pmra,-0.0
pl_controv_flag sy_pm pl_orbper,-0.0
pl_controv_flag sy_pm sy_gaiamag,-0.0
pl_controv_flag sy_pm st_rad,-0.0
pl_controv_flag sy_pm sy_bmag,-0.0
pl_controv_flag sy_pm sy_dist,-0.0
pl_controv_flag sy_pm st_teff,-0.0
pl_controv_flag sy_pm sy_w2mag,-0.0
pl_controv_flag sy_pm sy_w1mag,-0.0
pl_controv_flag sy_pm sy_w3mag,-0.0
pl_controv_flag sy_pm sy_w4mag,-0.0
pl_controv_flag sy_pm sy_plx,-0.0
pl_controv_flag sy_pm st_logg,-0.0
pl_controv_flag sy_pm st_mass,-0.0
pl_controv_flag sy_pm soltype_Kepler Project Candidate (q1_q17_dr25_koi),0.0
pl_controv_flag sy_pm soltype_Published Confirmed,-0.0
pl_controv_flag sy_pm pl_tsystemref_BJD,-0.0
pl_controv_flag sy_pm pl_tsystemref_BJD-TDB,0.0
pl_controv_flag sy_pm pl_tsystemref_BJD-UTC,-0.0
pl_controv_flag sy_pm pl_tsystemref_HJD,0.0
pl_controv_flag sy_pm pl_tsystemref_JD,0.0
pl_controv_flag sy_pmdec^2,-0.0
pl_controv_flag sy_pmdec sy_pmra,-0.0
pl_controv_flag sy_pmdec pl_orbper,-0.0
pl_controv_flag sy_pmdec sy_gaiamag,-0.0
pl_controv_flag sy_pmdec st_rad,-0.0
pl_controv_flag sy_pmdec sy_bmag,-0.0
pl_controv_flag sy_pmdec sy_dist,-0.0
pl_controv_flag sy_pmdec st_teff,-0.0
pl_controv_flag sy_pmdec sy_w2mag,-0.0
pl_controv_flag sy_pmdec sy_w1mag,-0.0
pl_controv_flag sy_pmdec sy_w3mag,-0.0
pl_controv_flag sy_pmdec sy_w4mag,-0.0
pl_controv_flag sy_pmdec sy_plx,0.0
pl_controv_flag sy_pmdec st_logg,-0.0
pl_controv_flag sy_pmdec st_mass,-0.0
pl_controv_flag sy_pmdec soltype_Kepler Project Candidate (q1_q17_dr25_koi),0.0
pl_controv_flag sy_pmdec soltype_Published Confirmed,-0.0
pl_controv_flag sy_pmdec pl_tsystemref_BJD,-0.0
pl_controv_flag sy_pmdec pl_tsystemref_BJD-TDB,0.0
pl_controv_flag sy_pmdec pl_tsystemref_BJD-UTC,0.0
pl_controv_flag sy_pmdec pl_tsystemref_HJD,0.0
pl_controv_flag sy_pmdec pl_tsystemref_JD,0.0
pl_controv_flag sy_pmra^2,-0.0
pl_controv_flag sy_pmra pl_orbper,-0.0
pl_controv_flag sy_pmra sy_gaiamag,-0.0
pl_controv_flag sy_pmra st_rad,-0.0
pl_controv_flag sy_pmra sy_bmag,-0.0017584548447234511
pl_controv_flag sy_pmra sy_dist,-0.0
pl_controv_flag sy_pmra st_teff,-0.0
pl_controv_flag sy_pmra sy_w2mag,-0.0
pl_controv_flag sy_pmra sy_w1mag,-0.0
pl_controv_flag sy_pmra sy_w3mag,-0.0
pl_controv_flag sy_pmra sy_w4mag,-0.0
pl_controv_flag sy_pmra sy_plx,-0.0
pl_controv_flag sy_pmra st_logg,-0.0
pl_controv_flag sy_pmra st_mass,-0.0
pl_controv_flag sy_pmra soltype_Kepler Project Candidate (q1_q17_dr25_koi),0.0
pl_controv_flag sy_pmra soltype_Published Confirmed,-0.0
pl_controv_flag sy_pmra pl_tsystemref_BJD,-0.0
pl_controv_flag sy_pmra pl_tsystemref_BJD-TDB,0.0
pl_controv_flag sy_pmra pl_tsystemref_BJD-UTC,-0.0
pl_controv_flag sy_pmra pl_tsystemref_HJD,0.0
pl_controv_flag sy_pmra pl_tsystemref_JD,0.0
pl_controv_flag pl_orbper^2,-0.0
pl_controv_flag pl_orbper sy_gaiamag,-0.0
pl_controv_flag pl_orbper st_rad,-0.0
pl_controv_flag pl_orbper sy_bmag,-0.0
pl_controv_flag pl_orbper sy_dist,-0.0
pl_controv_flag pl_orbper st_teff,-0.0
pl_controv_flag pl_orbper sy_w2mag,-0.0
pl_controv_flag pl_orbper sy_w1mag,-0.0
pl_controv_flag pl_orbper sy_w3mag,-0.0
pl_controv_flag pl_orbper sy_w4mag,-0.0
pl_controv_flag pl_orbper sy_plx,-0.0
pl_controv_flag pl_orbper st_logg,-0.0
pl_controv_flag pl_orbper st_mass,-0.0
pl_controv_flag pl_orbper soltype_Kepler Project Candidate (q1_q17_dr25_koi),0.0
pl_controv_flag pl_orbper soltype_Published Confirmed,-0.0
pl_controv_flag pl_orbper pl_tsystemref_BJD,-0.0
pl_controv_flag pl_orbper pl_tsystemref_BJD-TDB,0.0
pl_controv_flag pl_orbper pl_tsystemref_BJD-UTC,-0.0
pl_controv_flag pl_orbper pl_tsystemref_HJD,0.0
pl_controv_flag pl_orbper pl_tsystemref_JD,0.0
pl_controv_flag sy_gaiamag^2,-0.0
pl_controv_flag sy_gaiamag st_rad,-0.0
pl_controv_flag sy_gaiamag sy_bmag,-0.0
pl_controv_flag sy_gaiamag sy_dist,0.0
pl_controv_flag sy_gaiamag st_teff,-0.0
pl_controv_flag sy_gaiamag sy_w2mag,-0.0
pl_controv_flag sy_gaiamag sy_w1mag,-0.0
pl_controv_flag sy_gaiamag sy_w3mag,-0.0
pl_controv_flag sy_gaiamag sy_w4mag,-0.0
pl_controv_flag sy_gaiamag sy_plx,-0.0
pl_controv_flag sy_gaiamag st_logg,-0.0
pl_controv_flag sy_gaiamag st_mass,-0.0
pl_controv_flag sy_gaiamag soltype_Kepler Project Candidate (q1_q17_dr25_koi),0.0
pl_controv_flag sy_gaiamag soltype_Published Confirmed,-0.0
pl_controv_flag sy_gaiamag pl_tsystemref_BJD,-0.0
pl_controv_flag sy_gaiamag pl_tsystemref_BJD-TDB,0.0
pl_controv_flag sy_gaiamag pl_tsystemref_BJD-UTC,-0.0
pl_controv_flag sy_gaiamag pl_tsystemref_HJD,0.0
pl_controv_flag sy_gaiamag pl_tsystemref_JD,0.0
pl_controv_flag st_rad^2,-0.0
pl_controv_flag st_rad sy_bmag,-0.0
pl_controv_flag st_rad sy_dist,0.0
pl_controv_flag st_rad st_teff,-0.0
pl_controv_flag st_rad sy_w2mag,-0.0
pl_controv_flag st_rad sy_w1mag,-0.0
pl_controv_flag st_rad sy_w3mag,-0.0
pl_controv_flag st_rad sy_w4mag,-0.0
pl_controv_flag st_rad sy_plx,-0.0
pl_controv_flag st_rad st_logg,-0.0
pl_controv_flag st_rad st_mass,-0.0
pl_controv_flag st_rad soltype_Kepler Project Candidate (q1_q17_dr25_koi),0.0
pl_controv_flag st_rad soltype_Published Confirmed,-0.0
pl_controv_flag st_rad pl_tsystemref_BJD,-0.0
pl_controv_flag st_rad pl_tsystemref_BJD-TDB,0.0
pl_controv_flag st_rad pl_tsystemref_BJD-UTC,-0.0
pl_controv_flag st_rad pl_tsystemref_HJD,0.0
pl_controv_flag st_rad pl_tsystemref_JD,0.0
pl_controv_flag sy_bmag^2,-0.0
pl_controv_flag sy_bmag sy_dist,0.0
pl_controv_flag sy_bmag st_teff,-0.0
pl_controv_flag sy_bmag sy_w2mag,-0.0
pl_controv_flag sy_bmag sy_w1mag,-0.0
pl_controv_flag sy_bmag sy_w3mag,-0.0
pl_controv_flag sy_bmag sy_w4mag,-0.0
pl_controv_flag sy_bmag sy_plx,-0.0
pl_controv_flag sy_bmag st_logg,-0.0
pl_controv_flag sy_bmag st_mass,-0.0
pl_controv_flag sy_bmag soltype_Kepler Project Candidate (q1_q17_dr25_koi),0.0
pl_controv_flag sy_bmag soltype_Published Confirmed,-0.0
pl_controv_flag sy_bmag pl_tsystemref_BJD,-0.0
pl_controv_flag sy_bmag pl_tsystemref_BJD-TDB,0.0
pl_controv_flag sy_bmag pl_tsystemref_BJD-UTC,-0.0
pl_controv_flag sy_bmag pl_tsystemref_HJD,0.0
pl_controv_flag sy_bmag pl_tsystemref_JD,0.0
pl_controv_flag sy_dist^2,0.0
pl_controv_flag sy_dist st_teff,0.0
pl_controv_flag sy_dist sy_w2mag,0.0
pl_controv_flag sy_dist sy_w1mag,0.0
pl_controv_flag sy_dist sy_w3mag,0.0
pl_controv_flag sy_dist sy_w4mag,0.0
pl_controv_flag sy_dist sy_plx,-0.0
pl_controv_flag sy_dist st_logg,0.0
pl_controv_flag sy_dist st_mass,0.0
pl_controv_flag sy_dist soltype_Kepler Project Candidate (q1_q17_dr25_koi),0.0
pl_controv_flag sy_dist soltype_Published Confirmed,0.0
pl_controv_flag sy_dist pl_tsystemref_BJD,-0.0
pl_controv_flag sy_dist pl_tsystemref_BJD-TDB,0.0
pl_controv_flag sy_dist pl_tsystemref_BJD-UTC,-0.0
pl_controv_flag sy_dist pl_tsystemref_HJD,0.0
pl_controv_flag sy_dist pl_tsystemref_JD,0.0
pl_controv_flag st_teff^2,-0.0
pl_controv_flag st_teff sy_w2mag,-0.0
pl_controv_flag st_teff sy_w1mag,-0.0
pl_controv_flag st_teff sy_w3mag,-0.0
pl_controv_flag st_teff sy_w4mag,-0.0
pl_controv_flag st_teff sy_plx,-0.0
pl_controv_flag st_teff st_logg,-0.0
pl_controv_flag st_teff st_mass,-0.0
pl_controv_flag st_teff soltype_Kepler Project Candidate (q1_q17_dr25_koi),0.0
pl_controv_flag st_teff soltype_Published Confirmed,-0.0
pl_controv_flag st_teff pl_tsystemref_BJD,-0.0
pl_controv_flag st_teff pl_tsystemref_BJD-TDB,0.0
pl_controv_flag st_teff pl_tsystemref_BJD-UTC,-0.0
pl_controv_flag st_teff pl_tsystemref_HJD,0.0
pl_controv_flag st_teff pl_tsystemref_JD,0.0
pl_controv_flag sy_w2mag^2,-0.0
pl_controv_flag sy_w2mag sy_w1mag,-0.0
pl_controv_flag sy_w2mag sy_w3mag,-0.0
pl_controv_flag sy_w2mag sy_w4mag,-0.0
pl_controv_flag sy_w2mag sy_plx,-0.0
pl_controv_flag sy_w2mag st_logg,-0.0
pl_controv_flag sy_w2mag st_mass,-0.0
pl_controv_flag sy_w2mag soltype_Kepler Project Candidate (q1_q17_dr25_koi),0.0
pl_controv_flag sy_w2mag soltype_Published Confirmed,-0.0
pl_controv_flag sy_w2mag pl_tsystemref_BJD,-0.0
pl_controv_flag sy_w2mag pl_tsystemref_BJD-TDB,0.0
pl_controv_flag sy_w2mag pl_tsystemref_BJD-UTC,-0.0
pl_controv_flag sy_w2mag pl_tsystemref_HJD,0.0
pl_controv_flag sy_w2mag pl_tsystemref_JD,0.0
pl_controv_flag sy_w1mag^2,-0.0
pl_controv_flag sy_w1mag sy_w3mag,-0.0
pl_controv_flag sy_w1mag sy_w4mag,-0.0
pl_controv_flag sy_w1mag sy_plx,-0.0
pl_controv_flag sy_w1mag st_logg,-0.0
pl_controv_flag sy_w1mag st_mass,-0.0
pl_controv_flag sy_w1mag soltype_Kepler Project Candidate (q1_q17_dr25_koi),0.0
pl_controv_flag sy_w1mag soltype_Published Confirmed,-0.0
pl_controv_flag sy_w1mag pl_tsystemref_BJD,-0.0
pl_controv_flag sy_w1mag pl_tsystemref_BJD-TDB,0.0
pl_controv_flag sy_w1mag pl_tsystemref_BJD-UTC,-0.0
pl_controv_flag sy_w1mag pl_tsystemref_HJD,0.0
pl_controv_flag sy_w1mag pl_tsystemref_JD,0.0
pl_controv_flag sy_w3mag^2,-0.0
pl_controv_flag sy_w3mag sy_w4mag,-0.0
pl_controv_flag sy_w3mag sy_plx,-0.0
pl_controv_flag sy_w3mag st_logg,-0.0
pl_controv_flag sy_w3mag st_mass,-0.0
pl_controv_flag sy_w3mag soltype_Kepler Project Candidate (q1_q17_dr25_koi),0.0
pl_controv_flag sy_w3mag soltype_Published Confirmed,-0.0
pl_controv_flag sy_w3mag pl_tsystemref_BJD,-0.0
pl_controv_flag sy_w3mag pl_tsystemref_BJD-TDB,0.0
pl_controv_flag sy_w3mag pl_tsystemref_BJD-UTC,-0.0
pl_controv_flag sy_w3mag pl_tsystemref_HJD,0.0
pl_controv_flag sy_w3mag pl_tsystemref_JD,0.0
pl_controv_flag sy_w4mag^2,-0.0
pl_controv_flag sy_w4mag sy_plx,-0.0
pl_controv_flag sy_w4mag st_logg,-0.0
pl_controv_flag sy_w4mag st_mass,-0.0
pl_controv_flag sy_w4mag soltype_Kepler Project Candidate (q1_q17_dr25_koi),0.0
pl_controv_flag sy_w4mag soltype_Published Confirmed,-0.0
pl_controv_flag sy_w4mag pl_tsystemref_BJD,-0.0
pl_controv_flag sy_w4mag pl_tsystemref_BJD-TDB,0.0
pl_controv_flag sy_w4mag pl_tsystemref_BJD-UTC,-0.0
pl_controv_flag sy_w4mag pl_tsystemref_HJD,0.0
pl_controv_flag sy_w4mag pl_tsystemref_JD,0.0
pl_controv_flag sy_plx^2,-0.0
pl_controv_flag sy_plx st_logg,-0.0
pl_controv_flag sy_plx st_mass,-0.0
pl_controv_flag sy_plx soltype_Kepler Project Candidate (q1_q17_dr25_koi),0.0
pl_controv_flag sy_plx soltype_Published Confirmed,-0.0
pl_controv_flag sy_plx pl_tsystemref_BJD,-0.0
pl_controv_flag sy_plx pl_tsystemref_BJD-TDB,0.0
pl_controv_flag sy_plx pl_tsystemref_BJD-UTC,-0.0
pl_controv_flag sy_plx pl_tsystemref_HJD,0.0
pl_controv_flag sy_plx pl_tsystemref_JD,0.0
pl_controv_flag st_logg^2,-0.0
pl_controv_flag st_logg st_mass,-0.0
pl_controv_flag st_logg soltype_Kepler Project Candidate (q1_q17_dr25_koi),0.0
pl_controv_flag st_logg soltype_Published Confirmed,-0.0
pl_controv_flag st_logg pl_tsystemref_BJD,-0.0
pl_controv_flag st_logg pl_tsystemref_BJD-TDB,0.0
pl_controv_flag st_logg pl_tsystemref_BJD-UTC,-0.0
pl_controv_flag st_logg pl_tsystemref_HJD,0.0
pl_controv_flag st_logg pl_tsystemref_JD,0.0
pl_controv_flag st_mass^2,-0.0
pl_controv_flag st_mass soltype_Kepler Project Candidate (q1_q17_dr25_koi),0.0
pl_controv_flag st_mass soltype_Published Confirmed,-0.0
pl_controv_flag st_mass pl_tsystemref_BJD,-0.0
pl_controv_flag st_mass pl_tsystemref_BJD-TDB,0.0
pl_controv_flag st_mass pl_tsystemref_BJD-UTC,-0.0
pl_controv_flag st_mass pl_tsystemref_HJD,0.0
pl_controv_flag st_mass pl_tsystemref_JD,0.0
pl_controv_flag soltype_Kepler Project Candidate (q1_q17_dr25_koi)^2,0.0
pl_controv_flag soltype_Kepler Project Candidate (q1_q17_dr25_koi) soltype_Published Confirmed,0.0
pl_controv_flag soltype_Kepler Project Candidate (q1_q17_dr25_koi) pl_tsystemref_BJD,0.0
pl_controv_flag soltype_Kepler Project Candidate (q1_q17_dr25_koi) pl_tsystemref_BJD-TDB,0.0
pl_controv_flag soltype_Kepler Project Candidate (q1_q17_dr25_koi) pl_tsystemref_BJD-UTC,0.0
pl_controv_flag soltype_Kepler Project Candidate (q1_q17_dr25_koi) pl_tsystemref_HJD,0.0
pl_controv_flag soltype_Kepler Project Candidate (q1_q17_dr25_koi) pl_tsystemref_JD,0.0
pl_controv_flag soltype_Published Confirmed^2,-0.0
pl_controv_flag soltype_Published Confirmed pl_tsystemref_BJD,-0.0
pl_controv_flag soltype_Published Confirmed pl_tsystemref_BJD-TDB,0.0
pl_controv_flag soltype_Published Confirmed pl_tsystemref_BJD-UTC,-0.0
pl_controv_flag soltype_Published Confirmed pl_tsystemref_HJD,0.0
pl_controv_flag soltype_Published Confirmed pl_tsystemref_JD,0.0
pl_controv_flag pl_tsystemref_BJD^2,-0.0
pl_controv_flag pl_tsystemref_BJD pl_tsystemref_BJD-TDB,0.0
pl_controv_flag pl_tsystemref_BJD pl_tsystemref_BJD-UTC,0.0
pl_controv_flag pl_tsystemref_BJD pl_tsystemref_HJD,0.0
pl_controv_flag pl_tsystemref_BJD pl_tsystemref_JD,0.0
pl_controv_flag pl_tsystemref_BJD-TDB^2,0.0
pl_controv_flag pl_tsystemref_BJD-TDB pl_tsystemref_BJD-UTC,0.0
pl_controv_flag pl_tsystemref_BJD-TDB pl_tsystemref_HJD,0.0
pl_controv_flag pl_tsystemref_BJD-TDB pl_tsystemref_JD,0.0
pl_controv_flag pl_tsystemref_BJD-UTC^2,-0.0
pl_controv_flag pl_tsystemref_BJD-UTC pl_tsystemref_HJD,0.0
pl_controv_flag pl_tsystemref_BJD-UTC pl_tsystemref_JD,0.0
pl_controv_flag pl_tsystemref_HJD^2,0.0
pl_controv_flag pl_tsystemref_HJD pl_tsystemref_JD,0.0
pl_controv_flag pl_tsystemref_JD^2,0.0
disc_year^3,-0.0
disc_year^2 sy_tmag,0.0
disc_year^2 sy_kmag,0.0
disc_year^2 sy_jmag,0.0
disc_year^2 sy_hmag,0.0
disc_year^2 sy_vmag,0.0
disc_year^2 sy_pm,-0.0
disc_year^2 sy_pmdec,-0.0
disc_year^2 sy_pmra,-0.0
disc_year^2 pl_orbper,0.0
disc_year^2 sy_gaiamag,0.0
disc_year^2 st_rad,0.0
disc_year^2 sy_bmag,0.0
disc_year^2 sy_dist,0.0
disc_year^2 st_teff,0.0
disc_year^2 sy_w2mag,0.0
disc_year^2 sy_w1mag,0.0
disc_year^2 sy_w3mag,0.0
disc_year^2 sy_w4mag,-0.0
disc_year^2 sy_plx,-0.0
disc_year^2 st_logg,-0.0
disc_year^2 st_mass,0.0
disc_year^2 soltype_Kepler Project Candidate (q1_q17_dr25_koi),-0.0
disc_year^2 soltype_Published Confirmed,0.0
disc_year^2 pl_tsystemref_BJD,0.0
disc_year^2 pl_tsystemref_BJD-TDB,0.0
disc_year^2 pl_tsystemref_BJD-UTC,-0.0
disc_year^2 pl_tsystemref_HJD,0.0
disc_year^2 pl_tsystemref_JD,-0.0
disc_year sy_tmag^2,0.0
disc_year sy_tmag sy_kmag,0.0
disc_year sy_tmag sy_jmag,0.0
disc_year sy_tmag sy_hmag,0.0
disc_year sy_tmag sy_vmag,0.0
disc_year sy_tmag sy_pm,-0.0
disc_year sy_tmag sy_pmdec,-0.0
disc_year sy_tmag sy_pmra,-0.0
disc_year sy_tmag pl_orbper,0.0
disc_year sy_tmag sy_gaiamag,0.0
disc_year sy_tmag st_rad,0.0
disc_year sy_tmag sy_bmag,0.0
disc_year sy_tmag sy_dist,0.0
disc_year sy_tmag st_teff,0.0
disc_year sy_tmag sy_w2mag,0.0
disc_year sy_tmag sy_w1mag,0.0
disc_year sy_tmag sy_w3mag,0.0
disc_year sy_tmag sy_w4mag,0.0
disc_year sy_tmag sy_plx,-0.0
disc_year sy_tmag st_logg,0.0
disc_year sy_tmag st_mass,0.0
disc_year sy_tmag soltype_Kepler Project Candidate (q1_q17_dr25_koi),-0.0
disc_year sy_tmag soltype_Published Confirmed,0.0
disc_year sy_tmag pl_tsystemref_BJD,0.0
disc_year sy_tmag pl_tsystemref_BJD-TDB,0.0
disc_year sy_tmag pl_tsystemref_BJD-UTC,-0.0
disc_year sy_tmag pl_tsystemref_HJD,0.0
disc_year sy_tmag pl_tsystemref_JD,-0.0
disc_year sy_kmag^2,0.0
disc_year sy_kmag sy_jmag,0.0
disc_year sy_kmag sy_hmag,0.0
disc_year sy_kmag sy_vmag,0.0
disc_year sy_kmag sy_pm,-0.0
disc_year sy_kmag sy_pmdec,-0.0
disc_year sy_kmag sy_pmra,-0.0
disc_year sy_kmag pl_orbper,0.0
disc_year sy_kmag sy_gaiamag,0.0
disc_year sy_kmag st_rad,0.0
disc_year sy_kmag sy_bmag,0.0
disc_year sy_kmag sy_dist,0.0
disc_year sy_kmag st_teff,0.0
disc_year sy_kmag sy_w2mag,0.0
disc_year sy_kmag sy_w1mag,0.0
disc_year sy_kmag sy_w3mag,0.0
disc_year sy_kmag sy_w4mag,0.0
disc_year sy_kmag sy_plx,-0.0
disc_year sy_kmag st_logg,0.0
disc_year sy_kmag st_mass,0.0
disc_year sy_kmag soltype_Kepler Project Candidate (q1_q17_dr25_koi),-0.0
disc_year sy_kmag soltype_Published Confirmed,0.0
disc_year sy_kmag pl_tsystemref_BJD,0.0
disc_year sy_kmag pl_tsystemref_BJD-TDB,0.0
disc_year sy_kmag pl_tsystemref_BJD-UTC,-0.0
disc_year sy_kmag pl_tsystemref_HJD,0.0
disc_year sy_kmag pl_tsystemref_JD,-0.0
disc_year sy_jmag^2,0.0
disc_year sy_jmag sy_hmag,0.0
disc_year sy_jmag sy_vmag,0.0
disc_year sy_jmag sy_pm,-0.0
disc_year sy_jmag sy_pmdec,-0.0
disc_year sy_jmag sy_pmra,-0.0
disc_year sy_jmag pl_orbper,0.0
disc_year sy_jmag sy_gaiamag,0.0
disc_year sy_jmag st_rad,0.0
disc_year sy_jmag sy_bmag,0.0
disc_year sy_jmag sy_dist,0.0
disc_year sy_jmag st_teff,0.0
disc_year sy_jmag sy_w2mag,0.0
disc_year sy_jmag sy_w1mag,0.0
disc_year sy_jmag sy_w3mag,0.0
disc_year sy_jmag sy_w4mag,0.0
disc_year sy_jmag sy_plx,-0.0
disc_year sy_jmag st_logg,0.0
disc_year sy_jmag st_mass,0.0
disc_year sy_jmag soltype_Kepler Project Candidate (q1_q17_dr25_koi),-0.0
disc_year sy_jmag soltype_Published Confirmed,0.0
disc_year sy_jmag pl_tsystemref_BJD,0.0
disc_year sy_jmag pl_tsystemref_BJD-TDB,0.0
disc_year sy_jmag pl_tsystemref_BJD-UTC,-0.0
disc_year sy_jmag pl_tsystemref_HJD,0.0
disc_year sy_jmag pl_tsystemref_JD,-0.0
disc_year sy_hmag^2,0.0
disc_year sy_hmag sy_vmag,0.0
disc_year sy_hmag sy_pm,-0.0
disc_year sy_hmag sy_pmdec,-0.0
disc_year sy_hmag sy_pmra,-0.0
disc_year sy_hmag pl_orbper,0.0
disc_year sy_hmag sy_gaiamag,0.0
disc_year sy_hmag st_rad,0.0
disc_year sy_hmag sy_bmag,0.0
disc_year sy_hmag sy_dist,0.0
disc_year sy_hmag st_teff,0.0
disc_year sy_hmag sy_w2mag,0.0
disc_year sy_hmag sy_w1mag,0.0
disc_year sy_hmag sy_w3mag,0.0
disc_year sy_hmag sy_w4mag,0.0
disc_year sy_hmag sy_plx,-0.0
disc_year sy_hmag st_logg,0.0
disc_year sy_hmag st_mass,0.0
disc_year sy_hmag soltype_Kepler Project Candidate (q1_q17_dr25_koi),-0.0
disc_year sy_hmag soltype_Published Confirmed,0.0
disc_year sy_hmag pl_tsystemref_BJD,0.0
disc_year sy_hmag pl_tsystemref_BJD-TDB,0.0
disc_year sy_hmag pl_tsystemref_BJD-UTC,-0.0
disc_year sy_hmag pl_tsystemref_HJD,0.0
disc_year sy_hmag pl_tsystemref_JD,-0.0
disc_year sy_vmag^2,0.0
disc_year sy_vmag sy_pm,-0.0
disc_year sy_vmag sy_pmdec,-0.0
disc_year sy_vmag sy_pmra,-0.0
disc_year sy_vmag pl_orbper,0.0
disc_year sy_vmag sy_gaiamag,0.0
disc_year sy_vmag st_rad,0.0
disc_year sy_vmag sy_bmag,0.0
disc_year sy_vmag sy_dist,0.0
disc_year sy_vmag st_teff,0.0
disc_year sy_vmag sy_w2mag,0.0
disc_year sy_vmag sy_w1mag,0.0
disc_year sy_vmag sy_w3mag,0.0
disc_year sy_vmag sy_w4mag,0.0
disc_year sy_vmag sy_plx,-0.0
disc_year sy_vmag st_logg,0.0
disc_year sy_vmag st_mass,0.0
disc_year sy_vmag soltype_Kepler Project Candidate (q1_q17_dr25_koi),-0.0
disc_year sy_vmag soltype_Published Confirmed,0.0
disc_year sy_vmag pl_tsystemref_BJD,0.0
disc_year sy_vmag pl_tsystemref_BJD-TDB,0.0
disc_year sy_vmag pl_tsystemref_BJD-UTC,-0.0
disc_year sy_vmag pl_tsystemref_HJD,0.0
disc_year sy_vmag pl_tsystemref_JD,-0.0
disc_year sy_pm^2,0.0
disc_year sy_pm sy_pmdec,-0.0
disc_year sy_pm sy_pmra,0.0
disc_year sy_pm pl_orbper,0.0
disc_year sy_pm sy_gaiamag,-0.0
disc_year sy_pm st_rad,0.0
disc_year sy_pm sy_bmag,-0.0
disc_year sy_pm sy_dist,-0.0
disc_year sy_pm st_teff,0.0
disc_year sy_pm sy_w2mag,-0.0
disc_year sy_pm sy_w1mag,-0.0
disc_year sy_pm sy_w3mag,-0.0
disc_year sy_pm sy_w4mag,-0.0
disc_year sy_pm sy_plx,-0.0
disc_year sy_pm st_logg,-0.0
disc_year sy_pm st_mass,0.0
disc_year sy_pm soltype_Kepler Project Candidate (q1_q17_dr25_koi),-0.0
disc_year sy_pm soltype_Published Confirmed,0.0
disc_year sy_pm pl_tsystemref_BJD,0.0
disc_year sy_pm pl_tsystemref_BJD-TDB,-0.0
disc_year sy_pm pl_tsystemref_BJD-UTC,-0.0
disc_year sy_pm pl_tsystemref_HJD,0.0
disc_year sy_pm pl_tsystemref_JD,-0.0
disc_year sy_pmdec^2,0.0
disc_year sy_pmdec sy_pmra,0.0
disc_year sy_pmdec pl_orbper,-0.0
disc_year sy_pmdec sy_gaiamag,-0.0
disc_year sy_pmdec st_rad,-0.0
disc_year sy_pmdec sy_bmag,-0.0
disc_year sy_pmdec sy_dist,-0.0
disc_year sy_pmdec st_teff,-0.0
disc_year sy_pmdec sy_w2mag,-0.0
disc_year sy_pmdec sy_w1mag,-0.0
disc_year sy_pmdec sy_w3mag,-0.0
disc_year sy_pmdec sy_w4mag,-0.0
disc_year sy_pmdec sy_plx,-0.0
disc_year sy_pmdec st_logg,-0.0
disc_year sy_pmdec st_mass,-0.0
disc_year sy_pmdec soltype_Kepler Project Candidate (q1_q17_dr25_koi),0.0
disc_year sy_pmdec soltype_Published Confirmed,-0.0
disc_year sy_pmdec pl_tsystemref_BJD,-0.0
disc_year sy_pmdec pl_tsystemref_BJD-TDB,0.0
disc_year sy_pmdec pl_tsystemref_BJD-UTC,-0.0
disc_year sy_pmdec pl_tsystemref_HJD,0.0
disc_year sy_pmdec pl_tsystemref_JD,-0.0
disc_year sy_pmra^2,0.0
disc_year sy_pmra pl_orbper,0.0
disc_year sy_pmra sy_gaiamag,-0.0
disc_year sy_pmra st_rad,-0.0
disc_year sy_pmra sy_bmag,-0.0
disc_year sy_pmra sy_dist,-0.0
disc_year sy_pmra st_teff,-0.0
disc_year sy_pmra sy_w2mag,-0.0
disc_year sy_pmra sy_w1mag,-0.0
disc_year sy_pmra sy_w3mag,-0.0
disc_year sy_pmra sy_w4mag,-0.0
disc_year sy_pmra sy_plx,0.0
disc_year sy_pmra st_logg,-0.0
disc_year sy_pmra st_mass,-0.0
disc_year sy_pmra soltype_Kepler Project Candidate (q1_q17_dr25_koi),0.0
disc_year sy_pmra soltype_Published Confirmed,-0.0
disc_year sy_pmra pl_tsystemref_BJD,0.0
disc_year sy_pmra pl_tsystemref_BJD-TDB,-0.0
disc_year sy_pmra pl_tsystemref_BJD-UTC,-0.0
disc_year sy_pmra pl_tsystemref_HJD,-0.0
disc_year sy_pmra pl_tsystemref_JD,-0.0
disc_year pl_orbper^2,-0.0
disc_year pl_orbper sy_gaiamag,0.0
disc_year pl_orbper st_rad,0.0
disc_year pl_orbper sy_bmag,0.0
disc_year pl_orbper sy_dist,0.0
disc_year pl_orbper st_teff,0.0
disc_year pl_orbper sy_w2mag,0.0
disc_year pl_orbper sy_w1mag,0.0
disc_year pl_orbper sy_w3mag,0.0
disc_year pl_orbper sy_w4mag,0.0
disc_year pl_orbper sy_plx,0.0
disc_year pl_orbper st_logg,0.0
disc_year pl_orbper st_mass,0.0
disc_year pl_orbper soltype_Kepler Project Candidate (q1_q17_dr25_koi),0.0
disc_year pl_orbper soltype_Published Confirmed,0.0
disc_year pl_orbper pl_tsystemref_BJD,0.0
disc_year pl_orbper pl_tsystemref_BJD-TDB,0.0
disc_year pl_orbper pl_tsystemref_BJD-UTC,-0.0
disc_year pl_orbper pl_tsystemref_HJD,0.0
disc_year pl_orbper pl_tsystemref_JD,0.0
disc_year sy_gaiamag^2,0.0
disc_year sy_gaiamag st_rad,0.0
disc_year sy_gaiamag sy_bmag,0.0
disc_year sy_gaiamag sy_dist,0.0
disc_year sy_gaiamag st_teff,0.0
disc_year sy_gaiamag sy_w2mag,0.0
disc_year sy_gaiamag sy_w1mag,0.0
disc_year sy_gaiamag sy_w3mag,0.0
disc_year sy_gaiamag sy_w4mag,0.0
disc_year sy_gaiamag sy_plx,-0.0
disc_year sy_gaiamag st_logg,0.0
disc_year sy_gaiamag st_mass,0.0
disc_year sy_gaiamag soltype_Kepler Project Candidate (q1_q17_dr25_koi),-0.0
disc_year sy_gaiamag soltype_Published Confirmed,0.0
disc_year sy_gaiamag pl_tsystemref_BJD,0.0
disc_year sy_gaiamag pl_tsystemref_BJD-TDB,0.0
disc_year sy_gaiamag pl_tsystemref_BJD-UTC,-0.0
disc_year sy_gaiamag pl_tsystemref_HJD,0.0
disc_year sy_gaiamag pl_tsystemref_JD,-0.0
disc_year st_rad^2,0.0
disc_year st_rad sy_bmag,0.0
disc_year st_rad sy_dist,0.0
disc_year st_rad st_teff,0.0
disc_year st_rad sy_w2mag,0.0
disc_year st_rad sy_w1mag,0.0
disc_year st_rad sy_w3mag,0.0
disc_year st_rad sy_w4mag,0.0
disc_year st_rad sy_plx,0.0
disc_year st_rad st_logg,0.0
disc_year st_rad st_mass,0.0
disc_year st_rad soltype_Kepler Project Candidate (q1_q17_dr25_koi),-0.0
disc_year st_rad soltype_Published Confirmed,0.0
disc_year st_rad pl_tsystemref_BJD,0.0
disc_year st_rad pl_tsystemref_BJD-TDB,0.0
disc_year st_rad pl_tsystemref_BJD-UTC,0.0
disc_year st_rad pl_tsystemref_HJD,0.0
disc_year st_rad pl_tsystemref_JD,-0.0
disc_year sy_bmag^2,0.0
disc_year sy_bmag sy_dist,0.0
disc_year sy_bmag st_teff,0.0
disc_year sy_bmag sy_w2mag,0.0
disc_year sy_bmag sy_w1mag,0.0
disc_year sy_bmag sy_w3mag,0.0
disc_year sy_bmag sy_w4mag,0.0
disc_year sy_bmag sy_plx,-0.0
disc_year sy_bmag st_logg,0.0
disc_year sy_bmag st_mass,0.0
disc_year sy_bmag soltype_Kepler Project Candidate (q1_q17_dr25_koi),-0.0
disc_year sy_bmag soltype_Published Confirmed,0.0
disc_year sy_bmag pl_tsystemref_BJD,0.0
disc_year sy_bmag pl_tsystemref_BJD-TDB,0.0
disc_year sy_bmag pl_tsystemref_BJD-UTC,-0.0
disc_year sy_bmag pl_tsystemref_HJD,0.0
disc_year sy_bmag pl_tsystemref_JD,-0.0
disc_year sy_dist^2,0.0
disc_year sy_dist st_teff,0.0
disc_year sy_dist sy_w2mag,0.0
disc_year sy_dist sy_w1mag,0.0
disc_year sy_dist sy_w3mag,0.0
disc_year sy_dist sy_w4mag,0.0
disc_year sy_dist sy_plx,-0.0
disc_year sy_dist st_logg,0.0
disc_year sy_dist st_mass,0.0
disc_year sy_dist soltype_Kepler Project Candidate (q1_q17_dr25_koi),-0.0
disc_year sy_dist soltype_Published Confirmed,0.0
disc_year sy_dist pl_tsystemref_BJD,0.0
disc_year sy_dist pl_tsystemref_BJD-TDB,0.0
disc_year sy_dist pl_tsystemref_BJD-UTC,0.0
disc_year sy_dist pl_tsystemref_HJD,0.0
disc_year sy_dist pl_tsystemref_JD,-0.0
disc_year st_teff^2,0.0
disc_year st_teff sy_w2mag,0.0
disc_year st_teff sy_w1mag,0.0
disc_year st_teff sy_w3mag,0.0
disc_year st_teff sy_w4mag,-0.0
disc_year st_teff sy_plx,-0.0
disc_year st_teff st_logg,-0.0
disc_year st_teff st_mass,0.0
disc_year st_teff soltype_Kepler Project Candidate (q1_q17_dr25_koi),-0.0
disc_year st_teff soltype_Published Confirmed,0.0
disc_year st_teff pl_tsystemref_BJD,0.0
disc_year st_teff pl_tsystemref_BJD-TDB,0.0
disc_year st_teff pl_tsystemref_BJD-UTC,0.0
disc_year st_teff pl_tsystemref_HJD,0.0
disc_year st_teff pl_tsystemref_JD,-0.0
disc_year sy_w2mag^2,0.0
disc_year sy_w2mag sy_w1mag,0.0
disc_year sy_w2mag sy_w3mag,0.0
disc_year sy_w2mag sy_w4mag,0.0
disc_year sy_w2mag sy_plx,-0.0
disc_year sy_w2mag st_logg,0.0
disc_year sy_w2mag st_mass,0.0
disc_year sy_w2mag soltype_Kepler Project Candidate (q1_q17_dr25_koi),-0.0
disc_year sy_w2mag soltype_Published Confirmed,0.0
disc_year sy_w2mag pl_tsystemref_BJD,0.0
disc_year sy_w2mag pl_tsystemref_BJD-TDB,0.0
disc_year sy_w2mag pl_tsystemref_BJD-UTC,-0.0
disc_year sy_w2mag pl_tsystemref_HJD,0.0
disc_year sy_w2mag pl_tsystemref_JD,-0.0
disc_year sy_w1mag^2,0.0
disc_year sy_w1mag sy_w3mag,0.0
disc_year sy_w1mag sy_w4mag,0.0
disc_year sy_w1mag sy_plx,-0.0
disc_year sy_w1mag st_logg,0.0
disc_year sy_w1mag st_mass,0.0
disc_year sy_w1mag soltype_Kepler Project Candidate (q1_q17_dr25_koi),-0.0
disc_year sy_w1mag soltype_Published Confirmed,0.0
disc_year sy_w1mag pl_tsystemref_BJD,0.0
disc_year sy_w1mag pl_tsystemref_BJD-TDB,0.0
disc_year sy_w1mag pl_tsystemref_BJD-UTC,-0.0
disc_year sy_w1mag pl_tsystemref_HJD,0.0
disc_year sy_w1mag pl_tsystemref_JD,-0.0
disc_year sy_w3mag^2,0.0
disc_year sy_w3mag sy_w4mag,-0.0
disc_year sy_w3mag sy_plx,-0.0
disc_year sy_w3mag st_logg,-0.0
disc_year sy_w3mag st_mass,0.0
disc_year sy_w3mag soltype_Kepler Project Candidate (q1_q17_dr25_koi),-0.0
disc_year sy_w3mag soltype_Published Confirmed,0.0
disc_year sy_w3mag pl_tsystemref_BJD,0.0
disc_year sy_w3mag pl_tsystemref_BJD-TDB,0.0
disc_year sy_w3mag pl_tsystemref_BJD-UTC,-0.0
disc_year sy_w3mag pl_tsystemref_HJD,0.0
disc_year sy_w3mag pl_tsystemref_JD,-0.0
disc_year sy_w4mag^2,-0.0
disc_year sy_w4mag sy_plx,-0.0
disc_year sy_w4mag st_logg,-0.0
disc_year sy_w4mag st_mass,0.0
disc_year sy_w4mag soltype_Kepler Project Candidate (q1_q17_dr25_koi),-0.0
disc_year sy_w4mag soltype_Published Confirmed,0.0
disc_year sy_w4mag pl_tsystemref_BJD,0.0
disc_year sy_w4mag pl_tsystemref_BJD-TDB,0.0
disc_year sy_w4mag pl_tsystemref_BJD-UTC,-0.0
disc_year sy_w4mag pl_tsystemref_HJD,0.0
disc_year sy_w4mag pl_tsystemref_JD,-0.0
disc_year sy_plx^2,-0.0
disc_year sy_plx st_logg,-0.0
disc_year sy_plx st_mass,0.0
disc_year sy_plx soltype_Kepler Project Candidate (q1_q17_dr25_koi),-0.0
disc_year sy_plx soltype_Published Confirmed,-0.0
disc_year sy_plx pl_tsystemref_BJD,-0.0
disc_year sy_plx pl_tsystemref_BJD-TDB,-0.0
disc_year sy_plx pl_tsystemref_BJD-UTC,-0.0
disc_year sy_plx pl_tsystemref_HJD,0.0
disc_year sy_plx pl_tsystemref_JD,-0.0
disc_year st_logg^2,-0.0
disc_year st_logg st_mass,0.0
disc_year st_logg soltype_Kepler Project Candidate (q1_q17_dr25_koi),-0.0
disc_year st_logg soltype_Published Confirmed,0.0
disc_year st_logg pl_tsystemref_BJD,0.0
disc_year st_logg pl_tsystemref_BJD-TDB,0.0
disc_year st_logg pl_tsystemref_BJD-UTC,-0.0
disc_year st_logg pl_tsystemref_HJD,0.0
disc_year st_logg pl_tsystemref_JD,-0.0
disc_year st_mass^2,0.0
disc_year st_mass soltype_Kepler Project Candidate (q1_q17_dr25_koi),-0.0
disc_year st_mass soltype_Published Confirmed,0.0
disc_year st_mass pl_tsystemref_BJD,0.0
disc_year st_mass pl_tsystemref_BJD-TDB,0.0
disc_year st_mass pl_tsystemref_BJD-UTC,0.0
disc_year st_mass pl_tsystemref_HJD,0.0
disc_year st_mass pl_tsystemref_JD,-0.0
disc_year soltype_Kepler Project Candidate (q1_q17_dr25_koi)^2,-0.0
disc_year soltype_Kepler Project Candidate (q1_q17_dr25_koi) soltype_Published Confirmed,0.0
disc_year soltype_Kepler Project Candidate (q1_q17_dr25_koi) pl_tsystemref_BJD,-0.0
disc_year soltype_Kepler Project Candidate (q1_q17_dr25_koi) pl_tsystemref_BJD-TDB,0.0
disc_year soltype_Kepler Project Candidate (q1_q17_dr25_koi) pl_tsystemref_BJD-UTC,0.0
disc_year soltype_Kepler Project Candidate (q1_q17_dr25_koi) pl_tsystemref_HJD,0.0
disc_year soltype_Kepler Project Candidate (q1_q17_dr25_koi) pl_tsystemref_JD,0.0
disc_year soltype_Published Confirmed^2,0.0
disc_year soltype_Published Confirmed pl_tsystemref_BJD,0.0
disc_year soltype_Published Confirmed pl_tsystemref_BJD-TDB,0.0
disc_year soltype_Published Confirmed pl_tsystemref_BJD-UTC,-0.0
disc_year soltype_Published Confirmed pl_tsystemref_HJD,0.0
disc_year soltype_Published Confirmed pl_tsystemref_JD,-0.0
disc_year pl_tsystemref_BJD^2,0.0
disc_year pl_tsystemref_BJD pl_tsystemref_BJD-TDB,0.0
disc_year pl_tsystemref_BJD pl_tsystemref_BJD-UTC,0.0
disc_year pl_tsystemref_BJD pl_tsystemref_HJD,0.0
disc_year pl_tsystemref_BJD pl_tsystemref_JD,0.0
disc_year pl_tsystemref_BJD-TDB^2,0.0
disc_year pl_tsystemref_BJD-TDB pl_tsystemref_BJD-UTC,0.0
disc_year pl_tsystemref_BJD-TDB pl_tsystemref_HJD,0.0
disc_year pl_tsystemref_BJD-TDB pl_tsystemref_JD,0.0
disc_year pl_tsystemref_BJD-UTC^2,-0.0
disc_year pl_tsystemref_BJD-UTC pl_tsystemref_HJD,0.0
disc_year pl_tsystemref_BJD-UTC pl_tsystemref_JD,0.0
disc_year pl_tsystemref_HJD^2,0.0
disc_year pl_tsystemref_HJD pl_tsystemref_JD,0.0
disc_year pl_tsystemref_JD^2,-0.0
sy_tmag^3,0.0
sy_tmag^2 sy_kmag,0.0
sy_tmag^2 sy_jmag,0.0
sy_tmag^2 sy_hmag,0.0
sy_tmag^2 sy_vmag,0.0
sy_tmag^2 sy_pm,-0.0
sy_tmag^2 sy_pmdec,-0.0
sy_tmag^2 sy_pmra,-0.0
sy_tmag^2 pl_orbper,0.0
sy_tmag^2 sy_gaiamag,0.0
sy_tmag^2 st_rad,0.0
sy_tmag^2 sy_bmag,0.0
sy_tmag^2 sy_dist,0.0
sy_tmag^2 st_teff,0.0
sy_tmag^2 sy_w2mag,0.0
sy_tmag^2 sy_w1mag,0.0
sy_tmag^2 sy_w3mag,0.0
sy_tmag^2 sy_w4mag,0.0
sy_tmag^2 sy_plx,-0.0
sy_tmag^2 st_logg,0.0
sy_tmag^2 st_mass,0.0
sy_tmag^2 soltype_Kepler Project Candidate (q1_q17_dr25_koi),-0.0
sy_tmag^2 soltype_Published Confirmed,0.0
sy_tmag^2 pl_tsystemref_BJD,0.0
sy_tmag^2 pl_tsystemref_BJD-TDB,0.0
sy_tmag^2 pl_tsystemref_BJD-UTC,-0.0
sy_tmag^2 pl_tsystemref_HJD,0.0
sy_tmag^2 pl_tsystemref_JD,-0.0
sy_tmag sy_kmag^2,0.0
sy_tmag sy_kmag sy_jmag,0.0
sy_tmag sy_kmag sy_hmag,0.0
sy_tmag sy_kmag sy_vmag,0.0
sy_tmag sy_kmag sy_pm,-0.0
sy_tmag sy_kmag sy_pmdec,-0.0
sy_tmag sy_kmag sy_pmra,-0.0
sy_tmag sy_kmag pl_orbper,0.0
sy_tmag sy_kmag sy_gaiamag,0.0
sy_tmag sy_kmag st_rad,0.0
sy_tmag sy_kmag sy_bmag,0.0
sy_tmag sy_kmag sy_dist,0.0
sy_tmag sy_kmag st_teff,0.0
sy_tmag sy_kmag sy_w2mag,0.0
sy_tmag sy_kmag sy_w1mag,0.0
sy_tmag sy_kmag sy_w3mag,0.0
sy_tmag sy_kmag sy_w4mag,0.0
sy_tmag sy_kmag sy_plx,-0.0
sy_tmag sy_kmag st_logg,0.0
sy_tmag sy_kmag st_mass,0.0
sy_tmag sy_kmag soltype_Kepler Project Candidate (q1_q17_dr25_koi),-0.0
sy_tmag sy_kmag soltype_Published Confirmed,0.0
sy_tmag sy_kmag pl_tsystemref_BJD,0.0
sy_tmag sy_kmag pl_tsystemref_BJD-TDB,0.0
sy_tmag sy_kmag pl_tsystemref_BJD-UTC,-0.0
sy_tmag sy_kmag pl_tsystemref_HJD,0.0
sy_tmag sy_kmag pl_tsystemref_JD,-0.0
sy_tmag sy_jmag^2,0.0
sy_tmag sy_jmag sy_hmag,0.0
sy_tmag sy_jmag sy_vmag,0.0
sy_tmag sy_jmag sy_pm,-0.0
sy_tmag sy_jmag sy_pmdec,-0.0
sy_tmag sy_jmag sy_pmra,-0.0
sy_tmag sy_jmag pl_orbper,0.0
sy_tmag sy_jmag sy_gaiamag,0.0
sy_tmag sy_jmag st_rad,0.0
sy_tmag sy_jmag sy_bmag,0.0
sy_tmag sy_jmag sy_dist,0.0
sy_tmag sy_jmag st_teff,0.0
sy_tmag sy_jmag sy_w2mag,0.0
sy_tmag sy_jmag sy_w1mag,0.0
sy_tmag sy_jmag sy_w3mag,0.0
sy_tmag sy_jmag sy_w4mag,0.0
sy_tmag sy_jmag sy_plx,-0.0
sy_tmag sy_jmag st_logg,0.0
sy_tmag sy_jmag st_mass,0.0
sy_tmag sy_jmag soltype_Kepler Project Candidate (q1_q17_dr25_koi),-0.0
sy_tmag sy_jmag soltype_Published Confirmed,0.0
sy_tmag sy_jmag pl_tsystemref_BJD,0.0
sy_tmag sy_jmag pl_tsystemref_BJD-TDB,0.0
sy_tmag sy_jmag pl_tsystemref_BJD-UTC,-0.0
sy_tmag sy_jmag pl_tsystemref_HJD,0.0
sy_tmag sy_jmag pl_tsystemref_JD,-0.0
sy_tmag sy_hmag^2,0.0
sy_tmag sy_hmag sy_vmag,0.0
sy_tmag sy_hmag sy_pm,-0.0
sy_tmag sy_hmag sy_pmdec,-0.0
sy_tmag sy_hmag sy_pmra,-0.0
sy_tmag sy_hmag pl_orbper,0.0
sy_tmag sy_hmag sy_gaiamag,0.0
sy_tmag sy_hmag st_rad,0.0
sy_tmag sy_hmag sy_bmag,0.0
sy_tmag sy_hmag sy_dist,0.0
sy_tmag sy_hmag st_teff,0.0
sy_tmag sy_hmag sy_w2mag,0.0
sy_tmag sy_hmag sy_w1mag,0.0
sy_tmag sy_hmag sy_w3mag,0.0
sy_tmag sy_hmag sy_w4mag,0.0
sy_tmag sy_hmag sy_plx,-0.0
sy_tmag sy_hmag st_logg,0.0
sy_tmag sy_hmag st_mass,0.0
sy_tmag sy_hmag soltype_Kepler Project Candidate (q1_q17_dr25_koi),-0.0
sy_tmag sy_hmag soltype_Published Confirmed,0.0
sy_tmag sy_hmag pl_tsystemref_BJD,0.0
sy_tmag sy_hmag pl_tsystemref_BJD-TDB,0.0
sy_tmag sy_hmag pl_tsystemref_BJD-UTC,-0.0
sy_tmag sy_hmag pl_tsystemref_HJD,0.0
sy_tmag sy_hmag pl_tsystemref_JD,-0.0
sy_tmag sy_vmag^2,0.0
sy_tmag sy_vmag sy_pm,-0.0
sy_tmag sy_vmag sy_pmdec,-0.0
sy_tmag sy_vmag sy_pmra,-0.0
sy_tmag sy_vmag pl_orbper,0.0
sy_tmag sy_vmag sy_gaiamag,0.0
sy_tmag sy_vmag st_rad,0.0
sy_tmag sy_vmag sy_bmag,0.0
sy_tmag sy_vmag sy_dist,0.0
sy_tmag sy_vmag st_teff,0.0
sy_tmag sy_vmag sy_w2mag,0.0
sy_tmag sy_vmag sy_w1mag,0.0
sy_tmag sy_vmag sy_w3mag,0.0
sy_tmag sy_vmag sy_w4mag,0.0
sy_tmag sy_vmag sy_plx,-0.0
sy_tmag sy_vmag st_logg,0.0
sy_tmag sy_vmag st_mass,0.0
sy_tmag sy_vmag soltype_Kepler Project Candidate (q1_q17_dr25_koi),-0.0
sy_tmag sy_vmag soltype_Published Confirmed,0.0
sy_tmag sy_vmag pl_tsystemref_BJD,0.0
sy_tmag sy_vmag pl_tsystemref_BJD-TDB,0.0
sy_tmag sy_vmag pl_tsystemref_BJD-UTC,-0.0
sy_tmag sy_vmag pl_tsystemref_HJD,0.0
sy_tmag sy_vmag pl_tsystemref_JD,-0.0
sy_tmag sy_pm^2,0.0
sy_tmag sy_pm sy_pmdec,-0.0
sy_tmag sy_pm sy_pmra,0.0
sy_tmag sy_pm pl_orbper,0.0
sy_tmag sy_pm sy_gaiamag,-0.0
sy_tmag sy_pm st_rad,0.0
sy_tmag sy_pm sy_bmag,-0.0
sy_tmag sy_pm sy_dist,0.0
sy_tmag sy_pm st_teff,-0.0
sy_tmag sy_pm sy_w2mag,-0.0
sy_tmag sy_pm sy_w1mag,-0.0
sy_tmag sy_pm sy_w3mag,-0.0
sy_tmag sy_pm sy_w4mag,-0.0
sy_tmag sy_pm sy_plx,-0.0
sy_tmag sy_pm st_logg,-0.0
sy_tmag sy_pm st_mass,0.0
sy_tmag sy_pm soltype_Kepler Project Candidate (q1_q17_dr25_koi),-0.0
sy_tmag sy_pm soltype_Published Confirmed,-0.0
sy_tmag sy_pm pl_tsystemref_BJD,0.0
sy_tmag sy_pm pl_tsystemref_BJD-TDB,-0.0
sy_tmag sy_pm pl_tsystemref_BJD-UTC,-0.0
sy_tmag sy_pm pl_tsystemref_HJD,0.0
sy_tmag sy_pm pl_tsystemref_JD,-0.0
sy_tmag sy_pmdec^2,0.0
sy_tmag sy_pmdec sy_pmra,0.0
sy_tmag sy_pmdec pl_orbper,-0.0
sy_tmag sy_pmdec sy_gaiamag,-0.0
sy_tmag sy_pmdec st_rad,-0.0
sy_tmag sy_pmdec sy_bmag,-0.0
sy_tmag sy_pmdec sy_dist,-0.0
sy_tmag sy_pmdec st_teff,-0.0
sy_tmag sy_pmdec sy_w2mag,-0.0
sy_tmag sy_pmdec sy_w1mag,-0.0
sy_tmag sy_pmdec sy_w3mag,-0.0
sy_tmag sy_pmdec sy_w4mag,-0.0
sy_tmag sy_pmdec sy_plx,-0.0
sy_tmag sy_pmdec st_logg,-0.0
sy_tmag sy_pmdec st_mass,-0.0
sy_tmag sy_pmdec soltype_Kepler Project Candidate (q1_q17_dr25_koi),0.0
sy_tmag sy_pmdec soltype_Published Confirmed,-0.0
sy_tmag sy_pmdec pl_tsystemref_BJD,-0.0
sy_tmag sy_pmdec pl_tsystemref_BJD-TDB,0.0
sy_tmag sy_pmdec pl_tsystemref_BJD-UTC,-0.0
sy_tmag sy_pmdec pl_tsystemref_HJD,0.0
sy_tmag sy_pmdec pl_tsystemref_JD,-0.0
sy_tmag sy_pmra^2,0.0
sy_tmag sy_pmra pl_orbper,0.0
sy_tmag sy_pmra sy_gaiamag,-0.0
sy_tmag sy_pmra st_rad,-0.0
sy_tmag sy_pmra sy_bmag,-0.0
sy_tmag sy_pmra sy_dist,-0.0
sy_tmag sy_pmra st_teff,-0.0
sy_tmag sy_pmra sy_w2mag,-0.0
sy_tmag sy_pmra sy_w1mag,-0.0
sy_tmag sy_pmra sy_w3mag,-0.0
sy_tmag sy_pmra sy_w4mag,-0.0
sy_tmag sy_pmra sy_plx,0.0
sy_tmag sy_pmra st_logg,-0.0
sy_tmag sy_pmra st_mass,-0.0
sy_tmag sy_pmra soltype_Kepler Project Candidate (q1_q17_dr25_koi),0.0
sy_tmag sy_pmra soltype_Published Confirmed,-0.0
sy_tmag sy_pmra pl_tsystemref_BJD,0.0
sy_tmag sy_pmra pl_tsystemref_BJD-TDB,-0.0
sy_tmag sy_pmra pl_tsystemref_BJD-UTC,-0.0
sy_tmag sy_pmra pl_tsystemref_HJD,-0.0
sy_tmag sy_pmra pl_tsystemref_JD,-0.0
sy_tmag pl_orbper^2,-0.0
sy_tmag pl_orbper sy_gaiamag,0.0
sy_tmag pl_orbper st_rad,0.0
sy_tmag pl_orbper sy_bmag,0.0
sy_tmag pl_orbper sy_dist,0.0
sy_tmag pl_orbper st_teff,0.0
sy_tmag pl_orbper sy_w2mag,0.0
sy_tmag pl_orbper sy_w1mag,0.0
sy_tmag pl_orbper sy_w3mag,0.0
sy_tmag pl_orbper sy_w4mag,0.0
sy_tmag pl_orbper sy_plx,0.0
sy_tmag pl_orbper st_logg,0.0
sy_tmag pl_orbper st_mass,0.0
sy_tmag pl_orbper soltype_Kepler Project Candidate (q1_q17_dr25_koi),0.0
sy_tmag pl_orbper soltype_Published Confirmed,0.0
sy_tmag pl_orbper pl_tsystemref_BJD,0.0
sy_tmag pl_orbper pl_tsystemref_BJD-TDB,0.0
sy_tmag pl_orbper pl_tsystemref_BJD-UTC,-0.0
sy_tmag pl_orbper pl_tsystemref_HJD,0.0
sy_tmag pl_orbper pl_tsystemref_JD,0.0
sy_tmag sy_gaiamag^2,0.0
sy_tmag sy_gaiamag st_rad,0.0
sy_tmag sy_gaiamag sy_bmag,0.0
sy_tmag sy_gaiamag sy_dist,0.0
sy_tmag sy_gaiamag st_teff,0.0
sy_tmag sy_gaiamag sy_w2mag,0.0
sy_tmag sy_gaiamag sy_w1mag,0.0
sy_tmag sy_gaiamag sy_w3mag,0.0
sy_tmag sy_gaiamag sy_w4mag,0.0
sy_tmag sy_gaiamag sy_plx,-0.0
sy_tmag sy_gaiamag st_logg,0.0
sy_tmag sy_gaiamag st_mass,0.0
sy_tmag sy_gaiamag soltype_Kepler Project Candidate (q1_q17_dr25_koi),-0.0
sy_tmag sy_gaiamag soltype_Published Confirmed,0.0
sy_tmag sy_gaiamag pl_tsystemref_BJD,0.0
sy_tmag sy_gaiamag pl_tsystemref_BJD-TDB,0.0
sy_tmag sy_gaiamag pl_tsystemref_BJD-UTC,-0.0
sy_tmag sy_gaiamag pl_tsystemref_HJD,0.0
sy_tmag sy_gaiamag pl_tsystemref_JD,-0.0
sy_tmag st_rad^2,0.0
sy_tmag st_rad sy_bmag,0.0
sy_tmag st_rad sy_dist,0.0
sy_tmag st_rad st_teff,0.0
sy_tmag st_rad sy_w2mag,0.0
sy_tmag st_rad sy_w1mag,0.0
sy_tmag st_rad sy_w3mag,0.0
sy_tmag st_rad sy_w4mag,0.0
sy_tmag st_rad sy_plx,0.0
sy_tmag st_rad st_logg,0.0
sy_tmag st_rad st_mass,0.0
sy_tmag st_rad soltype_Kepler Project Candidate (q1_q17_dr25_koi),-0.0
sy_tmag st_rad soltype_Published Confirmed,0.0
sy_tmag st_rad pl_tsystemref_BJD,0.0
sy_tmag st_rad pl_tsystemref_BJD-TDB,0.0
sy_tmag st_rad pl_tsystemref_BJD-UTC,0.0
sy_tmag st_rad pl_tsystemref_HJD,0.0
sy_tmag st_rad pl_tsystemref_JD,-0.0
sy_tmag sy_bmag^2,0.0
sy_tmag sy_bmag sy_dist,0.0
sy_tmag sy_bmag st_teff,0.0
sy_tmag sy_bmag sy_w2mag,0.0
sy_tmag sy_bmag sy_w1mag,0.0
sy_tmag sy_bmag sy_w3mag,0.0
sy_tmag sy_bmag sy_w4mag,0.0
sy_tmag sy_bmag sy_plx,-0.0
sy_tmag sy_bmag st_logg,0.0
sy_tmag sy_bmag st_mass,0.0
sy_tmag sy_bmag soltype_Kepler Project Candidate (q1_q17_dr25_koi),-0.0
sy_tmag sy_bmag soltype_Published Confirmed,0.0
sy_tmag sy_bmag pl_tsystemref_BJD,0.0
sy_tmag sy_bmag pl_tsystemref_BJD-TDB,0.0
sy_tmag sy_bmag pl_tsystemref_BJD-UTC,-0.0
sy_tmag sy_bmag pl_tsystemref_HJD,0.0
sy_tmag sy_bmag pl_tsystemref_JD,-0.0
sy_tmag sy_dist^2,0.0
sy_tmag sy_dist st_teff,0.0
sy_tmag sy_dist sy_w2mag,0.0
sy_tmag sy_dist sy_w1mag,0.0
sy_tmag sy_dist sy_w3mag,0.0
sy_tmag sy_dist sy_w4mag,0.0
sy_tmag sy_dist sy_plx,0.0
sy_tmag sy_dist st_logg,0.0
sy_tmag sy_dist st_mass,0.0
sy_tmag sy_dist soltype_Kepler Project Candidate (q1_q17_dr25_koi),-0.0
sy_tmag sy_dist soltype_Published Confirmed,0.0
sy_tmag sy_dist pl_tsystemref_BJD,0.0
sy_tmag sy_dist pl_tsystemref_BJD-TDB,0.0
sy_tmag sy_dist pl_tsystemref_BJD-UTC,0.0
sy_tmag sy_dist pl_tsystemref_HJD,0.0
sy_tmag sy_dist pl_tsystemref_JD,0.0
sy_tmag st_teff^2,0.0
sy_tmag st_teff sy_w2mag,0.0
sy_tmag st_teff sy_w1mag,0.0
sy_tmag st_teff sy_w3mag,0.0
sy_tmag st_teff sy_w4mag,0.0
sy_tmag st_teff sy_plx,-0.0
sy_tmag st_teff st_logg,0.0
sy_tmag st_teff st_mass,0.0
sy_tmag st_teff soltype_Kepler Project Candidate (q1_q17_dr25_koi),-0.0
sy_tmag st_teff soltype_Published Confirmed,0.0
sy_tmag st_teff pl_tsystemref_BJD,0.0
sy_tmag st_teff pl_tsystemref_BJD-TDB,0.0
sy_tmag st_teff pl_tsystemref_BJD-UTC,0.0
sy_tmag st_teff pl_tsystemref_HJD,0.0
sy_tmag st_teff pl_tsystemref_JD,-0.0
sy_tmag sy_w2mag^2,0.0
sy_tmag sy_w2mag sy_w1mag,0.0
sy_tmag sy_w2mag sy_w3mag,0.0
sy_tmag sy_w2mag sy_w4mag,0.0
sy_tmag sy_w2mag sy_plx,-0.0
sy_tmag sy_w2mag st_logg,0.0
sy_tmag sy_w2mag st_mass,0.0
sy_tmag sy_w2mag soltype_Kepler Project Candidate (q1_q17_dr25_koi),-0.0
sy_tmag sy_w2mag soltype_Published Confirmed,0.0
sy_tmag sy_w2mag pl_tsystemref_BJD,0.0
sy_tmag sy_w2mag pl_tsystemref_BJD-TDB,0.0
sy_tmag sy_w2mag pl_tsystemref_BJD-UTC,-0.0
sy_tmag sy_w2mag pl_tsystemref_HJD,0.0
sy_tmag sy_w2mag pl_tsystemref_JD,-0.0
sy_tmag sy_w1mag^2,0.0
sy_tmag sy_w1mag sy_w3mag,0.0
sy_tmag sy_w1mag sy_w4mag,0.0
sy_tmag sy_w1mag sy_plx,-0.0
sy_tmag sy_w1mag st_logg,0.0
sy_tmag sy_w1mag st_mass,0.0
sy_tmag sy_w1mag soltype_Kepler Project Candidate (q1_q17_dr25_koi),-0.0
sy_tmag sy_w1mag soltype_Published Confirmed,0.0
sy_tmag sy_w1mag pl_tsystemref_BJD,0.0
sy_tmag sy_w1mag pl_tsystemref_BJD-TDB,0.0
sy_tmag sy_w1mag pl_tsystemref_BJD-UTC,-0.0
sy_tmag sy_w1mag pl_tsystemref_HJD,0.0
sy_tmag sy_w1mag pl_tsystemref_JD,-0.0
sy_tmag sy_w3mag^2,0.0
sy_tmag sy_w3mag sy_w4mag,0.0
sy_tmag sy_w3mag sy_plx,-0.0
sy_tmag sy_w3mag st_logg,0.0
sy_tmag sy_w3mag st_mass,0.0
sy_tmag sy_w3mag soltype_Kepler Project Candidate (q1_q17_dr25_koi),-0.0
sy_tmag sy_w3mag soltype_Published Confirmed,0.0
sy_tmag sy_w3mag pl_tsystemref_BJD,0.0
sy_tmag sy_w3mag pl_tsystemref_BJD-TDB,0.0
sy_tmag sy_w3mag pl_tsystemref_BJD-UTC,-0.0
sy_tmag sy_w3mag pl_tsystemref_HJD,0.0
sy_tmag sy_w3mag pl_tsystemref_JD,-0.0
sy_tmag sy_w4mag^2,0.0
sy_tmag sy_w4mag sy_plx,-0.0
sy_tmag sy_w4mag st_logg,0.0
sy_tmag sy_w4mag st_mass,0.0
sy_tmag sy_w4mag soltype_Kepler Project Candidate (q1_q17_dr25_koi),-0.0
sy_tmag sy_w4mag soltype_Published Confirmed,0.0
sy_tmag sy_w4mag pl_tsystemref_BJD,0.0
sy_tmag sy_w4mag pl_tsystemref_BJD-TDB,0.0
sy_tmag sy_w4mag pl_tsystemref_BJD-UTC,-0.0
sy_tmag sy_w4mag pl_tsystemref_HJD,0.0
sy_tmag sy_w4mag pl_tsystemref_JD,-0.0
sy_tmag sy_plx^2,-0.0
sy_tmag sy_plx st_logg,-0.0
sy_tmag sy_plx st_mass,-0.0
sy_tmag sy_plx soltype_Kepler Project Candidate (q1_q17_dr25_koi),-0.0
sy_tmag sy_plx soltype_Published Confirmed,-0.0
sy_tmag sy_plx pl_tsystemref_BJD,-0.0
sy_tmag sy_plx pl_tsystemref_BJD-TDB,-0.0
sy_tmag sy_plx pl_tsystemref_BJD-UTC,-0.0
sy_tmag sy_plx pl_tsystemref_HJD,0.0
sy_tmag sy_plx pl_tsystemref_JD,-0.0
sy_tmag st_logg^2,0.0
sy_tmag st_logg st_mass,0.0
sy_tmag st_logg soltype_Kepler Project Candidate (q1_q17_dr25_koi),-0.0
sy_tmag st_logg soltype_Published Confirmed,0.0
sy_tmag st_logg pl_tsystemref_BJD,0.0
sy_tmag st_logg pl_tsystemref_BJD-TDB,0.0
sy_tmag st_logg pl_tsystemref_BJD-UTC,-0.0
sy_tmag st_logg pl_tsystemref_HJD,0.0
sy_tmag st_logg pl_tsystemref_JD,-0.0
sy_tmag st_mass^2,0.0
sy_tmag st_mass soltype_Kepler Project Candidate (q1_q17_dr25_koi),-0.0
sy_tmag st_mass soltype_Published Confirmed,0.0
sy_tmag st_mass pl_tsystemref_BJD,0.0
sy_tmag st_mass pl_tsystemref_BJD-TDB,0.0
sy_tmag st_mass pl_tsystemref_BJD-UTC,0.0
sy_tmag st_mass pl_tsystemref_HJD,0.0
sy_tmag st_mass pl_tsystemref_JD,-0.0
sy_tmag soltype_Kepler Project Candidate (q1_q17_dr25_koi)^2,-0.0
sy_tmag soltype_Kepler Project Candidate (q1_q17_dr25_koi) soltype_Published Confirmed,0.0
sy_tmag soltype_Kepler Project Candidate (q1_q17_dr25_koi) pl_tsystemref_BJD,-0.0
sy_tmag soltype_Kepler Project Candidate (q1_q17_dr25_koi) pl_tsystemref_BJD-TDB,0.0
sy_tmag soltype_Kepler Project Candidate (q1_q17_dr25_koi) pl_tsystemref_BJD-UTC,0.0
sy_tmag soltype_Kepler Project Candidate (q1_q17_dr25_koi) pl_tsystemref_HJD,0.0
sy_tmag soltype_Kepler Project Candidate (q1_q17_dr25_koi) pl_tsystemref_JD,0.0
sy_tmag soltype_Published Confirmed^2,0.0
sy_tmag soltype_Published Confirmed pl_tsystemref_BJD,0.0
sy_tmag soltype_Published Confirmed pl_tsystemref_BJD-TDB,0.0
sy_tmag soltype_Published Confirmed pl_tsystemref_BJD-UTC,-0.0
sy_tmag soltype_Published Confirmed pl_tsystemref_HJD,0.0
sy_tmag soltype_Published Confirmed pl_tsystemref_JD,-0.0
sy_tmag pl_tsystemref_BJD^2,0.0
sy_tmag pl_tsystemref_BJD pl_tsystemref_BJD-TDB,0.0
sy_tmag pl_tsystemref_BJD pl_tsystemref_BJD-UTC,0.0
sy_tmag pl_tsystemref_BJD pl_tsystemref_HJD,0.0
sy_tmag pl_tsystemref_BJD pl_tsystemref_JD,0.0
sy_tmag pl_tsystemref_BJD-TDB^2,0.0
sy_tmag pl_tsystemref_BJD-TDB pl_tsystemref_BJD-UTC,0.0
sy_tmag pl_tsystemref_BJD-TDB pl_tsystemref_HJD,0.0
sy_tmag pl_tsystemref_BJD-TDB pl_tsystemref_JD,0.0
sy_tmag pl_tsystemref_BJD-UTC^2,-0.0
sy_tmag pl_tsystemref_BJD-UTC pl_tsystemref_HJD,0.0
sy_tmag pl_tsystemref_BJD-UTC pl_tsystemref_JD,0.0
sy_tmag pl_tsystemref_HJD^2,0.0
sy_tmag pl_tsystemref_HJD pl_tsystemref_JD,0.0
sy_tmag pl_tsystemref_JD^2,-0.0
sy_kmag^3,0.0
sy_kmag^2 sy_jmag,0.0
sy_kmag^2 sy_hmag,0.0
sy_kmag^2 sy_vmag,0.0
sy_kmag^2 sy_pm,-0.0
sy_kmag^2 sy_pmdec,-0.0
sy_kmag^2 sy_pmra,-0.0
sy_kmag^2 pl_orbper,0.0
sy_kmag^2 sy_gaiamag,0.0
sy_kmag^2 st_rad,0.0
sy_kmag^2 sy_bmag,0.0
sy_kmag^2 sy_dist,0.0
sy_kmag^2 st_teff,0.0
sy_kmag^2 sy_w2mag,0.0
sy_kmag^2 sy_w1mag,0.0
sy_kmag^2 sy_w3mag,0.0
sy_kmag^2 sy_w4mag,0.0
sy_kmag^2 sy_plx,-0.0
sy_kmag^2 st_logg,0.0
sy_kmag^2 st_mass,0.0
sy_kmag^2 soltype_Kepler Project Candidate (q1_q17_dr25_koi),-0.0
sy_kmag^2 soltype_Published Confirmed,0.0
sy_kmag^2 pl_tsystemref_BJD,0.0
sy_kmag^2 pl_tsystemref_BJD-TDB,0.0
sy_kmag^2 pl_tsystemref_BJD-UTC,-0.0
sy_kmag^2 pl_tsystemref_HJD,0.0
sy_kmag^2 pl_tsystemref_JD,-0.0
sy_kmag sy_jmag^2,0.0
sy_kmag sy_jmag sy_hmag,0.0
sy_kmag sy_jmag sy_vmag,0.0
sy_kmag sy_jmag sy_pm,-0.0
sy_kmag sy_jmag sy_pmdec,-0.0
sy_kmag sy_jmag sy_pmra,-0.0
sy_kmag sy_jmag pl_orbper,0.0
sy_kmag sy_jmag sy_gaiamag,0.0
sy_kmag sy_jmag st_rad,0.0
sy_kmag sy_jmag sy_bmag,0.0
sy_kmag sy_jmag sy_dist,0.0
sy_kmag sy_jmag st_teff,0.0
sy_kmag sy_jmag sy_w2mag,0.0
sy_kmag sy_jmag sy_w1mag,0.0
sy_kmag sy_jmag sy_w3mag,0.0
sy_kmag sy_jmag sy_w4mag,0.0
sy_kmag sy_jmag sy_plx,-0.0
sy_kmag sy_jmag st_logg,0.0
sy_kmag sy_jmag st_mass,0.0
sy_kmag sy_jmag soltype_Kepler Project Candidate (q1_q17_dr25_koi),-0.0
sy_kmag sy_jmag soltype_Published Confirmed,0.0
sy_kmag sy_jmag pl_tsystemref_BJD,0.0
sy_kmag sy_jmag pl_tsystemref_BJD-TDB,0.0
sy_kmag sy_jmag pl_tsystemref_BJD-UTC,-0.0
sy_kmag sy_jmag pl_tsystemref_HJD,0.0
sy_kmag sy_jmag pl_tsystemref_JD,-0.0
sy_kmag sy_hmag^2,0.0
sy_kmag sy_hmag sy_vmag,0.0
sy_kmag sy_hmag sy_pm,-0.0
sy_kmag sy_hmag sy_pmdec,-0.0
sy_kmag sy_hmag sy_pmra,-0.0
sy_kmag sy_hmag pl_orbper,0.0
sy_kmag sy_hmag sy_gaiamag,0.0
sy_kmag sy_hmag st_rad,0.0
sy_kmag sy_hmag sy_bmag,0.0
sy_kmag sy_hmag sy_dist,0.0
sy_kmag sy_hmag st_teff,0.0
sy_kmag sy_hmag sy_w2mag,0.0
sy_kmag sy_hmag sy_w1mag,0.0
sy_kmag sy_hmag sy_w3mag,0.0
sy_kmag sy_hmag sy_w4mag,0.0
sy_kmag sy_hmag sy_plx,-0.0
sy_kmag sy_hmag st_logg,0.0
sy_kmag sy_hmag st_mass,0.0
sy_kmag sy_hmag soltype_Kepler Project Candidate (q1_q17_dr25_koi),-0.0
sy_kmag sy_hmag soltype_Published Confirmed,0.0
sy_kmag sy_hmag pl_tsystemref_BJD,0.0
sy_kmag sy_hmag pl_tsystemref_BJD-TDB,0.0
sy_kmag sy_hmag pl_tsystemref_BJD-UTC,-0.0
sy_kmag sy_hmag pl_tsystemref_HJD,0.0
sy_kmag sy_hmag pl_tsystemref_JD,-0.0
sy_kmag sy_vmag^2,0.0
sy_kmag sy_vmag sy_pm,-0.0
sy_kmag sy_vmag sy_pmdec,-0.0
sy_kmag sy_vmag sy_pmra,-0.0
sy_kmag sy_vmag pl_orbper,0.0
sy_kmag sy_vmag sy_gaiamag,0.0
sy_kmag sy_vmag st_rad,0.0
sy_kmag sy_vmag sy_bmag,0.0
sy_kmag sy_vmag sy_dist,0.0
sy_kmag sy_vmag st_teff,0.0
sy_kmag sy_vmag sy_w2mag,0.0
sy_kmag sy_vmag sy_w1mag,0.0
sy_kmag sy_vmag sy_w3mag,0.0
sy_kmag sy_vmag sy_w4mag,0.0
sy_kmag sy_vmag sy_plx,-0.0
sy_kmag sy_vmag st_logg,0.0
sy_kmag sy_vmag st_mass,0.0
sy_kmag sy_vmag soltype_Kepler Project Candidate (q1_q17_dr25_koi),-0.0
sy_kmag sy_vmag soltype_Published Confirmed,0.0
sy_kmag sy_vmag pl_tsystemref_BJD,0.0
sy_kmag sy_vmag pl_tsystemref_BJD-TDB,0.0
sy_kmag sy_vmag pl_tsystemref_BJD-UTC,-0.0
sy_kmag sy_vmag pl_tsystemref_HJD,0.0
sy_kmag sy_vmag pl_tsystemref_JD,-0.0
sy_kmag sy_pm^2,0.0
sy_kmag sy_pm sy_pmdec,-0.0
sy_kmag sy_pm sy_pmra,0.0
sy_kmag sy_pm pl_orbper,0.0
sy_kmag sy_pm sy_gaiamag,-0.0
sy_kmag sy_pm st_rad,0.0
sy_kmag sy_pm sy_bmag,-0.0
sy_kmag sy_pm sy_dist,0.0
sy_kmag sy_pm st_teff,-0.0
sy_kmag sy_pm sy_w2mag,-0.0
sy_kmag sy_pm sy_w1mag,-0.0
sy_kmag sy_pm sy_w3mag,-0.0
sy_kmag sy_pm sy_w4mag,-0.0
sy_kmag sy_pm sy_plx,-0.0
sy_kmag sy_pm st_logg,-0.0
sy_kmag sy_pm st_mass,0.0
sy_kmag sy_pm soltype_Kepler Project Candidate (q1_q17_dr25_koi),-0.0
sy_kmag sy_pm soltype_Published Confirmed,-0.0
sy_kmag sy_pm pl_tsystemref_BJD,0.0
sy_kmag sy_pm pl_tsystemref_BJD-TDB,-0.0
sy_kmag sy_pm pl_tsystemref_BJD-UTC,-0.0
sy_kmag sy_pm pl_tsystemref_HJD,0.0
sy_kmag sy_pm pl_tsystemref_JD,-0.0
sy_kmag sy_pmdec^2,0.0
sy_kmag sy_pmdec sy_pmra,0.0
sy_kmag sy_pmdec pl_orbper,-0.0
sy_kmag sy_pmdec sy_gaiamag,-0.0
sy_kmag sy_pmdec st_rad,-0.0
sy_kmag sy_pmdec sy_bmag,-0.0
sy_kmag sy_pmdec sy_dist,-0.0
sy_kmag sy_pmdec st_teff,-0.0
sy_kmag sy_pmdec sy_w2mag,-0.0
sy_kmag sy_pmdec sy_w1mag,-0.0
sy_kmag sy_pmdec sy_w3mag,-0.0
sy_kmag sy_pmdec sy_w4mag,-0.0
sy_kmag sy_pmdec sy_plx,-0.0
sy_kmag sy_pmdec st_logg,-0.0
sy_kmag sy_pmdec st_mass,-0.0
sy_kmag sy_pmdec soltype_Kepler Project Candidate (q1_q17_dr25_koi),0.0
sy_kmag sy_pmdec soltype_Published Confirmed,-0.0
sy_kmag sy_pmdec pl_tsystemref_BJD,-0.0
sy_kmag sy_pmdec pl_tsystemref_BJD-TDB,0.0
sy_kmag sy_pmdec pl_tsystemref_BJD-UTC,-0.0
sy_kmag sy_pmdec pl_tsystemref_HJD,0.0
sy_kmag sy_pmdec pl_tsystemref_JD,-0.0
sy_kmag sy_pmra^2,0.0
sy_kmag sy_pmra pl_orbper,0.0
sy_kmag sy_pmra sy_gaiamag,-0.0
sy_kmag sy_pmra st_rad,-0.0
sy_kmag sy_pmra sy_bmag,-0.0
sy_kmag sy_pmra sy_dist,-0.0
sy_kmag sy_pmra st_teff,-0.0
sy_kmag sy_pmra sy_w2mag,-0.0
sy_kmag sy_pmra sy_w1mag,-0.0
sy_kmag sy_pmra sy_w3mag,-0.0
sy_kmag sy_pmra sy_w4mag,-0.0
sy_kmag sy_pmra sy_plx,0.0
sy_kmag sy_pmra st_logg,-0.0
sy_kmag sy_pmra st_mass,-0.0
sy_kmag sy_pmra soltype_Kepler Project Candidate (q1_q17_dr25_koi),0.0
sy_kmag sy_pmra soltype_Published Confirmed,-0.0
sy_kmag sy_pmra pl_tsystemref_BJD,0.0
sy_kmag sy_pmra pl_tsystemref_BJD-TDB,-0.0
sy_kmag sy_pmra pl_tsystemref_BJD-UTC,-0.0
sy_kmag sy_pmra pl_tsystemref_HJD,-0.0
sy_kmag sy_pmra pl_tsystemref_JD,-0.0
sy_kmag pl_orbper^2,-0.0
sy_kmag pl_orbper sy_gaiamag,0.0
sy_kmag pl_orbper st_rad,0.0
sy_kmag pl_orbper sy_bmag,0.0
sy_kmag pl_orbper sy_dist,0.0
sy_kmag pl_orbper st_teff,0.0
sy_kmag pl_orbper sy_w2mag,0.0
sy_kmag pl_orbper sy_w1mag,0.0
sy_kmag pl_orbper sy_w3mag,0.0
sy_kmag pl_orbper sy_w4mag,0.0
sy_kmag pl_orbper sy_plx,0.0
sy_kmag pl_orbper st_logg,0.0
sy_kmag pl_orbper st_mass,0.0
sy_kmag pl_orbper soltype_Kepler Project Candidate (q1_q17_dr25_koi),0.0
sy_kmag pl_orbper soltype_Published Confirmed,0.0
sy_kmag pl_orbper pl_tsystemref_BJD,0.0
sy_kmag pl_orbper pl_tsystemref_BJD-TDB,0.0
sy_kmag pl_orbper pl_tsystemref_BJD-UTC,-0.0
sy_kmag pl_orbper pl_tsystemref_HJD,0.0
sy_kmag pl_orbper pl_tsystemref_JD,0.0
sy_kmag sy_gaiamag^2,0.0
sy_kmag sy_gaiamag st_rad,0.0
sy_kmag sy_gaiamag sy_bmag,0.0
sy_kmag sy_gaiamag sy_dist,0.0
sy_kmag sy_gaiamag st_teff,0.0
sy_kmag sy_gaiamag sy_w2mag,0.0
sy_kmag sy_gaiamag sy_w1mag,0.0
sy_kmag sy_gaiamag sy_w3mag,0.0
sy_kmag sy_gaiamag sy_w4mag,0.0
sy_kmag sy_gaiamag sy_plx,-0.0
sy_kmag sy_gaiamag st_logg,0.0
sy_kmag sy_gaiamag st_mass,0.0
sy_kmag sy_gaiamag soltype_Kepler Project Candidate (q1_q17_dr25_koi),-0.0
sy_kmag sy_gaiamag soltype_Published Confirmed,0.0
sy_kmag sy_gaiamag pl_tsystemref_BJD,0.0
sy_kmag sy_gaiamag pl_tsystemref_BJD-TDB,0.0
sy_kmag sy_gaiamag pl_tsystemref_BJD-UTC,-0.0
sy_kmag sy_gaiamag pl_tsystemref_HJD,0.0
sy_kmag sy_gaiamag pl_tsystemref_JD,-0.0
sy_kmag st_rad^2,0.0
sy_kmag st_rad sy_bmag,0.0
sy_kmag st_rad sy_dist,0.0
sy_kmag st_rad st_teff,0.0
sy_kmag st_rad sy_w2mag,0.0
sy_kmag st_rad sy_w1mag,0.0
sy_kmag st_rad sy_w3mag,0.0
sy_kmag st_rad sy_w4mag,0.0
sy_kmag st_rad sy_plx,0.0
sy_kmag st_rad st_logg,0.0
sy_kmag st_rad st_mass,0.0
sy_kmag st_rad soltype_Kepler Project Candidate (q1_q17_dr25_koi),-0.0
sy_kmag st_rad soltype_Published Confirmed,0.0
sy_kmag st_rad pl_tsystemref_BJD,0.0
sy_kmag st_rad pl_tsystemref_BJD-TDB,0.0
sy_kmag st_rad pl_tsystemref_BJD-UTC,0.0
sy_kmag st_rad pl_tsystemref_HJD,0.0
sy_kmag st_rad pl_tsystemref_JD,-0.0
sy_kmag sy_bmag^2,0.0
sy_kmag sy_bmag sy_dist,0.0
sy_kmag sy_bmag st_teff,0.0
sy_kmag sy_bmag sy_w2mag,0.0
sy_kmag sy_bmag sy_w1mag,0.0
sy_kmag sy_bmag sy_w3mag,0.0
sy_kmag sy_bmag sy_w4mag,0.0
sy_kmag sy_bmag sy_plx,-0.0
sy_kmag sy_bmag st_logg,0.0
sy_kmag sy_bmag st_mass,0.0
sy_kmag sy_bmag soltype_Kepler Project Candidate (q1_q17_dr25_koi),-0.0
sy_kmag sy_bmag soltype_Published Confirmed,0.0
sy_kmag sy_bmag pl_tsystemref_BJD,0.0
sy_kmag sy_bmag pl_tsystemref_BJD-TDB,0.0
sy_kmag sy_bmag pl_tsystemref_BJD-UTC,-0.0
sy_kmag sy_bmag pl_tsystemref_HJD,0.0
sy_kmag sy_bmag pl_tsystemref_JD,-0.0
sy_kmag sy_dist^2,0.0
sy_kmag sy_dist st_teff,0.0
sy_kmag sy_dist sy_w2mag,0.0
sy_kmag sy_dist sy_w1mag,0.0
sy_kmag sy_dist sy_w3mag,0.0
sy_kmag sy_dist sy_w4mag,0.0
sy_kmag sy_dist sy_plx,0.0
sy_kmag sy_dist st_logg,0.0
sy_kmag sy_dist st_mass,0.0
sy_kmag sy_dist soltype_Kepler Project Candidate (q1_q17_dr25_koi),-0.0
sy_kmag sy_dist soltype_Published Confirmed,0.0
sy_kmag sy_dist pl_tsystemref_BJD,0.0
sy_kmag sy_dist pl_tsystemref_BJD-TDB,0.0
sy_kmag sy_dist pl_tsystemref_BJD-UTC,0.0
sy_kmag sy_dist pl_tsystemref_HJD,0.0
sy_kmag sy_dist pl_tsystemref_JD,0.0
sy_kmag st_teff^2,0.0
sy_kmag st_teff sy_w2mag,0.0
sy_kmag st_teff sy_w1mag,0.0
sy_kmag st_teff sy_w3mag,0.0
sy_kmag st_teff sy_w4mag,0.0
sy_kmag st_teff sy_plx,-0.0
sy_kmag st_teff st_logg,0.0
sy_kmag st_teff st_mass,0.0
sy_kmag st_teff soltype_Kepler Project Candidate (q1_q17_dr25_koi),-0.0
sy_kmag st_teff soltype_Published Confirmed,0.0
sy_kmag st_teff pl_tsystemref_BJD,0.0
sy_kmag st_teff pl_tsystemref_BJD-TDB,0.0
sy_kmag st_teff pl_tsystemref_BJD-UTC,0.0
sy_kmag st_teff pl_tsystemref_HJD,0.0
sy_kmag st_teff pl_tsystemref_JD,-0.0
sy_kmag sy_w2mag^2,0.0
sy_kmag sy_w2mag sy_w1mag,0.0
sy_kmag sy_w2mag sy_w3mag,0.0
sy_kmag sy_w2mag sy_w4mag,0.0
sy_kmag sy_w2mag sy_plx,-0.0
sy_kmag sy_w2mag st_logg,0.0
sy_kmag sy_w2mag st_mass,0.0
sy_kmag sy_w2mag soltype_Kepler Project Candidate (q1_q17_dr25_koi),-0.0
sy_kmag sy_w2mag soltype_Published Confirmed,0.0
sy_kmag sy_w2mag pl_tsystemref_BJD,0.0
sy_kmag sy_w2mag pl_tsystemref_BJD-TDB,0.0
sy_kmag sy_w2mag pl_tsystemref_BJD-UTC,-0.0
sy_kmag sy_w2mag pl_tsystemref_HJD,0.0
sy_kmag sy_w2mag pl_tsystemref_JD,-0.0
sy_kmag sy_w1mag^2,0.0
sy_kmag sy_w1mag sy_w3mag,0.0
sy_kmag sy_w1mag sy_w4mag,0.0
sy_kmag sy_w1mag sy_plx,-0.0
sy_kmag sy_w1mag st_logg,0.0
sy_kmag sy_w1mag st_mass,0.0
sy_kmag sy_w1mag soltype_Kepler Project Candidate (q1_q17_dr25_koi),-0.0
sy_kmag sy_w1mag soltype_Published Confirmed,0.0
sy_kmag sy_w1mag pl_tsystemref_BJD,0.0
sy_kmag sy_w1mag pl_tsystemref_BJD-TDB,0.0
sy_kmag sy_w1mag pl_tsystemref_BJD-UTC,-0.0
sy_kmag sy_w1mag pl_tsystemref_HJD,0.0
sy_kmag sy_w1mag pl_tsystemref_JD,-0.0
sy_kmag sy_w3mag^2,0.0
sy_kmag sy_w3mag sy_w4mag,0.0
sy_kmag sy_w3mag sy_plx,-0.0
sy_kmag sy_w3mag st_logg,0.0
sy_kmag sy_w3mag st_mass,0.0
sy_kmag sy_w3mag soltype_Kepler Project Candidate (q1_q17_dr25_koi),-0.0
sy_kmag sy_w3mag soltype_Published Confirmed,0.0
sy_kmag sy_w3mag pl_tsystemref_BJD,0.0
sy_kmag sy_w3mag pl_tsystemref_BJD-TDB,0.0
sy_kmag sy_w3mag pl_tsystemref_BJD-UTC,-0.0
sy_kmag sy_w3mag pl_tsystemref_HJD,0.0
sy_kmag sy_w3mag pl_tsystemref_JD,-0.0
sy_kmag sy_w4mag^2,0.0
sy_kmag sy_w4mag sy_plx,-0.0
sy_kmag sy_w4mag st_logg,0.0
sy_kmag sy_w4mag st_mass,0.0
sy_kmag sy_w4mag soltype_Kepler Project Candidate (q1_q17_dr25_koi),-0.0
sy_kmag sy_w4mag soltype_Published Confirmed,0.0
sy_kmag sy_w4mag pl_tsystemref_BJD,0.0
sy_kmag sy_w4mag pl_tsystemref_BJD-TDB,0.0
sy_kmag sy_w4mag pl_tsystemref_BJD-UTC,-0.0
sy_kmag sy_w4mag pl_tsystemref_HJD,0.0
sy_kmag sy_w4mag pl_tsystemref_JD,-0.0
sy_kmag sy_plx^2,-0.0
sy_kmag sy_plx st_logg,-0.0
sy_kmag sy_plx st_mass,-0.0
sy_kmag sy_plx soltype_Kepler Project Candidate (q1_q17_dr25_koi),-0.0
sy_kmag sy_plx soltype_Published Confirmed,-0.0
sy_kmag sy_plx pl_tsystemref_BJD,-0.0
sy_kmag sy_plx pl_tsystemref_BJD-TDB,-0.0
sy_kmag sy_plx pl_tsystemref_BJD-UTC,-0.0
sy_kmag sy_plx pl_tsystemref_HJD,0.0
sy_kmag sy_plx pl_tsystemref_JD,-0.0
sy_kmag st_logg^2,0.0
sy_kmag st_logg st_mass,0.0
sy_kmag st_logg soltype_Kepler Project Candidate (q1_q17_dr25_koi),-0.0
sy_kmag st_logg soltype_Published Confirmed,0.0
sy_kmag st_logg pl_tsystemref_BJD,0.0
sy_kmag st_logg pl_tsystemref_BJD-TDB,0.0
sy_kmag st_logg pl_tsystemref_BJD-UTC,-0.0
sy_kmag st_logg pl_tsystemref_HJD,0.0
sy_kmag st_logg pl_tsystemref_JD,-0.0
sy_kmag st_mass^2,0.0
sy_kmag st_mass soltype_Kepler Project Candidate (q1_q17_dr25_koi),-0.0
sy_kmag st_mass soltype_Published Confirmed,0.0
sy_kmag st_mass pl_tsystemref_BJD,0.0
sy_kmag st_mass pl_tsystemref_BJD-TDB,0.0
sy_kmag st_mass pl_tsystemref_BJD-UTC,0.0
sy_kmag st_mass pl_tsystemref_HJD,0.0
sy_kmag st_mass pl_tsystemref_JD,-0.0
sy_kmag soltype_Kepler Project Candidate (q1_q17_dr25_koi)^2,-0.0
sy_kmag soltype_Kepler Project Candidate (q1_q17_dr25_koi) soltype_Published Confirmed,0.0
sy_kmag soltype_Kepler Project Candidate (q1_q17_dr25_koi) pl_tsystemref_BJD,-0.0
sy_kmag soltype_Kepler Project Candidate (q1_q17_dr25_koi) pl_tsystemref_BJD-TDB,0.0
sy_kmag soltype_Kepler Project Candidate (q1_q17_dr25_koi) pl_tsystemref_BJD-UTC,0.0
sy_kmag soltype_Kepler Project Candidate (q1_q17_dr25_koi) pl_tsystemref_HJD,0.0
sy_kmag soltype_Kepler Project Candidate (q1_q17_dr25_koi) pl_tsystemref_JD,0.0
sy_kmag soltype_Published Confirmed^2,0.0
sy_kmag soltype_Published Confirmed pl_tsystemref_BJD,0.0
sy_kmag soltype_Published Confirmed pl_tsystemref_BJD-TDB,0.0
sy_kmag soltype_Published Confirmed pl_tsystemref_BJD-UTC,-0.0
sy_kmag soltype_Published Confirmed pl_tsystemref_HJD,0.0
sy_kmag soltype_Published Confirmed pl_tsystemref_JD,-0.0
sy_kmag pl_tsystemref_BJD^2,0.0
sy_kmag pl_tsystemref_BJD pl_tsystemref_BJD-TDB,0.0
sy_kmag pl_tsystemref_BJD pl_tsystemref_BJD-UTC,0.0
sy_kmag pl_tsystemref_BJD pl_tsystemref_HJD,0.0
sy_kmag pl_tsystemref_BJD pl_tsystemref_JD,0.0
sy_kmag pl_tsystemref_BJD-TDB^2,0.0
sy_kmag pl_tsystemref_BJD-TDB pl_tsystemref_BJD-UTC,0.0
sy_kmag pl_tsystemref_BJD-TDB pl_tsystemref_HJD,0.0
sy_kmag pl_tsystemref_BJD-TDB pl_tsystemref_JD,0.0
sy_kmag pl_tsystemref_BJD-UTC^2,-0.0
sy_kmag pl_tsystemref_BJD-UTC pl_tsystemref_HJD,0.0
sy_kmag pl_tsystemref_BJD-UTC pl_tsystemref_JD,0.0
sy_kmag pl_tsystemref_HJD^2,0.0
sy_kmag pl_tsystemref_HJD pl_tsystemref_JD,0.0
sy_kmag pl_tsystemref_JD^2,-0.0
sy_jmag^3,0.0
sy_jmag^2 sy_hmag,0.0
sy_jmag^2 sy_vmag,0.0
sy_jmag^2 sy_pm,-0.0
sy_jmag^2 sy_pmdec,-0.0
sy_jmag^2 sy_pmra,-0.0
sy_jmag^2 pl_orbper,0.0
sy_jmag^2 sy_gaiamag,0.0
sy_jmag^2 st_rad,0.0
sy_jmag^2 sy_bmag,0.0
sy_jmag^2 sy_dist,0.0
sy_jmag^2 st_teff,0.0
sy_jmag^2 sy_w2mag,0.0
sy_jmag^2 sy_w1mag,0.0
sy_jmag^2 sy_w3mag,0.0
sy_jmag^2 sy_w4mag,0.0
sy_jmag^2 sy_plx,-0.0
sy_jmag^2 st_logg,0.0
sy_jmag^2 st_mass,0.0
sy_jmag^2 soltype_Kepler Project Candidate (q1_q17_dr25_koi),-0.0
sy_jmag^2 soltype_Published Confirmed,0.0
sy_jmag^2 pl_tsystemref_BJD,0.0
sy_jmag^2 pl_tsystemref_BJD-TDB,0.0
sy_jmag^2 pl_tsystemref_BJD-UTC,-0.0
sy_jmag^2 pl_tsystemref_HJD,0.0
sy_jmag^2 pl_tsystemref_JD,-0.0
sy_jmag sy_hmag^2,0.0
sy_jmag sy_hmag sy_vmag,0.0
sy_jmag sy_hmag sy_pm,-0.0
sy_jmag sy_hmag sy_pmdec,-0.0
sy_jmag sy_hmag sy_pmra,-0.0
sy_jmag sy_hmag pl_orbper,0.0
sy_jmag sy_hmag sy_gaiamag,0.0
sy_jmag sy_hmag st_rad,0.0
sy_jmag sy_hmag sy_bmag,0.0
sy_jmag sy_hmag sy_dist,0.0
sy_jmag sy_hmag st_teff,0.0
sy_jmag sy_hmag sy_w2mag,0.0
sy_jmag sy_hmag sy_w1mag,0.0
sy_jmag sy_hmag sy_w3mag,0.0
sy_jmag sy_hmag sy_w4mag,0.0
sy_jmag sy_hmag sy_plx,-0.0
sy_jmag sy_hmag st_logg,0.0
sy_jmag sy_hmag st_mass,0.0
sy_jmag sy_hmag soltype_Kepler Project Candidate (q1_q17_dr25_koi),-0.0
sy_jmag sy_hmag soltype_Published Confirmed,0.0
sy_jmag sy_hmag pl_tsystemref_BJD,0.0
sy_jmag sy_hmag pl_tsystemref_BJD-TDB,0.0
sy_jmag sy_hmag pl_tsystemref_BJD-UTC,-0.0
sy_jmag sy_hmag pl_tsystemref_HJD,0.0
sy_jmag sy_hmag pl_tsystemref_JD,-0.0
sy_jmag sy_vmag^2,0.0
sy_jmag sy_vmag sy_pm,-0.0
sy_jmag sy_vmag sy_pmdec,-0.0
sy_jmag sy_vmag sy_pmra,-0.0
sy_jmag sy_vmag pl_orbper,0.0
sy_jmag sy_vmag sy_gaiamag,0.0
sy_jmag sy_vmag st_rad,0.0
sy_jmag sy_vmag sy_bmag,0.0
sy_jmag sy_vmag sy_dist,0.0
sy_jmag sy_vmag st_teff,0.0
sy_jmag sy_vmag sy_w2mag,0.0
sy_jmag sy_vmag sy_w1mag,0.0
sy_jmag sy_vmag sy_w3mag,0.0
sy_jmag sy_vmag sy_w4mag,0.0
sy_jmag sy_vmag sy_plx,-0.0
sy_jmag sy_vmag st_logg,0.0
sy_jmag sy_vmag st_mass,0.0
sy_jmag sy_vmag soltype_Kepler Project Candidate (q1_q17_dr25_koi),-0.0
sy_jmag sy_vmag soltype_Published Confirmed,0.0
sy_jmag sy_vmag pl_tsystemref_BJD,0.0
sy_jmag sy_vmag pl_tsystemref_BJD-TDB,0.0
sy_jmag sy_vmag pl_tsystemref_BJD-UTC,-0.0
sy_jmag sy_vmag pl_tsystemref_HJD,0.0
sy_jmag sy_vmag pl_tsystemref_JD,-0.0
sy_jmag sy_pm^2,0.0
sy_jmag sy_pm sy_pmdec,-0.0
sy_jmag sy_pm sy_pmra,0.0
sy_jmag sy_pm pl_orbper,0.0
sy_jmag sy_pm sy_gaiamag,-0.0
sy_jmag sy_pm st_rad,0.0
sy_jmag sy_pm sy_bmag,-0.0
sy_jmag sy_pm sy_dist,0.0
sy_jmag sy_pm st_teff,-0.0
sy_jmag sy_pm sy_w2mag,-0.0
sy_jmag sy_pm sy_w1mag,-0.0
sy_jmag sy_pm sy_w3mag,-0.0
sy_jmag sy_pm sy_w4mag,-0.0
sy_jmag sy_pm sy_plx,-0.0
sy_jmag sy_pm st_logg,-0.0
sy_jmag sy_pm st_mass,0.0
sy_jmag sy_pm soltype_Kepler Project Candidate (q1_q17_dr25_koi),-0.0
sy_jmag sy_pm soltype_Published Confirmed,-0.0
sy_jmag sy_pm pl_tsystemref_BJD,0.0
sy_jmag sy_pm pl_tsystemref_BJD-TDB,-0.0
sy_jmag sy_pm pl_tsystemref_BJD-UTC,-0.0
sy_jmag sy_pm pl_tsystemref_HJD,0.0
sy_jmag sy_pm pl_tsystemref_JD,-0.0
sy_jmag sy_pmdec^2,0.0
sy_jmag sy_pmdec sy_pmra,0.0
sy_jmag sy_pmdec pl_orbper,-0.0
sy_jmag sy_pmdec sy_gaiamag,-0.0
sy_jmag sy_pmdec st_rad,-0.0
sy_jmag sy_pmdec sy_bmag,-0.0
sy_jmag sy_pmdec sy_dist,-0.0
sy_jmag sy_pmdec st_teff,-0.0
sy_jmag sy_pmdec sy_w2mag,-0.0
sy_jmag sy_pmdec sy_w1mag,-0.0
sy_jmag sy_pmdec sy_w3mag,-0.0
sy_jmag sy_pmdec sy_w4mag,-0.0
sy_jmag sy_pmdec sy_plx,-0.0
sy_jmag sy_pmdec st_logg,-0.0
sy_jmag sy_pmdec st_mass,-0.0
sy_jmag sy_pmdec soltype_Kepler Project Candidate (q1_q17_dr25_koi),0.0
sy_jmag sy_pmdec soltype_Published Confirmed,-0.0
sy_jmag sy_pmdec pl_tsystemref_BJD,-0.0
sy_jmag sy_pmdec pl_tsystemref_BJD-TDB,0.0
sy_jmag sy_pmdec pl_tsystemref_BJD-UTC,-0.0
sy_jmag sy_pmdec pl_tsystemref_HJD,0.0
sy_jmag sy_pmdec pl_tsystemref_JD,-0.0
sy_jmag sy_pmra^2,0.0
sy_jmag sy_pmra pl_orbper,0.0
sy_jmag sy_pmra sy_gaiamag,-0.0
sy_jmag sy_pmra st_rad,-0.0
sy_jmag sy_pmra sy_bmag,-0.0
sy_jmag sy_pmra sy_dist,-0.0
sy_jmag sy_pmra st_teff,-0.0
sy_jmag sy_pmra sy_w2mag,-0.0
sy_jmag sy_pmra sy_w1mag,-0.0
sy_jmag sy_pmra sy_w3mag,-0.0
sy_jmag sy_pmra sy_w4mag,-0.0
sy_jmag sy_pmra sy_plx,0.0
sy_jmag sy_pmra st_logg,-0.0
sy_jmag sy_pmra st_mass,-0.0
sy_jmag sy_pmra soltype_Kepler Project Candidate (q1_q17_dr25_koi),0.0
sy_jmag sy_pmra soltype_Published Confirmed,-0.0
sy_jmag sy_pmra pl_tsystemref_BJD,0.0
sy_jmag sy_pmra pl_tsystemref_BJD-TDB,-0.0
sy_jmag sy_pmra pl_tsystemref_BJD-UTC,-0.0
sy_jmag sy_pmra pl_tsystemref_HJD,-0.0
sy_jmag sy_pmra pl_tsystemref_JD,-0.0
sy_jmag pl_orbper^2,-0.0
sy_jmag pl_orbper sy_gaiamag,0.0
sy_jmag pl_orbper st_rad,0.0
sy_jmag pl_orbper sy_bmag,0.0
sy_jmag pl_orbper sy_dist,0.0
sy_jmag pl_orbper st_teff,0.0
sy_jmag pl_orbper sy_w2mag,0.0
sy_jmag pl_orbper sy_w1mag,0.0
sy_jmag pl_orbper sy_w3mag,0.0
sy_jmag pl_orbper sy_w4mag,0.0
sy_jmag pl_orbper sy_plx,0.0
sy_jmag pl_orbper st_logg,0.0
sy_jmag pl_orbper st_mass,0.0
sy_jmag pl_orbper soltype_Kepler Project Candidate (q1_q17_dr25_koi),0.0
sy_jmag pl_orbper soltype_Published Confirmed,0.0
sy_jmag pl_orbper pl_tsystemref_BJD,0.0
sy_jmag pl_orbper pl_tsystemref_BJD-TDB,0.0
sy_jmag pl_orbper pl_tsystemref_BJD-UTC,-0.0
sy_jmag pl_orbper pl_tsystemref_HJD,0.0
sy_jmag pl_orbper pl_tsystemref_JD,0.0
sy_jmag sy_gaiamag^2,0.0
sy_jmag sy_gaiamag st_rad,0.0
sy_jmag sy_gaiamag sy_bmag,0.0
sy_jmag sy_gaiamag sy_dist,0.0
sy_jmag sy_gaiamag st_teff,0.0
sy_jmag sy_gaiamag sy_w2mag,0.0
sy_jmag sy_gaiamag sy_w1mag,0.0
sy_jmag sy_gaiamag sy_w3mag,0.0
sy_jmag sy_gaiamag sy_w4mag,0.0
sy_jmag sy_gaiamag sy_plx,-0.0
sy_jmag sy_gaiamag st_logg,0.0
sy_jmag sy_gaiamag st_mass,0.0
sy_jmag sy_gaiamag soltype_Kepler Project Candidate (q1_q17_dr25_koi),-0.0
sy_jmag sy_gaiamag soltype_Published Confirmed,0.0
sy_jmag sy_gaiamag pl_tsystemref_BJD,0.0
sy_jmag sy_gaiamag pl_tsystemref_BJD-TDB,0.0
sy_jmag sy_gaiamag pl_tsystemref_BJD-UTC,-0.0
sy_jmag sy_gaiamag pl_tsystemref_HJD,0.0
sy_jmag sy_gaiamag pl_tsystemref_JD,-0.0
sy_jmag st_rad^2,0.0
sy_jmag st_rad sy_bmag,0.0
sy_jmag st_rad sy_dist,0.0
sy_jmag st_rad st_teff,0.0
sy_jmag st_rad sy_w2mag,0.0
sy_jmag st_rad sy_w1mag,0.0
sy_jmag st_rad sy_w3mag,0.0
sy_jmag st_rad sy_w4mag,0.0
sy_jmag st_rad sy_plx,0.0
sy_jmag st_rad st_logg,0.0
sy_jmag st_rad st_mass,0.0
sy_jmag st_rad soltype_Kepler Project Candidate (q1_q17_dr25_koi),-0.0
sy_jmag st_rad soltype_Published Confirmed,0.0
sy_jmag st_rad pl_tsystemref_BJD,0.0
sy_jmag st_rad pl_tsystemref_BJD-TDB,0.0
sy_jmag st_rad pl_tsystemref_BJD-UTC,0.0
sy_jmag st_rad pl_tsystemref_HJD,0.0
sy_jmag st_rad pl_tsystemref_JD,-0.0
sy_jmag sy_bmag^2,0.0
sy_jmag sy_bmag sy_dist,0.0
sy_jmag sy_bmag st_teff,0.0
sy_jmag sy_bmag sy_w2mag,0.0
sy_jmag sy_bmag sy_w1mag,0.0
sy_jmag sy_bmag sy_w3mag,0.0
sy_jmag sy_bmag sy_w4mag,0.0
sy_jmag sy_bmag sy_plx,-0.0
sy_jmag sy_bmag st_logg,0.0
sy_jmag sy_bmag st_mass,0.0
sy_jmag sy_bmag soltype_Kepler Project Candidate (q1_q17_dr25_koi),-0.0
sy_jmag sy_bmag soltype_Published Confirmed,0.0
sy_jmag sy_bmag pl_tsystemref_BJD,0.0
sy_jmag sy_bmag pl_tsystemref_BJD-TDB,0.0
sy_jmag sy_bmag pl_tsystemref_BJD-UTC,-0.0
sy_jmag sy_bmag pl_tsystemref_HJD,0.0
sy_jmag sy_bmag pl_tsystemref_JD,-0.0
sy_jmag sy_dist^2,0.0
sy_jmag sy_dist st_teff,0.0
sy_jmag sy_dist sy_w2mag,0.0
sy_jmag sy_dist sy_w1mag,0.0
sy_jmag sy_dist sy_w3mag,0.0
sy_jmag sy_dist sy_w4mag,0.0
sy_jmag sy_dist sy_plx,0.0
sy_jmag sy_dist st_logg,0.0
sy_jmag sy_dist st_mass,0.0
sy_jmag sy_dist soltype_Kepler Project Candidate (q1_q17_dr25_koi),-0.0
sy_jmag sy_dist soltype_Published Confirmed,0.0
sy_jmag sy_dist pl_tsystemref_BJD,0.0
sy_jmag sy_dist pl_tsystemref_BJD-TDB,0.0
sy_jmag sy_dist pl_tsystemref_BJD-UTC,0.0
sy_jmag sy_dist pl_tsystemref_HJD,0.0
sy_jmag sy_dist pl_tsystemref_JD,0.0
sy_jmag st_teff^2,0.0
sy_jmag st_teff sy_w2mag,0.0
sy_jmag st_teff sy_w1mag,0.0
sy_jmag st_teff sy_w3mag,0.0
sy_jmag st_teff sy_w4mag,0.0
sy_jmag st_teff sy_plx,-0.0
sy_jmag st_teff st_logg,0.0
sy_jmag st_teff st_mass,0.0
sy_jmag st_teff soltype_Kepler Project Candidate (q1_q17_dr25_koi),-0.0
sy_jmag st_teff soltype_Published Confirmed,0.0
sy_jmag st_teff pl_tsystemref_BJD,0.0
sy_jmag st_teff pl_tsystemref_BJD-TDB,0.0
sy_jmag st_teff pl_tsystemref_BJD-UTC,0.0
sy_jmag st_teff pl_tsystemref_HJD,0.0
sy_jmag st_teff pl_tsystemref_JD,-0.0
sy_jmag sy_w2mag^2,0.0
sy_jmag sy_w2mag sy_w1mag,0.0
sy_jmag sy_w2mag sy_w3mag,0.0
sy_jmag sy_w2mag sy_w4mag,0.0
sy_jmag sy_w2mag sy_plx,-0.0
sy_jmag sy_w2mag st_logg,0.0
sy_jmag sy_w2mag st_mass,0.0
sy_jmag sy_w2mag soltype_Kepler Project Candidate (q1_q17_dr25_koi),-0.0
sy_jmag sy_w2mag soltype_Published Confirmed,0.0
sy_jmag sy_w2mag pl_tsystemref_BJD,0.0
sy_jmag sy_w2mag pl_tsystemref_BJD-TDB,0.0
sy_jmag sy_w2mag pl_tsystemref_BJD-UTC,-0.0
sy_jmag sy_w2mag pl_tsystemref_HJD,0.0
sy_jmag sy_w2mag pl_tsystemref_JD,-0.0
sy_jmag sy_w1mag^2,0.0
sy_jmag sy_w1mag sy_w3mag,0.0
sy_jmag sy_w1mag sy_w4mag,0.0
sy_jmag sy_w1mag sy_plx,-0.0
sy_jmag sy_w1mag st_logg,0.0
sy_jmag sy_w1mag st_mass,0.0
sy_jmag sy_w1mag soltype_Kepler Project Candidate (q1_q17_dr25_koi),-0.0
sy_jmag sy_w1mag soltype_Published Confirmed,0.0
sy_jmag sy_w1mag pl_tsystemref_BJD,0.0
sy_jmag sy_w1mag pl_tsystemref_BJD-TDB,0.0
sy_jmag sy_w1mag pl_tsystemref_BJD-UTC,-0.0
sy_jmag sy_w1mag pl_tsystemref_HJD,0.0
sy_jmag sy_w1mag pl_tsystemref_JD,-0.0
sy_jmag sy_w3mag^2,0.0
sy_jmag sy_w3mag sy_w4mag,0.0
sy_jmag sy_w3mag sy_plx,-0.0
sy_jmag sy_w3mag st_logg,0.0
sy_jmag sy_w3mag st_mass,0.0
sy_jmag sy_w3mag soltype_Kepler Project Candidate (q1_q17_dr25_koi),-0.0
sy_jmag sy_w3mag soltype_Published Confirmed,0.0
sy_jmag sy_w3mag pl_tsystemref_BJD,0.0
sy_jmag sy_w3mag pl_tsystemref_BJD-TDB,0.0
sy_jmag sy_w3mag pl_tsystemref_BJD-UTC,-0.0
sy_jmag sy_w3mag pl_tsystemref_HJD,0.0
sy_jmag sy_w3mag pl_tsystemref_JD,-0.0
sy_jmag sy_w4mag^2,0.0
sy_jmag sy_w4mag sy_plx,-0.0
sy_jmag sy_w4mag st_logg,0.0
sy_jmag sy_w4mag st_mass,0.0
sy_jmag sy_w4mag soltype_Kepler Project Candidate (q1_q17_dr25_koi),-0.0
sy_jmag sy_w4mag soltype_Published Confirmed,0.0
sy_jmag sy_w4mag pl_tsystemref_BJD,0.0
sy_jmag sy_w4mag pl_tsystemref_BJD-TDB,0.0
sy_jmag sy_w4mag pl_tsystemref_BJD-UTC,-0.0
sy_jmag sy_w4mag pl_tsystemref_HJD,0.0
sy_jmag sy_w4mag pl_tsystemref_JD,-0.0
sy_jmag sy_plx^2,-0.0
sy_jmag sy_plx st_logg,-0.0
sy_jmag sy_plx st_mass,-0.0
sy_jmag sy_plx soltype_Kepler Project Candidate (q1_q17_dr25_koi),-0.0
sy_jmag sy_plx soltype_Published Confirmed,-0.0
sy_jmag sy_plx pl_tsystemref_BJD,-0.0
sy_jmag sy_plx pl_tsystemref_BJD-TDB,-0.0
sy_jmag sy_plx pl_tsystemref_BJD-UTC,-0.0
sy_jmag sy_plx pl_tsystemref_HJD,0.0
sy_jmag sy_plx pl_tsystemref_JD,-0.0
sy_jmag st_logg^2,0.0
sy_jmag st_logg st_mass,0.0
sy_jmag st_logg soltype_Kepler Project Candidate (q1_q17_dr25_koi),-0.0
sy_jmag st_logg soltype_Published Confirmed,0.0
sy_jmag st_logg pl_tsystemref_BJD,0.0
sy_jmag st_logg pl_tsystemref_BJD-TDB,0.0
sy_jmag st_logg pl_tsystemref_BJD-UTC,-0.0
sy_jmag st_logg pl_tsystemref_HJD,0.0
sy_jmag st_logg pl_tsystemref_JD,-0.0
sy_jmag st_mass^2,0.0
sy_jmag st_mass soltype_Kepler Project Candidate (q1_q17_dr25_koi),-0.0
sy_jmag st_mass soltype_Published Confirmed,0.0
sy_jmag st_mass pl_tsystemref_BJD,0.0
sy_jmag st_mass pl_tsystemref_BJD-TDB,0.0
sy_jmag st_mass pl_tsystemref_BJD-UTC,0.0
sy_jmag st_mass pl_tsystemref_HJD,0.0
sy_jmag st_mass pl_tsystemref_JD,-0.0
sy_jmag soltype_Kepler Project Candidate (q1_q17_dr25_koi)^2,-0.0
sy_jmag soltype_Kepler Project Candidate (q1_q17_dr25_koi) soltype_Published Confirmed,0.0
sy_jmag soltype_Kepler Project Candidate (q1_q17_dr25_koi) pl_tsystemref_BJD,-0.0
sy_jmag soltype_Kepler Project Candidate (q1_q17_dr25_koi) pl_tsystemref_BJD-TDB,0.0
sy_jmag soltype_Kepler Project Candidate (q1_q17_dr25_koi) pl_tsystemref_BJD-UTC,0.0
sy_jmag soltype_Kepler Project Candidate (q1_q17_dr25_koi) pl_tsystemref_HJD,0.0
sy_jmag soltype_Kepler Project Candidate (q1_q17_dr25_koi) pl_tsystemref_JD,0.0
sy_jmag soltype_Published Confirmed^2,0.0
sy_jmag soltype_Published Confirmed pl_tsystemref_BJD,0.0
sy_jmag soltype_Published Confirmed pl_tsystemref_BJD-TDB,0.0
sy_jmag soltype_Published Confirmed pl_tsystemref_BJD-UTC,-0.0
sy_jmag soltype_Published Confirmed pl_tsystemref_HJD,0.0
sy_jmag soltype_Published Confirmed pl_tsystemref_JD,-0.0
sy_jmag pl_tsystemref_BJD^2,0.0
sy_jmag pl_tsystemref_BJD pl_tsystemref_BJD-TDB,0.0
sy_jmag pl_tsystemref_BJD pl_tsystemref_BJD-UTC,0.0
sy_jmag pl_tsystemref_BJD pl_tsystemref_HJD,0.0
sy_jmag pl_tsystemref_BJD pl_tsystemref_JD,0.0
sy_jmag pl_tsystemref_BJD-TDB^2,0.0
sy_jmag pl_tsystemref_BJD-TDB pl_tsystemref_BJD-UTC,0.0
sy_jmag pl_tsystemref_BJD-TDB pl_tsystemref_HJD,0.0
sy_jmag pl_tsystemref_BJD-TDB pl_tsystemref_JD,0.0
sy_jmag pl_tsystemref_BJD-UTC^2,-0.0
sy_jmag pl_tsystemref_BJD-UTC pl_tsystemref_HJD,0.0
sy_jmag pl_tsystemref_BJD-UTC pl_tsystemref_JD,0.0
sy_jmag pl_tsystemref_HJD^2,0.0
sy_jmag pl_tsystemref_HJD pl_tsystemref_JD,0.0
sy_jmag pl_tsystemref_JD^2,-0.0
sy_hmag^3,0.0
sy_hmag^2 sy_vmag,0.0
sy_hmag^2 sy_pm,-0.0
sy_hmag^2 sy_pmdec,-0.0
sy_hmag^2 sy_pmra,-0.0
sy_hmag^2 pl_orbper,0.0
sy_hmag^2 sy_gaiamag,0.0
sy_hmag^2 st_rad,0.0
sy_hmag^2 sy_bmag,0.0
sy_hmag^2 sy_dist,0.0
sy_hmag^2 st_teff,0.0
sy_hmag^2 sy_w2mag,0.0
sy_hmag^2 sy_w1mag,0.0
sy_hmag^2 sy_w3mag,0.0
sy_hmag^2 sy_w4mag,0.0
sy_hmag^2 sy_plx,-0.0
sy_hmag^2 st_logg,0.0
sy_hmag^2 st_mass,0.0
sy_hmag^2 soltype_Kepler Project Candidate (q1_q17_dr25_koi),-0.0
sy_hmag^2 soltype_Published Confirmed,0.0
sy_hmag^2 pl_tsystemref_BJD,0.0
sy_hmag^2 pl_tsystemref_BJD-TDB,0.0
sy_hmag^2 pl_tsystemref_BJD-UTC,-0.0
sy_hmag^2 pl_tsystemref_HJD,0.0
sy_hmag^2 pl_tsystemref_JD,-0.0
sy_hmag sy_vmag^2,0.0
sy_hmag sy_vmag sy_pm,-0.0
sy_hmag sy_vmag sy_pmdec,-0.0
sy_hmag sy_vmag sy_pmra,-0.0
sy_hmag sy_vmag pl_orbper,0.0
sy_hmag sy_vmag sy_gaiamag,0.0
sy_hmag sy_vmag st_rad,0.0
sy_hmag sy_vmag sy_bmag,0.0
sy_hmag sy_vmag sy_dist,0.0
sy_hmag sy_vmag st_teff,0.0
sy_hmag sy_vmag sy_w2mag,0.0
sy_hmag sy_vmag sy_w1mag,0.0
sy_hmag sy_vmag sy_w3mag,0.0
sy_hmag sy_vmag sy_w4mag,0.0
sy_hmag sy_vmag sy_plx,-0.0
sy_hmag sy_vmag st_logg,0.0
sy_hmag sy_vmag st_mass,0.0
sy_hmag sy_vmag soltype_Kepler Project Candidate (q1_q17_dr25_koi),-0.0
sy_hmag sy_vmag soltype_Published Confirmed,0.0
sy_hmag sy_vmag pl_tsystemref_BJD,0.0
sy_hmag sy_vmag pl_tsystemref_BJD-TDB,0.0
sy_hmag sy_vmag pl_tsystemref_BJD-UTC,-0.0
sy_hmag sy_vmag pl_tsystemref_HJD,0.0
sy_hmag sy_vmag pl_tsystemref_JD,-0.0
sy_hmag sy_pm^2,0.0
sy_hmag sy_pm sy_pmdec,-0.0
sy_hmag sy_pm sy_pmra,0.0
sy_hmag sy_pm pl_orbper,0.0
sy_hmag sy_pm sy_gaiamag,-0.0
sy_hmag sy_pm st_rad,0.0
sy_hmag sy_pm sy_bmag,-0.0
sy_hmag sy_pm sy_dist,0.0
sy_hmag sy_pm st_teff,-0.0
sy_hmag sy_pm sy_w2mag,-0.0
sy_hmag sy_pm sy_w1mag,-0.0
sy_hmag sy_pm sy_w3mag,-0.0
sy_hmag sy_pm sy_w4mag,-0.0
sy_hmag sy_pm sy_plx,-0.0
sy_hmag sy_pm st_logg,-0.0
sy_hmag sy_pm st_mass,0.0
sy_hmag sy_pm soltype_Kepler Project Candidate (q1_q17_dr25_koi),-0.0
sy_hmag sy_pm soltype_Published Confirmed,-0.0
sy_hmag sy_pm pl_tsystemref_BJD,0.0
sy_hmag sy_pm pl_tsystemref_BJD-TDB,-0.0
sy_hmag sy_pm pl_tsystemref_BJD-UTC,-0.0
sy_hmag sy_pm pl_tsystemref_HJD,0.0
sy_hmag sy_pm pl_tsystemref_JD,-0.0
sy_hmag sy_pmdec^2,0.0
sy_hmag sy_pmdec sy_pmra,0.0
sy_hmag sy_pmdec pl_orbper,-0.0
sy_hmag sy_pmdec sy_gaiamag,-0.0
sy_hmag sy_pmdec st_rad,-0.0
sy_hmag sy_pmdec sy_bmag,-0.0
sy_hmag sy_pmdec sy_dist,-0.0
sy_hmag sy_pmdec st_teff,-0.0
sy_hmag sy_pmdec sy_w2mag,-0.0
sy_hmag sy_pmdec sy_w1mag,-0.0
sy_hmag sy_pmdec sy_w3mag,-0.0
sy_hmag sy_pmdec sy_w4mag,-0.0
sy_hmag sy_pmdec sy_plx,-0.0
sy_hmag sy_pmdec st_logg,-0.0
sy_hmag sy_pmdec st_mass,-0.0
sy_hmag sy_pmdec soltype_Kepler Project Candidate (q1_q17_dr25_koi),0.0
sy_hmag sy_pmdec soltype_Published Confirmed,-0.0
sy_hmag sy_pmdec pl_tsystemref_BJD,-0.0
sy_hmag sy_pmdec pl_tsystemref_BJD-TDB,0.0
sy_hmag sy_pmdec pl_tsystemref_BJD-UTC,-0.0
sy_hmag sy_pmdec pl_tsystemref_HJD,0.0
sy_hmag sy_pmdec pl_tsystemref_JD,-0.0
sy_hmag sy_pmra^2,0.0
sy_hmag sy_pmra pl_orbper,0.0
sy_hmag sy_pmra sy_gaiamag,-0.0
sy_hmag sy_pmra st_rad,-0.0
sy_hmag sy_pmra sy_bmag,-0.0
sy_hmag sy_pmra sy_dist,-0.0
sy_hmag sy_pmra st_teff,-0.0
sy_hmag sy_pmra sy_w2mag,-0.0
sy_hmag sy_pmra sy_w1mag,-0.0
sy_hmag sy_pmra sy_w3mag,-0.0
sy_hmag sy_pmra sy_w4mag,-0.0
sy_hmag sy_pmra sy_plx,0.0
sy_hmag sy_pmra st_logg,-0.0
sy_hmag sy_pmra st_mass,-0.0
sy_hmag sy_pmra soltype_Kepler Project Candidate (q1_q17_dr25_koi),0.0
sy_hmag sy_pmra soltype_Published Confirmed,-0.0
sy_hmag sy_pmra pl_tsystemref_BJD,0.0
sy_hmag sy_pmra pl_tsystemref_BJD-TDB,-0.0
sy_hmag sy_pmra pl_tsystemref_BJD-UTC,-0.0
sy_hmag sy_pmra pl_tsystemref_HJD,-0.0
sy_hmag sy_pmra pl_tsystemref_JD,-0.0
sy_hmag pl_orbper^2,-0.0
sy_hmag pl_orbper sy_gaiamag,0.0
sy_hmag pl_orbper st_rad,0.0
sy_hmag pl_orbper sy_bmag,0.0
sy_hmag pl_orbper sy_dist,0.0
sy_hmag pl_orbper st_teff,0.0
sy_hmag pl_orbper sy_w2mag,0.0
sy_hmag pl_orbper sy_w1mag,0.0
sy_hmag pl_orbper sy_w3mag,0.0
sy_hmag pl_orbper sy_w4mag,0.0
sy_hmag pl_orbper sy_plx,0.0
sy_hmag pl_orbper st_logg,0.0
sy_hmag pl_orbper st_mass,0.0
sy_hmag pl_orbper soltype_Kepler Project Candidate (q1_q17_dr25_koi),0.0
sy_hmag pl_orbper soltype_Published Confirmed,0.0
sy_hmag pl_orbper pl_tsystemref_BJD,0.0
sy_hmag pl_orbper pl_tsystemref_BJD-TDB,0.0
sy_hmag pl_orbper pl_tsystemref_BJD-UTC,-0.0
sy_hmag pl_orbper pl_tsystemref_HJD,0.0
sy_hmag pl_orbper pl_tsystemref_JD,0.0
sy_hmag sy_gaiamag^2,0.009695664988676373
sy_hmag sy_gaiamag st_rad,0.0
sy_hmag sy_gaiamag sy_bmag,0.0
sy_hmag sy_gaiamag sy_dist,0.0
sy_hmag sy_gaiamag st_teff,0.0
sy_hmag sy_gaiamag sy_w2mag,0.0
sy_hmag sy_gaiamag sy_w1mag,0.0
sy_hmag sy_gaiamag sy_w3mag,0.0
sy_hmag sy_gaiamag sy_w4mag,0.0
sy_hmag sy_gaiamag sy_plx,-0.0
sy_hmag sy_gaiamag st_logg,0.0
sy_hmag sy_gaiamag st_mass,0.0
sy_hmag sy_gaiamag soltype_Kepler Project Candidate (q1_q17_dr25_koi),-0.0
sy_hmag sy_gaiamag soltype_Published Confirmed,0.0
sy_hmag sy_gaiamag pl_tsystemref_BJD,0.0
sy_hmag sy_gaiamag pl_tsystemref_BJD-TDB,0.0
sy_hmag sy_gaiamag pl_tsystemref_BJD-UTC,-0.0
sy_hmag sy_gaiamag pl_tsystemref_HJD,0.0
sy_hmag sy_gaiamag pl_tsystemref_JD,-0.0
sy_hmag st_rad^2,0.0
sy_hmag st_rad sy_bmag,0.0
sy_hmag st_rad sy_dist,0.0
sy_hmag st_rad st_teff,0.0
sy_hmag st_rad sy_w2mag,0.0
sy_hmag st_rad sy_w1mag,0.0
sy_hmag st_rad sy_w3mag,0.0
sy_hmag st_rad sy_w4mag,0.0
sy_hmag st_rad sy_plx,0.0
sy_hmag st_rad st_logg,0.0
sy_hmag st_rad st_mass,0.0
sy_hmag st_rad soltype_Kepler Project Candidate (q1_q17_dr25_koi),-0.0
sy_hmag st_rad soltype_Published Confirmed,0.0
sy_hmag st_rad pl_tsystemref_BJD,0.0
sy_hmag st_rad pl_tsystemref_BJD-TDB,0.0
sy_hmag st_rad pl_tsystemref_BJD-UTC,0.0
sy_hmag st_rad pl_tsystemref_HJD,0.0
sy_hmag st_rad pl_tsystemref_JD,-0.0
sy_hmag sy_bmag^2,0.0
sy_hmag sy_bmag sy_dist,0.0
sy_hmag sy_bmag st_teff,0.0
sy_hmag sy_bmag sy_w2mag,0.0
sy_hmag sy_bmag sy_w1mag,0.0
sy_hmag sy_bmag sy_w3mag,0.0
sy_hmag sy_bmag sy_w4mag,0.0
sy_hmag sy_bmag sy_plx,-0.0
sy_hmag sy_bmag st_logg,0.0
sy_hmag sy_bmag st_mass,0.0
sy_hmag sy_bmag soltype_Kepler Project Candidate (q1_q17_dr25_koi),-0.0
sy_hmag sy_bmag soltype_Published Confirmed,0.0
sy_hmag sy_bmag pl_tsystemref_BJD,0.0
sy_hmag sy_bmag pl_tsystemref_BJD-TDB,0.0
sy_hmag sy_bmag pl_tsystemref_BJD-UTC,-0.0
sy_hmag sy_bmag pl_tsystemref_HJD,0.0
sy_hmag sy_bmag pl_tsystemref_JD,-0.0
sy_hmag sy_dist^2,0.0
sy_hmag sy_dist st_teff,0.0
sy_hmag sy_dist sy_w2mag,0.0
sy_hmag sy_dist sy_w1mag,0.0
sy_hmag sy_dist sy_w3mag,0.0
sy_hmag sy_dist sy_w4mag,0.0
sy_hmag sy_dist sy_plx,0.0
sy_hmag sy_dist st_logg,0.0
sy_hmag sy_dist st_mass,0.0
sy_hmag sy_dist soltype_Kepler Project Candidate (q1_q17_dr25_koi),-0.0
sy_hmag sy_dist soltype_Published Confirmed,0.0
sy_hmag sy_dist pl_tsystemref_BJD,0.0
sy_hmag sy_dist pl_tsystemref_BJD-TDB,0.0
sy_hmag sy_dist pl_tsystemref_BJD-UTC,0.0
sy_hmag sy_dist pl_tsystemref_HJD,0.0
sy_hmag sy_dist pl_tsystemref_JD,0.0
sy_hmag st_teff^2,0.0
sy_hmag st_teff sy_w2mag,0.0
sy_hmag st_teff sy_w1mag,0.0
sy_hmag st_teff sy_w3mag,0.0
sy_hmag st_teff sy_w4mag,0.0
sy_hmag st_teff sy_plx,-0.0
sy_hmag st_teff st_logg,0.0
sy_hmag st_teff st_mass,0.0
sy_hmag st_teff soltype_Kepler Project Candidate (q1_q17_dr25_koi),-0.0
sy_hmag st_teff soltype_Published Confirmed,0.0
sy_hmag st_teff pl_tsystemref_BJD,0.0
sy_hmag st_teff pl_tsystemref_BJD-TDB,0.0
sy_hmag st_teff pl_tsystemref_BJD-UTC,0.0
sy_hmag st_teff pl_tsystemref_HJD,0.0
sy_hmag st_teff pl_tsystemref_JD,-0.0
sy_hmag sy_w2mag^2,0.0
sy_hmag sy_w2mag sy_w1mag,0.0
sy_hmag sy_w2mag sy_w3mag,0.0
sy_hmag sy_w2mag sy_w4mag,0.0
sy_hmag sy_w2mag sy_plx,-0.0
sy_hmag sy_w2mag st_logg,0.0
sy_hmag sy_w2mag st_mass,0.0
sy_hmag sy_w2mag soltype_Kepler Project Candidate (q1_q17_dr25_koi),-0.0
sy_hmag sy_w2mag soltype_Published Confirmed,0.0
sy_hmag sy_w2mag pl_tsystemref_BJD,0.0
sy_hmag sy_w2mag pl_tsystemref_BJD-TDB,0.0
sy_hmag sy_w2mag pl_tsystemref_BJD-UTC,-0.0
sy_hmag sy_w2mag pl_tsystemref_HJD,0.0
sy_hmag sy_w2mag pl_tsystemref_JD,-0.0
sy_hmag sy_w1mag^2,0.0
sy_hmag sy_w1mag sy_w3mag,0.0
sy_hmag sy_w1mag sy_w4mag,0.0
sy_hmag sy_w1mag sy_plx,-0.0
sy_hmag sy_w1mag st_logg,0.0
sy_hmag sy_w1mag st_mass,0.0
sy_hmag sy_w1mag soltype_Kepler Project Candidate (q1_q17_dr25_koi),-0.0
sy_hmag sy_w1mag soltype_Published Confirmed,0.0
sy_hmag sy_w1mag pl_tsystemref_BJD,0.0
sy_hmag sy_w1mag pl_tsystemref_BJD-TDB,0.0
sy_hmag sy_w1mag pl_tsystemref_BJD-UTC,-0.0
sy_hmag sy_w1mag pl_tsystemref_HJD,0.0
sy_hmag sy_w1mag pl_tsystemref_JD,-0.0
sy_hmag sy_w3mag^2,0.0
sy_hmag sy_w3mag sy_w4mag,0.0
sy_hmag sy_w3mag sy_plx,-0.0
sy_hmag sy_w3mag st_logg,0.0
sy_hmag sy_w3mag st_mass,0.0
sy_hmag sy_w3mag soltype_Kepler Project Candidate (q1_q17_dr25_koi),-0.0
sy_hmag sy_w3mag soltype_Published Confirmed,0.0
sy_hmag sy_w3mag pl_tsystemref_BJD,0.0
sy_hmag sy_w3mag pl_tsystemref_BJD-TDB,0.0
sy_hmag sy_w3mag pl_tsystemref_BJD-UTC,-0.0
sy_hmag sy_w3mag pl_tsystemref_HJD,0.0
sy_hmag sy_w3mag pl_tsystemref_JD,-0.0
sy_hmag sy_w4mag^2,0.0
sy_hmag sy_w4mag sy_plx,-0.0
sy_hmag sy_w4mag st_logg,0.0
sy_hmag sy_w4mag st_mass,0.0
sy_hmag sy_w4mag soltype_Kepler Project Candidate (q1_q17_dr25_koi),-0.0
sy_hmag sy_w4mag soltype_Published Confirmed,0.0
sy_hmag sy_w4mag pl_tsystemref_BJD,0.0
sy_hmag sy_w4mag pl_tsystemref_BJD-TDB,0.0
sy_hmag sy_w4mag pl_tsystemref_BJD-UTC,-0.0
sy_hmag sy_w4mag pl_tsystemref_HJD,0.0
sy_hmag sy_w4mag pl_tsystemref_JD,-0.0
sy_hmag sy_plx^2,-0.0
sy_hmag sy_plx st_logg,-0.0
sy_hmag sy_plx st_mass,-0.0
sy_hmag sy_plx soltype_Kepler Project Candidate (q1_q17_dr25_koi),-0.0
sy_hmag sy_plx soltype_Published Confirmed,-0.0
sy_hmag sy_plx pl_tsystemref_BJD,-0.0
sy_hmag sy_plx pl_tsystemref_BJD-TDB,-0.0
sy_hmag sy_plx pl_tsystemref_BJD-UTC,-0.0
sy_hmag sy_plx pl_tsystemref_HJD,0.0
sy_hmag sy_plx pl_tsystemref_JD,-0.0
sy_hmag st_logg^2,0.0
sy_hmag st_logg st_mass,0.0
sy_hmag st_logg soltype_Kepler Project Candidate (q1_q17_dr25_koi),-0.0
sy_hmag st_logg soltype_Published Confirmed,0.0
sy_hmag st_logg pl_tsystemref_BJD,0.0
sy_hmag st_logg pl_tsystemref_BJD-TDB,0.0
sy_hmag st_logg pl_tsystemref_BJD-UTC,-0.0
sy_hmag st_logg pl_tsystemref_HJD,0.0
sy_hmag st_logg pl_tsystemref_JD,-0.0
sy_hmag st_mass^2,0.0
sy_hmag st_mass soltype_Kepler Project Candidate (q1_q17_dr25_koi),-0.0
sy_hmag st_mass soltype_Published Confirmed,0.0
sy_hmag st_mass pl_tsystemref_BJD,0.0
sy_hmag st_mass pl_tsystemref_BJD-TDB,0.0
sy_hmag st_mass pl_tsystemref_BJD-UTC,0.0
sy_hmag st_mass pl_tsystemref_HJD,0.0
sy_hmag st_mass pl_tsystemref_JD,-0.0
sy_hmag soltype_Kepler Project Candidate (q1_q17_dr25_koi)^2,-0.0
sy_hmag soltype_Kepler Project Candidate (q1_q17_dr25_koi) soltype_Published Confirmed,0.0
sy_hmag soltype_Kepler Project Candidate (q1_q17_dr25_koi) pl_tsystemref_BJD,-0.0
sy_hmag soltype_Kepler Project Candidate (q1_q17_dr25_koi) pl_tsystemref_BJD-TDB,0.0
sy_hmag soltype_Kepler Project Candidate (q1_q17_dr25_koi) pl_tsystemref_BJD-UTC,0.0
sy_hmag soltype_Kepler Project Candidate (q1_q17_dr25_koi) pl_tsystemref_HJD,0.0
sy_hmag soltype_Kepler Project Candidate (q1_q17_dr25_koi) pl_tsystemref_JD,0.0
sy_hmag soltype_Published Confirmed^2,0.0
sy_hmag soltype_Published Confirmed pl_tsystemref_BJD,0.0
sy_hmag soltype_Published Confirmed pl_tsystemref_BJD-TDB,0.0
sy_hmag soltype_Published Confirmed pl_tsystemref_BJD-UTC,-0.0
sy_hmag soltype_Published Confirmed pl_tsystemref_HJD,0.0
sy_hmag soltype_Published Confirmed pl_tsystemref_JD,-0.0
sy_hmag pl_tsystemref_BJD^2,0.0
sy_hmag pl_tsystemref_BJD pl_tsystemref_BJD-TDB,0.0
sy_hmag pl_tsystemref_BJD pl_tsystemref_BJD-UTC,0.0
sy_hmag pl_tsystemref_BJD pl_tsystemref_HJD,0.0
sy_hmag pl_tsystemref_BJD pl_tsystemref_JD,0.0
sy_hmag pl_tsystemref_BJD-TDB^2,0.0
sy_hmag pl_tsystemref_BJD-TDB pl_tsystemref_BJD-UTC,0.0
sy_hmag pl_tsystemref_BJD-TDB pl_tsystemref_HJD,0.0
sy_hmag pl_tsystemref_BJD-TDB pl_tsystemref_JD,0.0
sy_hmag pl_tsystemref_BJD-UTC^2,-0.0
sy_hmag pl_tsystemref_BJD-UTC pl_tsystemref_HJD,0.0
sy_hmag pl_tsystemref_BJD-UTC pl_tsystemref_JD,0.0
sy_hmag pl_tsystemref_HJD^2,0.0
sy_hmag pl_tsystemref_HJD pl_tsystemref_JD,0.0
sy_hmag pl_tsystemref_JD^2,-0.0
sy_vmag^3,0.0
sy_vmag^2 sy_pm,-0.0
sy_vmag^2 sy_pmdec,-0.0
sy_vmag^2 sy_pmra,0.0
sy_vmag^2 pl_orbper,0.0
sy_vmag^2 sy_gaiamag,0.0
sy_vmag^2 st_rad,0.04452202030383809
sy_vmag^2 sy_bmag,0.0
sy_vmag^2 sy_dist,0.0
sy_vmag^2 st_teff,0.0
sy_vmag^2 sy_w2mag,0.0
sy_vmag^2 sy_w1mag,0.0
sy_vmag^2 sy_w3mag,0.0
sy_vmag^2 sy_w4mag,0.0
sy_vmag^2 sy_plx,-0.0
sy_vmag^2 st_logg,0.0
sy_vmag^2 st_mass,0.032291191609861075
sy_vmag^2 soltype_Kepler Project Candidate (q1_q17_dr25_koi),-0.0
sy_vmag^2 soltype_Published Confirmed,0.0
sy_vmag^2 pl_tsystemref_BJD,0.0
sy_vmag^2 pl_tsystemref_BJD-TDB,0.0
sy_vmag^2 pl_tsystemref_BJD-UTC,-0.0
sy_vmag^2 pl_tsystemref_HJD,0.0
sy_vmag^2 pl_tsystemref_JD,-0.0
sy_vmag sy_pm^2,0.0
sy_vmag sy_pm sy_pmdec,-0.0
sy_vmag sy_pm sy_pmra,0.0
sy_vmag sy_pm pl_orbper,0.0
sy_vmag sy_pm sy_gaiamag,-0.0
sy_vmag sy_pm st_rad,0.0
sy_vmag sy_pm sy_bmag,-0.0
sy_vmag sy_pm sy_dist,0.0
sy_vmag sy_pm st_teff,-0.0
sy_vmag sy_pm sy_w2mag,-0.0
sy_vmag sy_pm sy_w1mag,-0.0
sy_vmag sy_pm sy_w3mag,-0.0
sy_vmag sy_pm sy_w4mag,-0.0
sy_vmag sy_pm sy_plx,-0.0
sy_vmag sy_pm st_logg,-0.0
sy_vmag sy_pm st_mass,0.0
sy_vmag sy_pm soltype_Kepler Project Candidate (q1_q17_dr25_koi),-0.0
sy_vmag sy_pm soltype_Published Confirmed,-0.0
sy_vmag sy_pm pl_tsystemref_BJD,0.0
sy_vmag sy_pm pl_tsystemref_BJD-TDB,-0.0
sy_vmag sy_pm pl_tsystemref_BJD-UTC,-0.0
sy_vmag sy_pm pl_tsystemref_HJD,0.0
sy_vmag sy_pm pl_tsystemref_JD,-0.0
sy_vmag sy_pmdec^2,0.0
sy_vmag sy_pmdec sy_pmra,0.0
sy_vmag sy_pmdec pl_orbper,-0.0
sy_vmag sy_pmdec sy_gaiamag,-0.0
sy_vmag sy_pmdec st_rad,-0.0
sy_vmag sy_pmdec sy_bmag,-0.0
sy_vmag sy_pmdec sy_dist,-0.0
sy_vmag sy_pmdec st_teff,-0.0
sy_vmag sy_pmdec sy_w2mag,-0.0
sy_vmag sy_pmdec sy_w1mag,-0.0
sy_vmag sy_pmdec sy_w3mag,-0.0
sy_vmag sy_pmdec sy_w4mag,-0.0
sy_vmag sy_pmdec sy_plx,-0.0
sy_vmag sy_pmdec st_logg,-0.0
sy_vmag sy_pmdec st_mass,-0.0
sy_vmag sy_pmdec soltype_Kepler Project Candidate (q1_q17_dr25_koi),0.0
sy_vmag sy_pmdec soltype_Published Confirmed,-0.0
sy_vmag sy_pmdec pl_tsystemref_BJD,-0.0
sy_vmag sy_pmdec pl_tsystemref_BJD-TDB,0.0
sy_vmag sy_pmdec pl_tsystemref_BJD-UTC,-0.0
sy_vmag sy_pmdec pl_tsystemref_HJD,0.0
sy_vmag sy_pmdec pl_tsystemref_JD,-0.0
sy_vmag sy_pmra^2,0.0
sy_vmag sy_pmra pl_orbper,0.0
sy_vmag sy_pmra sy_gaiamag,-0.0
sy_vmag sy_pmra st_rad,-0.0
sy_vmag sy_pmra sy_bmag,0.0
sy_vmag sy_pmra sy_dist,-0.0
sy_vmag sy_pmra st_teff,-0.0
sy_vmag sy_pmra sy_w2mag,-0.0
sy_vmag sy_pmra sy_w1mag,-0.0
sy_vmag sy_pmra sy_w3mag,-0.0
sy_vmag sy_pmra sy_w4mag,-0.0
sy_vmag sy_pmra sy_plx,0.0
sy_vmag sy_pmra st_logg,0.0
sy_vmag sy_pmra st_mass,-0.0
sy_vmag sy_pmra soltype_Kepler Project Candidate (q1_q17_dr25_koi),0.0
sy_vmag sy_pmra soltype_Published Confirmed,-0.0
sy_vmag sy_pmra pl_tsystemref_BJD,0.0
sy_vmag sy_pmra pl_tsystemref_BJD-TDB,-0.0
sy_vmag sy_pmra pl_tsystemref_BJD-UTC,-0.0
sy_vmag sy_pmra pl_tsystemref_HJD,-0.0
sy_vmag sy_pmra pl_tsystemref_JD,-0.0
sy_vmag pl_orbper^2,-0.0
sy_vmag pl_orbper sy_gaiamag,0.0
sy_vmag pl_orbper st_rad,0.0
sy_vmag pl_orbper sy_bmag,0.0
sy_vmag pl_orbper sy_dist,0.0
sy_vmag pl_orbper st_teff,0.0
sy_vmag pl_orbper sy_w2mag,0.0
sy_vmag pl_orbper sy_w1mag,0.0
sy_vmag pl_orbper sy_w3mag,0.0
sy_vmag pl_orbper sy_w4mag,0.0
sy_vmag pl_orbper sy_plx,0.0
sy_vmag pl_orbper st_logg,0.0
sy_vmag pl_orbper st_mass,0.0
sy_vmag pl_orbper soltype_Kepler Project Candidate (q1_q17_dr25_koi),0.0
sy_vmag pl_orbper soltype_Published Confirmed,0.0
sy_vmag pl_orbper pl_tsystemref_BJD,0.0
sy_vmag pl_orbper pl_tsystemref_BJD-TDB,0.0
sy_vmag pl_orbper pl_tsystemref_BJD-UTC,-0.0
sy_vmag pl_orbper pl_tsystemref_HJD,0.0
sy_vmag pl_orbper pl_tsystemref_JD,0.0
sy_vmag sy_gaiamag^2,0.0
sy_vmag sy_gaiamag st_rad,0.0
sy_vmag sy_gaiamag sy_bmag,0.0
sy_vmag sy_gaiamag sy_dist,0.0
sy_vmag sy_gaiamag st_teff,0.0
sy_vmag sy_gaiamag sy_w2mag,0.0
sy_vmag sy_gaiamag sy_w1mag,0.0
sy_vmag sy_gaiamag sy_w3mag,0.0
sy_vmag sy_gaiamag sy_w4mag,0.0
sy_vmag sy_gaiamag sy_plx,-0.0
sy_vmag sy_gaiamag st_logg,0.0
sy_vmag sy_gaiamag st_mass,0.0
sy_vmag sy_gaiamag soltype_Kepler Project Candidate (q1_q17_dr25_koi),-0.0
sy_vmag sy_gaiamag soltype_Published Confirmed,0.0
sy_vmag sy_gaiamag pl_tsystemref_BJD,0.0
sy_vmag sy_gaiamag pl_tsystemref_BJD-TDB,0.0
sy_vmag sy_gaiamag pl_tsystemref_BJD-UTC,-0.0
sy_vmag sy_gaiamag pl_tsystemref_HJD,0.0
sy_vmag sy_gaiamag pl_tsystemref_JD,-0.0
sy_vmag st_rad^2,0.0
sy_vmag st_rad sy_bmag,0.0
sy_vmag st_rad sy_dist,0.0
sy_vmag st_rad st_teff,0.0
sy_vmag st_rad sy_w2mag,0.0
sy_vmag st_rad sy_w1mag,0.0
sy_vmag st_rad sy_w3mag,0.0
sy_vmag st_rad sy_w4mag,0.0
sy_vmag st_rad sy_plx,0.0
sy_vmag st_rad st_logg,0.0
sy_vmag st_rad st_mass,0.0
sy_vmag st_rad soltype_Kepler Project Candidate (q1_q17_dr25_koi),-0.0
sy_vmag st_rad soltype_Published Confirmed,0.0
sy_vmag st_rad pl_tsystemref_BJD,0.0
sy_vmag st_rad pl_tsystemref_BJD-TDB,0.0
sy_vmag st_rad pl_tsystemref_BJD-UTC,0.0
sy_vmag st_rad pl_tsystemref_HJD,0.0
sy_vmag st_rad pl_tsystemref_JD,-0.0
sy_vmag sy_bmag^2,0.0
sy_vmag sy_bmag sy_dist,0.0
sy_vmag sy_bmag st_teff,0.0
sy_vmag sy_bmag sy_w2mag,0.0
sy_vmag sy_bmag sy_w1mag,0.0
sy_vmag sy_bmag sy_w3mag,0.0
sy_vmag sy_bmag sy_w4mag,0.0
sy_vmag sy_bmag sy_plx,-0.0
sy_vmag sy_bmag st_logg,0.0
sy_vmag sy_bmag st_mass,0.002267682453113063
sy_vmag sy_bmag soltype_Kepler Project Candidate (q1_q17_dr25_koi),-0.0
sy_vmag sy_bmag soltype_Published Confirmed,0.0
sy_vmag sy_bmag pl_tsystemref_BJD,0.0
sy_vmag sy_bmag pl_tsystemref_BJD-TDB,0.0
sy_vmag sy_bmag pl_tsystemref_BJD-UTC,-0.0
sy_vmag sy_bmag pl_tsystemref_HJD,0.0
sy_vmag sy_bmag pl_tsystemref_JD,-0.0
sy_vmag sy_dist^2,0.0
sy_vmag sy_dist st_teff,0.0
sy_vmag sy_dist sy_w2mag,0.0
sy_vmag sy_dist sy_w1mag,0.0
sy_vmag sy_dist sy_w3mag,0.0
sy_vmag sy_dist sy_w4mag,0.0
sy_vmag sy_dist sy_plx,0.0
sy_vmag sy_dist st_logg,0.0
sy_vmag sy_dist st_mass,0.0
sy_vmag sy_dist soltype_Kepler Project Candidate (q1_q17_dr25_koi),-0.0
sy_vmag sy_dist soltype_Published Confirmed,0.0
sy_vmag sy_dist pl_tsystemref_BJD,0.0
sy_vmag sy_dist pl_tsystemref_BJD-TDB,0.0
sy_vmag sy_dist pl_tsystemref_BJD-UTC,0.0
sy_vmag sy_dist pl_tsystemref_HJD,0.0
sy_vmag sy_dist pl_tsystemref_JD,0.0
sy_vmag st_teff^2,0.0
sy_vmag st_teff sy_w2mag,0.0
sy_vmag st_teff sy_w1mag,0.0
sy_vmag st_teff sy_w3mag,0.0
sy_vmag st_teff sy_w4mag,0.0
sy_vmag st_teff sy_plx,-0.0
sy_vmag st_teff st_logg,0.0
sy_vmag st_teff st_mass,0.0
sy_vmag st_teff soltype_Kepler Project Candidate (q1_q17_dr25_koi),-0.0
sy_vmag st_teff soltype_Published Confirmed,0.0
sy_vmag st_teff pl_tsystemref_BJD,0.0
sy_vmag st_teff pl_tsystemref_BJD-TDB,0.0
sy_vmag st_teff pl_tsystemref_BJD-UTC,-0.0
sy_vmag st_teff pl_tsystemref_HJD,0.0
sy_vmag st_teff pl_tsystemref_JD,-0.0
sy_vmag sy_w2mag^2,0.0
sy_vmag sy_w2mag sy_w1mag,0.0
sy_vmag sy_w2mag sy_w3mag,0.0
sy_vmag sy_w2mag sy_w4mag,0.0
sy_vmag sy_w2mag sy_plx,-0.0
sy_vmag sy_w2mag st_logg,0.0
sy_vmag sy_w2mag st_mass,0.0
sy_vmag sy_w2mag soltype_Kepler Project Candidate (q1_q17_dr25_koi),-0.0
sy_vmag sy_w2mag soltype_Published Confirmed,0.0
sy_vmag sy_w2mag pl_tsystemref_BJD,0.0
sy_vmag sy_w2mag pl_tsystemref_BJD-TDB,0.0
sy_vmag sy_w2mag pl_tsystemref_BJD-UTC,-0.0
sy_vmag sy_w2mag pl_tsystemref_HJD,0.0
sy_vmag sy_w2mag pl_tsystemref_JD,-0.0
sy_vmag sy_w1mag^2,0.0
sy_vmag sy_w1mag sy_w3mag,0.0
sy_vmag sy_w1mag sy_w4mag,0.0
sy_vmag sy_w1mag sy_plx,-0.0
sy_vmag sy_w1mag st_logg,0.0
sy_vmag sy_w1mag st_mass,0.0
sy_vmag sy_w1mag soltype_Kepler Project Candidate (q1_q17_dr25_koi),-0.0
sy_vmag sy_w1mag soltype_Published Confirmed,0.0
sy_vmag sy_w1mag pl_tsystemref_BJD,0.0
sy_vmag sy_w1mag pl_tsystemref_BJD-TDB,0.0
sy_vmag sy_w1mag pl_tsystemref_BJD-UTC,-0.0
sy_vmag sy_w1mag pl_tsystemref_HJD,0.0
sy_vmag sy_w1mag pl_tsystemref_JD,-0.0
sy_vmag sy_w3mag^2,0.0
sy_vmag sy_w3mag sy_w4mag,0.0
sy_vmag sy_w3mag sy_plx,-0.0
sy_vmag sy_w3mag st_logg,0.0
sy_vmag sy_w3mag st_mass,0.0
sy_vmag sy_w3mag soltype_Kepler Project Candidate (q1_q17_dr25_koi),-0.0
sy_vmag sy_w3mag soltype_Published Confirmed,0.0
sy_vmag sy_w3mag pl_tsystemref_BJD,0.0
sy_vmag sy_w3mag pl_tsystemref_BJD-TDB,0.0
sy_vmag sy_w3mag pl_tsystemref_BJD-UTC,-0.0
sy_vmag sy_w3mag pl_tsystemref_HJD,0.0
sy_vmag sy_w3mag pl_tsystemref_JD,-0.0
sy_vmag sy_w4mag^2,0.0
sy_vmag sy_w4mag sy_plx,-0.0
sy_vmag sy_w4mag st_logg,0.0
sy_vmag sy_w4mag st_mass,0.0
sy_vmag sy_w4mag soltype_Kepler Project Candidate (q1_q17_dr25_koi),-0.0
sy_vmag sy_w4mag soltype_Published Confirmed,0.0
sy_vmag sy_w4mag pl_tsystemref_BJD,0.0
sy_vmag sy_w4mag pl_tsystemref_BJD-TDB,0.0
sy_vmag sy_w4mag pl_tsystemref_BJD-UTC,-0.0
sy_vmag sy_w4mag pl_tsystemref_HJD,0.0
sy_vmag sy_w4mag pl_tsystemref_JD,-0.0
sy_vmag sy_plx^2,-0.0
sy_vmag sy_plx st_logg,-0.0
sy_vmag sy_plx st_mass,-0.0
sy_vmag sy_plx soltype_Kepler Project Candidate (q1_q17_dr25_koi),-0.0
sy_vmag sy_plx soltype_Published Confirmed,-0.0
sy_vmag sy_plx pl_tsystemref_BJD,-0.0
sy_vmag sy_plx pl_tsystemref_BJD-TDB,-0.0
sy_vmag sy_plx pl_tsystemref_BJD-UTC,-0.0
sy_vmag sy_plx pl_tsystemref_HJD,0.0
sy_vmag sy_plx pl_tsystemref_JD,-0.0
sy_vmag st_logg^2,0.0
sy_vmag st_logg st_mass,0.0
sy_vmag st_logg soltype_Kepler Project Candidate (q1_q17_dr25_koi),-0.0
sy_vmag st_logg soltype_Published Confirmed,0.0
sy_vmag st_logg pl_tsystemref_BJD,0.0
sy_vmag st_logg pl_tsystemref_BJD-TDB,0.0
sy_vmag st_logg pl_tsystemref_BJD-UTC,-0.0
sy_vmag st_logg pl_tsystemref_HJD,0.0
sy_vmag st_logg pl_tsystemref_JD,-0.0
sy_vmag st_mass^2,0.0
sy_vmag st_mass soltype_Kepler Project Candidate (q1_q17_dr25_koi),-0.0
sy_vmag st_mass soltype_Published Confirmed,0.01597041450886471
sy_vmag st_mass pl_tsystemref_BJD,0.0
sy_vmag st_mass pl_tsystemref_BJD-TDB,0.0
sy_vmag st_mass pl_tsystemref_BJD-UTC,0.0
sy_vmag st_mass pl_tsystemref_HJD,0.0
sy_vmag st_mass pl_tsystemref_JD,-0.0
sy_vmag soltype_Kepler Project Candidate (q1_q17_dr25_koi)^2,-0.0
sy_vmag soltype_Kepler Project Candidate (q1_q17_dr25_koi) soltype_Published Confirmed,0.0
sy_vmag soltype_Kepler Project Candidate (q1_q17_dr25_koi) pl_tsystemref_BJD,-0.0
sy_vmag soltype_Kepler Project Candidate (q1_q17_dr25_koi) pl_tsystemref_BJD-TDB,0.0
sy_vmag soltype_Kepler Project Candidate (q1_q17_dr25_koi) pl_tsystemref_BJD-UTC,0.0
sy_vmag soltype_Kepler Project Candidate (q1_q17_dr25_koi) pl_tsystemref_HJD,0.0
sy_vmag soltype_Kepler Project Candidate (q1_q17_dr25_koi) pl_tsystemref_JD,0.0
sy_vmag soltype_Published Confirmed^2,0.0
sy_vmag soltype_Published Confirmed pl_tsystemref_BJD,0.0
sy_vmag soltype_Published Confirmed pl_tsystemref_BJD-TDB,0.0
sy_vmag soltype_Published Confirmed pl_tsystemref_BJD-UTC,-0.0
sy_vmag soltype_Published Confirmed pl_tsystemref_HJD,0.0
sy_vmag soltype_Published Confirmed pl_tsystemref_JD,-0.0
sy_vmag pl_tsystemref_BJD^2,0.0
sy_vmag pl_tsystemref_BJD pl_tsystemref_BJD-TDB,0.0
sy_vmag pl_tsystemref_BJD pl_tsystemref_BJD-UTC,0.0
sy_vmag pl_tsystemref_BJD pl_tsystemref_HJD,0.0
sy_vmag pl_tsystemref_BJD pl_tsystemref_JD,0.0
sy_vmag pl_tsystemref_BJD-TDB^2,0.0
sy_vmag pl_tsystemref_BJD-TDB pl_tsystemref_BJD-UTC,0.0
sy_vmag pl_tsystemref_BJD-TDB pl_tsystemref_HJD,0.0
sy_vmag pl_tsystemref_BJD-TDB pl_tsystemref_JD,0.0
sy_vmag pl_tsystemref_BJD-UTC^2,-0.0
sy_vmag pl_tsystemref_BJD-UTC pl_tsystemref_HJD,0.0
sy_vmag pl_tsystemref_BJD-UTC pl_tsystemref_JD,0.0
sy_vmag pl_tsystemref_HJD^2,0.0
sy_vmag pl_tsystemref_HJD pl_tsystemref_JD,0.0
sy_vmag pl_tsystemref_JD^2,-0.0
sy_pm^3,0.0
sy_pm^2 sy_pmdec,-0.0
sy_pm^2 sy_pmra,-0.0
sy_pm^2 pl_orbper,0.0
sy_pm^2 sy_gaiamag,0.0
sy_pm^2 st_rad,0.0
sy_pm^2 sy_bmag,0.0
sy_pm^2 sy_dist,0.0
sy_pm^2 st_teff,0.0
sy_pm^2 sy_w2mag,0.0
sy_pm^2 sy_w1mag,0.0
sy_pm^2 sy_w3mag,0.0
sy_pm^2 sy_w4mag,0.0
sy_pm^2 sy_plx,0.0
sy_pm^2 st_logg,0.0
sy_pm^2 st_mass,0.0
sy_pm^2 soltype_Kepler Project Candidate (q1_q17_dr25_koi),-0.0
sy_pm^2 soltype_Published Confirmed,0.0
sy_pm^2 pl_tsystemref_BJD,0.0
sy_pm^2 pl_tsystemref_BJD-TDB,-0.0
sy_pm^2 pl_tsystemref_BJD-UTC,-0.0
sy_pm^2 pl_tsystemref_HJD,0.0
sy_pm^2 pl_tsystemref_JD,-0.0
sy_pm sy_pmdec^2,0.0
sy_pm sy_pmdec sy_pmra,0.0
sy_pm sy_pmdec pl_orbper,-0.0
sy_pm sy_pmdec sy_gaiamag,-0.0
sy_pm sy_pmdec st_rad,-0.0
sy_pm sy_pmdec sy_bmag,-0.0
sy_pm sy_pmdec sy_dist,-0.0
sy_pm sy_pmdec st_teff,-0.0
sy_pm sy_pmdec sy_w2mag,-0.0
sy_pm sy_pmdec sy_w1mag,-0.0
sy_pm sy_pmdec sy_w3mag,-0.0
sy_pm sy_pmdec sy_w4mag,-0.0
sy_pm sy_pmdec sy_plx,-0.0
sy_pm sy_pmdec st_logg,-0.0
sy_pm sy_pmdec st_mass,-0.0
sy_pm sy_pmdec soltype_Kepler Project Candidate (q1_q17_dr25_koi),0.0
sy_pm sy_pmdec soltype_Published Confirmed,-0.0
sy_pm sy_pmdec pl_tsystemref_BJD,-0.0
sy_pm sy_pmdec pl_tsystemref_BJD-TDB,0.0
sy_pm sy_pmdec pl_tsystemref_BJD-UTC,-0.0
sy_pm sy_pmdec pl_tsystemref_HJD,-0.0
sy_pm sy_pmdec pl_tsystemref_JD,-0.0
sy_pm sy_pmra^2,0.0
sy_pm sy_pmra pl_orbper,-0.0
sy_pm sy_pmra sy_gaiamag,0.0
sy_pm sy_pmra st_rad,-0.0
sy_pm sy_pmra sy_bmag,0.0
sy_pm sy_pmra sy_dist,-0.0
sy_pm sy_pmra st_teff,-0.0
sy_pm sy_pmra sy_w2mag,0.0
sy_pm sy_pmra sy_w1mag,0.0
sy_pm sy_pmra sy_w3mag,0.0
sy_pm sy_pmra sy_w4mag,0.0
sy_pm sy_pmra sy_plx,0.0
sy_pm sy_pmra st_logg,0.0
sy_pm sy_pmra st_mass,-0.0
sy_pm sy_pmra soltype_Kepler Project Candidate (q1_q17_dr25_koi),0.0
sy_pm sy_pmra soltype_Published Confirmed,0.0
sy_pm sy_pmra pl_tsystemref_BJD,0.0
sy_pm sy_pmra pl_tsystemref_BJD-TDB,-0.0
sy_pm sy_pmra pl_tsystemref_BJD-UTC,-0.0
sy_pm sy_pmra pl_tsystemref_HJD,-0.0
sy_pm sy_pmra pl_tsystemref_JD,0.0
sy_pm pl_orbper^2,-0.0
sy_pm pl_orbper sy_gaiamag,0.0
sy_pm pl_orbper st_rad,0.0
sy_pm pl_orbper sy_bmag,0.0
sy_pm pl_orbper sy_dist,0.0
sy_pm pl_orbper st_teff,0.0
sy_pm pl_orbper sy_w2mag,0.0
sy_pm pl_orbper sy_w1mag,0.0
sy_pm pl_orbper sy_w3mag,0.0
sy_pm pl_orbper sy_w4mag,0.0
sy_pm pl_orbper sy_plx,0.0
sy_pm pl_orbper st_logg,0.0
sy_pm pl_orbper st_mass,0.0
sy_pm pl_orbper soltype_Kepler Project Candidate (q1_q17_dr25_koi),0.0
sy_pm pl_orbper soltype_Published Confirmed,0.0
sy_pm pl_orbper pl_tsystemref_BJD,0.0
sy_pm pl_orbper pl_tsystemref_BJD-TDB,0.0
sy_pm pl_orbper pl_tsystemref_BJD-UTC,-0.0
sy_pm pl_orbper pl_tsystemref_HJD,0.0
sy_pm pl_orbper pl_tsystemref_JD,0.0
sy_pm sy_gaiamag^2,-0.0
sy_pm sy_gaiamag st_rad,0.0
sy_pm sy_gaiamag sy_bmag,-0.0
sy_pm sy_gaiamag sy_dist,0.0
sy_pm sy_gaiamag st_teff,-0.0
sy_pm sy_gaiamag sy_w2mag,-0.0
sy_pm sy_gaiamag sy_w1mag,-0.0
sy_pm sy_gaiamag sy_w3mag,-0.0
sy_pm sy_gaiamag sy_w4mag,-0.0
sy_pm sy_gaiamag sy_plx,-0.0
sy_pm sy_gaiamag st_logg,-0.0
sy_pm sy_gaiamag st_mass,0.0
sy_pm sy_gaiamag soltype_Kepler Project Candidate (q1_q17_dr25_koi),-0.0
sy_pm sy_gaiamag soltype_Published Confirmed,-0.0
sy_pm sy_gaiamag pl_tsystemref_BJD,0.0
sy_pm sy_gaiamag pl_tsystemref_BJD-TDB,-0.0
sy_pm sy_gaiamag pl_tsystemref_BJD-UTC,-0.0
sy_pm sy_gaiamag pl_tsystemref_HJD,0.0
sy_pm sy_gaiamag pl_tsystemref_JD,-0.0
sy_pm st_rad^2,0.0
sy_pm st_rad sy_bmag,0.0
sy_pm st_rad sy_dist,-0.0
sy_pm st_rad st_teff,0.0
sy_pm st_rad sy_w2mag,0.0
sy_pm st_rad sy_w1mag,0.0
sy_pm st_rad sy_w3mag,0.0
sy_pm st_rad sy_w4mag,0.0
sy_pm st_rad sy_plx,0.0
sy_pm st_rad st_logg,0.0
sy_pm st_rad st_mass,0.0
sy_pm st_rad soltype_Kepler Project Candidate (q1_q17_dr25_koi),-0.0
sy_pm st_rad soltype_Published Confirmed,0.0
sy_pm st_rad pl_tsystemref_BJD,0.0
sy_pm st_rad pl_tsystemref_BJD-TDB,-0.0
sy_pm st_rad pl_tsystemref_BJD-UTC,-0.0
sy_pm st_rad pl_tsystemref_HJD,0.0
sy_pm st_rad pl_tsystemref_JD,-0.0
sy_pm sy_bmag^2,-0.0
sy_pm sy_bmag sy_dist,0.0
sy_pm sy_bmag st_teff,-0.0
sy_pm sy_bmag sy_w2mag,-0.0
sy_pm sy_bmag sy_w1mag,-0.0
sy_pm sy_bmag sy_w3mag,-0.0
sy_pm sy_bmag sy_w4mag,-0.0
sy_pm sy_bmag sy_plx,-0.0
sy_pm sy_bmag st_logg,-0.0
sy_pm sy_bmag st_mass,0.0
sy_pm sy_bmag soltype_Kepler Project Candidate (q1_q17_dr25_koi),-0.0
sy_pm sy_bmag soltype_Published Confirmed,-0.0
sy_pm sy_bmag pl_tsystemref_BJD,0.0
sy_pm sy_bmag pl_tsystemref_BJD-TDB,-0.0
sy_pm sy_bmag pl_tsystemref_BJD-UTC,-0.0
sy_pm sy_bmag pl_tsystemref_HJD,0.0
sy_pm sy_bmag pl_tsystemref_JD,-0.0
sy_pm sy_dist^2,0.0
sy_pm sy_dist st_teff,-0.0
sy_pm sy_dist sy_w2mag,0.0
sy_pm sy_dist sy_w1mag,0.0
sy_pm sy_dist sy_w3mag,-0.0
sy_pm sy_dist sy_w4mag,-0.0
sy_pm sy_dist sy_plx,-0.0
sy_pm sy_dist st_logg,-0.0
sy_pm sy_dist st_mass,-0.0
sy_pm sy_dist soltype_Kepler Project Candidate (q1_q17_dr25_koi),-0.0
sy_pm sy_dist soltype_Published Confirmed,0.0
sy_pm sy_dist pl_tsystemref_BJD,0.0
sy_pm sy_dist pl_tsystemref_BJD-TDB,0.0
sy_pm sy_dist pl_tsystemref_BJD-UTC,-0.0
sy_pm sy_dist pl_tsystemref_HJD,0.0
sy_pm sy_dist pl_tsystemref_JD,-0.0
sy_pm st_teff^2,0.0
sy_pm st_teff sy_w2mag,-0.0
sy_pm st_teff sy_w1mag,-0.0
sy_pm st_teff sy_w3mag,-0.0
sy_pm st_teff sy_w4mag,-0.0
sy_pm st_teff sy_plx,0.0
sy_pm st_teff st_logg,-0.0
sy_pm st_teff st_mass,0.0
sy_pm st_teff soltype_Kepler Project Candidate (q1_q17_dr25_koi),-0.0
sy_pm st_teff soltype_Published Confirmed,0.0
sy_pm st_teff pl_tsystemref_BJD,0.0
sy_pm st_teff pl_tsystemref_BJD-TDB,-0.0
sy_pm st_teff pl_tsystemref_BJD-UTC,-0.0
sy_pm st_teff pl_tsystemref_HJD,0.0
sy_pm st_teff pl_tsystemref_JD,-0.0
sy_pm sy_w2mag^2,-0.0
sy_pm sy_w2mag sy_w1mag,-0.0
sy_pm sy_w2mag sy_w3mag,-0.0
sy_pm sy_w2mag sy_w4mag,-0.0
sy_pm sy_w2mag sy_plx,-0.0
sy_pm sy_w2mag st_logg,-0.0
sy_pm sy_w2mag st_mass,0.0
sy_pm sy_w2mag soltype_Kepler Project Candidate (q1_q17_dr25_koi),-0.0
sy_pm sy_w2mag soltype_Published Confirmed,-0.0
sy_pm sy_w2mag pl_tsystemref_BJD,0.0
sy_pm sy_w2mag pl_tsystemref_BJD-TDB,-0.0
sy_pm sy_w2mag pl_tsystemref_BJD-UTC,-0.0
sy_pm sy_w2mag pl_tsystemref_HJD,0.0
sy_pm sy_w2mag pl_tsystemref_JD,-0.0
sy_pm sy_w1mag^2,-0.0
sy_pm sy_w1mag sy_w3mag,-0.0
sy_pm sy_w1mag sy_w4mag,-0.0
sy_pm sy_w1mag sy_plx,-0.0
sy_pm sy_w1mag st_logg,-0.0
sy_pm sy_w1mag st_mass,0.0
sy_pm sy_w1mag soltype_Kepler Project Candidate (q1_q17_dr25_koi),-0.0
sy_pm sy_w1mag soltype_Published Confirmed,-0.0
sy_pm sy_w1mag pl_tsystemref_BJD,0.0
sy_pm sy_w1mag pl_tsystemref_BJD-TDB,-0.0
sy_pm sy_w1mag pl_tsystemref_BJD-UTC,-0.0
sy_pm sy_w1mag pl_tsystemref_HJD,0.0
sy_pm sy_w1mag pl_tsystemref_JD,-0.0
sy_pm sy_w3mag^2,-0.0
sy_pm sy_w3mag sy_w4mag,-0.0
sy_pm sy_w3mag sy_plx,-0.0
sy_pm sy_w3mag st_logg,-0.0
sy_pm sy_w3mag st_mass,-0.0
sy_pm sy_w3mag soltype_Kepler Project Candidate (q1_q17_dr25_koi),-0.0
sy_pm sy_w3mag soltype_Published Confirmed,-0.0
sy_pm sy_w3mag pl_tsystemref_BJD,0.0
sy_pm sy_w3mag pl_tsystemref_BJD-TDB,-0.0
sy_pm sy_w3mag pl_tsystemref_BJD-UTC,-0.0
sy_pm sy_w3mag pl_tsystemref_HJD,0.0
sy_pm sy_w3mag pl_tsystemref_JD,-0.0
sy_pm sy_w4mag^2,-0.0
sy_pm sy_w4mag sy_plx,-0.0
sy_pm sy_w4mag st_logg,-0.0
sy_pm sy_w4mag st_mass,0.0
sy_pm sy_w4mag soltype_Kepler Project Candidate (q1_q17_dr25_koi),-0.0
sy_pm sy_w4mag soltype_Published Confirmed,-0.0
sy_pm sy_w4mag pl_tsystemref_BJD,0.0
sy_pm sy_w4mag pl_tsystemref_BJD-TDB,-0.0
sy_pm sy_w4mag pl_tsystemref_BJD-UTC,-0.0
sy_pm sy_w4mag pl_tsystemref_HJD,0.0
sy_pm sy_w4mag pl_tsystemref_JD,-0.0
sy_pm sy_plx^2,-0.0
sy_pm sy_plx st_logg,-0.0
sy_pm sy_plx st_mass,0.0
sy_pm sy_plx soltype_Kepler Project Candidate (q1_q17_dr25_koi),-0.0
sy_pm sy_plx soltype_Published Confirmed,-0.0
sy_pm sy_plx pl_tsystemref_BJD,0.0
sy_pm sy_plx pl_tsystemref_BJD-TDB,-0.0
sy_pm sy_plx pl_tsystemref_BJD-UTC,-0.0
sy_pm sy_plx pl_tsystemref_HJD,0.0
sy_pm sy_plx pl_tsystemref_JD,-0.0
sy_pm st_logg^2,-0.0
sy_pm st_logg st_mass,0.0
sy_pm st_logg soltype_Kepler Project Candidate (q1_q17_dr25_koi),-0.0
sy_pm st_logg soltype_Published Confirmed,-0.0
sy_pm st_logg pl_tsystemref_BJD,0.0
sy_pm st_logg pl_tsystemref_BJD-TDB,-0.0
sy_pm st_logg pl_tsystemref_BJD-UTC,-0.0
sy_pm st_logg pl_tsystemref_HJD,0.0
sy_pm st_logg pl_tsystemref_JD,-0.0
sy_pm st_mass^2,0.0
sy_pm st_mass soltype_Kepler Project Candidate (q1_q17_dr25_koi),-0.0
sy_pm st_mass soltype_Published Confirmed,0.0
sy_pm st_mass pl_tsystemref_BJD,0.0
sy_pm st_mass pl_tsystemref_BJD-TDB,-0.0
sy_pm st_mass pl_tsystemref_BJD-UTC,-0.0
sy_pm st_mass pl_tsystemref_HJD,0.0
sy_pm st_mass pl_tsystemref_JD,-0.0
sy_pm soltype_Kepler Project Candidate (q1_q17_dr25_koi)^2,-0.0
sy_pm soltype_Kepler Project Candidate (q1_q17_dr25_koi) soltype_Published Confirmed,0.0
sy_pm soltype_Kepler Project Candidate (q1_q17_dr25_koi) pl_tsystemref_BJD,-0.0
sy_pm soltype_Kepler Project Candidate (q1_q17_dr25_koi) pl_tsystemref_BJD-TDB,0.0
sy_pm soltype_Kepler Project Candidate (q1_q17_dr25_koi) pl_tsystemref_BJD-UTC,0.0
sy_pm soltype_Kepler Project Candidate (q1_q17_dr25_koi) pl_tsystemref_HJD,0.0
sy_pm soltype_Kepler Project Candidate (q1_q17_dr25_koi) pl_tsystemref_JD,0.0
sy_pm soltype_Published Confirmed^2,0.0
sy_pm soltype_Published Confirmed pl_tsystemref_BJD,0.0
sy_pm soltype_Published Confirmed pl_tsystemref_BJD-TDB,-0.0
sy_pm soltype_Published Confirmed pl_tsystemref_BJD-UTC,-0.0
sy_pm soltype_Published Confirmed pl_tsystemref_HJD,0.0
sy_pm soltype_Published Confirmed pl_tsystemref_JD,-0.0
sy_pm pl_tsystemref_BJD^2,0.0
sy_pm pl_tsystemref_BJD pl_tsystemref_BJD-TDB,0.0
sy_pm pl_tsystemref_BJD pl_tsystemref_BJD-UTC,0.0
sy_pm pl_tsystemref_BJD pl_tsystemref_HJD,0.0
sy_pm pl_tsystemref_BJD pl_tsystemref_JD,0.0
sy_pm pl_tsystemref_BJD-TDB^2,-0.0
sy_pm pl_tsystemref_BJD-TDB pl_tsystemref_BJD-UTC,0.0
sy_pm pl_tsystemref_BJD-TDB pl_tsystemref_HJD,0.0
sy_pm pl_tsystemref_BJD-TDB pl_tsystemref_JD,0.0
sy_pm pl_tsystemref_BJD-UTC^2,-0.0
sy_pm pl_tsystemref_BJD-UTC pl_tsystemref_HJD,0.0
sy_pm pl_tsystemref_BJD-UTC pl_tsystemref_JD,0.0
sy_pm pl_tsystemref_HJD^2,0.0
sy_pm pl_tsystemref_HJD pl_tsystemref_JD,0.0
sy_pm pl_tsystemref_JD^2,-0.0
sy_pmdec^3,-0.0
sy_pmdec^2 sy_pmra,-0.0
sy_pmdec^2 pl_orbper,0.0
sy_pmdec^2 sy_gaiamag,0.0
sy_pmdec^2 st_rad,0.0
sy_pmdec^2 sy_bmag,0.0
sy_pmdec^2 sy_dist,0.0
sy_pmdec^2 st_teff,0.0
sy_pmdec^2 sy_w2mag,0.0
sy_pmdec^2 sy_w1mag,0.0
sy_pmdec^2 sy_w3mag,0.0
sy_pmdec^2 sy_w4mag,0.0
sy_pmdec^2 sy_plx,0.0
sy_pmdec^2 st_logg,0.0
sy_pmdec^2 st_mass,0.0
sy_pmdec^2 soltype_Kepler Project Candidate (q1_q17_dr25_koi),-0.0
sy_pmdec^2 soltype_Published Confirmed,0.0
sy_pmdec^2 pl_tsystemref_BJD,0.0
sy_pmdec^2 pl_tsystemref_BJD-TDB,-0.0
sy_pmdec^2 pl_tsystemref_BJD-UTC,-0.0
sy_pmdec^2 pl_tsystemref_HJD,0.0
sy_pmdec^2 pl_tsystemref_JD,0.0
sy_pmdec sy_pmra^2,-0.0
sy_pmdec sy_pmra pl_orbper,0.0
sy_pmdec sy_pmra sy_gaiamag,0.0
sy_pmdec sy_pmra st_rad,0.0
sy_pmdec sy_pmra sy_bmag,0.0
sy_pmdec sy_pmra sy_dist,0.0
sy_pmdec sy_pmra st_teff,0.0
sy_pmdec sy_pmra sy_w2mag,0.0
sy_pmdec sy_pmra sy_w1mag,0.0
sy_pmdec sy_pmra sy_w3mag,0.0
sy_pmdec sy_pmra sy_w4mag,0.0
sy_pmdec sy_pmra sy_plx,0.0
sy_pmdec sy_pmra st_logg,0.0
sy_pmdec sy_pmra st_mass,0.0
sy_pmdec sy_pmra soltype_Kepler Project Candidate (q1_q17_dr25_koi),-0.0
sy_pmdec sy_pmra soltype_Published Confirmed,0.0
sy_pmdec sy_pmra pl_tsystemref_BJD,0.0
sy_pmdec sy_pmra pl_tsystemref_BJD-TDB,0.0
sy_pmdec sy_pmra pl_tsystemref_BJD-UTC,-0.0
sy_pmdec sy_pmra pl_tsystemref_HJD,0.0
sy_pmdec sy_pmra pl_tsystemref_JD,0.0
sy_pmdec pl_orbper^2,-0.0
sy_pmdec pl_orbper sy_gaiamag,-0.0
sy_pmdec pl_orbper st_rad,-0.0
sy_pmdec pl_orbper sy_bmag,-0.0
sy_pmdec pl_orbper sy_dist,-0.0
sy_pmdec pl_orbper st_teff,-0.0
sy_pmdec pl_orbper sy_w2mag,-0.0
sy_pmdec pl_orbper sy_w1mag,-0.0
sy_pmdec pl_orbper sy_w3mag,-0.0
sy_pmdec pl_orbper sy_w4mag,-0.0
sy_pmdec pl_orbper sy_plx,-0.0
sy_pmdec pl_orbper st_logg,-0.0
sy_pmdec pl_orbper st_mass,-0.0
sy_pmdec pl_orbper soltype_Kepler Project Candidate (q1_q17_dr25_koi),0.0
sy_pmdec pl_orbper soltype_Published Confirmed,-0.0
sy_pmdec pl_orbper pl_tsystemref_BJD,-0.0
sy_pmdec pl_orbper pl_tsystemref_BJD-TDB,0.0
sy_pmdec pl_orbper pl_tsystemref_BJD-UTC,-0.0
sy_pmdec pl_orbper pl_tsystemref_HJD,-0.0
sy_pmdec pl_orbper pl_tsystemref_JD,-0.0
sy_pmdec sy_gaiamag^2,-0.0
sy_pmdec sy_gaiamag st_rad,-0.0
sy_pmdec sy_gaiamag sy_bmag,-0.0
sy_pmdec sy_gaiamag sy_dist,-0.0
sy_pmdec sy_gaiamag st_teff,-0.0
sy_pmdec sy_gaiamag sy_w2mag,-0.0
sy_pmdec sy_gaiamag sy_w1mag,-0.0
sy_pmdec sy_gaiamag sy_w3mag,-0.0
sy_pmdec sy_gaiamag sy_w4mag,-0.0
sy_pmdec sy_gaiamag sy_plx,-0.0
sy_pmdec sy_gaiamag st_logg,-0.0
sy_pmdec sy_gaiamag st_mass,-0.0
sy_pmdec sy_gaiamag soltype_Kepler Project Candidate (q1_q17_dr25_koi),0.0
sy_pmdec sy_gaiamag soltype_Published Confirmed,-0.0
sy_pmdec sy_gaiamag pl_tsystemref_BJD,-0.0
sy_pmdec sy_gaiamag pl_tsystemref_BJD-TDB,0.0
sy_pmdec sy_gaiamag pl_tsystemref_BJD-UTC,-0.0
sy_pmdec sy_gaiamag pl_tsystemref_HJD,0.0
sy_pmdec sy_gaiamag pl_tsystemref_JD,-0.0
sy_pmdec st_rad^2,-0.0012320155287116926
sy_pmdec st_rad sy_bmag,-0.0
sy_pmdec st_rad sy_dist,-0.0
sy_pmdec st_rad st_teff,-0.0
sy_pmdec st_rad sy_w2mag,-0.0
sy_pmdec st_rad sy_w1mag,-0.0
sy_pmdec st_rad sy_w3mag,-0.0
sy_pmdec st_rad sy_w4mag,-0.0
sy_pmdec st_rad sy_plx,-0.0
sy_pmdec st_rad st_logg,-0.0
sy_pmdec st_rad st_mass,-0.0
sy_pmdec st_rad soltype_Kepler Project Candidate (q1_q17_dr25_koi),0.0
sy_pmdec st_rad soltype_Published Confirmed,-0.0
sy_pmdec st_rad pl_tsystemref_BJD,-0.0
sy_pmdec st_rad pl_tsystemref_BJD-TDB,-0.0
sy_pmdec st_rad pl_tsystemref_BJD-UTC,-0.0
sy_pmdec st_rad pl_tsystemref_HJD,0.0
sy_pmdec st_rad pl_tsystemref_JD,-0.0
sy_pmdec sy_bmag^2,-0.0
sy_pmdec sy_bmag sy_dist,-0.0
sy_pmdec sy_bmag st_teff,-0.0
sy_pmdec sy_bmag sy_w2mag,-0.0
sy_pmdec sy_bmag sy_w1mag,-0.0
sy_pmdec sy_bmag sy_w3mag,-0.0
sy_pmdec sy_bmag sy_w4mag,-0.0
sy_pmdec sy_bmag sy_plx,-0.0
sy_pmdec sy_bmag st_logg,-0.0
sy_pmdec sy_bmag st_mass,-0.0
sy_pmdec sy_bmag soltype_Kepler Project Candidate (q1_q17_dr25_koi),0.0
sy_pmdec sy_bmag soltype_Published Confirmed,-0.0
sy_pmdec sy_bmag pl_tsystemref_BJD,-0.0
sy_pmdec sy_bmag pl_tsystemref_BJD-TDB,0.0
sy_pmdec sy_bmag pl_tsystemref_BJD-UTC,-0.0
sy_pmdec sy_bmag pl_tsystemref_HJD,0.0
sy_pmdec sy_bmag pl_tsystemref_JD,-0.0
sy_pmdec sy_dist^2,-0.0
sy_pmdec sy_dist st_teff,-0.0
sy_pmdec sy_dist sy_w2mag,-0.0
sy_pmdec sy_dist sy_w1mag,-0.0
sy_pmdec sy_dist sy_w3mag,-0.0
sy_pmdec sy_dist sy_w4mag,-0.0
sy_pmdec sy_dist sy_plx,-0.0
sy_pmdec sy_dist st_logg,-0.0
sy_pmdec sy_dist st_mass,-0.0
sy_pmdec sy_dist soltype_Kepler Project Candidate (q1_q17_dr25_koi),0.0
sy_pmdec sy_dist soltype_Published Confirmed,-0.0
sy_pmdec sy_dist pl_tsystemref_BJD,-0.0
sy_pmdec sy_dist pl_tsystemref_BJD-TDB,-0.0
sy_pmdec sy_dist pl_tsystemref_BJD-UTC,-0.0
sy_pmdec sy_dist pl_tsystemref_HJD,0.0
sy_pmdec sy_dist pl_tsystemref_JD,-0.0
sy_pmdec st_teff^2,-0.0
sy_pmdec st_teff sy_w2mag,-0.0
sy_pmdec st_teff sy_w1mag,-0.0
sy_pmdec st_teff sy_w3mag,-0.0
sy_pmdec st_teff sy_w4mag,-0.0
sy_pmdec st_teff sy_plx,-0.0
sy_pmdec st_teff st_logg,-0.0
sy_pmdec st_teff st_mass,-0.0
sy_pmdec st_teff soltype_Kepler Project Candidate (q1_q17_dr25_koi),0.0
sy_pmdec st_teff soltype_Published Confirmed,-0.0
sy_pmdec st_teff pl_tsystemref_BJD,-0.0
sy_pmdec st_teff pl_tsystemref_BJD-TDB,0.0
sy_pmdec st_teff pl_tsystemref_BJD-UTC,-0.0
sy_pmdec st_teff pl_tsystemref_HJD,0.0
sy_pmdec st_teff pl_tsystemref_JD,-0.0
sy_pmdec sy_w2mag^2,-0.0
sy_pmdec sy_w2mag sy_w1mag,-0.0
sy_pmdec sy_w2mag sy_w3mag,-0.0
sy_pmdec sy_w2mag sy_w4mag,-0.0
sy_pmdec sy_w2mag sy_plx,-0.0
sy_pmdec sy_w2mag st_logg,-0.0
sy_pmdec sy_w2mag st_mass,-0.0
sy_pmdec sy_w2mag soltype_Kepler Project Candidate (q1_q17_dr25_koi),0.0
sy_pmdec sy_w2mag soltype_Published Confirmed,-0.0
sy_pmdec sy_w2mag pl_tsystemref_BJD,-0.0
sy_pmdec sy_w2mag pl_tsystemref_BJD-TDB,0.0
sy_pmdec sy_w2mag pl_tsystemref_BJD-UTC,-0.0
sy_pmdec sy_w2mag pl_tsystemref_HJD,0.0
sy_pmdec sy_w2mag pl_tsystemref_JD,-0.0
sy_pmdec sy_w1mag^2,-0.0
sy_pmdec sy_w1mag sy_w3mag,-0.0
sy_pmdec sy_w1mag sy_w4mag,-0.0
sy_pmdec sy_w1mag sy_plx,-0.0
sy_pmdec sy_w1mag st_logg,-0.0
sy_pmdec sy_w1mag st_mass,-0.0
sy_pmdec sy_w1mag soltype_Kepler Project Candidate (q1_q17_dr25_koi),0.0
sy_pmdec sy_w1mag soltype_Published Confirmed,-0.0
sy_pmdec sy_w1mag pl_tsystemref_BJD,-0.0
sy_pmdec sy_w1mag pl_tsystemref_BJD-TDB,0.0
sy_pmdec sy_w1mag pl_tsystemref_BJD-UTC,-0.0
sy_pmdec sy_w1mag pl_tsystemref_HJD,0.0
sy_pmdec sy_w1mag pl_tsystemref_JD,-0.0
sy_pmdec sy_w3mag^2,-0.0
sy_pmdec sy_w3mag sy_w4mag,-0.0
sy_pmdec sy_w3mag sy_plx,-0.0
sy_pmdec sy_w3mag st_logg,-0.0
sy_pmdec sy_w3mag st_mass,-0.0
sy_pmdec sy_w3mag soltype_Kepler Project Candidate (q1_q17_dr25_koi),0.0
sy_pmdec sy_w3mag soltype_Published Confirmed,-0.0
sy_pmdec sy_w3mag pl_tsystemref_BJD,-0.0
sy_pmdec sy_w3mag pl_tsystemref_BJD-TDB,0.0
sy_pmdec sy_w3mag pl_tsystemref_BJD-UTC,-0.0
sy_pmdec sy_w3mag pl_tsystemref_HJD,0.0
sy_pmdec sy_w3mag pl_tsystemref_JD,-0.0
sy_pmdec sy_w4mag^2,-0.0
sy_pmdec sy_w4mag sy_plx,-0.0
sy_pmdec sy_w4mag st_logg,-0.0
sy_pmdec sy_w4mag st_mass,-0.0
sy_pmdec sy_w4mag soltype_Kepler Project Candidate (q1_q17_dr25_koi),0.0
sy_pmdec sy_w4mag soltype_Published Confirmed,-0.0
sy_pmdec sy_w4mag pl_tsystemref_BJD,-0.0
sy_pmdec sy_w4mag pl_tsystemref_BJD-TDB,0.0
sy_pmdec sy_w4mag pl_tsystemref_BJD-UTC,-0.0
sy_pmdec sy_w4mag pl_tsystemref_HJD,0.0
sy_pmdec sy_w4mag pl_tsystemref_JD,-0.0
sy_pmdec sy_plx^2,-0.0
sy_pmdec sy_plx st_logg,-0.0
sy_pmdec sy_plx st_mass,-0.0
sy_pmdec sy_plx soltype_Kepler Project Candidate (q1_q17_dr25_koi),-0.0
sy_pmdec sy_plx soltype_Published Confirmed,-0.0
sy_pmdec sy_plx pl_tsystemref_BJD,-0.0
sy_pmdec sy_plx pl_tsystemref_BJD-TDB,0.0
sy_pmdec sy_plx pl_tsystemref_BJD-UTC,-0.0
sy_pmdec sy_plx pl_tsystemref_HJD,0.0
sy_pmdec sy_plx pl_tsystemref_JD,-0.0
sy_pmdec st_logg^2,-0.0
sy_pmdec st_logg st_mass,-0.0
sy_pmdec st_logg soltype_Kepler Project Candidate (q1_q17_dr25_koi),0.0
sy_pmdec st_logg soltype_Published Confirmed,-0.0
sy_pmdec st_logg pl_tsystemref_BJD,-0.0
sy_pmdec st_logg pl_tsystemref_BJD-TDB,0.0
sy_pmdec st_logg pl_tsystemref_BJD-UTC,-0.0
sy_pmdec st_logg pl_tsystemref_HJD,0.0
sy_pmdec st_logg pl_tsystemref_JD,-0.0
sy_pmdec st_mass^2,-0.0
sy_pmdec st_mass soltype_Kepler Project Candidate (q1_q17_dr25_koi),0.0
sy_pmdec st_mass soltype_Published Confirmed,-0.0
sy_pmdec st_mass pl_tsystemref_BJD,-0.0
sy_pmdec st_mass pl_tsystemref_BJD-TDB,0.0
sy_pmdec st_mass pl_tsystemref_BJD-UTC,-0.0
sy_pmdec st_mass pl_tsystemref_HJD,0.0
sy_pmdec st_mass pl_tsystemref_JD,-0.0
sy_pmdec soltype_Kepler Project Candidate (q1_q17_dr25_koi)^2,0.0
sy_pmdec soltype_Kepler Project Candidate (q1_q17_dr25_koi) soltype_Published Confirmed,0.0
sy_pmdec soltype_Kepler Project Candidate (q1_q17_dr25_koi) pl_tsystemref_BJD,0.0
sy_pmdec soltype_Kepler Project Candidate (q1_q17_dr25_koi) pl_tsystemref_BJD-TDB,0.0
sy_pmdec soltype_Kepler Project Candidate (q1_q17_dr25_koi) pl_tsystemref_BJD-UTC,0.0
sy_pmdec soltype_Kepler Project Candidate (q1_q17_dr25_koi) pl_tsystemref_HJD,0.0
sy_pmdec soltype_Kepler Project Candidate (q1_q17_dr25_koi) pl_tsystemref_JD,0.0
sy_pmdec soltype_Published Confirmed^2,-0.0
sy_pmdec soltype_Published Confirmed pl_tsystemref_BJD,-0.0
sy_pmdec soltype_Published Confirmed pl_tsystemref_BJD-TDB,0.0
sy_pmdec soltype_Published Confirmed pl_tsystemref_BJD-UTC,-0.0
sy_pmdec soltype_Published Confirmed pl_tsystemref_HJD,0.0
sy_pmdec soltype_Published Confirmed pl_tsystemref_JD,-0.0
sy_pmdec pl_tsystemref_BJD^2,-0.0
sy_pmdec pl_tsystemref_BJD pl_tsystemref_BJD-TDB,0.0
sy_pmdec pl_tsystemref_BJD pl_tsystemref_BJD-UTC,0.0
sy_pmdec pl_tsystemref_BJD pl_tsystemref_HJD,0.0
sy_pmdec pl_tsystemref_BJD pl_tsystemref_JD,0.0
sy_pmdec pl_tsystemref_BJD-TDB^2,0.0
sy_pmdec pl_tsystemref_BJD-TDB pl_tsystemref_BJD-UTC,0.0
sy_pmdec pl_tsystemref_BJD-TDB pl_tsystemref_HJD,0.0
sy_pmdec pl_tsystemref_BJD-TDB pl_tsystemref_JD,0.0
sy_pmdec pl_tsystemref_BJD-UTC^2,-0.0
sy_pmdec pl_tsystemref_BJD-UTC pl_tsystemref_HJD,0.0
sy_pmdec pl_tsystemref_BJD-UTC pl_tsystemref_JD,0.0
sy_pmdec pl_tsystemref_HJD^2,0.0
sy_pmdec pl_tsystemref_HJD pl_tsystemref_JD,0.0
sy_pmdec pl_tsystemref_JD^2,-0.0
sy_pmra^3,0.0
sy_pmra^2 pl_orbper,0.0
sy_pmra^2 sy_gaiamag,0.0
sy_pmra^2 st_rad,0.0
sy_pmra^2 sy_bmag,0.0
sy_pmra^2 sy_dist,0.0
sy_pmra^2 st_teff,0.0
sy_pmra^2 sy_w2mag,0.0
sy_pmra^2 sy_w1mag,0.0
sy_pmra^2 sy_w3mag,0.0
sy_pmra^2 sy_w4mag,0.0
sy_pmra^2 sy_plx,0.0
sy_pmra^2 st_logg,0.0
sy_pmra^2 st_mass,0.0
sy_pmra^2 soltype_Kepler Project Candidate (q1_q17_dr25_koi),-0.0
sy_pmra^2 soltype_Published Confirmed,0.0
sy_pmra^2 pl_tsystemref_BJD,0.0
sy_pmra^2 pl_tsystemref_BJD-TDB,0.0
sy_pmra^2 pl_tsystemref_BJD-UTC,-0.0
sy_pmra^2 pl_tsystemref_HJD,0.0
sy_pmra^2 pl_tsystemref_JD,-0.0
sy_pmra pl_orbper^2,0.0
sy_pmra pl_orbper sy_gaiamag,0.0
sy_pmra pl_orbper st_rad,0.0
sy_pmra pl_orbper sy_bmag,0.0
sy_pmra pl_orbper sy_dist,0.0
sy_pmra pl_orbper st_teff,-0.0
sy_pmra pl_orbper sy_w2mag,0.0
sy_pmra pl_orbper sy_w1mag,0.0
sy_pmra pl_orbper sy_w3mag,0.0
sy_pmra pl_orbper sy_w4mag,0.0
sy_pmra pl_orbper sy_plx,-0.0
sy_pmra pl_orbper st_logg,-0.0
sy_pmra pl_orbper st_mass,-0.0
sy_pmra pl_orbper soltype_Kepler Project Candidate (q1_q17_dr25_koi),0.0
sy_pmra pl_orbper soltype_Published Confirmed,-0.0
sy_pmra pl_orbper pl_tsystemref_BJD,0.0
sy_pmra pl_orbper pl_tsystemref_BJD-TDB,-0.0
sy_pmra pl_orbper pl_tsystemref_BJD-UTC,-0.0
sy_pmra pl_orbper pl_tsystemref_HJD,-0.0
sy_pmra pl_orbper pl_tsystemref_JD,-0.0
sy_pmra sy_gaiamag^2,-0.0
sy_pmra sy_gaiamag st_rad,-0.0
sy_pmra sy_gaiamag sy_bmag,-0.0
sy_pmra sy_gaiamag sy_dist,-0.0
sy_pmra sy_gaiamag st_teff,-0.0
sy_pmra sy_gaiamag sy_w2mag,-0.0
sy_pmra sy_gaiamag sy_w1mag,-0.0
sy_pmra sy_gaiamag sy_w3mag,-0.0
sy_pmra sy_gaiamag sy_w4mag,-0.0
sy_pmra sy_gaiamag sy_plx,0.0
sy_pmra sy_gaiamag st_logg,-0.0
sy_pmra sy_gaiamag st_mass,-0.0
sy_pmra sy_gaiamag soltype_Kepler Project Candidate (q1_q17_dr25_koi),0.0
sy_pmra sy_gaiamag soltype_Published Confirmed,-0.0
sy_pmra sy_gaiamag pl_tsystemref_BJD,0.0
sy_pmra sy_gaiamag pl_tsystemref_BJD-TDB,-0.0
sy_pmra sy_gaiamag pl_tsystemref_BJD-UTC,-0.0
sy_pmra sy_gaiamag pl_tsystemref_HJD,-0.0
sy_pmra sy_gaiamag pl_tsystemref_JD,-0.0
sy_pmra st_rad^2,-0.0
sy_pmra st_rad sy_bmag,-0.0
sy_pmra st_rad sy_dist,-0.0
sy_pmra st_rad st_teff,-0.0
sy_pmra st_rad sy_w2mag,-0.0
sy_pmra st_rad sy_w1mag,-0.0
sy_pmra st_rad sy_w3mag,-0.0
sy_pmra st_rad sy_w4mag,-0.0
sy_pmra st_rad sy_plx,-0.0
sy_pmra st_rad st_logg,-0.0
sy_pmra st_rad st_mass,-0.0
sy_pmra st_rad soltype_Kepler Project Candidate (q1_q17_dr25_koi),0.0
sy_pmra st_rad soltype_Published Confirmed,-0.0
sy_pmra st_rad pl_tsystemref_BJD,0.0
sy_pmra st_rad pl_tsystemref_BJD-TDB,-0.0
sy_pmra st_rad pl_tsystemref_BJD-UTC,-0.0
sy_pmra st_rad pl_tsystemref_HJD,-0.0
sy_pmra st_rad pl_tsystemref_JD,-0.0
sy_pmra sy_bmag^2,0.0
sy_pmra sy_bmag sy_dist,-0.0
sy_pmra sy_bmag st_teff,-0.0
sy_pmra sy_bmag sy_w2mag,-0.0
sy_pmra sy_bmag sy_w1mag,-0.0
sy_pmra sy_bmag sy_w3mag,-0.0
sy_pmra sy_bmag sy_w4mag,-0.0
sy_pmra sy_bmag sy_plx,0.0
sy_pmra sy_bmag st_logg,0.0
sy_pmra sy_bmag st_mass,-0.0
sy_pmra sy_bmag soltype_Kepler Project Candidate (q1_q17_dr25_koi),0.0
sy_pmra sy_bmag soltype_Published Confirmed,-0.0
sy_pmra sy_bmag pl_tsystemref_BJD,0.0
sy_pmra sy_bmag pl_tsystemref_BJD-TDB,-0.0
sy_pmra sy_bmag pl_tsystemref_BJD-UTC,-0.0
sy_pmra sy_bmag pl_tsystemref_HJD,-0.0
sy_pmra sy_bmag pl_tsystemref_JD,-0.0
sy_pmra sy_dist^2,-0.0
sy_pmra sy_dist st_teff,-0.0
sy_pmra sy_dist sy_w2mag,-0.0
sy_pmra sy_dist sy_w1mag,-0.0
sy_pmra sy_dist sy_w3mag,-0.0
sy_pmra sy_dist sy_w4mag,-0.0
sy_pmra sy_dist sy_plx,-0.0
sy_pmra sy_dist st_logg,-0.0
sy_pmra sy_dist st_mass,-0.0
sy_pmra sy_dist soltype_Kepler Project Candidate (q1_q17_dr25_koi),0.0
sy_pmra sy_dist soltype_Published Confirmed,-0.0
sy_pmra sy_dist pl_tsystemref_BJD,0.0
sy_pmra sy_dist pl_tsystemref_BJD-TDB,-0.0
sy_pmra sy_dist pl_tsystemref_BJD-UTC,-0.0
sy_pmra sy_dist pl_tsystemref_HJD,-0.0
sy_pmra sy_dist pl_tsystemref_JD,-0.0
sy_pmra st_teff^2,-0.0
sy_pmra st_teff sy_w2mag,-0.0
sy_pmra st_teff sy_w1mag,-0.0
sy_pmra st_teff sy_w3mag,-0.0
sy_pmra st_teff sy_w4mag,-0.0
sy_pmra st_teff sy_plx,0.0
sy_pmra st_teff st_logg,-0.0
sy_pmra st_teff st_mass,-0.0
sy_pmra st_teff soltype_Kepler Project Candidate (q1_q17_dr25_koi),0.0006100768320076007
sy_pmra st_teff soltype_Published Confirmed,-0.0
sy_pmra st_teff pl_tsystemref_BJD,0.0
sy_pmra st_teff pl_tsystemref_BJD-TDB,-0.0
sy_pmra st_teff pl_tsystemref_BJD-UTC,-0.0
sy_pmra st_teff pl_tsystemref_HJD,-0.0
sy_pmra st_teff pl_tsystemref_JD,-0.0
sy_pmra sy_w2mag^2,-0.0
sy_pmra sy_w2mag sy_w1mag,-0.0
sy_pmra sy_w2mag sy_w3mag,-0.0
sy_pmra sy_w2mag sy_w4mag,-0.0
sy_pmra sy_w2mag sy_plx,0.0
sy_pmra sy_w2mag st_logg,-0.0
sy_pmra sy_w2mag st_mass,-0.0
sy_pmra sy_w2mag soltype_Kepler Project Candidate (q1_q17_dr25_koi),0.0
sy_pmra sy_w2mag soltype_Published Confirmed,-0.0
sy_pmra sy_w2mag pl_tsystemref_BJD,0.0
sy_pmra sy_w2mag pl_tsystemref_BJD-TDB,-0.0
sy_pmra sy_w2mag pl_tsystemref_BJD-UTC,-0.0
sy_pmra sy_w2mag pl_tsystemref_HJD,-0.0
sy_pmra sy_w2mag pl_tsystemref_JD,-0.0
sy_pmra sy_w1mag^2,-0.0
sy_pmra sy_w1mag sy_w3mag,-0.0
sy_pmra sy_w1mag sy_w4mag,-0.0
sy_pmra sy_w1mag sy_plx,0.0
sy_pmra sy_w1mag st_logg,-0.0
sy_pmra sy_w1mag st_mass,-0.0
sy_pmra sy_w1mag soltype_Kepler Project Candidate (q1_q17_dr25_koi),0.0
sy_pmra sy_w1mag soltype_Published Confirmed,-0.0
sy_pmra sy_w1mag pl_tsystemref_BJD,0.0
sy_pmra sy_w1mag pl_tsystemref_BJD-TDB,-0.0
sy_pmra sy_w1mag pl_tsystemref_BJD-UTC,-0.0
sy_pmra sy_w1mag pl_tsystemref_HJD,-0.0
sy_pmra sy_w1mag pl_tsystemref_JD,-0.0
sy_pmra sy_w3mag^2,-0.0
sy_pmra sy_w3mag sy_w4mag,-0.0
sy_pmra sy_w3mag sy_plx,0.0
sy_pmra sy_w3mag st_logg,-0.0
sy_pmra sy_w3mag st_mass,-0.0
sy_pmra sy_w3mag soltype_Kepler Project Candidate (q1_q17_dr25_koi),0.0
sy_pmra sy_w3mag soltype_Published Confirmed,-0.0
sy_pmra sy_w3mag pl_tsystemref_BJD,0.0
sy_pmra sy_w3mag pl_tsystemref_BJD-TDB,-0.0
sy_pmra sy_w3mag pl_tsystemref_BJD-UTC,-0.0
sy_pmra sy_w3mag pl_tsystemref_HJD,-0.0
sy_pmra sy_w3mag pl_tsystemref_JD,-0.0
sy_pmra sy_w4mag^2,-0.0
sy_pmra sy_w4mag sy_plx,0.0
sy_pmra sy_w4mag st_logg,-0.0
sy_pmra sy_w4mag st_mass,-0.0
sy_pmra sy_w4mag soltype_Kepler Project Candidate (q1_q17_dr25_koi),0.0
sy_pmra sy_w4mag soltype_Published Confirmed,-0.0
sy_pmra sy_w4mag pl_tsystemref_BJD,0.0
sy_pmra sy_w4mag pl_tsystemref_BJD-TDB,-0.0
sy_pmra sy_w4mag pl_tsystemref_BJD-UTC,-0.0
sy_pmra sy_w4mag pl_tsystemref_HJD,-0.0
sy_pmra sy_w4mag pl_tsystemref_JD,-0.0
sy_pmra sy_plx^2,0.0
sy_pmra sy_plx st_logg,0.0
sy_pmra sy_plx st_mass,-0.0
sy_pmra sy_plx soltype_Kepler Project Candidate (q1_q17_dr25_koi),0.0
sy_pmra sy_plx soltype_Published Confirmed,0.0
sy_pmra sy_plx pl_tsystemref_BJD,0.0
sy_pmra sy_plx pl_tsystemref_BJD-TDB,-0.0
sy_pmra sy_plx pl_tsystemref_BJD-UTC,-0.0
sy_pmra sy_plx pl_tsystemref_HJD,-0.0
sy_pmra sy_plx pl_tsystemref_JD,0.0
sy_pmra st_logg^2,-0.0
sy_pmra st_logg st_mass,-0.0
sy_pmra st_logg soltype_Kepler Project Candidate (q1_q17_dr25_koi),0.0
sy_pmra st_logg soltype_Published Confirmed,-0.0
sy_pmra st_logg pl_tsystemref_BJD,0.0
sy_pmra st_logg pl_tsystemref_BJD-TDB,-0.0
sy_pmra st_logg pl_tsystemref_BJD-UTC,-0.0
sy_pmra st_logg pl_tsystemref_HJD,-0.0
sy_pmra st_logg pl_tsystemref_JD,-0.0
sy_pmra st_mass^2,-0.0
sy_pmra st_mass soltype_Kepler Project Candidate (q1_q17_dr25_koi),0.0
sy_pmra st_mass soltype_Published Confirmed,-0.0
sy_pmra st_mass pl_tsystemref_BJD,0.0
sy_pmra st_mass pl_tsystemref_BJD-TDB,-0.0
sy_pmra st_mass pl_tsystemref_BJD-UTC,-0.0
sy_pmra st_mass pl_tsystemref_HJD,-0.0
sy_pmra st_mass pl_tsystemref_JD,-0.0
sy_pmra soltype_Kepler Project Candidate (q1_q17_dr25_koi)^2,0.0
sy_pmra soltype_Kepler Project Candidate (q1_q17_dr25_koi) soltype_Published Confirmed,0.0
sy_pmra soltype_Kepler Project Candidate (q1_q17_dr25_koi) pl_tsystemref_BJD,0.0
sy_pmra soltype_Kepler Project Candidate (q1_q17_dr25_koi) pl_tsystemref_BJD-TDB,0.0
sy_pmra soltype_Kepler Project Candidate (q1_q17_dr25_koi) pl_tsystemref_BJD-UTC,0.0
sy_pmra soltype_Kepler Project Candidate (q1_q17_dr25_koi) pl_tsystemref_HJD,0.0
sy_pmra soltype_Kepler Project Candidate (q1_q17_dr25_koi) pl_tsystemref_JD,0.0
sy_pmra soltype_Published Confirmed^2,-0.0
sy_pmra soltype_Published Confirmed pl_tsystemref_BJD,0.0
sy_pmra soltype_Published Confirmed pl_tsystemref_BJD-TDB,-0.0
sy_pmra soltype_Published Confirmed pl_tsystemref_BJD-UTC,-0.0
sy_pmra soltype_Published Confirmed pl_tsystemref_HJD,-0.0
sy_pmra soltype_Published Confirmed pl_tsystemref_JD,-0.0
sy_pmra pl_tsystemref_BJD^2,0.0
sy_pmra pl_tsystemref_BJD pl_tsystemref_BJD-TDB,0.0
sy_pmra pl_tsystemref_BJD pl_tsystemref_BJD-UTC,0.0
sy_pmra pl_tsystemref_BJD pl_tsystemref_HJD,0.0
sy_pmra pl_tsystemref_BJD pl_tsystemref_JD,0.0
sy_pmra pl_tsystemref_BJD-TDB^2,-0.0
sy_pmra pl_tsystemref_BJD-TDB pl_tsystemref_BJD-UTC,0.0
sy_pmra pl_tsystemref_BJD-TDB pl_tsystemref_HJD,0.0
sy_pmra pl_tsystemref_BJD-TDB pl_tsystemref_JD,0.0
sy_pmra pl_tsystemref_BJD-UTC^2,-0.0
sy_pmra pl_tsystemref_BJD-UTC pl_tsystemref_HJD,0.0
sy_pmra pl_tsystemref_BJD-UTC pl_tsystemref_JD,0.0
sy_pmra pl_tsystemref_HJD^2,-0.0
sy_pmra pl_tsystemref_HJD pl_tsystemref_JD,0.0
sy_pmra pl_tsystemref_JD^2,-0.0
pl_orbper^3,-0.0
pl_orbper^2 sy_gaiamag,-0.0
pl_orbper^2 st_rad,-0.0
pl_orbper^2 sy_bmag,-0.0
pl_orbper^2 sy_dist,-0.0
pl_orbper^2 st_teff,-0.0
pl_orbper^2 sy_w2mag,-0.0
pl_orbper^2 sy_w1mag,-0.0
pl_orbper^2 sy_w3mag,-0.0
pl_orbper^2 sy_w4mag,-0.0
pl_orbper^2 sy_plx,-0.0
pl_orbper^2 st_logg,-0.0
pl_orbper^2 st_mass,-0.0
pl_orbper^2 soltype_Kepler Project Candidate (q1_q17_dr25_koi),0.0
pl_orbper^2 soltype_Published Confirmed,-0.0
pl_orbper^2 pl_tsystemref_BJD,-0.0
pl_orbper^2 pl_tsystemref_BJD-TDB,0.0
pl_orbper^2 pl_tsystemref_BJD-UTC,-0.0
pl_orbper^2 pl_tsystemref_HJD,0.0
pl_orbper^2 pl_tsystemref_JD,-0.0
pl_orbper sy_gaiamag^2,0.0
pl_orbper sy_gaiamag st_rad,0.0
pl_orbper sy_gaiamag sy_bmag,0.0
pl_orbper sy_gaiamag sy_dist,0.0
pl_orbper sy_gaiamag st_teff,0.0
pl_orbper sy_gaiamag sy_w2mag,0.0
pl_orbper sy_gaiamag sy_w1mag,0.0
pl_orbper sy_gaiamag sy_w3mag,0.0
pl_orbper sy_gaiamag sy_w4mag,0.0
pl_orbper sy_gaiamag sy_plx,0.0
pl_orbper sy_gaiamag st_logg,0.0
pl_orbper sy_gaiamag st_mass,0.0
pl_orbper sy_gaiamag soltype_Kepler Project Candidate (q1_q17_dr25_koi),0.0
pl_orbper sy_gaiamag soltype_Published Confirmed,0.0
pl_orbper sy_gaiamag pl_tsystemref_BJD,0.0
pl_orbper sy_gaiamag pl_tsystemref_BJD-TDB,0.0
pl_orbper sy_gaiamag pl_tsystemref_BJD-UTC,-0.0
pl_orbper sy_gaiamag pl_tsystemref_HJD,0.0
pl_orbper sy_gaiamag pl_tsystemref_JD,0.0
pl_orbper st_rad^2,0.0
pl_orbper st_rad sy_bmag,0.0
pl_orbper st_rad sy_dist,0.0
pl_orbper st_rad st_teff,0.0
pl_orbper st_rad sy_w2mag,0.0
pl_orbper st_rad sy_w1mag,0.0
pl_orbper st_rad sy_w3mag,0.0
pl_orbper st_rad sy_w4mag,0.0
pl_orbper st_rad sy_plx,0.0
pl_orbper st_rad st_logg,0.0
pl_orbper st_rad st_mass,0.0
pl_orbper st_rad soltype_Kepler Project Candidate (q1_q17_dr25_koi),0.0
pl_orbper st_rad soltype_Published Confirmed,0.0
pl_orbper st_rad pl_tsystemref_BJD,-0.0
pl_orbper st_rad pl_tsystemref_BJD-TDB,0.0
pl_orbper st_rad pl_tsystemref_BJD-UTC,-0.0
pl_orbper st_rad pl_tsystemref_HJD,0.0
pl_orbper st_rad pl_tsystemref_JD,0.0
pl_orbper sy_bmag^2,0.0
pl_orbper sy_bmag sy_dist,0.0
pl_orbper sy_bmag st_teff,0.0
pl_orbper sy_bmag sy_w2mag,0.0
pl_orbper sy_bmag sy_w1mag,0.0
pl_orbper sy_bmag sy_w3mag,0.0
pl_orbper sy_bmag sy_w4mag,0.0
pl_orbper sy_bmag sy_plx,0.0
pl_orbper sy_bmag st_logg,0.0
pl_orbper sy_bmag st_mass,0.0
pl_orbper sy_bmag soltype_Kepler Project Candidate (q1_q17_dr25_koi),0.0
pl_orbper sy_bmag soltype_Published Confirmed,0.0
pl_orbper sy_bmag pl_tsystemref_BJD,0.0
pl_orbper sy_bmag pl_tsystemref_BJD-TDB,0.0
pl_orbper sy_bmag pl_tsystemref_BJD-UTC,-0.0
pl_orbper sy_bmag pl_tsystemref_HJD,0.0
pl_orbper sy_bmag pl_tsystemref_JD,0.0
pl_orbper sy_dist^2,0.0
pl_orbper sy_dist st_teff,0.0
pl_orbper sy_dist sy_w2mag,0.0
pl_orbper sy_dist sy_w1mag,0.0
pl_orbper sy_dist sy_w3mag,0.0
pl_orbper sy_dist sy_w4mag,0.0
pl_orbper sy_dist sy_plx,0.0
pl_orbper sy_dist st_logg,0.0
pl_orbper sy_dist st_mass,0.0
pl_orbper sy_dist soltype_Kepler Project Candidate (q1_q17_dr25_koi),0.0
pl_orbper sy_dist soltype_Published Confirmed,0.0
pl_orbper sy_dist pl_tsystemref_BJD,-0.0
pl_orbper sy_dist pl_tsystemref_BJD-TDB,0.0
pl_orbper sy_dist pl_tsystemref_BJD-UTC,-0.0
pl_orbper sy_dist pl_tsystemref_HJD,0.0
pl_orbper sy_dist pl_tsystemref_JD,0.0
pl_orbper st_teff^2,0.0
pl_orbper st_teff sy_w2mag,0.0
pl_orbper st_teff sy_w1mag,0.0
pl_orbper st_teff sy_w3mag,0.0
pl_orbper st_teff sy_w4mag,0.0
pl_orbper st_teff sy_plx,0.0
pl_orbper st_teff st_logg,0.0
pl_orbper st_teff st_mass,0.0
pl_orbper st_teff soltype_Kepler Project Candidate (q1_q17_dr25_koi),0.0
pl_orbper st_teff soltype_Published Confirmed,0.0
pl_orbper st_teff pl_tsystemref_BJD,0.0
pl_orbper st_teff pl_tsystemref_BJD-TDB,7.701254842694776e-05
pl_orbper st_teff pl_tsystemref_BJD-UTC,-0.0
pl_orbper st_teff pl_tsystemref_HJD,0.0
pl_orbper st_teff pl_tsystemref_JD,0.0
pl_orbper sy_w2mag^2,0.0
pl_orbper sy_w2mag sy_w1mag,0.0
pl_orbper sy_w2mag sy_w3mag,0.0
pl_orbper sy_w2mag sy_w4mag,0.0
pl_orbper sy_w2mag sy_plx,0.0
pl_orbper sy_w2mag st_logg,0.0
pl_orbper sy_w2mag st_mass,0.0
pl_orbper sy_w2mag soltype_Kepler Project Candidate (q1_q17_dr25_koi),0.0
pl_orbper sy_w2mag soltype_Published Confirmed,0.0
pl_orbper sy_w2mag pl_tsystemref_BJD,0.0
pl_orbper sy_w2mag pl_tsystemref_BJD-TDB,0.0
pl_orbper sy_w2mag pl_tsystemref_BJD-UTC,-0.0
pl_orbper sy_w2mag pl_tsystemref_HJD,0.0
pl_orbper sy_w2mag pl_tsystemref_JD,0.0
pl_orbper sy_w1mag^2,0.0
pl_orbper sy_w1mag sy_w3mag,0.0
pl_orbper sy_w1mag sy_w4mag,0.0
pl_orbper sy_w1mag sy_plx,0.0
pl_orbper sy_w1mag st_logg,0.0
pl_orbper sy_w1mag st_mass,0.0
pl_orbper sy_w1mag soltype_Kepler Project Candidate (q1_q17_dr25_koi),0.0
pl_orbper sy_w1mag soltype_Published Confirmed,0.0
pl_orbper sy_w1mag pl_tsystemref_BJD,0.0
pl_orbper sy_w1mag pl_tsystemref_BJD-TDB,0.0
pl_orbper sy_w1mag pl_tsystemref_BJD-UTC,-0.0
pl_orbper sy_w1mag pl_tsystemref_HJD,0.0
pl_orbper sy_w1mag pl_tsystemref_JD,0.0
pl_orbper sy_w3mag^2,0.0
pl_orbper sy_w3mag sy_w4mag,0.0
pl_orbper sy_w3mag sy_plx,0.0
pl_orbper sy_w3mag st_logg,0.0
pl_orbper sy_w3mag st_mass,0.0
pl_orbper sy_w3mag soltype_Kepler Project Candidate (q1_q17_dr25_koi),0.0
pl_orbper sy_w3mag soltype_Published Confirmed,0.0
pl_orbper sy_w3mag pl_tsystemref_BJD,0.0
pl_orbper sy_w3mag pl_tsystemref_BJD-TDB,0.0
pl_orbper sy_w3mag pl_tsystemref_BJD-UTC,-0.0
pl_orbper sy_w3mag pl_tsystemref_HJD,0.0
pl_orbper sy_w3mag pl_tsystemref_JD,0.0
pl_orbper sy_w4mag^2,0.0
pl_orbper sy_w4mag sy_plx,0.0
pl_orbper sy_w4mag st_logg,0.0
pl_orbper sy_w4mag st_mass,0.0
pl_orbper sy_w4mag soltype_Kepler Project Candidate (q1_q17_dr25_koi),0.0
pl_orbper sy_w4mag soltype_Published Confirmed,0.0
pl_orbper sy_w4mag pl_tsystemref_BJD,0.0
pl_orbper sy_w4mag pl_tsystemref_BJD-TDB,0.0
pl_orbper sy_w4mag pl_tsystemref_BJD-UTC,-0.0
pl_orbper sy_w4mag pl_tsystemref_HJD,0.0
pl_orbper sy_w4mag pl_tsystemref_JD,0.0
pl_orbper sy_plx^2,0.0
pl_orbper sy_plx st_logg,0.0
pl_orbper sy_plx st_mass,0.0013397467139021977
pl_orbper sy_plx soltype_Kepler Project Candidate (q1_q17_dr25_koi),0.0
pl_orbper sy_plx soltype_Published Confirmed,0.0
pl_orbper sy_plx pl_tsystemref_BJD,0.0
pl_orbper sy_plx pl_tsystemref_BJD-TDB,0.0
pl_orbper sy_plx pl_tsystemref_BJD-UTC,-0.0
pl_orbper sy_plx pl_tsystemref_HJD,0.0
pl_orbper sy_plx pl_tsystemref_JD,0.0
pl_orbper st_logg^2,0.0
pl_orbper st_logg st_mass,0.0
pl_orbper st_logg soltype_Kepler Project Candidate (q1_q17_dr25_koi),0.0
pl_orbper st_logg soltype_Published Confirmed,0.0
pl_orbper st_logg pl_tsystemref_BJD,0.0
pl_orbper st_logg pl_tsystemref_BJD-TDB,0.0
pl_orbper st_logg pl_tsystemref_BJD-UTC,-0.0
pl_orbper st_logg pl_tsystemref_HJD,0.0
pl_orbper st_logg pl_tsystemref_JD,0.0
pl_orbper st_mass^2,0.0
pl_orbper st_mass soltype_Kepler Project Candidate (q1_q17_dr25_koi),0.0
pl_orbper st_mass soltype_Published Confirmed,0.0
pl_orbper st_mass pl_tsystemref_BJD,0.0
pl_orbper st_mass pl_tsystemref_BJD-TDB,0.0
pl_orbper st_mass pl_tsystemref_BJD-UTC,-0.0
pl_orbper st_mass pl_tsystemref_HJD,0.0
pl_orbper st_mass pl_tsystemref_JD,0.0
pl_orbper soltype_Kepler Project Candidate (q1_q17_dr25_koi)^2,0.0
pl_orbper soltype_Kepler Project Candidate (q1_q17_dr25_koi) soltype_Published Confirmed,0.0
pl_orbper soltype_Kepler Project Candidate (q1_q17_dr25_koi) pl_tsystemref_BJD,0.0
pl_orbper soltype_Kepler Project Candidate (q1_q17_dr25_koi) pl_tsystemref_BJD-TDB,0.0
pl_orbper soltype_Kepler Project Candidate (q1_q17_dr25_koi) pl_tsystemref_BJD-UTC,0.0
pl_orbper soltype_Kepler Project Candidate (q1_q17_dr25_koi) pl_tsystemref_HJD,0.0
pl_orbper soltype_Kepler Project Candidate (q1_q17_dr25_koi) pl_tsystemref_JD,0.0
pl_orbper soltype_Published Confirmed^2,0.0
pl_orbper soltype_Published Confirmed pl_tsystemref_BJD,-0.0
pl_orbper soltype_Published Confirmed pl_tsystemref_BJD-TDB,0.0
pl_orbper soltype_Published Confirmed pl_tsystemref_BJD-UTC,-0.0
pl_orbper soltype_Published Confirmed pl_tsystemref_HJD,0.0
pl_orbper soltype_Published Confirmed pl_tsystemref_JD,0.0
pl_orbper pl_tsystemref_BJD^2,0.0
pl_orbper pl_tsystemref_BJD pl_tsystemref_BJD-TDB,0.0
pl_orbper pl_tsystemref_BJD pl_tsystemref_BJD-UTC,0.0
pl_orbper pl_tsystemref_BJD pl_tsystemref_HJD,0.0
pl_orbper pl_tsystemref_BJD pl_tsystemref_JD,0.0
pl_orbper pl_tsystemref_BJD-TDB^2,0.0
pl_orbper pl_tsystemref_BJD-TDB pl_tsystemref_BJD-UTC,0.0
pl_orbper pl_tsystemref_BJD-TDB pl_tsystemref_HJD,0.0
pl_orbper pl_tsystemref_BJD-TDB pl_tsystemref_JD,0.0
pl_orbper pl_tsystemref_BJD-UTC^2,-0.0
pl_orbper pl_tsystemref_BJD-UTC pl_tsystemref_HJD,0.0
pl_orbper pl_tsystemref_BJD-UTC pl_tsystemref_JD,0.0
pl_orbper pl_tsystemref_HJD^2,0.0
pl_orbper pl_tsystemref_HJD pl_tsystemref_JD,0.0
pl_orbper pl_tsystemref_JD^2,0.0
sy_gaiamag^3,0.0
sy_gaiamag^2 st_rad,0.0
sy_gaiamag^2 sy_bmag,0.0
sy_gaiamag^2 sy_dist,0.0
sy_gaiamag^2 st_teff,0.0
sy_gaiamag^2 sy_w2mag,0.0
sy_gaiamag^2 sy_w1mag,0.0
sy_gaiamag^2 sy_w3mag,0.0
sy_gaiamag^2 sy_w4mag,0.0
sy_gaiamag^2 sy_plx,-0.0
sy_gaiamag^2 st_logg,0.0
sy_gaiamag^2 st_mass,0.0
sy_gaiamag^2 soltype_Kepler Project Candidate (q1_q17_dr25_koi),-0.0
sy_gaiamag^2 soltype_Published Confirmed,0.0
sy_gaiamag^2 pl_tsystemref_BJD,0.0
sy_gaiamag^2 pl_tsystemref_BJD-TDB,0.0
sy_gaiamag^2 pl_tsystemref_BJD-UTC,-0.0
sy_gaiamag^2 pl_tsystemref_HJD,0.0
sy_gaiamag^2 pl_tsystemref_JD,-0.0
sy_gaiamag st_rad^2,0.0
sy_gaiamag st_rad sy_bmag,0.0
sy_gaiamag st_rad sy_dist,0.0
sy_gaiamag st_rad st_teff,0.0
sy_gaiamag st_rad sy_w2mag,0.0
sy_gaiamag st_rad sy_w1mag,0.0
sy_gaiamag st_rad sy_w3mag,0.0
sy_gaiamag st_rad sy_w4mag,0.0
sy_gaiamag st_rad sy_plx,0.0
sy_gaiamag st_rad st_logg,0.0
sy_gaiamag st_rad st_mass,0.0
sy_gaiamag st_rad soltype_Kepler Project Candidate (q1_q17_dr25_koi),-0.0
sy_gaiamag st_rad soltype_Published Confirmed,0.0
sy_gaiamag st_rad pl_tsystemref_BJD,0.0
sy_gaiamag st_rad pl_tsystemref_BJD-TDB,0.0
sy_gaiamag st_rad pl_tsystemref_BJD-UTC,0.0
sy_gaiamag st_rad pl_tsystemref_HJD,0.0
sy_gaiamag st_rad pl_tsystemref_JD,-0.0
sy_gaiamag sy_bmag^2,0.0
sy_gaiamag sy_bmag sy_dist,0.0
sy_gaiamag sy_bmag st_teff,0.0
sy_gaiamag sy_bmag sy_w2mag,0.0
sy_gaiamag sy_bmag sy_w1mag,0.0
sy_gaiamag sy_bmag sy_w3mag,0.0
sy_gaiamag sy_bmag sy_w4mag,0.0
sy_gaiamag sy_bmag sy_plx,-0.0
sy_gaiamag sy_bmag st_logg,0.0
sy_gaiamag sy_bmag st_mass,0.0
sy_gaiamag sy_bmag soltype_Kepler Project Candidate (q1_q17_dr25_koi),-0.0
sy_gaiamag sy_bmag soltype_Published Confirmed,0.0
sy_gaiamag sy_bmag pl_tsystemref_BJD,0.0
sy_gaiamag sy_bmag pl_tsystemref_BJD-TDB,0.0
sy_gaiamag sy_bmag pl_tsystemref_BJD-UTC,-0.0
sy_gaiamag sy_bmag pl_tsystemref_HJD,0.0
sy_gaiamag sy_bmag pl_tsystemref_JD,-0.0
sy_gaiamag sy_dist^2,0.0
sy_gaiamag sy_dist st_teff,0.0
sy_gaiamag sy_dist sy_w2mag,0.0
sy_gaiamag sy_dist sy_w1mag,0.0
sy_gaiamag sy_dist sy_w3mag,0.0
sy_gaiamag sy_dist sy_w4mag,0.0
sy_gaiamag sy_dist sy_plx,0.0
sy_gaiamag sy_dist st_logg,0.0
sy_gaiamag sy_dist st_mass,0.0
sy_gaiamag sy_dist soltype_Kepler Project Candidate (q1_q17_dr25_koi),-0.0
sy_gaiamag sy_dist soltype_Published Confirmed,0.0
sy_gaiamag sy_dist pl_tsystemref_BJD,0.0
sy_gaiamag sy_dist pl_tsystemref_BJD-TDB,0.0
sy_gaiamag sy_dist pl_tsystemref_BJD-UTC,0.0
sy_gaiamag sy_dist pl_tsystemref_HJD,0.0
sy_gaiamag sy_dist pl_tsystemref_JD,0.0
sy_gaiamag st_teff^2,0.0
sy_gaiamag st_teff sy_w2mag,0.0
sy_gaiamag st_teff sy_w1mag,0.0
sy_gaiamag st_teff sy_w3mag,0.0
sy_gaiamag st_teff sy_w4mag,0.0
sy_gaiamag st_teff sy_plx,-0.0
sy_gaiamag st_teff st_logg,0.0
sy_gaiamag st_teff st_mass,0.0
sy_gaiamag st_teff soltype_Kepler Project Candidate (q1_q17_dr25_koi),-0.0
sy_gaiamag st_teff soltype_Published Confirmed,0.0
sy_gaiamag st_teff pl_tsystemref_BJD,0.0
sy_gaiamag st_teff pl_tsystemref_BJD-TDB,0.0
sy_gaiamag st_teff pl_tsystemref_BJD-UTC,0.0
sy_gaiamag st_teff pl_tsystemref_HJD,0.0
sy_gaiamag st_teff pl_tsystemref_JD,-0.0
sy_gaiamag sy_w2mag^2,0.0
sy_gaiamag sy_w2mag sy_w1mag,0.0
sy_gaiamag sy_w2mag sy_w3mag,0.0
sy_gaiamag sy_w2mag sy_w4mag,0.0
sy_gaiamag sy_w2mag sy_plx,-0.0
sy_gaiamag sy_w2mag st_logg,0.0
sy_gaiamag sy_w2mag st_mass,0.0
sy_gaiamag sy_w2mag soltype_Kepler Project Candidate (q1_q17_dr25_koi),-0.0
sy_gaiamag sy_w2mag soltype_Published Confirmed,0.0
sy_gaiamag sy_w2mag pl_tsystemref_BJD,0.0
sy_gaiamag sy_w2mag pl_tsystemref_BJD-TDB,0.0
sy_gaiamag sy_w2mag pl_tsystemref_BJD-UTC,-0.0
sy_gaiamag sy_w2mag pl_tsystemref_HJD,0.0
sy_gaiamag sy_w2mag pl_tsystemref_JD,-0.0
sy_gaiamag sy_w1mag^2,0.0
sy_gaiamag sy_w1mag sy_w3mag,0.0
sy_gaiamag sy_w1mag sy_w4mag,0.0
sy_gaiamag sy_w1mag sy_plx,-0.0
sy_gaiamag sy_w1mag st_logg,0.0
sy_gaiamag sy_w1mag st_mass,0.0
sy_gaiamag sy_w1mag soltype_Kepler Project Candidate (q1_q17_dr25_koi),-0.0
sy_gaiamag sy_w1mag soltype_Published Confirmed,0.0
sy_gaiamag sy_w1mag pl_tsystemref_BJD,0.0
sy_gaiamag sy_w1mag pl_tsystemref_BJD-TDB,0.0
sy_gaiamag sy_w1mag pl_tsystemref_BJD-UTC,-0.0
sy_gaiamag sy_w1mag pl_tsystemref_HJD,0.0
sy_gaiamag sy_w1mag pl_tsystemref_JD,-0.0
sy_gaiamag sy_w3mag^2,0.0
sy_gaiamag sy_w3mag sy_w4mag,0.0
sy_gaiamag sy_w3mag sy_plx,-0.0
sy_gaiamag sy_w3mag st_logg,0.0
sy_gaiamag sy_w3mag st_mass,0.0
sy_gaiamag sy_w3mag soltype_Kepler Project Candidate (q1_q17_dr25_koi),-0.0
sy_gaiamag sy_w3mag soltype_Published Confirmed,0.0
sy_gaiamag sy_w3mag pl_tsystemref_BJD,0.0
sy_gaiamag sy_w3mag pl_tsystemref_BJD-TDB,0.0
sy_gaiamag sy_w3mag pl_tsystemref_BJD-UTC,-0.0
sy_gaiamag sy_w3mag pl_tsystemref_HJD,0.0
sy_gaiamag sy_w3mag pl_tsystemref_JD,-0.0
sy_gaiamag sy_w4mag^2,0.0
sy_gaiamag sy_w4mag sy_plx,-0.0
sy_gaiamag sy_w4mag st_logg,0.0
sy_gaiamag sy_w4mag st_mass,0.0
sy_gaiamag sy_w4mag soltype_Kepler Project Candidate (q1_q17_dr25_koi),-0.0
sy_gaiamag sy_w4mag soltype_Published Confirmed,0.0
sy_gaiamag sy_w4mag pl_tsystemref_BJD,0.0
sy_gaiamag sy_w4mag pl_tsystemref_BJD-TDB,0.0
sy_gaiamag sy_w4mag pl_tsystemref_BJD-UTC,-0.0
sy_gaiamag sy_w4mag pl_tsystemref_HJD,0.0
sy_gaiamag sy_w4mag pl_tsystemref_JD,-0.0
sy_gaiamag sy_plx^2,-0.0
sy_gaiamag sy_plx st_logg,-0.0
sy_gaiamag sy_plx st_mass,-0.0
sy_gaiamag sy_plx soltype_Kepler Project Candidate (q1_q17_dr25_koi),-0.0
sy_gaiamag sy_plx soltype_Published Confirmed,-0.0
sy_gaiamag sy_plx pl_tsystemref_BJD,-0.0
sy_gaiamag sy_plx pl_tsystemref_BJD-TDB,-0.0
sy_gaiamag sy_plx pl_tsystemref_BJD-UTC,-0.0
sy_gaiamag sy_plx pl_tsystemref_HJD,0.0
sy_gaiamag sy_plx pl_tsystemref_JD,-0.0
sy_gaiamag st_logg^2,0.0
sy_gaiamag st_logg st_mass,0.0
sy_gaiamag st_logg soltype_Kepler Project Candidate (q1_q17_dr25_koi),-0.0
sy_gaiamag st_logg soltype_Published Confirmed,0.0
sy_gaiamag st_logg pl_tsystemref_BJD,0.0
sy_gaiamag st_logg pl_tsystemref_BJD-TDB,0.0
sy_gaiamag st_logg pl_tsystemref_BJD-UTC,-0.0
sy_gaiamag st_logg pl_tsystemref_HJD,0.0
sy_gaiamag st_logg pl_tsystemref_JD,-0.0
sy_gaiamag st_mass^2,0.0
sy_gaiamag st_mass soltype_Kepler Project Candidate (q1_q17_dr25_koi),-0.0
sy_gaiamag st_mass soltype_Published Confirmed,0.0
sy_gaiamag st_mass pl_tsystemref_BJD,0.0
sy_gaiamag st_mass pl_tsystemref_BJD-TDB,0.0
sy_gaiamag st_mass pl_tsystemref_BJD-UTC,0.0
sy_gaiamag st_mass pl_tsystemref_HJD,0.0
sy_gaiamag st_mass pl_tsystemref_JD,-0.0
sy_gaiamag soltype_Kepler Project Candidate (q1_q17_dr25_koi)^2,-0.0
sy_gaiamag soltype_Kepler Project Candidate (q1_q17_dr25_koi) soltype_Published Confirmed,0.0
sy_gaiamag soltype_Kepler Project Candidate (q1_q17_dr25_koi) pl_tsystemref_BJD,-0.0
sy_gaiamag soltype_Kepler Project Candidate (q1_q17_dr25_koi) pl_tsystemref_BJD-TDB,0.0
sy_gaiamag soltype_Kepler Project Candidate (q1_q17_dr25_koi) pl_tsystemref_BJD-UTC,0.0
sy_gaiamag soltype_Kepler Project Candidate (q1_q17_dr25_koi) pl_tsystemref_HJD,0.0
sy_gaiamag soltype_Kepler Project Candidate (q1_q17_dr25_koi) pl_tsystemref_JD,0.0
sy_gaiamag soltype_Published Confirmed^2,0.0
sy_gaiamag soltype_Published Confirmed pl_tsystemref_BJD,0.0
sy_gaiamag soltype_Published Confirmed pl_tsystemref_BJD-TDB,0.0
sy_gaiamag soltype_Published Confirmed pl_tsystemref_BJD-UTC,-0.0
sy_gaiamag soltype_Published Confirmed pl_tsystemref_HJD,0.0
sy_gaiamag soltype_Published Confirmed pl_tsystemref_JD,-0.0
sy_gaiamag pl_tsystemref_BJD^2,0.0
sy_gaiamag pl_tsystemref_BJD pl_tsystemref_BJD-TDB,0.0
sy_gaiamag pl_tsystemref_BJD pl_tsystemref_BJD-UTC,0.0
sy_gaiamag pl_tsystemref_BJD pl_tsystemref_HJD,0.0
sy_gaiamag pl_tsystemref_BJD pl_tsystemref_JD,0.0
sy_gaiamag pl_tsystemref_BJD-TDB^2,0.0
sy_gaiamag pl_tsystemref_BJD-TDB pl_tsystemref_BJD-UTC,0.0
sy_gaiamag pl_tsystemref_BJD-TDB pl_tsystemref_HJD,0.0
sy_gaiamag pl_tsystemref_BJD-TDB pl_tsystemref_JD,0.0
sy_gaiamag pl_tsystemref_BJD-UTC^2,-0.0
sy_gaiamag pl_tsystemref_BJD-UTC pl_tsystemref_HJD,0.0
sy_gaiamag pl_tsystemref_BJD-UTC pl_tsystemref_JD,0.0
sy_gaiamag pl_tsystemref_HJD^2,0.0
sy_gaiamag pl_tsystemref_HJD pl_tsystemref_JD,0.0
sy_gaiamag pl_tsystemref_JD^2,-0.0
st_rad^3,0.0
st_rad^2 sy_bmag,0.0
st_rad^2 sy_dist,0.0
st_rad^2 st_teff,0.0
st_rad^2 sy_w2mag,0.0
st_rad^2 sy_w1mag,0.0
st_rad^2 sy_w3mag,0.0
st_rad^2 sy_w4mag,0.0
st_rad^2 sy_plx,0.0
st_rad^2 st_logg,0.0
st_rad^2 st_mass,0.0
st_rad^2 soltype_Kepler Project Candidate (q1_q17_dr25_koi),0.0
st_rad^2 soltype_Published Confirmed,0.0
st_rad^2 pl_tsystemref_BJD,0.0
st_rad^2 pl_tsystemref_BJD-TDB,0.0
st_rad^2 pl_tsystemref_BJD-UTC,0.0
st_rad^2 pl_tsystemref_HJD,0.0
st_rad^2 pl_tsystemref_JD,-0.0
st_rad sy_bmag^2,0.0
st_rad sy_bmag sy_dist,0.0
st_rad sy_bmag st_teff,0.0
st_rad sy_bmag sy_w2mag,0.0
st_rad sy_bmag sy_w1mag,0.0
st_rad sy_bmag sy_w3mag,0.0
st_rad sy_bmag sy_w4mag,0.0
st_rad sy_bmag sy_plx,0.0
st_rad sy_bmag st_logg,0.0
st_rad sy_bmag st_mass,0.0
st_rad sy_bmag soltype_Kepler Project Candidate (q1_q17_dr25_koi),-0.0
st_rad sy_bmag soltype_Published Confirmed,0.0
st_rad sy_bmag pl_tsystemref_BJD,0.0
st_rad sy_bmag pl_tsystemref_BJD-TDB,0.0
st_rad sy_bmag pl_tsystemref_BJD-UTC,0.0
st_rad sy_bmag pl_tsystemref_HJD,0.0
st_rad sy_bmag pl_tsystemref_JD,-0.0
st_rad sy_dist^2,0.0
st_rad sy_dist st_teff,0.0
st_rad sy_dist sy_w2mag,0.0
st_rad sy_dist sy_w1mag,0.0
st_rad sy_dist sy_w3mag,0.0
st_rad sy_dist sy_w4mag,0.0
st_rad sy_dist sy_plx,0.0
st_rad sy_dist st_logg,0.0
st_rad sy_dist st_mass,0.0
st_rad sy_dist soltype_Kepler Project Candidate (q1_q17_dr25_koi),-0.0
st_rad sy_dist soltype_Published Confirmed,0.0
st_rad sy_dist pl_tsystemref_BJD,0.0
st_rad sy_dist pl_tsystemref_BJD-TDB,0.0
st_rad sy_dist pl_tsystemref_BJD-UTC,0.0
st_rad sy_dist pl_tsystemref_HJD,0.0
st_rad sy_dist pl_tsystemref_JD,-0.0
st_rad st_teff^2,0.0
st_rad st_teff sy_w2mag,0.0
st_rad st_teff sy_w1mag,0.0
st_rad st_teff sy_w3mag,0.0
st_rad st_teff sy_w4mag,0.0
st_rad st_teff sy_plx,0.0
st_rad st_teff st_logg,0.0
st_rad st_teff st_mass,0.0
st_rad st_teff soltype_Kepler Project Candidate (q1_q17_dr25_koi),-0.0
st_rad st_teff soltype_Published Confirmed,0.0
st_rad st_teff pl_tsystemref_BJD,0.0
st_rad st_teff pl_tsystemref_BJD-TDB,0.0
st_rad st_teff pl_tsystemref_BJD-UTC,0.0
st_rad st_teff pl_tsystemref_HJD,0.0
st_rad st_teff pl_tsystemref_JD,-0.0
st_rad sy_w2mag^2,0.0
st_rad sy_w2mag sy_w1mag,0.0
st_rad sy_w2mag sy_w3mag,0.0
st_rad sy_w2mag sy_w4mag,0.0
st_rad sy_w2mag sy_plx,0.0
st_rad sy_w2mag st_logg,0.0
st_rad sy_w2mag st_mass,0.0
st_rad sy_w2mag soltype_Kepler Project Candidate (q1_q17_dr25_koi),-0.0
st_rad sy_w2mag soltype_Published Confirmed,0.0
st_rad sy_w2mag pl_tsystemref_BJD,0.0
st_rad sy_w2mag pl_tsystemref_BJD-TDB,0.0
st_rad sy_w2mag pl_tsystemref_BJD-UTC,0.0
st_rad sy_w2mag pl_tsystemref_HJD,0.0
st_rad sy_w2mag pl_tsystemref_JD,-0.0
st_rad sy_w1mag^2,0.0
st_rad sy_w1mag sy_w3mag,0.0
st_rad sy_w1mag sy_w4mag,0.0
st_rad sy_w1mag sy_plx,0.0
st_rad sy_w1mag st_logg,0.0
st_rad sy_w1mag st_mass,0.0
st_rad sy_w1mag soltype_Kepler Project Candidate (q1_q17_dr25_koi),-0.0
st_rad sy_w1mag soltype_Published Confirmed,0.0
st_rad sy_w1mag pl_tsystemref_BJD,0.0
st_rad sy_w1mag pl_tsystemref_BJD-TDB,0.0
st_rad sy_w1mag pl_tsystemref_BJD-UTC,0.0
st_rad sy_w1mag pl_tsystemref_HJD,0.0
st_rad sy_w1mag pl_tsystemref_JD,-0.0
st_rad sy_w3mag^2,0.0
st_rad sy_w3mag sy_w4mag,0.0
st_rad sy_w3mag sy_plx,0.0
st_rad sy_w3mag st_logg,0.0
st_rad sy_w3mag st_mass,0.0
st_rad sy_w3mag soltype_Kepler Project Candidate (q1_q17_dr25_koi),-0.0
st_rad sy_w3mag soltype_Published Confirmed,0.0
st_rad sy_w3mag pl_tsystemref_BJD,0.0
st_rad sy_w3mag pl_tsystemref_BJD-TDB,0.0
st_rad sy_w3mag pl_tsystemref_BJD-UTC,0.0
st_rad sy_w3mag pl_tsystemref_HJD,0.0
st_rad sy_w3mag pl_tsystemref_JD,-0.0
st_rad sy_w4mag^2,0.0
st_rad sy_w4mag sy_plx,0.0
st_rad sy_w4mag st_logg,0.0
st_rad sy_w4mag st_mass,0.0
st_rad sy_w4mag soltype_Kepler Project Candidate (q1_q17_dr25_koi),-0.0
st_rad sy_w4mag soltype_Published Confirmed,0.0
st_rad sy_w4mag pl_tsystemref_BJD,0.0
st_rad sy_w4mag pl_tsystemref_BJD-TDB,0.0
st_rad sy_w4mag pl_tsystemref_BJD-UTC,0.0
st_rad sy_w4mag pl_tsystemref_HJD,0.0
st_rad sy_w4mag pl_tsystemref_JD,-0.0
st_rad sy_plx^2,-0.0
st_rad sy_plx st_logg,0.0
st_rad sy_plx st_mass,0.0
st_rad sy_plx soltype_Kepler Project Candidate (q1_q17_dr25_koi),-0.0
st_rad sy_plx soltype_Published Confirmed,0.0
st_rad sy_plx pl_tsystemref_BJD,0.0
st_rad sy_plx pl_tsystemref_BJD-TDB,-0.0
st_rad sy_plx pl_tsystemref_BJD-UTC,-0.0
st_rad sy_plx pl_tsystemref_HJD,0.0
st_rad sy_plx pl_tsystemref_JD,-0.0
st_rad st_logg^2,0.0
st_rad st_logg st_mass,0.0
st_rad st_logg soltype_Kepler Project Candidate (q1_q17_dr25_koi),-0.0
st_rad st_logg soltype_Published Confirmed,0.0
st_rad st_logg pl_tsystemref_BJD,0.0
st_rad st_logg pl_tsystemref_BJD-TDB,0.0
st_rad st_logg pl_tsystemref_BJD-UTC,0.0
st_rad st_logg pl_tsystemref_HJD,0.0
st_rad st_logg pl_tsystemref_JD,-0.0
st_rad st_mass^2,0.0
st_rad st_mass soltype_Kepler Project Candidate (q1_q17_dr25_koi),-0.0
st_rad st_mass soltype_Published Confirmed,0.0
st_rad st_mass pl_tsystemref_BJD,0.0
st_rad st_mass pl_tsystemref_BJD-TDB,0.0
st_rad st_mass pl_tsystemref_BJD-UTC,0.0
st_rad st_mass pl_tsystemref_HJD,0.0
st_rad st_mass pl_tsystemref_JD,-0.0
st_rad soltype_Kepler Project Candidate (q1_q17_dr25_koi)^2,-0.0
st_rad soltype_Kepler Project Candidate (q1_q17_dr25_koi) soltype_Published Confirmed,0.0
st_rad soltype_Kepler Project Candidate (q1_q17_dr25_koi) pl_tsystemref_BJD,-0.0
st_rad soltype_Kepler Project Candidate (q1_q17_dr25_koi) pl_tsystemref_BJD-TDB,0.0
st_rad soltype_Kepler Project Candidate (q1_q17_dr25_koi) pl_tsystemref_BJD-UTC,0.0
st_rad soltype_Kepler Project Candidate (q1_q17_dr25_koi) pl_tsystemref_HJD,0.0
st_rad soltype_Kepler Project Candidate (q1_q17_dr25_koi) pl_tsystemref_JD,0.0
st_rad soltype_Published Confirmed^2,0.0
st_rad soltype_Published Confirmed pl_tsystemref_BJD,0.010243050567424288
st_rad soltype_Published Confirmed pl_tsystemref_BJD-TDB,0.0
st_rad soltype_Published Confirmed pl_tsystemref_BJD-UTC,0.0
st_rad soltype_Published Confirmed pl_tsystemref_HJD,0.0
st_rad soltype_Published Confirmed pl_tsystemref_JD,-0.0
st_rad pl_tsystemref_BJD^2,0.0
st_rad pl_tsystemref_BJD pl_tsystemref_BJD-TDB,0.0
st_rad pl_tsystemref_BJD pl_tsystemref_BJD-UTC,0.0
st_rad pl_tsystemref_BJD pl_tsystemref_HJD,0.0
st_rad pl_tsystemref_BJD pl_tsystemref_JD,0.0
st_rad pl_tsystemref_BJD-TDB^2,0.0
st_rad pl_tsystemref_BJD-TDB pl_tsystemref_BJD-UTC,0.0
st_rad pl_tsystemref_BJD-TDB pl_tsystemref_HJD,0.0
st_rad pl_tsystemref_BJD-TDB pl_tsystemref_JD,0.0
st_rad pl_tsystemref_BJD-UTC^2,0.0
st_rad pl_tsystemref_BJD-UTC pl_tsystemref_HJD,0.0
st_rad pl_tsystemref_BJD-UTC pl_tsystemref_JD,0.0
st_rad pl_tsystemref_HJD^2,0.0
st_rad pl_tsystemref_HJD pl_tsystemref_JD,0.0
st_rad pl_tsystemref_JD^2,-0.0
sy_bmag^3,0.0
sy_bmag^2 sy_dist,0.0
sy_bmag^2 st_teff,0.0
sy_bmag^2 sy_w2mag,0.0
sy_bmag^2 sy_w1mag,0.0
sy_bmag^2 sy_w3mag,0.0
sy_bmag^2 sy_w4mag,0.0
sy_bmag^2 sy_plx,-0.0
sy_bmag^2 st_logg,0.0
sy_bmag^2 st_mass,0.0
sy_bmag^2 soltype_Kepler Project Candidate (q1_q17_dr25_koi),-0.0
sy_bmag^2 soltype_Published Confirmed,0.0
sy_bmag^2 pl_tsystemref_BJD,0.0
sy_bmag^2 pl_tsystemref_BJD-TDB,0.0
sy_bmag^2 pl_tsystemref_BJD-UTC,-0.0
sy_bmag^2 pl_tsystemref_HJD,0.0
sy_bmag^2 pl_tsystemref_JD,-0.0
sy_bmag sy_dist^2,0.0
sy_bmag sy_dist st_teff,0.0
sy_bmag sy_dist sy_w2mag,0.0
sy_bmag sy_dist sy_w1mag,0.0
sy_bmag sy_dist sy_w3mag,0.0
sy_bmag sy_dist sy_w4mag,0.0
sy_bmag sy_dist sy_plx,0.0
sy_bmag sy_dist st_logg,0.0
sy_bmag sy_dist st_mass,0.0
sy_bmag sy_dist soltype_Kepler Project Candidate (q1_q17_dr25_koi),-0.0
sy_bmag sy_dist soltype_Published Confirmed,0.0
sy_bmag sy_dist pl_tsystemref_BJD,0.0
sy_bmag sy_dist pl_tsystemref_BJD-TDB,0.0
sy_bmag sy_dist pl_tsystemref_BJD-UTC,0.0
sy_bmag sy_dist pl_tsystemref_HJD,0.0
sy_bmag sy_dist pl_tsystemref_JD,0.0
sy_bmag st_teff^2,0.0
sy_bmag st_teff sy_w2mag,0.0
sy_bmag st_teff sy_w1mag,0.0
sy_bmag st_teff sy_w3mag,0.0
sy_bmag st_teff sy_w4mag,0.0
sy_bmag st_teff sy_plx,-0.0
sy_bmag st_teff st_logg,0.0
sy_bmag st_teff st_mass,0.0
sy_bmag st_teff soltype_Kepler Project Candidate (q1_q17_dr25_koi),-0.0
sy_bmag st_teff soltype_Published Confirmed,0.0
sy_bmag st_teff pl_tsystemref_BJD,0.0
sy_bmag st_teff pl_tsystemref_BJD-TDB,0.0
sy_bmag st_teff pl_tsystemref_BJD-UTC,-0.0
sy_bmag st_teff pl_tsystemref_HJD,0.0
sy_bmag st_teff pl_tsystemref_JD,-0.0
sy_bmag sy_w2mag^2,0.0
sy_bmag sy_w2mag sy_w1mag,0.0
sy_bmag sy_w2mag sy_w3mag,0.0
sy_bmag sy_w2mag sy_w4mag,0.0
sy_bmag sy_w2mag sy_plx,-0.0
sy_bmag sy_w2mag st_logg,0.0
sy_bmag sy_w2mag st_mass,0.0
sy_bmag sy_w2mag soltype_Kepler Project Candidate (q1_q17_dr25_koi),-0.0
sy_bmag sy_w2mag soltype_Published Confirmed,0.0
sy_bmag sy_w2mag pl_tsystemref_BJD,0.0
sy_bmag sy_w2mag pl_tsystemref_BJD-TDB,0.0
sy_bmag sy_w2mag pl_tsystemref_BJD-UTC,-0.0
sy_bmag sy_w2mag pl_tsystemref_HJD,0.0
sy_bmag sy_w2mag pl_tsystemref_JD,-0.0
sy_bmag sy_w1mag^2,0.0
sy_bmag sy_w1mag sy_w3mag,0.0
sy_bmag sy_w1mag sy_w4mag,0.0
sy_bmag sy_w1mag sy_plx,-0.0
sy_bmag sy_w1mag st_logg,0.0
sy_bmag sy_w1mag st_mass,0.0
sy_bmag sy_w1mag soltype_Kepler Project Candidate (q1_q17_dr25_koi),-0.0
sy_bmag sy_w1mag soltype_Published Confirmed,0.0
sy_bmag sy_w1mag pl_tsystemref_BJD,0.0
sy_bmag sy_w1mag pl_tsystemref_BJD-TDB,0.0
sy_bmag sy_w1mag pl_tsystemref_BJD-UTC,-0.0
sy_bmag sy_w1mag pl_tsystemref_HJD,0.0
sy_bmag sy_w1mag pl_tsystemref_JD,-0.0
sy_bmag sy_w3mag^2,0.0
sy_bmag sy_w3mag sy_w4mag,0.0
sy_bmag sy_w3mag sy_plx,-0.0
sy_bmag sy_w3mag st_logg,0.0
sy_bmag sy_w3mag st_mass,0.0
sy_bmag sy_w3mag soltype_Kepler Project Candidate (q1_q17_dr25_koi),-0.0
sy_bmag sy_w3mag soltype_Published Confirmed,0.0
sy_bmag sy_w3mag pl_tsystemref_BJD,0.0
sy_bmag sy_w3mag pl_tsystemref_BJD-TDB,0.0
sy_bmag sy_w3mag pl_tsystemref_BJD-UTC,-0.0
sy_bmag sy_w3mag pl_tsystemref_HJD,0.0
sy_bmag sy_w3mag pl_tsystemref_JD,-0.0
sy_bmag sy_w4mag^2,0.0
sy_bmag sy_w4mag sy_plx,-0.0
sy_bmag sy_w4mag st_logg,0.0
sy_bmag sy_w4mag st_mass,0.0
sy_bmag sy_w4mag soltype_Kepler Project Candidate (q1_q17_dr25_koi),-0.0
sy_bmag sy_w4mag soltype_Published Confirmed,0.0
sy_bmag sy_w4mag pl_tsystemref_BJD,0.0
sy_bmag sy_w4mag pl_tsystemref_BJD-TDB,0.0
sy_bmag sy_w4mag pl_tsystemref_BJD-UTC,-0.0
sy_bmag sy_w4mag pl_tsystemref_HJD,0.0
sy_bmag sy_w4mag pl_tsystemref_JD,-0.0
sy_bmag sy_plx^2,-0.0
sy_bmag sy_plx st_logg,-0.0
sy_bmag sy_plx st_mass,-0.0
sy_bmag sy_plx soltype_Kepler Project Candidate (q1_q17_dr25_koi),-0.0
sy_bmag sy_plx soltype_Published Confirmed,-0.0
sy_bmag sy_plx pl_tsystemref_BJD,-0.0
sy_bmag sy_plx pl_tsystemref_BJD-TDB,-0.0
sy_bmag sy_plx pl_tsystemref_BJD-UTC,-0.0
sy_bmag sy_plx pl_tsystemref_HJD,0.0
sy_bmag sy_plx pl_tsystemref_JD,-0.0
sy_bmag st_logg^2,0.0
sy_bmag st_logg st_mass,0.0
sy_bmag st_logg soltype_Kepler Project Candidate (q1_q17_dr25_koi),-0.0
sy_bmag st_logg soltype_Published Confirmed,0.0
sy_bmag st_logg pl_tsystemref_BJD,0.0
sy_bmag st_logg pl_tsystemref_BJD-TDB,0.0
sy_bmag st_logg pl_tsystemref_BJD-UTC,-0.0
sy_bmag st_logg pl_tsystemref_HJD,0.0
sy_bmag st_logg pl_tsystemref_JD,-0.0
sy_bmag st_mass^2,0.0
sy_bmag st_mass soltype_Kepler Project Candidate (q1_q17_dr25_koi),-0.0
sy_bmag st_mass soltype_Published Confirmed,0.0
sy_bmag st_mass pl_tsystemref_BJD,0.0
sy_bmag st_mass pl_tsystemref_BJD-TDB,0.0
sy_bmag st_mass pl_tsystemref_BJD-UTC,0.0
sy_bmag st_mass pl_tsystemref_HJD,0.0
sy_bmag st_mass pl_tsystemref_JD,-0.0
sy_bmag soltype_Kepler Project Candidate (q1_q17_dr25_koi)^2,-0.0
sy_bmag soltype_Kepler Project Candidate (q1_q17_dr25_koi) soltype_Published Confirmed,0.0
sy_bmag soltype_Kepler Project Candidate (q1_q17_dr25_koi) pl_tsystemref_BJD,-0.0
sy_bmag soltype_Kepler Project Candidate (q1_q17_dr25_koi) pl_tsystemref_BJD-TDB,0.0
sy_bmag soltype_Kepler Project Candidate (q1_q17_dr25_koi) pl_tsystemref_BJD-UTC,0.0
sy_bmag soltype_Kepler Project Candidate (q1_q17_dr25_koi) pl_tsystemref_HJD,0.0
sy_bmag soltype_Kepler Project Candidate (q1_q17_dr25_koi) pl_tsystemref_JD,0.0
sy_bmag soltype_Published Confirmed^2,0.0
sy_bmag soltype_Published Confirmed pl_tsystemref_BJD,0.0
sy_bmag soltype_Published Confirmed pl_tsystemref_BJD-TDB,0.0
sy_bmag soltype_Published Confirmed pl_tsystemref_BJD-UTC,-0.0
sy_bmag soltype_Published Confirmed pl_tsystemref_HJD,0.0
sy_bmag soltype_Published Confirmed pl_tsystemref_JD,-0.0
sy_bmag pl_tsystemref_BJD^2,0.0
sy_bmag pl_tsystemref_BJD pl_tsystemref_BJD-TDB,0.0
sy_bmag pl_tsystemref_BJD pl_tsystemref_BJD-UTC,0.0
sy_bmag pl_tsystemref_BJD pl_tsystemref_HJD,0.0
sy_bmag pl_tsystemref_BJD pl_tsystemref_JD,0.0
sy_bmag pl_tsystemref_BJD-TDB^2,0.0
sy_bmag pl_tsystemref_BJD-TDB pl_tsystemref_BJD-UTC,0.0
sy_bmag pl_tsystemref_BJD-TDB pl_tsystemref_HJD,0.0
sy_bmag pl_tsystemref_BJD-TDB pl_tsystemref_JD,0.0
sy_bmag pl_tsystemref_BJD-UTC^2,-0.0
sy_bmag pl_tsystemref_BJD-UTC pl_tsystemref_HJD,0.0
sy_bmag pl_tsystemref_BJD-UTC pl_tsystemref_JD,0.0
sy_bmag pl_tsystemref_HJD^2,0.0
sy_bmag pl_tsystemref_HJD pl_tsystemref_JD,0.0
sy_bmag pl_tsystemref_JD^2,-0.0
sy_dist^3,0.0
sy_dist^2 st_teff,0.0
sy_dist^2 sy_w2mag,0.0
sy_dist^2 sy_w1mag,0.0
sy_dist^2 sy_w3mag,0.0
sy_dist^2 sy_w4mag,0.0
sy_dist^2 sy_plx,0.0
sy_dist^2 st_logg,0.0
sy_dist^2 st_mass,0.0
sy_dist^2 soltype_Kepler Project Candidate (q1_q17_dr25_koi),-0.0
sy_dist^2 soltype_Published Confirmed,0.0
sy_dist^2 pl_tsystemref_BJD,0.0
sy_dist^2 pl_tsystemref_BJD-TDB,0.0
sy_dist^2 pl_tsystemref_BJD-UTC,0.0
sy_dist^2 pl_tsystemref_HJD,0.0
sy_dist^2 pl_tsystemref_JD,0.0
sy_dist st_teff^2,0.0
sy_dist st_teff sy_w2mag,0.0
sy_dist st_teff sy_w1mag,0.0
sy_dist st_teff sy_w3mag,0.0
sy_dist st_teff sy_w4mag,0.0
sy_dist st_teff sy_plx,0.0
sy_dist st_teff st_logg,0.0
sy_dist st_teff st_mass,0.0
sy_dist st_teff soltype_Kepler Project Candidate (q1_q17_dr25_koi),-0.0
sy_dist st_teff soltype_Published Confirmed,0.0
sy_dist st_teff pl_tsystemref_BJD,0.0
sy_dist st_teff pl_tsystemref_BJD-TDB,0.0
sy_dist st_teff pl_tsystemref_BJD-UTC,0.0
sy_dist st_teff pl_tsystemref_HJD,0.0
sy_dist st_teff pl_tsystemref_JD,-0.0
sy_dist sy_w2mag^2,0.0
sy_dist sy_w2mag sy_w1mag,0.0
sy_dist sy_w2mag sy_w3mag,0.0
sy_dist sy_w2mag sy_w4mag,0.0
sy_dist sy_w2mag sy_plx,0.0
sy_dist sy_w2mag st_logg,0.0
sy_dist sy_w2mag st_mass,0.0
sy_dist sy_w2mag soltype_Kepler Project Candidate (q1_q17_dr25_koi),-0.0
sy_dist sy_w2mag soltype_Published Confirmed,0.0
sy_dist sy_w2mag pl_tsystemref_BJD,0.0
sy_dist sy_w2mag pl_tsystemref_BJD-TDB,0.0
sy_dist sy_w2mag pl_tsystemref_BJD-UTC,0.0
sy_dist sy_w2mag pl_tsystemref_HJD,0.0
sy_dist sy_w2mag pl_tsystemref_JD,-0.0
sy_dist sy_w1mag^2,0.0
sy_dist sy_w1mag sy_w3mag,0.0
sy_dist sy_w1mag sy_w4mag,0.0
sy_dist sy_w1mag sy_plx,0.0
sy_dist sy_w1mag st_logg,0.0
sy_dist sy_w1mag st_mass,0.0
sy_dist sy_w1mag soltype_Kepler Project Candidate (q1_q17_dr25_koi),-0.0
sy_dist sy_w1mag soltype_Published Confirmed,0.0
sy_dist sy_w1mag pl_tsystemref_BJD,0.0
sy_dist sy_w1mag pl_tsystemref_BJD-TDB,0.0
sy_dist sy_w1mag pl_tsystemref_BJD-UTC,0.0
sy_dist sy_w1mag pl_tsystemref_HJD,0.0
sy_dist sy_w1mag pl_tsystemref_JD,-0.0
sy_dist sy_w3mag^2,0.0
sy_dist sy_w3mag sy_w4mag,0.0
sy_dist sy_w3mag sy_plx,-0.0
sy_dist sy_w3mag st_logg,0.0
sy_dist sy_w3mag st_mass,0.0
sy_dist sy_w3mag soltype_Kepler Project Candidate (q1_q17_dr25_koi),-0.0
sy_dist sy_w3mag soltype_Published Confirmed,0.0
sy_dist sy_w3mag pl_tsystemref_BJD,0.0
sy_dist sy_w3mag pl_tsystemref_BJD-TDB,0.0
sy_dist sy_w3mag pl_tsystemref_BJD-UTC,0.0
sy_dist sy_w3mag pl_tsystemref_HJD,0.0
sy_dist sy_w3mag pl_tsystemref_JD,-0.0
sy_dist sy_w4mag^2,0.0
sy_dist sy_w4mag sy_plx,-0.00020725179654496834
sy_dist sy_w4mag st_logg,0.0
sy_dist sy_w4mag st_mass,0.0
sy_dist sy_w4mag soltype_Kepler Project Candidate (q1_q17_dr25_koi),-0.0
sy_dist sy_w4mag soltype_Published Confirmed,0.0
sy_dist sy_w4mag pl_tsystemref_BJD,0.0
sy_dist sy_w4mag pl_tsystemref_BJD-TDB,0.0
sy_dist sy_w4mag pl_tsystemref_BJD-UTC,0.0
sy_dist sy_w4mag pl_tsystemref_HJD,0.0
sy_dist sy_w4mag pl_tsystemref_JD,-0.0
sy_dist sy_plx^2,-0.0
sy_dist sy_plx st_logg,-0.0
sy_dist sy_plx st_mass,0.0
sy_dist sy_plx soltype_Kepler Project Candidate (q1_q17_dr25_koi),-0.0
sy_dist sy_plx soltype_Published Confirmed,0.0
sy_dist sy_plx pl_tsystemref_BJD,0.0
sy_dist sy_plx pl_tsystemref_BJD-TDB,0.0
sy_dist sy_plx pl_tsystemref_BJD-UTC,-0.0
sy_dist sy_plx pl_tsystemref_HJD,0.0
sy_dist sy_plx pl_tsystemref_JD,-0.0
sy_dist st_logg^2,0.0
sy_dist st_logg st_mass,0.0
sy_dist st_logg soltype_Kepler Project Candidate (q1_q17_dr25_koi),-0.0
sy_dist st_logg soltype_Published Confirmed,0.0
sy_dist st_logg pl_tsystemref_BJD,0.0
sy_dist st_logg pl_tsystemref_BJD-TDB,0.0
sy_dist st_logg pl_tsystemref_BJD-UTC,0.0
sy_dist st_logg pl_tsystemref_HJD,0.0
sy_dist st_logg pl_tsystemref_JD,-0.0
sy_dist st_mass^2,0.0
sy_dist st_mass soltype_Kepler Project Candidate (q1_q17_dr25_koi),-0.0
sy_dist st_mass soltype_Published Confirmed,0.0
sy_dist st_mass pl_tsystemref_BJD,0.0
sy_dist st_mass pl_tsystemref_BJD-TDB,0.0
sy_dist st_mass pl_tsystemref_BJD-UTC,0.0
sy_dist st_mass pl_tsystemref_HJD,0.0
sy_dist st_mass pl_tsystemref_JD,-0.0
sy_dist soltype_Kepler Project Candidate (q1_q17_dr25_koi)^2,-0.0
sy_dist soltype_Kepler Project Candidate (q1_q17_dr25_koi) soltype_Published Confirmed,0.0
sy_dist soltype_Kepler Project Candidate (q1_q17_dr25_koi) pl_tsystemref_BJD,-0.0
sy_dist soltype_Kepler Project Candidate (q1_q17_dr25_koi) pl_tsystemref_BJD-TDB,0.0
sy_dist soltype_Kepler Project Candidate (q1_q17_dr25_koi) pl_tsystemref_BJD-UTC,0.0
sy_dist soltype_Kepler Project Candidate (q1_q17_dr25_koi) pl_tsystemref_HJD,0.0
sy_dist soltype_Kepler Project Candidate (q1_q17_dr25_koi) pl_tsystemref_JD,0.0
sy_dist soltype_Published Confirmed^2,0.0
sy_dist soltype_Published Confirmed pl_tsystemref_BJD,0.00399051607393427
sy_dist soltype_Published Confirmed pl_tsystemref_BJD-TDB,0.0
sy_dist soltype_Published Confirmed pl_tsystemref_BJD-UTC,0.0
sy_dist soltype_Published Confirmed pl_tsystemref_HJD,0.0
sy_dist soltype_Published Confirmed pl_tsystemref_JD,-0.0
sy_dist pl_tsystemref_BJD^2,0.0
sy_dist pl_tsystemref_BJD pl_tsystemref_BJD-TDB,0.0
sy_dist pl_tsystemref_BJD pl_tsystemref_BJD-UTC,0.0
sy_dist pl_tsystemref_BJD pl_tsystemref_HJD,0.0
sy_dist pl_tsystemref_BJD pl_tsystemref_JD,0.0
sy_dist pl_tsystemref_BJD-TDB^2,0.0
sy_dist pl_tsystemref_BJD-TDB pl_tsystemref_BJD-UTC,0.0
sy_dist pl_tsystemref_BJD-TDB pl_tsystemref_HJD,0.0
sy_dist pl_tsystemref_BJD-TDB pl_tsystemref_JD,0.0
sy_dist pl_tsystemref_BJD-UTC^2,0.0
sy_dist pl_tsystemref_BJD-UTC pl_tsystemref_HJD,0.0
sy_dist pl_tsystemref_BJD-UTC pl_tsystemref_JD,0.0
sy_dist pl_tsystemref_HJD^2,0.0
sy_dist pl_tsystemref_HJD pl_tsystemref_JD,0.0
sy_dist pl_tsystemref_JD^2,-0.0
st_teff^3,0.0
st_teff^2 sy_w2mag,0.0
st_teff^2 sy_w1mag,0.0
st_teff^2 sy_w3mag,-0.0
st_teff^2 sy_w4mag,-0.0
st_teff^2 sy_plx,0.0
st_teff^2 st_logg,0.0
st_teff^2 st_mass,0.0
st_teff^2 soltype_Kepler Project Candidate (q1_q17_dr25_koi),-0.0
st_teff^2 soltype_Published Confirmed,0.0
st_teff^2 pl_tsystemref_BJD,0.0
st_teff^2 pl_tsystemref_BJD-TDB,0.0
st_teff^2 pl_tsystemref_BJD-UTC,0.0
st_teff^2 pl_tsystemref_HJD,0.0
st_teff^2 pl_tsystemref_JD,-0.0
st_teff sy_w2mag^2,0.0
st_teff sy_w2mag sy_w1mag,0.0
st_teff sy_w2mag sy_w3mag,0.0
st_teff sy_w2mag sy_w4mag,0.0
st_teff sy_w2mag sy_plx,-0.0
st_teff sy_w2mag st_logg,0.0
st_teff sy_w2mag st_mass,0.0
st_teff sy_w2mag soltype_Kepler Project Candidate (q1_q17_dr25_koi),-0.0
st_teff sy_w2mag soltype_Published Confirmed,0.0
st_teff sy_w2mag pl_tsystemref_BJD,0.0
st_teff sy_w2mag pl_tsystemref_BJD-TDB,0.0
st_teff sy_w2mag pl_tsystemref_BJD-UTC,0.0
st_teff sy_w2mag pl_tsystemref_HJD,0.0
st_teff sy_w2mag pl_tsystemref_JD,-0.0
st_teff sy_w1mag^2,0.0
st_teff sy_w1mag sy_w3mag,0.0
st_teff sy_w1mag sy_w4mag,0.0
st_teff sy_w1mag sy_plx,-0.0
st_teff sy_w1mag st_logg,0.0
st_teff sy_w1mag st_mass,0.0
st_teff sy_w1mag soltype_Kepler Project Candidate (q1_q17_dr25_koi),-0.0
st_teff sy_w1mag soltype_Published Confirmed,0.0
st_teff sy_w1mag pl_tsystemref_BJD,0.0
st_teff sy_w1mag pl_tsystemref_BJD-TDB,0.0
st_teff sy_w1mag pl_tsystemref_BJD-UTC,0.0
st_teff sy_w1mag pl_tsystemref_HJD,0.0
st_teff sy_w1mag pl_tsystemref_JD,-0.0
st_teff sy_w3mag^2,0.0
st_teff sy_w3mag sy_w4mag,-0.0
st_teff sy_w3mag sy_plx,-0.0
st_teff sy_w3mag st_logg,-0.0
st_teff sy_w3mag st_mass,0.0
st_teff sy_w3mag soltype_Kepler Project Candidate (q1_q17_dr25_koi),-0.0
st_teff sy_w3mag soltype_Published Confirmed,0.0
st_teff sy_w3mag pl_tsystemref_BJD,0.0
st_teff sy_w3mag pl_tsystemref_BJD-TDB,0.0
st_teff sy_w3mag pl_tsystemref_BJD-UTC,0.0
st_teff sy_w3mag pl_tsystemref_HJD,0.0
st_teff sy_w3mag pl_tsystemref_JD,-0.0
st_teff sy_w4mag^2,-0.0
st_teff sy_w4mag sy_plx,-0.0
st_teff sy_w4mag st_logg,-0.0
st_teff sy_w4mag st_mass,0.0
st_teff sy_w4mag soltype_Kepler Project Candidate (q1_q17_dr25_koi),-0.0
st_teff sy_w4mag soltype_Published Confirmed,0.0
st_teff sy_w4mag pl_tsystemref_BJD,0.0
st_teff sy_w4mag pl_tsystemref_BJD-TDB,0.0
st_teff sy_w4mag pl_tsystemref_BJD-UTC,0.0
st_teff sy_w4mag pl_tsystemref_HJD,0.0
st_teff sy_w4mag pl_tsystemref_JD,-0.0
st_teff sy_plx^2,-0.0
st_teff sy_plx st_logg,-0.0
st_teff sy_plx st_mass,0.0
st_teff sy_plx soltype_Kepler Project Candidate (q1_q17_dr25_koi),-0.0
st_teff sy_plx soltype_Published Confirmed,-0.0
st_teff sy_plx pl_tsystemref_BJD,0.0
st_teff sy_plx pl_tsystemref_BJD-TDB,-0.0
st_teff sy_plx pl_tsystemref_BJD-UTC,-0.0
st_teff sy_plx pl_tsystemref_HJD,0.0
st_teff sy_plx pl_tsystemref_JD,-0.0
st_teff st_logg^2,-0.0
st_teff st_logg st_mass,0.0
st_teff st_logg soltype_Kepler Project Candidate (q1_q17_dr25_koi),-0.0
st_teff st_logg soltype_Published Confirmed,0.0
st_teff st_logg pl_tsystemref_BJD,0.0
st_teff st_logg pl_tsystemref_BJD-TDB,0.0
st_teff st_logg pl_tsystemref_BJD-UTC,-0.0
st_teff st_logg pl_tsystemref_HJD,0.0
st_teff st_logg pl_tsystemref_JD,-0.0
st_teff st_mass^2,0.0
st_teff st_mass soltype_Kepler Project Candidate (q1_q17_dr25_koi),-0.0
st_teff st_mass soltype_Published Confirmed,0.0
st_teff st_mass pl_tsystemref_BJD,0.0
st_teff st_mass pl_tsystemref_BJD-TDB,0.0
st_teff st_mass pl_tsystemref_BJD-UTC,0.0
st_teff st_mass pl_tsystemref_HJD,0.0
st_teff st_mass pl_tsystemref_JD,-0.0
st_teff soltype_Kepler Project Candidate (q1_q17_dr25_koi)^2,-0.0
st_teff soltype_Kepler Project Candidate (q1_q17_dr25_koi) soltype_Published Confirmed,0.0
st_teff soltype_Kepler Project Candidate (q1_q17_dr25_koi) pl_tsystemref_BJD,-0.0
st_teff soltype_Kepler Project Candidate (q1_q17_dr25_koi) pl_tsystemref_BJD-TDB,0.0
st_teff soltype_Kepler Project Candidate (q1_q17_dr25_koi) pl_tsystemref_BJD-UTC,0.0
st_teff soltype_Kepler Project Candidate (q1_q17_dr25_koi) pl_tsystemref_HJD,0.0
st_teff soltype_Kepler Project Candidate (q1_q17_dr25_koi) pl_tsystemref_JD,0.0
st_teff soltype_Published Confirmed^2,0.0
st_teff soltype_Published Confirmed pl_tsystemref_BJD,0.0
st_teff soltype_Published Confirmed pl_tsystemref_BJD-TDB,0.0
st_teff soltype_Published Confirmed pl_tsystemref_BJD-UTC,0.0
st_teff soltype_Published Confirmed pl_tsystemref_HJD,0.0
st_teff soltype_Published Confirmed pl_tsystemref_JD,-0.0
st_teff pl_tsystemref_BJD^2,0.0
st_teff pl_tsystemref_BJD pl_tsystemref_BJD-TDB,0.0
st_teff pl_tsystemref_BJD pl_tsystemref_BJD-UTC,0.0
st_teff pl_tsystemref_BJD pl_tsystemref_HJD,0.0
st_teff pl_tsystemref_BJD pl_tsystemref_JD,0.0
st_teff pl_tsystemref_BJD-TDB^2,0.0
st_teff pl_tsystemref_BJD-TDB pl_tsystemref_BJD-UTC,0.0
st_teff pl_tsystemref_BJD-TDB pl_tsystemref_HJD,0.0
st_teff pl_tsystemref_BJD-TDB pl_tsystemref_JD,0.0
st_teff pl_tsystemref_BJD-UTC^2,0.0
st_teff pl_tsystemref_BJD-UTC pl_tsystemref_HJD,0.0
st_teff pl_tsystemref_BJD-UTC pl_tsystemref_JD,0.0
st_teff pl_tsystemref_HJD^2,0.0
st_teff pl_tsystemref_HJD pl_tsystemref_JD,0.0
st_teff pl_tsystemref_JD^2,-0.0
sy_w2mag^3,0.0
sy_w2mag^2 sy_w1mag,0.0
sy_w2mag^2 sy_w3mag,0.0
sy_w2mag^2 sy_w4mag,0.0
sy_w2mag^2 sy_plx,-0.0
sy_w2mag^2 st_logg,0.0
sy_w2mag^2 st_mass,0.0
sy_w2mag^2 soltype_Kepler Project Candidate (q1_q17_dr25_koi),-0.0
sy_w2mag^2 soltype_Published Confirmed,0.0
sy_w2mag^2 pl_tsystemref_BJD,0.0
sy_w2mag^2 pl_tsystemref_BJD-TDB,0.0
sy_w2mag^2 pl_tsystemref_BJD-UTC,-0.0
sy_w2mag^2 pl_tsystemref_HJD,0.0
sy_w2mag^2 pl_tsystemref_JD,-0.0
sy_w2mag sy_w1mag^2,0.0
sy_w2mag sy_w1mag sy_w3mag,0.0
sy_w2mag sy_w1mag sy_w4mag,0.0
sy_w2mag sy_w1mag sy_plx,-0.0
sy_w2mag sy_w1mag st_logg,0.0
sy_w2mag sy_w1mag st_mass,0.0
sy_w2mag sy_w1mag soltype_Kepler Project Candidate (q1_q17_dr25_koi),-0.0
sy_w2mag sy_w1mag soltype_Published Confirmed,0.0
sy_w2mag sy_w1mag pl_tsystemref_BJD,0.0
sy_w2mag sy_w1mag pl_tsystemref_BJD-TDB,0.0
sy_w2mag sy_w1mag pl_tsystemref_BJD-UTC,-0.0
sy_w2mag sy_w1mag pl_tsystemref_HJD,0.0
sy_w2mag sy_w1mag pl_tsystemref_JD,-0.0
sy_w2mag sy_w3mag^2,0.0
sy_w2mag sy_w3mag sy_w4mag,0.0
sy_w2mag sy_w3mag sy_plx,-0.0
sy_w2mag sy_w3mag st_logg,0.0
sy_w2mag sy_w3mag st_mass,0.0
sy_w2mag sy_w3mag soltype_Kepler Project Candidate (q1_q17_dr25_koi),-0.0
sy_w2mag sy_w3mag soltype_Published Confirmed,0.0
sy_w2mag sy_w3mag pl_tsystemref_BJD,0.0
sy_w2mag sy_w3mag pl_tsystemref_BJD-TDB,0.0
sy_w2mag sy_w3mag pl_tsystemref_BJD-UTC,-0.0
sy_w2mag sy_w3mag pl_tsystemref_HJD,0.0
sy_w2mag sy_w3mag pl_tsystemref_JD,-0.0
sy_w2mag sy_w4mag^2,0.0
sy_w2mag sy_w4mag sy_plx,-0.0
sy_w2mag sy_w4mag st_logg,0.0
sy_w2mag sy_w4mag st_mass,0.0
sy_w2mag sy_w4mag soltype_Kepler Project Candidate (q1_q17_dr25_koi),-0.0
sy_w2mag sy_w4mag soltype_Published Confirmed,0.0
sy_w2mag sy_w4mag pl_tsystemref_BJD,0.0
sy_w2mag sy_w4mag pl_tsystemref_BJD-TDB,0.0
sy_w2mag sy_w4mag pl_tsystemref_BJD-UTC,-0.0
sy_w2mag sy_w4mag pl_tsystemref_HJD,0.0
sy_w2mag sy_w4mag pl_tsystemref_JD,-0.0
sy_w2mag sy_plx^2,-0.0
sy_w2mag sy_plx st_logg,-0.0
sy_w2mag sy_plx st_mass,-0.0
sy_w2mag sy_plx soltype_Kepler Project Candidate (q1_q17_dr25_koi),-0.0
sy_w2mag sy_plx soltype_Published Confirmed,-0.0
sy_w2mag sy_plx pl_tsystemref_BJD,-0.0
sy_w2mag sy_plx pl_tsystemref_BJD-TDB,-0.0
sy_w2mag sy_plx pl_tsystemref_BJD-UTC,-0.0
sy_w2mag sy_plx pl_tsystemref_HJD,0.0
sy_w2mag sy_plx pl_tsystemref_JD,-0.0
sy_w2mag st_logg^2,0.0
sy_w2mag st_logg st_mass,0.0
sy_w2mag st_logg soltype_Kepler Project Candidate (q1_q17_dr25_koi),-0.0
sy_w2mag st_logg soltype_Published Confirmed,0.0
sy_w2mag st_logg pl_tsystemref_BJD,0.0
sy_w2mag st_logg pl_tsystemref_BJD-TDB,0.0
sy_w2mag st_logg pl_tsystemref_BJD-UTC,-0.0
sy_w2mag st_logg pl_tsystemref_HJD,0.0
sy_w2mag st_logg pl_tsystemref_JD,-0.0
sy_w2mag st_mass^2,0.0
sy_w2mag st_mass soltype_Kepler Project Candidate (q1_q17_dr25_koi),-0.0
sy_w2mag st_mass soltype_Published Confirmed,0.0
sy_w2mag st_mass pl_tsystemref_BJD,0.0
sy_w2mag st_mass pl_tsystemref_BJD-TDB,0.0
sy_w2mag st_mass pl_tsystemref_BJD-UTC,0.0
sy_w2mag st_mass pl_tsystemref_HJD,0.0
sy_w2mag st_mass pl_tsystemref_JD,-0.0
sy_w2mag soltype_Kepler Project Candidate (q1_q17_dr25_koi)^2,-0.0
sy_w2mag soltype_Kepler Project Candidate (q1_q17_dr25_koi) soltype_Published Confirmed,0.0
sy_w2mag soltype_Kepler Project Candidate (q1_q17_dr25_koi) pl_tsystemref_BJD,-0.0
sy_w2mag soltype_Kepler Project Candidate (q1_q17_dr25_koi) pl_tsystemref_BJD-TDB,0.0
sy_w2mag soltype_Kepler Project Candidate (q1_q17_dr25_koi) pl_tsystemref_BJD-UTC,0.0
sy_w2mag soltype_Kepler Project Candidate (q1_q17_dr25_koi) pl_tsystemref_HJD,0.0
sy_w2mag soltype_Kepler Project Candidate (q1_q17_dr25_koi) pl_tsystemref_JD,0.0
sy_w2mag soltype_Published Confirmed^2,0.0
sy_w2mag soltype_Published Confirmed pl_tsystemref_BJD,0.0
sy_w2mag soltype_Published Confirmed pl_tsystemref_BJD-TDB,0.0
sy_w2mag soltype_Published Confirmed pl_tsystemref_BJD-UTC,-0.0
sy_w2mag soltype_Published Confirmed pl_tsystemref_HJD,0.0
sy_w2mag soltype_Published Confirmed pl_tsystemref_JD,-0.0
sy_w2mag pl_tsystemref_BJD^2,0.0
sy_w2mag pl_tsystemref_BJD pl_tsystemref_BJD-TDB,0.0
sy_w2mag pl_tsystemref_BJD pl_tsystemref_BJD-UTC,0.0
sy_w2mag pl_tsystemref_BJD pl_tsystemref_HJD,0.0
sy_w2mag pl_tsystemref_BJD pl_tsystemref_JD,0.0
sy_w2mag pl_tsystemref_BJD-TDB^2,0.0
sy_w2mag pl_tsystemref_BJD-TDB pl_tsystemref_BJD-UTC,0.0
sy_w2mag pl_tsystemref_BJD-TDB pl_tsystemref_HJD,0.0
sy_w2mag pl_tsystemref_BJD-TDB pl_tsystemref_JD,0.0
sy_w2mag pl_tsystemref_BJD-UTC^2,-0.0
sy_w2mag pl_tsystemref_BJD-UTC pl_tsystemref_HJD,0.0
sy_w2mag pl_tsystemref_BJD-UTC pl_tsystemref_JD,0.0
sy_w2mag pl_tsystemref_HJD^2,0.0
sy_w2mag pl_tsystemref_HJD pl_tsystemref_JD,0.0
sy_w2mag pl_tsystemref_JD^2,-0.0
sy_w1mag^3,0.0
sy_w1mag^2 sy_w3mag,0.0
sy_w1mag^2 sy_w4mag,0.0
sy_w1mag^2 sy_plx,-0.0
sy_w1mag^2 st_logg,0.0
sy_w1mag^2 st_mass,0.0
sy_w1mag^2 soltype_Kepler Project Candidate (q1_q17_dr25_koi),-0.0
sy_w1mag^2 soltype_Published Confirmed,0.0
sy_w1mag^2 pl_tsystemref_BJD,0.0
sy_w1mag^2 pl_tsystemref_BJD-TDB,0.0
sy_w1mag^2 pl_tsystemref_BJD-UTC,-0.0
sy_w1mag^2 pl_tsystemref_HJD,0.0
sy_w1mag^2 pl_tsystemref_JD,-0.0
sy_w1mag sy_w3mag^2,0.0
sy_w1mag sy_w3mag sy_w4mag,0.0
sy_w1mag sy_w3mag sy_plx,-0.0
sy_w1mag sy_w3mag st_logg,0.0
sy_w1mag sy_w3mag st_mass,0.0
sy_w1mag sy_w3mag soltype_Kepler Project Candidate (q1_q17_dr25_koi),-0.0
sy_w1mag sy_w3mag soltype_Published Confirmed,0.0
sy_w1mag sy_w3mag pl_tsystemref_BJD,0.0
sy_w1mag sy_w3mag pl_tsystemref_BJD-TDB,0.0
sy_w1mag sy_w3mag pl_tsystemref_BJD-UTC,-0.0
sy_w1mag sy_w3mag pl_tsystemref_HJD,0.0
sy_w1mag sy_w3mag pl_tsystemref_JD,-0.0
sy_w1mag sy_w4mag^2,0.0
sy_w1mag sy_w4mag sy_plx,-0.0
sy_w1mag sy_w4mag st_logg,0.0
sy_w1mag sy_w4mag st_mass,0.0
sy_w1mag sy_w4mag soltype_Kepler Project Candidate (q1_q17_dr25_koi),-0.0
sy_w1mag sy_w4mag soltype_Published Confirmed,0.0
sy_w1mag sy_w4mag pl_tsystemref_BJD,0.0
sy_w1mag sy_w4mag pl_tsystemref_BJD-TDB,0.0
sy_w1mag sy_w4mag pl_tsystemref_BJD-UTC,-0.0
sy_w1mag sy_w4mag pl_tsystemref_HJD,0.0
sy_w1mag sy_w4mag pl_tsystemref_JD,-0.0
sy_w1mag sy_plx^2,-0.0
sy_w1mag sy_plx st_logg,-0.0
sy_w1mag sy_plx st_mass,-0.0
sy_w1mag sy_plx soltype_Kepler Project Candidate (q1_q17_dr25_koi),-0.0
sy_w1mag sy_plx soltype_Published Confirmed,-0.0
sy_w1mag sy_plx pl_tsystemref_BJD,-0.0
sy_w1mag sy_plx pl_tsystemref_BJD-TDB,-0.0
sy_w1mag sy_plx pl_tsystemref_BJD-UTC,-0.0
sy_w1mag sy_plx pl_tsystemref_HJD,0.0
sy_w1mag sy_plx pl_tsystemref_JD,-0.0
sy_w1mag st_logg^2,0.0
sy_w1mag st_logg st_mass,0.0
sy_w1mag st_logg soltype_Kepler Project Candidate (q1_q17_dr25_koi),-0.0
sy_w1mag st_logg soltype_Published Confirmed,0.0
sy_w1mag st_logg pl_tsystemref_BJD,0.0
sy_w1mag st_logg pl_tsystemref_BJD-TDB,0.0
sy_w1mag st_logg pl_tsystemref_BJD-UTC,-0.0
sy_w1mag st_logg pl_tsystemref_HJD,0.0
sy_w1mag st_logg pl_tsystemref_JD,-0.0
sy_w1mag st_mass^2,0.0
sy_w1mag st_mass soltype_Kepler Project Candidate (q1_q17_dr25_koi),-0.0
sy_w1mag st_mass soltype_Published Confirmed,0.0
sy_w1mag st_mass pl_tsystemref_BJD,0.0
sy_w1mag st_mass pl_tsystemref_BJD-TDB,0.0
sy_w1mag st_mass pl_tsystemref_BJD-UTC,0.0
sy_w1mag st_mass pl_tsystemref_HJD,0.0
sy_w1mag st_mass pl_tsystemref_JD,-0.0
sy_w1mag soltype_Kepler Project Candidate (q1_q17_dr25_koi)^2,-0.0
sy_w1mag soltype_Kepler Project Candidate (q1_q17_dr25_koi) soltype_Published Confirmed,0.0
sy_w1mag soltype_Kepler Project Candidate (q1_q17_dr25_koi) pl_tsystemref_BJD,-0.0
sy_w1mag soltype_Kepler Project Candidate (q1_q17_dr25_koi) pl_tsystemref_BJD-TDB,0.0
sy_w1mag soltype_Kepler Project Candidate (q1_q17_dr25_koi) pl_tsystemref_BJD-UTC,0.0
sy_w1mag soltype_Kepler Project Candidate (q1_q17_dr25_koi) pl_tsystemref_HJD,0.0
sy_w1mag soltype_Kepler Project Candidate (q1_q17_dr25_koi) pl_tsystemref_JD,0.0
sy_w1mag soltype_Published Confirmed^2,0.0
sy_w1mag soltype_Published Confirmed pl_tsystemref_BJD,0.0
sy_w1mag soltype_Published Confirmed pl_tsystemref_BJD-TDB,0.0
sy_w1mag soltype_Published Confirmed pl_tsystemref_BJD-UTC,-0.0
sy_w1mag soltype_Published Confirmed pl_tsystemref_HJD,0.0
sy_w1mag soltype_Published Confirmed pl_tsystemref_JD,-0.0
sy_w1mag pl_tsystemref_BJD^2,0.0
sy_w1mag pl_tsystemref_BJD pl_tsystemref_BJD-TDB,0.0
sy_w1mag pl_tsystemref_BJD pl_tsystemref_BJD-UTC,0.0
sy_w1mag pl_tsystemref_BJD pl_tsystemref_HJD,0.0
sy_w1mag pl_tsystemref_BJD pl_tsystemref_JD,0.0
sy_w1mag pl_tsystemref_BJD-TDB^2,0.0
sy_w1mag pl_tsystemref_BJD-TDB pl_tsystemref_BJD-UTC,0.0
sy_w1mag pl_tsystemref_BJD-TDB pl_tsystemref_HJD,0.0
sy_w1mag pl_tsystemref_BJD-TDB pl_tsystemref_JD,0.0
sy_w1mag pl_tsystemref_BJD-UTC^2,-0.0
sy_w1mag pl_tsystemref_BJD-UTC pl_tsystemref_HJD,0.0
sy_w1mag pl_tsystemref_BJD-UTC pl_tsystemref_JD,0.0
sy_w1mag pl_tsystemref_HJD^2,0.0
sy_w1mag pl_tsystemref_HJD pl_tsystemref_JD,0.0
sy_w1mag pl_tsystemref_JD^2,-0.0
sy_w3mag^3,0.0
sy_w3mag^2 sy_w4mag,0.0
sy_w3mag^2 sy_plx,-0.0
sy_w3mag^2 st_logg,0.0
sy_w3mag^2 st_mass,0.0
sy_w3mag^2 soltype_Kepler Project Candidate (q1_q17_dr25_koi),-0.0
sy_w3mag^2 soltype_Published Confirmed,0.0
sy_w3mag^2 pl_tsystemref_BJD,0.0
sy_w3mag^2 pl_tsystemref_BJD-TDB,0.0
sy_w3mag^2 pl_tsystemref_BJD-UTC,-0.0
sy_w3mag^2 pl_tsystemref_HJD,0.0
sy_w3mag^2 pl_tsystemref_JD,-0.0
sy_w3mag sy_w4mag^2,-0.0
sy_w3mag sy_w4mag sy_plx,-0.0
sy_w3mag sy_w4mag st_logg,-0.0
sy_w3mag sy_w4mag st_mass,0.0
sy_w3mag sy_w4mag soltype_Kepler Project Candidate (q1_q17_dr25_koi),-0.0
sy_w3mag sy_w4mag soltype_Published Confirmed,0.0
sy_w3mag sy_w4mag pl_tsystemref_BJD,0.0
sy_w3mag sy_w4mag pl_tsystemref_BJD-TDB,0.0
sy_w3mag sy_w4mag pl_tsystemref_BJD-UTC,-0.0
sy_w3mag sy_w4mag pl_tsystemref_HJD,0.0
sy_w3mag sy_w4mag pl_tsystemref_JD,-0.0
sy_w3mag sy_plx^2,-0.0
sy_w3mag sy_plx st_logg,-0.0
sy_w3mag sy_plx st_mass,-0.0
sy_w3mag sy_plx soltype_Kepler Project Candidate (q1_q17_dr25_koi),-0.0
sy_w3mag sy_plx soltype_Published Confirmed,-0.0
sy_w3mag sy_plx pl_tsystemref_BJD,-0.0
sy_w3mag sy_plx pl_tsystemref_BJD-TDB,-0.0
sy_w3mag sy_plx pl_tsystemref_BJD-UTC,-0.0
sy_w3mag sy_plx pl_tsystemref_HJD,0.0
sy_w3mag sy_plx pl_tsystemref_JD,-0.0
sy_w3mag st_logg^2,-0.0
sy_w3mag st_logg st_mass,0.0
sy_w3mag st_logg soltype_Kepler Project Candidate (q1_q17_dr25_koi),-0.0
sy_w3mag st_logg soltype_Published Confirmed,0.0
sy_w3mag st_logg pl_tsystemref_BJD,0.0
sy_w3mag st_logg pl_tsystemref_BJD-TDB,0.0
sy_w3mag st_logg pl_tsystemref_BJD-UTC,-0.0
sy_w3mag st_logg pl_tsystemref_HJD,0.0
sy_w3mag st_logg pl_tsystemref_JD,-0.0
sy_w3mag st_mass^2,0.0
sy_w3mag st_mass soltype_Kepler Project Candidate (q1_q17_dr25_koi),-0.0
sy_w3mag st_mass soltype_Published Confirmed,0.0
sy_w3mag st_mass pl_tsystemref_BJD,0.0
sy_w3mag st_mass pl_tsystemref_BJD-TDB,0.0
sy_w3mag st_mass pl_tsystemref_BJD-UTC,0.0
sy_w3mag st_mass pl_tsystemref_HJD,0.0
sy_w3mag st_mass pl_tsystemref_JD,-0.0
sy_w3mag soltype_Kepler Project Candidate (q1_q17_dr25_koi)^2,-0.0
sy_w3mag soltype_Kepler Project Candidate (q1_q17_dr25_koi) soltype_Published Confirmed,0.0
sy_w3mag soltype_Kepler Project Candidate (q1_q17_dr25_koi) pl_tsystemref_BJD,-0.0
sy_w3mag soltype_Kepler Project Candidate (q1_q17_dr25_koi) pl_tsystemref_BJD-TDB,0.0
sy_w3mag soltype_Kepler Project Candidate (q1_q17_dr25_koi) pl_tsystemref_BJD-UTC,0.0
sy_w3mag soltype_Kepler Project Candidate (q1_q17_dr25_koi) pl_tsystemref_HJD,0.0
sy_w3mag soltype_Kepler Project Candidate (q1_q17_dr25_koi) pl_tsystemref_JD,0.0
sy_w3mag soltype_Published Confirmed^2,0.0
sy_w3mag soltype_Published Confirmed pl_tsystemref_BJD,0.0
sy_w3mag soltype_Published Confirmed pl_tsystemref_BJD-TDB,0.0
sy_w3mag soltype_Published Confirmed pl_tsystemref_BJD-UTC,-0.0
sy_w3mag soltype_Published Confirmed pl_tsystemref_HJD,0.0
sy_w3mag soltype_Published Confirmed pl_tsystemref_JD,-0.0
sy_w3mag pl_tsystemref_BJD^2,0.0
sy_w3mag pl_tsystemref_BJD pl_tsystemref_BJD-TDB,0.0
sy_w3mag pl_tsystemref_BJD pl_tsystemref_BJD-UTC,0.0
sy_w3mag pl_tsystemref_BJD pl_tsystemref_HJD,0.0
sy_w3mag pl_tsystemref_BJD pl_tsystemref_JD,0.0
sy_w3mag pl_tsystemref_BJD-TDB^2,0.0
sy_w3mag pl_tsystemref_BJD-TDB pl_tsystemref_BJD-UTC,0.0
sy_w3mag pl_tsystemref_BJD-TDB pl_tsystemref_HJD,0.0
sy_w3mag pl_tsystemref_BJD-TDB pl_tsystemref_JD,0.0
sy_w3mag pl_tsystemref_BJD-UTC^2,-0.0
sy_w3mag pl_tsystemref_BJD-UTC pl_tsystemref_HJD,0.0
sy_w3mag pl_tsystemref_BJD-UTC pl_tsystemref_JD,0.0
sy_w3mag pl_tsystemref_HJD^2,0.0
sy_w3mag pl_tsystemref_HJD pl_tsystemref_JD,0.0
sy_w3mag pl_tsystemref_JD^2,-0.0
sy_w4mag^3,-0.0
sy_w4mag^2 sy_plx,-0.0
sy_w4mag^2 st_logg,-0.0
sy_w4mag^2 st_mass,0.0
sy_w4mag^2 soltype_Kepler Project Candidate (q1_q17_dr25_koi),-0.0
sy_w4mag^2 soltype_Published Confirmed,0.0
sy_w4mag^2 pl_tsystemref_BJD,0.0
sy_w4mag^2 pl_tsystemref_BJD-TDB,0.0
sy_w4mag^2 pl_tsystemref_BJD-UTC,-0.0
sy_w4mag^2 pl_tsystemref_HJD,0.0
sy_w4mag^2 pl_tsystemref_JD,-0.0
sy_w4mag sy_plx^2,-0.0
sy_w4mag sy_plx st_logg,-0.0
sy_w4mag sy_plx st_mass,-0.0
sy_w4mag sy_plx soltype_Kepler Project Candidate (q1_q17_dr25_koi),-0.0
sy_w4mag sy_plx soltype_Published Confirmed,-0.0
sy_w4mag sy_plx pl_tsystemref_BJD,-0.0
sy_w4mag sy_plx pl_tsystemref_BJD-TDB,-0.0
sy_w4mag sy_plx pl_tsystemref_BJD-UTC,-0.0
sy_w4mag sy_plx pl_tsystemref_HJD,0.0
sy_w4mag sy_plx pl_tsystemref_JD,-0.0
sy_w4mag st_logg^2,-0.0
sy_w4mag st_logg st_mass,0.0
sy_w4mag st_logg soltype_Kepler Project Candidate (q1_q17_dr25_koi),-0.0
sy_w4mag st_logg soltype_Published Confirmed,0.0
sy_w4mag st_logg pl_tsystemref_BJD,0.0
sy_w4mag st_logg pl_tsystemref_BJD-TDB,0.0
sy_w4mag st_logg pl_tsystemref_BJD-UTC,-0.0
sy_w4mag st_logg pl_tsystemref_HJD,0.0
sy_w4mag st_logg pl_tsystemref_JD,-0.0
sy_w4mag st_mass^2,0.0
sy_w4mag st_mass soltype_Kepler Project Candidate (q1_q17_dr25_koi),-0.0
sy_w4mag st_mass soltype_Published Confirmed,0.0
sy_w4mag st_mass pl_tsystemref_BJD,0.0
sy_w4mag st_mass pl_tsystemref_BJD-TDB,0.0
sy_w4mag st_mass pl_tsystemref_BJD-UTC,0.0
sy_w4mag st_mass pl_tsystemref_HJD,0.0
sy_w4mag st_mass pl_tsystemref_JD,-0.0
sy_w4mag soltype_Kepler Project Candidate (q1_q17_dr25_koi)^2,-0.0
sy_w4mag soltype_Kepler Project Candidate (q1_q17_dr25_koi) soltype_Published Confirmed,0.0
sy_w4mag soltype_Kepler Project Candidate (q1_q17_dr25_koi) pl_tsystemref_BJD,-0.0
sy_w4mag soltype_Kepler Project Candidate (q1_q17_dr25_koi) pl_tsystemref_BJD-TDB,0.0
sy_w4mag soltype_Kepler Project Candidate (q1_q17_dr25_koi) pl_tsystemref_BJD-UTC,0.0
sy_w4mag soltype_Kepler Project Candidate (q1_q17_dr25_koi) pl_tsystemref_HJD,0.0
sy_w4mag soltype_Kepler Project Candidate (q1_q17_dr25_koi) pl_tsystemref_JD,0.0
sy_w4mag soltype_Published Confirmed^2,0.0
sy_w4mag soltype_Published Confirmed pl_tsystemref_BJD,0.0
sy_w4mag soltype_Published Confirmed pl_tsystemref_BJD-TDB,0.0
sy_w4mag soltype_Published Confirmed pl_tsystemref_BJD-UTC,-0.0
sy_w4mag soltype_Published Confirmed pl_tsystemref_HJD,0.0
sy_w4mag soltype_Published Confirmed pl_tsystemref_JD,-0.0
sy_w4mag pl_tsystemref_BJD^2,0.0
sy_w4mag pl_tsystemref_BJD pl_tsystemref_BJD-TDB,0.0
sy_w4mag pl_tsystemref_BJD pl_tsystemref_BJD-UTC,0.0
sy_w4mag pl_tsystemref_BJD pl_tsystemref_HJD,0.0
sy_w4mag pl_tsystemref_BJD pl_tsystemref_JD,0.0
sy_w4mag pl_tsystemref_BJD-TDB^2,0.0
sy_w4mag pl_tsystemref_BJD-TDB pl_tsystemref_BJD-UTC,0.0
sy_w4mag pl_tsystemref_BJD-TDB pl_tsystemref_HJD,0.0
sy_w4mag pl_tsystemref_BJD-TDB pl_tsystemref_JD,0.0
sy_w4mag pl_tsystemref_BJD-UTC^2,-0.0
sy_w4mag pl_tsystemref_BJD-UTC pl_tsystemref_HJD,0.0
sy_w4mag pl_tsystemref_BJD-UTC pl_tsystemref_JD,0.0
sy_w4mag pl_tsystemref_HJD^2,0.0
sy_w4mag pl_tsystemref_HJD pl_tsystemref_JD,0.0
sy_w4mag pl_tsystemref_JD^2,-0.0
sy_plx^3,-0.0
sy_plx^2 st_logg,-0.0
sy_plx^2 st_mass,-0.0
sy_plx^2 soltype_Kepler Project Candidate (q1_q17_dr25_koi),-0.0
sy_plx^2 soltype_Published Confirmed,-0.0
sy_plx^2 pl_tsystemref_BJD,-0.0
sy_plx^2 pl_tsystemref_BJD-TDB,-0.0
sy_plx^2 pl_tsystemref_BJD-UTC,-0.0
sy_plx^2 pl_tsystemref_HJD,0.0
sy_plx^2 pl_tsystemref_JD,0.0
sy_plx st_logg^2,-0.0
sy_plx st_logg st_mass,0.0
sy_plx st_logg soltype_Kepler Project Candidate (q1_q17_dr25_koi),-0.0
sy_plx st_logg soltype_Published Confirmed,-0.0
sy_plx st_logg pl_tsystemref_BJD,-0.0
sy_plx st_logg pl_tsystemref_BJD-TDB,-0.0
sy_plx st_logg pl_tsystemref_BJD-UTC,-0.0
sy_plx st_logg pl_tsystemref_HJD,0.0
sy_plx st_logg pl_tsystemref_JD,-0.0
sy_plx st_mass^2,0.0
sy_plx st_mass soltype_Kepler Project Candidate (q1_q17_dr25_koi),-0.0
sy_plx st_mass soltype_Published Confirmed,0.0
sy_plx st_mass pl_tsystemref_BJD,0.0
sy_plx st_mass pl_tsystemref_BJD-TDB,-0.0
sy_plx st_mass pl_tsystemref_BJD-UTC,-0.0
sy_plx st_mass pl_tsystemref_HJD,0.0
sy_plx st_mass pl_tsystemref_JD,-0.0
sy_plx soltype_Kepler Project Candidate (q1_q17_dr25_koi)^2,-0.0
sy_plx soltype_Kepler Project Candidate (q1_q17_dr25_koi) soltype_Published Confirmed,0.0
sy_plx soltype_Kepler Project Candidate (q1_q17_dr25_koi) pl_tsystemref_BJD,-0.0
sy_plx soltype_Kepler Project Candidate (q1_q17_dr25_koi) pl_tsystemref_BJD-TDB,0.0
sy_plx soltype_Kepler Project Candidate (q1_q17_dr25_koi) pl_tsystemref_BJD-UTC,0.0
sy_plx soltype_Kepler Project Candidate (q1_q17_dr25_koi) pl_tsystemref_HJD,0.0
sy_plx soltype_Kepler Project Candidate (q1_q17_dr25_koi) pl_tsystemref_JD,0.0
sy_plx soltype_Published Confirmed^2,-0.0
sy_plx soltype_Published Confirmed pl_tsystemref_BJD,-0.0
sy_plx soltype_Published Confirmed pl_tsystemref_BJD-TDB,-0.0
sy_plx soltype_Published Confirmed pl_tsystemref_BJD-UTC,-0.0
sy_plx soltype_Published Confirmed pl_tsystemref_HJD,0.0
sy_plx soltype_Published Confirmed pl_tsystemref_JD,-0.0
sy_plx pl_tsystemref_BJD^2,-0.0
sy_plx pl_tsystemref_BJD pl_tsystemref_BJD-TDB,0.0
sy_plx pl_tsystemref_BJD pl_tsystemref_BJD-UTC,0.0
sy_plx pl_tsystemref_BJD pl_tsystemref_HJD,0.0
sy_plx pl_tsystemref_BJD pl_tsystemref_JD,0.0
sy_plx pl_tsystemref_BJD-TDB^2,-0.0
sy_plx pl_tsystemref_BJD-TDB pl_tsystemref_BJD-UTC,0.0
sy_plx pl_tsystemref_BJD-TDB pl_tsystemref_HJD,0.0
sy_plx pl_tsystemref_BJD-TDB pl_tsystemref_JD,0.0
sy_plx pl_tsystemref_BJD-UTC^2,-0.0
sy_plx pl_tsystemref_BJD-UTC pl_tsystemref_HJD,0.0
sy_plx pl_tsystemref_BJD-UTC pl_tsystemref_JD,0.0
sy_plx pl_tsystemref_HJD^2,0.0
sy_plx pl_tsystemref_HJD pl_tsystemref_JD,0.0
sy_plx pl_tsystemref_JD^2,-0.0
st_logg^3,-0.0
st_logg^2 st_mass,0.0
st_logg^2 soltype_Kepler Project Candidate (q1_q17_dr25_koi),-0.0
st_logg^2 soltype_Published Confirmed,0.0
st_logg^2 pl_tsystemref_BJD,0.0
st_logg^2 pl_tsystemref_BJD-TDB,0.0
st_logg^2 pl_tsystemref_BJD-UTC,-0.0
st_logg^2 pl_tsystemref_HJD,0.0
st_logg^2 pl_tsystemref_JD,-0.0
st_logg st_mass^2,0.0
st_logg st_mass soltype_Kepler Project Candidate (q1_q17_dr25_koi),-0.0
st_logg st_mass soltype_Published Confirmed,0.0
st_logg st_mass pl_tsystemref_BJD,0.0
st_logg st_mass pl_tsystemref_BJD-TDB,0.0
st_logg st_mass pl_tsystemref_BJD-UTC,0.0
st_logg st_mass pl_tsystemref_HJD,0.0
st_logg st_mass pl_tsystemref_JD,-0.0
st_logg soltype_Kepler Project Candidate (q1_q17_dr25_koi)^2,-0.0
st_logg soltype_Kepler Project Candidate (q1_q17_dr25_koi) soltype_Published Confirmed,0.0
st_logg soltype_Kepler Project Candidate (q1_q17_dr25_koi) pl_tsystemref_BJD,-0.0
st_logg soltype_Kepler Project Candidate (q1_q17_dr25_koi) pl_tsystemref_BJD-TDB,0.0
st_logg soltype_Kepler Project Candidate (q1_q17_dr25_koi) pl_tsystemref_BJD-UTC,0.0
st_logg soltype_Kepler Project Candidate (q1_q17_dr25_koi) pl_tsystemref_HJD,0.0
st_logg soltype_Kepler Project Candidate (q1_q17_dr25_koi) pl_tsystemref_JD,0.0
st_logg soltype_Published Confirmed^2,0.0
st_logg soltype_Published Confirmed pl_tsystemref_BJD,0.0
st_logg soltype_Published Confirmed pl_tsystemref_BJD-TDB,0.0
st_logg soltype_Published Confirmed pl_tsystemref_BJD-UTC,-0.0
st_logg soltype_Published Confirmed pl_tsystemref_HJD,0.0
st_logg soltype_Published Confirmed pl_tsystemref_JD,-0.0
st_logg pl_tsystemref_BJD^2,0.0
st_logg pl_tsystemref_BJD pl_tsystemref_BJD-TDB,0.0
st_logg pl_tsystemref_BJD pl_tsystemref_BJD-UTC,0.0
st_logg pl_tsystemref_BJD pl_tsystemref_HJD,0.0
st_logg pl_tsystemref_BJD pl_tsystemref_JD,0.0
st_logg pl_tsystemref_BJD-TDB^2,0.0
st_logg pl_tsystemref_BJD-TDB pl_tsystemref_BJD-UTC,0.0
st_logg pl_tsystemref_BJD-TDB pl_tsystemref_HJD,0.0
st_logg pl_tsystemref_BJD-TDB pl_tsystemref_JD,0.0
st_logg pl_tsystemref_BJD-UTC^2,-0.0
st_logg pl_tsystemref_BJD-UTC pl_tsystemref_HJD,0.0
st_logg pl_tsystemref_BJD-UTC pl_tsystemref_JD,0.0
st_logg pl_tsystemref_HJD^2,0.0
st_logg pl_tsystemref_HJD pl_tsystemref_JD,0.0
st_logg pl_tsystemref_JD^2,-0.0
st_mass^3,0.0
st_mass^2 soltype_Kepler Project Candidate (q1_q17_dr25_koi),-0.0
st_mass^2 soltype_Published Confirmed,0.0
st_mass^2 pl_tsystemref_BJD,0.0
st_mass^2 pl_tsystemref_BJD-TDB,0.009209987514563844
st_mass^2 pl_tsystemref_BJD-UTC,0.0
st_mass^2 pl_tsystemref_HJD,0.0
st_mass^2 pl_tsystemref_JD,-0.0
st_mass soltype_Kepler Project Candidate (q1_q17_dr25_koi)^2,-0.0
st_mass soltype_Kepler Project Candidate (q1_q17_dr25_koi) soltype_Published Confirmed,0.0
st_mass soltype_Kepler Project Candidate (q1_q17_dr25_koi) pl_tsystemref_BJD,-0.0
st_mass soltype_Kepler Project Candidate (q1_q17_dr25_koi) pl_tsystemref_BJD-TDB,0.0
st_mass soltype_Kepler Project Candidate (q1_q17_dr25_koi) pl_tsystemref_BJD-UTC,0.0
st_mass soltype_Kepler Project Candidate (q1_q17_dr25_koi) pl_tsystemref_HJD,0.0
st_mass soltype_Kepler Project Candidate (q1_q17_dr25_koi) pl_tsystemref_JD,0.0
st_mass soltype_Published Confirmed^2,0.0
st_mass soltype_Published Confirmed pl_tsystemref_BJD,0.0
st_mass soltype_Published Confirmed pl_tsystemref_BJD-TDB,0.0
st_mass soltype_Published Confirmed pl_tsystemref_BJD-UTC,0.0
st_mass soltype_Published Confirmed pl_tsystemref_HJD,0.0
st_mass soltype_Published Confirmed pl_tsystemref_JD,-0.0
st_mass pl_tsystemref_BJD^2,0.0
st_mass pl_tsystemref_BJD pl_tsystemref_BJD-TDB,0.0
st_mass pl_tsystemref_BJD pl_tsystemref_BJD-UTC,0.0
st_mass pl_tsystemref_BJD pl_tsystemref_HJD,0.0
st_mass pl_tsystemref_BJD pl_tsystemref_JD,0.0
st_mass pl_tsystemref_BJD-TDB^2,0.0
st_mass pl_tsystemref_BJD-TDB pl_tsystemref_BJD-UTC,0.0
st_mass pl_tsystemref_BJD-TDB pl_tsystemref_HJD,0.0
st_mass pl_tsystemref_BJD-TDB pl_tsystemref_JD,0.0
st_mass pl_tsystemref_BJD-UTC^2,0.0
st_mass pl_tsystemref_BJD-UTC pl_tsystemref_HJD,0.0
st_mass pl_tsystemref_BJD-UTC pl_tsystemref_JD,0.0
st_mass pl_tsystemref_HJD^2,0.0
st_mass pl_tsystemref_HJD pl_tsystemref_JD,0.0
st_mass pl_tsystemref_JD^2,-0.0
soltype_Kepler Project Candidate (q1_q17_dr25_koi)^3,-0.0
soltype_Kepler Project Candidate (q1_q17_dr25_koi)^2 soltype_Published Confirmed,0.0
soltype_Kepler Project Candidate (q1_q17_dr25_koi)^2 pl_tsystemref_BJD,-0.0
soltype_Kepler Project Candidate (q1_q17_dr25_koi)^2 pl_tsystemref_BJD-TDB,0.0
soltype_Kepler Project Candidate (q1_q17_dr25_koi)^2 pl_tsystemref_BJD-UTC,0.0
soltype_Kepler Project Candidate (q1_q17_dr25_koi)^2 pl_tsystemref_HJD,0.0
soltype_Kepler Project Candidate (q1_q17_dr25_koi)^2 pl_tsystemref_JD,0.0
soltype_Kepler Project Candidate (q1_q17_dr25_koi) soltype_Published Confirmed^2,0.0
soltype_Kepler Project Candidate (q1_q17_dr25_koi) soltype_Published Confirmed pl_tsystemref_BJD,0.0
soltype_Kepler Project Candidate (q1_q17_dr25_koi) soltype_Published Confirmed pl_tsystemref_BJD-TDB,0.0
soltype_Kepler Project Candidate (q1_q17_dr25_koi) soltype_Published Confirmed pl_tsystemref_BJD-UTC,0.0
soltype_Kepler Project Candidate (q1_q17_dr25_koi) soltype_Published Confirmed pl_tsystemref_HJD,0.0
soltype_Kepler Project Candidate (q1_q17_dr25_koi) soltype_Published Confirmed pl_tsystemref_JD,0.0
soltype_Kepler Project Candidate (q1_q17_dr25_koi) pl_tsystemref_BJD^2,-0.0
soltype_Kepler Project Candidate (q1_q17_dr25_koi) pl_tsystemref_BJD pl_tsystemref_BJD-TDB,0.0
soltype_Kepler Project Candidate (q1_q17_dr25_koi) pl_tsystemref_BJD pl_tsystemref_BJD-UTC,0.0
soltype_Kepler Project Candidate (q1_q17_dr25_koi) pl_tsystemref_BJD pl_tsystemref_HJD,0.0
soltype_Kepler Project Candidate (q1_q17_dr25_koi) pl_tsystemref_BJD pl_tsystemref_JD,0.0
soltype_Kepler Project Candidate (q1_q17_dr25_koi) pl_tsystemref_BJD-TDB^2,0.0
soltype_Kepler Project Candidate (q1_q17_dr25_koi) pl_tsystemref_BJD-TDB pl_tsystemref_BJD-UTC,0.0
soltype_Kepler Project Candidate (q1_q17_dr25_koi) pl_tsystemref_BJD-TDB pl_tsystemref_HJD,0.0
soltype_Kepler Project Candidate (q1_q17_dr25_koi) pl_tsystemref_BJD-TDB pl_tsystemref_JD,0.0
soltype_Kepler Project Candidate (q1_q17_dr25_koi) pl_tsystemref_BJD-UTC^2,0.0
soltype_Kepler Project Candidate (q1_q17_dr25_koi) pl_tsystemref_BJD-UTC pl_tsystemref_HJD,0.0
soltype_Kepler Project Candidate (q1_q17_dr25_koi) pl_tsystemref_BJD-UTC pl_tsystemref_JD,0.0
soltype_Kepler Project Candidate (q1_q17_dr25_koi) pl_tsystemref_HJD^2,0.0
soltype_Kepler Project Candidate (q1_q17_dr25_koi) pl_tsystemref_HJD pl_tsystemref_JD,0.0
soltype_Kepler Project Candidate (q1_q17_dr25_koi) pl_tsystemref_JD^2,0.0
soltype_Published Confirmed^3,0.0
soltype_Published Confirmed^2 pl_tsystemref_BJD,0.0
soltype_Published Confirmed^2 pl_tsystemref_BJD-TDB,0.0
soltype_Published Confirmed^2 pl_tsystemref_BJD-UTC,-0.0
soltype_Published Confirmed^2 pl_tsystemref_HJD,0.0
soltype_Published Confirmed^2 pl_tsystemref_JD,-0.0
soltype_Published Confirmed pl_tsystemref_BJD^2,0.0
soltype_Published Confirmed pl_tsystemref_BJD pl_tsystemref_BJD-TDB,0.0
soltype_Published Confirmed pl_tsystemref_BJD pl_tsystemref_BJD-UTC,0.0
soltype_Published Confirmed pl_tsystemref_BJD pl_tsystemref_HJD,0.0
soltype_Published Confirmed pl_tsystemref_BJD pl_tsystemref_JD,0.0
soltype_Published Confirmed pl_tsystemref_BJD-TDB^2,0.0
soltype_Published Confirmed pl_tsystemref_BJD-TDB pl_tsystemref_BJD-UTC,0.0
soltype_Published Confirmed pl_tsystemref_BJD-TDB pl_tsystemref_HJD,0.0
soltype_Published Confirmed pl_tsystemref_BJD-TDB pl_tsystemref_JD,0.0
soltype_Published Confirmed pl_tsystemref_BJD-UTC^2,-0.0
soltype_Published Confirmed pl_tsystemref_BJD-UTC pl_tsystemref_HJD,0.0
soltype_Published Confirmed pl_tsystemref_BJD-UTC pl_tsystemref_JD,0.0
soltype_Published Confirmed pl_tsystemref_HJD^2,0.0
soltype_Published Confirmed pl_tsystemref_HJD pl_tsystemref_JD,0.0
soltype_Published Confirmed pl_tsystemref_JD^2,-0.0
pl_tsystemref_BJD^3,0.0
pl_tsystemref_BJD^2 pl_tsystemref_BJD-TDB,0.0
pl_tsystemref_BJD^2 pl_tsystemref_BJD-UTC,0.0
pl_tsystemref_BJD^2 pl_tsystemref_HJD,0.0
pl_tsystemref_BJD^2 pl_tsystemref_JD,0.0
pl_tsystemref_BJD pl_tsystemref_BJD-TDB^2,0.0
pl_tsystemref_BJD pl_tsystemref_BJD-TDB pl_tsystemref_BJD-UTC,0.0
pl_tsystemref_BJD pl_tsystemref_BJD-TDB pl_tsystemref_HJD,0.0
pl_tsystemref_BJD pl_tsystemref_BJD-TDB pl_tsystemref_JD,0.0
pl_tsystemref_BJD pl_tsystemref_BJD-UTC^2,0.0
pl_tsystemref_BJD pl_tsystemref_BJD-UTC pl_tsystemref_HJD,0.0
pl_tsystemref_BJD pl_tsystemref_BJD-UTC pl_tsystemref_JD,0.0
pl_tsystemref_BJD pl_tsystemref_HJD^2,0.0
pl_tsystemref_BJD pl_tsystemref_HJD pl_tsystemref_JD,0.0
pl_tsystemref_BJD pl_tsystemref_JD^2,0.0
pl_tsystemref_BJD-TDB^3,0.0
pl_tsystemref_BJD-TDB^2 pl_tsystemref_BJD-UTC,0.0
pl_tsystemref_BJD-TDB^2 pl_tsystemref_HJD,0.0
pl_tsystemref_BJD-TDB^2 pl_tsystemref_JD,0.0
pl_tsystemref_BJD-TDB pl_tsystemref_BJD-UTC^2,0.0
pl_tsystemref_BJD-TDB pl_tsystemref_BJD-UTC pl_tsystemref_HJD,0.0
pl_tsystemref_BJD-TDB pl_tsystemref_BJD-UTC pl_tsystemref_JD,0.0
pl_tsystemref_BJD-TDB pl_tsystemref_HJD^2,0.0
pl_tsystemref_BJD-TDB pl_tsystemref_HJD pl_tsystemref_JD,0.0
pl_tsystemref_BJD-TDB pl_tsystemref_JD^2,0.0
pl_tsystemref_BJD-UTC^3,-0.0
pl_tsystemref_BJD-UTC^2 pl_tsystemref_HJD,0.0
pl_tsystemref_BJD-UTC^2 pl_tsystemref_JD,0.0
pl_tsystemref_BJD-UTC pl_tsystemref_HJD^2,0.0
pl_tsystemref_BJD-UTC pl_tsystemref_HJD pl_tsystemref_JD,0.0
pl_tsystemref_BJD-UTC pl_tsystemref_JD^2,0.0
pl_tsystemref_HJD^3,0.0
pl_tsystemref_HJD^2 pl_tsystemref_JD,0.0
pl_tsystemref_HJD pl_tsystemref_JD^2,0.0
pl_tsystemref_JD^3,-0.0
